client_id,client_type,first_name,last_name,date_of_birth,gender,country,region,acquisition_purpose,satisfaction_score,loan_applied,referral_channel,age,loan_applied_flag,property_count,total_investment,avg_purchase_price,max_purchase_price,avg_floor_area,total_floor_area,n_towers,n_apartments,n_offices,first_purchase,last_purchase,office_ratio,purchase_span_days,cluster_kmeans,cluster_hier,pca1,pca2,segment
C0001,Individual,Kareem,Liu,1968-11-05,F,USA,California,Home,4,Yes,Website,56,1,4,1246764.72,311691.18,496266.41,983.885,3935.54,4,4,0,2024-01-10,2025-01-12,0.0,368,1,1,0.1842474475687302,-1.269170879825708,Mainstream Buyers
C0002,Individual,Trystan,Oconnor,1962-11-26,M,USA,California,Home,1,No,Website,62,0,5,1841095.93,368219.1860000001,505127.63,1187.942,5939.71,5,5,0,2024-01-01,2025-01-12,0.0,377,0,1,2.9053004950720034,-1.0839724633031618,High-Net-Worth Investors
C0003,Individual,Kale,Gay,1959-07-04,M,USA,California,Home,4,Yes,Agency,65,1,5,1661457.59,332291.518,584611.99,1058.11,5290.55,5,5,0,2024-01-07,2025-01-10,0.0,369,0,1,2.348965249865128,-1.8417872755232605,High-Net-Worth Investors
C0004,Individual,Russell,Gross,1959-11-25,M,USA,California,Home,5,No,Website,65,0,6,1608263.51,268043.91833333333,606634.75,937.1033333333334,5622.62,5,6,0,2024-01-02,2025-01-08,0.0,372,0,1,2.455201407386686,-3.2037987046922924,High-Net-Worth Investors
C0005,Company,Marleez,Co,1976-02-28,M,USA,California,Investment,5,No,Website,49,0,13,3653385.38,281029.64461538463,628812.33,927.296153846154,12054.85,5,13,0,2024-01-02,2025-01-05,0.0,369,0,3,9.883687319357277,-5.8340929096893275,High-Net-Worth Investors
C0006,Individual,Yurem,Wright,1957-06-03,M,USA,California,Home,3,Yes,Website,68,1,5,1514131.06,302826.212,435031.4,989.59,4947.95,5,5,0,2024-01-01,2025-01-11,0.0,376,0,1,1.8888310728153797,-2.296780641315552,High-Net-Worth Investors
C0007,Individual,Xavier,Faulkner,1947-05-24,M,Canada,Quebec,Investment,5,No,Website,78,0,11,3251147.83,295558.8936363636,484458.03,995.6936363636364,10952.63,6,11,0,2024-01-01,2025-01-12,0.0,377,0,3,8.94826351610439,-5.344960831597644,High-Net-Worth Investors
C0008,Individual,Kayden,Olsen,1969-10-17,F,USA,California,Home,5,No,Website,55,0,5,1476730.41,295346.08200000005,537291.01,1031.106,5155.53,5,4,1,2024-01-03,2025-01-03,0.2,366,0,1,1.8449521296787317,-2.2144880616920743,High-Net-Worth Investors
C0009,Individual,Joaquin,Mullins,1975-05-10,M,USA,California,Investment,5,No,Agency,50,0,5,1820832.35,364166.47,580903.05,1305.644,6528.22,4,4,1,2024-01-12,2025-01-05,0.2,359,2,1,2.3987043183504637,-0.2538389283995613,Premium / Global Investors
C0010,Individual,Nicolas,Navarro,1966-06-17,M,USA,Oregon,Investment,3,No,Agency,59,0,5,1732434.0,346486.8,480540.62,1140.206,5701.03,4,4,1,2024-01-03,2025-01-09,0.2,372,2,1,1.8940026399393346,-0.8250838111267955,Premium / Global Investors
C0011,Individual,Laci,Guerra,1956-06-17,F,USA,California,Home,2,Yes,Website,69,1,5,1325211.52,265042.304,473195.39,935.914,4679.57,5,4,1,2024-01-11,2025-01-09,0.2,364,1,0,1.266408534221189,-2.7160719531703554,Mainstream Buyers
C0012,Company,Kylax,Co,1975-04-25,M,USA,California,Investment,5,No,Website,50,0,4,1599526.4,399881.6,529317.28,1317.445,5269.78,4,4,0,2024-01-10,2025-01-03,0.0,359,2,1,1.6413447527299245,0.41889881027047965,Premium / Global Investors
C0013,Individual,Harley,Lucero,1962-10-08,M,USA,California,Home,1,Yes,Website,62,1,5,2142750.89,428550.178,562818.96,1407.376,7036.88,4,5,0,2024-01-09,2025-01-10,0.0,367,2,1,3.2997936292313863,0.6268788658132071,Premium / Global Investors
C0014,Company,Esther,Co,1980-10-07,M,USA,California,Home,3,Yes,Website,44,1,4,1548140.0699999998,387035.0175,531267.61,1280.5425,5122.17,4,4,0,2024-01-10,2025-01-08,0.0,364,2,1,1.370686095783946,0.28657273600344185,Premium / Global Investors
C0015,Individual,Jaylynn,Hickman,1941-08-19,F,USA,California,Home,5,No,Client,83,0,5,1585907.37,317181.47400000005,426442.43,1030.764,5153.82,4,5,0,2024-01-07,2025-01-06,0.0,365,1,1,1.528715585430226,-1.6049441951762449,Mainstream Buyers
C0016,Individual,Olivia,Oconnell,1939-03-09,F,USA,California,Investment,5,No,Website,86,0,4,1010217.73,252554.4325,287917.8,842.145,3368.58,4,4,0,2024-01-03,2025-01-10,0.0,373,1,0,-0.5277572185628139,-2.334921672242883,Mainstream Buyers
C0017,Individual,Antonio,Porter,1977-08-01,M,USA,Arizona,Home,3,No,Client,47,0,5,1778693.75,355738.75,568732.24,1195.814,5979.07,4,4,1,2024-01-02,2025-01-02,0.2,366,2,1,2.057436105120261,-0.5321303301129106,Premium / Global Investors
C0018,Individual,Luke,Lynn,1967-07-02,M,USA,California,Home,2,Yes,Agency,58,1,4,1061478.67,265369.6675,461655.95,913.8325,3655.33,4,4,0,2024-01-03,2025-01-04,0.0,367,1,0,-0.48897953406279926,-1.8096870125628546,Mainstream Buyers
C0019,Individual,Anahi,Curry,1957-09-09,M,USA,California,Home,5,Yes,Client,67,1,4,1773474.26,443368.565,599245.34,1402.0425,5608.17,4,2,2,2024-01-02,2025-01-11,0.5,375,2,1,2.334747711610871,1.1176770199187382,Premium / Global Investors
C0020,Individual,Camille,Sharp,1967-10-17,F,USA,California,Home,5,No,Website,57,0,4,1508032.25,377008.0625,505470.6,1307.08,5228.32,4,4,0,2024-01-05,2025-01-08,0.0,369,2,1,1.388273183226007,0.14405465332963804,Premium / Global Investors
C0021,Individual,Jesus,Obrien,1938-09-06,M,USA,Oregon,Investment,3,No,Website,86,0,6,1928172.72,321362.12,555614.35,1028.86,6173.16,5,6,0,2024-01-04,2025-01-06,0.0,368,0,1,3.314595713348158,-2.4572197006079692,High-Net-Worth Investors
C0022,Individual,Araceli,Nelson,1966-09-14,M,Germany,Berlin,Investment,5,No,Agency,58,0,4,1372403.2,343100.8,453294.55,1247.485,4989.9400000000005,4,4,0,2025-01-04,2025-01-10,0.0,6,3,0,0.5546699432016786,0.04533242117843126,First-Time Buyers
C0023,Individual,Cole,Taylor,1958-06-12,M,USA,California,Home,3,Yes,Website,67,1,5,1457871.69,291574.338,408265.89,948.388,4741.9400000000005,5,5,0,2024-01-01,2025-01-09,0.0,374,0,1,1.6835015872608612,-2.5053001128150814,High-Net-Worth Investors
C0024,Individual,Alonso,Terrell,1963-05-11,M,USA,California,Investment,4,No,Website,62,0,6,1884156.9,314026.15,560195.06,1053.735,6322.41,5,6,0,2024-01-02,2025-01-09,0.0,373,0,1,3.2223549100718536,-2.425860362278601,High-Net-Worth Investors
C0025,Individual,Rodolfo,Gibson,1937-01-20,M,USA,Nevada,Home,2,Yes,Website,88,1,5,1694448.83,338889.766,518174.75,1120.576,5602.88,5,5,0,2024-01-01,2025-01-04,0.0,369,0,1,2.5324225137225884,-1.6318446213272517,High-Net-Worth Investors
C0026,Individual,Joseph,Reeves,1962-09-23,M,USA,California,Investment,5,No,Website,62,0,10,2932241.75,293224.175,436987.95,1002.383,10023.83,7,9,1,2024-01-03,2025-01-09,0.1,372,0,3,8.490822479877908,-5.454604060608625,High-Net-Worth Investors
C0027,Individual,Grant,Weber,1968-08-09,M,USA,California,Home,5,Yes,Website,56,1,5,1517969.44,303593.888,427086.44,1070.234,5351.17,4,3,2,2024-01-01,2025-01-03,0.4,368,1,0,1.385997081752495,-1.4121415648457698,Mainstream Buyers
C0028,Individual,Ava,Phelps,1958-04-15,F,USA,California,Home,3,No,Client,67,0,5,1791082.79,358216.558,512682.59,1266.366,6331.83,5,4,1,2024-01-09,2024-01-12,0.2,3,0,0,2.598965088674194,-0.6581656426513278,High-Net-Worth Investors
C0029,Individual,Kyla,Walker,1976-02-26,F,USA,Colorado,Home,4,Yes,Agency,49,1,4,1247795.31,311948.8275,410549.3,993.05,3972.2,3,3,1,2024-01-07,2025-01-09,0.25,368,1,0,-0.5364010995151456,-0.5642373279485933,Mainstream Buyers
C0030,Individual,Alanna,Hess,1952-06-19,F,USA,Nevada,Home,3,No,Website,73,0,4,1547311.29,386827.8225,545645.2,1279.3725,5117.49,4,4,0,2024-01-04,2025-01-10,0.0,372,2,1,1.4233317170511486,0.17720398295549614,Premium / Global Investors
C0031,Individual,Skylar,Buchanan,1977-12-25,M,USA,Nevada,Home,4,Yes,Website,47,1,5,1077148.21,215429.642,258061.02,677.3399999999999,3386.7,5,4,1,2024-01-02,2025-01-12,0.2,376,1,0,0.291409229583577,-3.8135157036743697,Mainstream Buyers
C0032,Individual,Rodrigo,Robinson,1966-11-08,M,USA,California,Home,4,No,Website,58,0,5,1888995.16,377799.032,490429.65,1282.528,6412.64,5,4,1,2024-01-01,2025-01-05,0.2,370,0,1,3.253669502591857,-0.7520785299394631,High-Net-Worth Investors
C0033,Individual,Lydia,Tate,1968-08-14,F,USA,California,Home,3,Yes,Website,56,1,4,1404998.67,351249.6675,376964.62,1250.4325,5001.73,4,3,1,2024-01-04,2025-01-07,0.25,369,2,1,0.9614279775211081,-0.11222853720352689,Premium / Global Investors
C0034,Individual,Lauryn,Patrick,1969-10-30,F,Belgium,Brussels,Home,2,No,Agency,55,0,5,1632608.66,326521.732,508462.97,1160.556,5802.780000000001,4,5,0,2024-01-06,2025-01-07,0.0,367,1,1,1.5657062347945732,-0.968857625409247,Mainstream Buyers
C0035,Individual,Diego,Mendez,1965-12-05,M,Mexico,Mexico City,Home,3,No,Agency,59,0,5,1987876.4,397575.28,539968.61,1445.752,7228.76,5,5,0,2024-01-09,2025-01-09,0.0,366,0,1,3.60612953506877,-0.13558119179483558,High-Net-Worth Investors
C0036,Individual,Victor,Jensen,1973-01-09,M,USA,California,Home,4,No,Website,52,0,4,1173683.53,293420.8825,437900.49,963.325,3853.3,4,4,0,2024-01-01,2025-01-06,0.0,371,1,0,-0.024127792964638278,-1.4662310341804328,Mainstream Buyers
C0037,Individual,Scarlet,Hendricks,1962-01-20,F,USA,California,Home,5,Yes,Website,63,1,5,1607228.75,321445.75,482067.87,1018.368,5091.84,4,5,0,2024-01-07,2025-01-10,0.0,369,1,1,1.5173067164319292,-1.5303918775230911,Mainstream Buyers
C0038,Individual,Janelle,Espinoza,1974-12-25,F,USA,California,Investment,4,No,Client,50,0,4,1175129.27,293782.3175,407214.29,1105.1225,4420.49,4,3,1,2024-01-01,2024-01-06,0.25,5,3,0,-0.21367935972686755,-0.7004430638340837,First-Time Buyers
C0039,Individual,Aleksandra,Karenina,1967-06-13,F,Russia,Krasnodar Krai,Home,1,No,Agency,58,0,4,1858527.54,464631.885,626247.03,1365.68,5462.72,4,3,1,2024-01-02,2024-01-12,0.25,10,2,0,1.927011001196197,1.64899747965597,Premium / Global Investors
C0040,Individual,Conner,Huff,1975-03-22,M,USA,Nevada,Home,5,No,Website,50,0,6,1854608.29,309101.38166666665,507842.87,1047.8,6286.8,5,6,0,2024-01-01,2024-01-12,0.0,11,0,1,2.8032619305570416,-2.1095850870264004,High-Net-Worth Investors
C0041,Individual,Zain,Horne,1967-04-13,M,USA,Arizona,Home,1,Yes,Website,58,1,5,1374460.79,274892.158,405898.92,872.838,4364.19,4,3,2,2024-01-04,2025-01-10,0.4,372,1,0,0.5882788063032662,-2.0755234893712173,Mainstream Buyers
C0042,Individual,Maia,Chandler,1975-12-08,F,USA,Utah,Home,1,Yes,Website,49,1,4,1101390.25,275347.5625,364280.42,913.8425,3655.37,4,3,1,2024-01-11,2025-01-08,0.25,363,1,0,-0.4695742962773963,-1.5834774989226348,Mainstream Buyers
C0043,Individual,Jordyn,Park,1965-04-04,M,USA,Nevada,Investment,3,Yes,Website,60,1,4,1126492.46,281623.115,467216.3,983.505,3934.02,4,4,0,2024-01-03,2025-01-10,0.0,373,1,0,-0.17566687862441807,-1.5164180475613331,Mainstream Buyers
C0044,Individual,Diana,Hunt,1931-02-13,F,USA,Arizona,Home,3,No,Website,94,0,4,1330493.26,332623.315,519866.77,1106.8675,4427.47,4,4,0,2024-01-02,2025-01-11,0.0,375,1,0,0.6611442471734925,-0.8478031653614309,Mainstream Buyers
C0045,Individual,Kevin,Mata,1968-12-10,M,USA,Colorado,Investment,2,No,Agency,56,0,5,1463432.36,292686.47199999995,592737.69,913.774,4568.87,4,5,0,2024-01-03,2025-01-09,0.0,372,1,1,0.8381424890985361,-1.9431459894098357,Mainstream Buyers
C0046,Individual,Brisa,Mckee,1964-09-24,F,USA,California,Home,5,No,Client,60,0,8,2026517.4,253314.675,388515.14,857.8050000000001,6862.4400000000005,7,8,0,2024-01-01,2025-01-10,0.0,375,0,3,5.392914573962342,-5.475079970635415,High-Net-Worth Investors
C0047,Individual,Mason,Gilbert,1970-07-31,M,USA,Colorado,Home,2,No,Agency,54,0,5,1438239.28,287647.856,459403.88,953.568,4767.84,5,5,0,2024-01-07,2025-01-10,0.0,369,1,1,1.4947551932831968,-2.425289471465133,Mainstream Buyers
C0048,Individual,Derick,Li,1957-03-20,M,USA,California,Home,3,Yes,Agency,68,1,4,1338718.0,334679.5,493044.25,1026.3200000000002,4105.280000000001,4,4,0,2024-01-07,2025-01-05,0.0,364,1,0,0.5044588295364818,-0.9380325859671179,Mainstream Buyers
C0049,Individual,Jace,Riggs,1971-08-20,F,USA,California,Home,1,No,Website,53,0,4,1390091.2,347522.8,533120.65,1204.3675,4817.47,4,4,0,2024-01-01,2025-01-08,0.0,373,1,1,0.7670304202184577,-0.2745322542936349,Mainstream Buyers
C0050,Individual,Jair,Johns,1940-05-03,M,USA,California,Home,5,No,Website,85,0,9,2744452.35,304939.15,486685.38,993.5088888888888,8941.58,7,8,1,2024-01-03,2025-01-04,0.111,367,0,3,7.7350817150464275,-5.025817051135441,High-Net-Worth Investors
C0051,Individual,Matilda,Madden,1941-03-03,F,USA,Colorado,Home,3,No,Agency,84,0,4,1270440.42,317610.105,564388.0,1039.56,4158.24,4,4,0,2024-01-05,2025-01-03,0.0,364,1,0,0.32883646085895335,-1.1148801970269975,Mainstream Buyers
C0052,Individual,Myla,Ewing,1967-03-02,F,USA,Oregon,Investment,2,No,Client,58,0,4,1474211.53,368552.8825,555271.92,1187.925,4751.7,3,4,0,2024-01-02,2025-01-11,0.0,375,2,1,0.30827960989171155,0.3957086452760858,Premium / Global Investors
C0053,Individual,Miguel,Walter,1954-07-01,M,USA,Arizona,Home,4,No,Agency,71,0,4,1120539.44,280134.86,368589.72,929.245,3716.98,4,4,0,2024-01-04,2025-01-08,0.0,370,1,0,-0.21095614845542443,-1.714283874479921,Mainstream Buyers
C0054,Company,Bridger CAL,Co,1967-02-15,M,USA,Nevada,Investment,5,No,Website,58,0,6,2109277.6,351546.26666666666,435374.92,1115.6333333333334,6693.8,4,2,4,2024-01-01,2025-01-10,0.667,375,0,1,3.2212628171190785,-1.1477100595806677,High-Net-Worth Investors
C0055,Individual,Mara,Franco,1973-07-06,F,USA,California,Home,5,Yes,Agency,51,1,4,1178979.21,294744.8025,416304.72,989.83,3959.32,4,4,0,2024-01-02,2025-01-12,0.0,376,1,1,-0.0016707534473580782,-1.4193246842435772,Mainstream Buyers
C0056,Individual,Erik,Mora,1964-07-12,M,USA,Oregon,Investment,5,No,Agency,60,0,4,1579301.36,394825.34,559835.83,1355.5975,5422.39,4,3,1,2024-01-01,2025-01-10,0.25,375,2,1,1.6439240250486786,0.5158996568949558,Premium / Global Investors
C0057,Individual,Henry,Kennedy,1933-08-06,M,USA,California,Home,4,Yes,Agency,91,1,5,2020519.52,404103.904,589905.02,1344.1439999999998,6720.719999999999,4,4,1,2024-01-05,2025-01-10,0.2,371,2,1,3.098406388564218,0.10329479283413971,Premium / Global Investors
C0058,Company,Kenyon,Co,1969-03-05,F,USA,California,Investment,1,Yes,Website,56,1,5,1441406.17,288281.234,494246.62,919.84,4599.2,4,3,2,2024-01-08,2025-01-12,0.4,370,1,0,0.7983404767341715,-1.864299619446688,Mainstream Buyers
C0059,Individual,Oswaldo,Palmer,1960-06-16,M,USA,California,Home,2,No,Website,65,0,4,1278854.25,319713.5625,488077.62,1102.44,4409.76,4,3,1,2024-01-05,2025-01-10,0.25,371,1,0,0.4446530246254731,-0.7822762526816459,Mainstream Buyers
C0060,Individual,Kassidy,Vega,1972-07-05,F,USA,California,Home,5,No,Website,52,0,4,1355662.25,338915.5625,485561.11,1119.4675,4477.87,3,4,0,2024-01-03,2025-01-03,0.0,366,1,1,0.026746349220417742,-0.11687939896992426,Mainstream Buyers
C0061,Individual,Morgan,Glass,1967-12-05,M,USA,Utah,Home,5,No,Agency,57,0,4,1306907.58,326726.895,402081.8,1101.62,4406.48,4,4,0,2024-01-11,2025-01-10,0.0,365,1,1,0.5206369606348544,-0.810829335406316,Mainstream Buyers
C0062,Individual,Tyler,Carr,1974-03-27,M,USA,California,Home,5,Yes,Client,51,1,5,1489333.49,297866.698,443358.25,1059.832,5299.16,4,5,0,2024-01-01,2025-01-07,0.0,372,1,0,1.2400012178213384,-1.5903781960394832,Mainstream Buyers
C0063,Individual,Yesenia,Marquez,1942-07-23,F,USA,Arizona,Home,4,No,Website,82,0,5,1625480.88,325096.176,538375.93,1112.538,5562.6900000000005,5,5,0,2024-01-09,2025-01-06,0.0,363,0,1,2.3534910378875056,-1.820647279161265,High-Net-Worth Investors
C0064,Individual,Gordon,Brown,1974-10-02,M,UK,Northern Ireland,Investment,4,No,Agency,50,0,4,1448881.28,362220.32,574929.03,1095.85,4383.4,4,4,0,2024-01-02,2024-01-11,0.0,9,3,0,0.5103723615843727,-0.1198247247996528,First-Time Buyers
C0065,Individual,Rodrigo,Ramirez,1972-03-26,M,USA,California,Home,1,No,Agency,53,0,4,1557125.73,389281.4325,539032.17,1261.5275,5046.11,4,3,1,2025-01-03,2025-01-06,0.25,3,3,0,1.0002152253086067,0.6913822300012282,First-Time Buyers
C0066,Individual,Melanie,Holland,1974-12-25,F,USA,California,Investment,3,No,Client,50,0,4,1107164.17,276791.0425,366314.0,932.755,3731.02,4,3,1,2024-01-04,2025-01-12,0.25,374,1,0,-0.344456629956533,-1.6184087393660842,Mainstream Buyers
C0067,Individual,Enrique,Cardenas,1977-10-06,M,USA,California,Home,2,No,Website,47,0,5,1431941.84,286388.368,468196.39,851.818,4259.09,4,4,1,2024-01-04,2025-01-10,0.2,372,1,1,0.7262527874633895,-2.0888314678937845,Mainstream Buyers
C0068,Individual,Helen,Williamson,1966-02-26,F,USA,Colorado,Home,5,Yes,Agency,59,1,4,1572779.33,393194.8325,459558.39,1450.2925,5801.17,4,3,1,2024-01-05,2025-01-10,0.25,371,2,1,1.721571192005327,0.7518820220487145,Premium / Global Investors
C0069,Individual,Isis,Rios,1970-01-04,M,USA,California,Investment,4,No,Website,55,0,5,1439142.47,287828.494,479080.93,957.588,4787.94,5,5,0,2024-01-02,2025-01-12,0.0,376,1,1,1.6306415196794206,-2.5129692824753302,Mainstream Buyers
C0070,Individual,Kayley,Nielsen,1947-04-27,F,USA,Arizona,Home,4,Yes,Website,78,1,5,1521570.62,304314.124,448702.07,1039.274,5196.37,4,4,1,2024-01-05,2025-01-09,0.2,370,1,1,1.3241656242971802,-1.585730819490053,Mainstream Buyers
C0071,Individual,Donavan,Flowers,1985-12-27,M,USA,California,Home,1,Yes,Client,39,1,5,1150384.09,230076.81800000003,415775.9,833.3799999999999,4166.9,5,5,0,2024-01-01,2025-01-07,0.0,372,1,0,0.5419246305159169,-3.227658233617402,Mainstream Buyers
C0072,Individual,Augustus,Hinton,1953-03-02,M,USA,Nevada,Investment,2,No,Website,72,0,6,2246488.58,374414.76333333337,674634.08,1129.4916666666666,6776.95,5,5,1,2024-01-03,2025-01-11,0.167,374,0,1,4.152722137277107,-1.5559316030201664,High-Net-Worth Investors
C0073,Individual,Alejandra,Greer,1965-11-01,F,Denmark,Capital Region,Investment,1,No,Agency,59,0,4,1413902.33,353475.5825,527107.1,1194.0325,4776.13,4,4,0,2024-01-03,2025-01-10,0.0,373,1,1,0.7565335456538504,-0.24032213667976915,Mainstream Buyers
C0074,Individual,Violet,Nixon,1959-01-01,F,USA,Oregon,Investment,5,No,Client,66,0,5,1709458.65,341891.73,573381.83,1138.044,5690.22,4,3,2,2024-01-06,2025-01-08,0.4,368,2,1,1.9126923859317342,-0.9133709586017684,Premium / Global Investors
C0075,Individual,Jaelyn,Berger,1970-05-05,F,USA,California,Home,3,No,Website,55,0,4,1269395.74,317348.935,590971.72,1048.3425,4193.37,4,3,1,2024-01-06,2025-01-03,0.25,363,1,0,0.3059156896257801,-0.9421350507118984,Mainstream Buyers
C0076,Individual,Tristian,Fuller,1956-03-13,M,USA,California,Home,5,No,Agency,69,0,6,1905852.09,317642.015,534630.42,1067.28,6403.68,5,6,0,2024-01-02,2025-01-05,0.0,369,0,1,3.334688174911729,-2.3865180764643084,High-Net-Worth Investors
C0077,Individual,Christian,Costa,1980-09-14,M,USA,California,Home,5,No,Website,44,0,5,1880012.18,376002.436,590130.14,1191.826,5959.13,4,3,2,2024-01-05,2025-01-08,0.4,369,2,1,2.4402249600444037,-0.36641333597305203,Premium / Global Investors
C0078,Individual,Nora,Lynch,1948-04-23,F,USA,California,Home,5,No,Website,77,0,4,1685882.39,421470.5975,485944.71,1415.63,5662.52,4,4,0,2024-01-01,2025-01-02,0.0,367,2,1,2.1002741520918464,0.7667223787199499,Premium / Global Investors
C0079,Individual,Dangelo,Shea,1954-02-27,M,Belgium,Brussels,Investment,4,No,Website,71,0,4,1456436.3,364109.075,579893.68,1219.0675,4876.27,4,2,2,2024-01-02,2025-01-11,0.5,375,2,1,1.1528007774809432,-0.06781670162994512,Premium / Global Investors
C0080,Individual,Aiyana,Christensen,1949-01-16,F,USA,California,Investment,3,No,Website,76,0,5,1427531.56,285506.31200000003,502978.74,965.024,4825.12,4,5,0,2024-01-05,2025-01-09,0.0,370,1,0,0.9481058074373514,-2.0127275477431503,Mainstream Buyers
C0081,Individual,Sidney,Cline,1943-07-24,F,USA,California,Home,4,Yes,Website,81,1,4,1522144.26,380536.065,655054.84,1252.745,5010.98,4,3,1,2024-01-03,2025-01-09,0.25,372,2,1,1.4203446796031318,0.04328111150094794,Premium / Global Investors
C0082,Individual,Kaitlin,Owen,1981-12-26,F,USA,Virginia,Investment,5,No,Client,43,0,5,1282267.95,256453.59,336673.91,884.2239999999999,4421.12,4,5,0,2024-01-01,2025-01-12,0.0,377,1,0,0.3736627289784341,-2.4156904138463733,Mainstream Buyers
C0083,Individual,Issac,Edwards,1938-10-29,M,USA,California,Home,5,No,Website,86,0,6,1513641.46,252273.57666666663,360807.72,851.395,5108.37,5,6,0,2024-01-04,2025-01-10,0.0,372,0,1,2.1865141504001877,-3.6563808979801813,High-Net-Worth Investors
C0084,Individual,Zaiden,Merritt,1948-02-23,M,USA,Wyoming,Home,3,No,Agency,77,0,5,1762231.92,352446.384,517695.89,1083.612,5418.06,5,3,2,2024-01-01,2025-01-04,0.4,369,0,1,2.646460709903665,-1.4670723421506566,High-Net-Worth Investors
C0085,Individual,Iris,Larsen,1966-09-14,M,USA,California,Home,4,Yes,Agency,58,1,4,1185505.46,296376.365,480842.09,986.395,3945.58,4,4,0,2024-01-08,2025-01-11,0.0,369,1,0,0.027804700862170864,-1.3915215612779939,Mainstream Buyers
C0086,Individual,Grace,Stein,1968-12-20,F,USA,California,Home,3,Yes,Website,56,1,5,1928188.61,385637.722,525721.08,1354.634,6773.17,5,5,0,2024-01-05,2025-01-10,0.0,371,0,1,3.3626416033002973,-0.5258885528122109,High-Net-Worth Investors
C0087,Individual,Alessandra,Perry,1979-05-15,F,USA,California,Home,4,No,Agency,46,0,4,1681153.28,420288.32,508371.29,1287.6625,5150.65,4,3,1,2024-01-10,2025-01-11,0.25,367,2,1,1.7521204191269992,0.6401629518164762,Premium / Global Investors
C0088,Individual,Jamal,Mueller,1936-08-13,M,USA,Oregon,Investment,2,No,Website,88,0,6,1450519.57,241753.2616666667,308622.38,786.9733333333334,4721.84,5,5,1,2024-01-03,2025-01-02,0.167,365,0,1,1.8082060865071812,-3.7911832079459864,High-Net-Worth Investors
C0089,Individual,Irvin,Ellis,1949-11-14,M,USA,California,Home,3,No,Agency,75,0,4,1041853.81,260463.4525,302297.34,854.79,3419.16,4,4,0,2024-01-02,2025-01-09,0.0,373,1,0,-0.5178546244341943,-2.1029744493426357,Mainstream Buyers
C0090,Individual,Terry,Forbes,1982-05-27,M,USA,California,Home,5,No,Client,43,0,5,980850.42,196170.084,252200.58,703.798,3518.99,5,5,0,2024-01-04,2025-01-08,0.0,370,1,0,0.09081613486159476,-4.009150788602753,Mainstream Buyers
C0091,Individual,Jacqueline,Grant,1959-11-13,F,USA,California,Home,4,No,Website,65,0,4,1356644.74,339161.185,432448.91,1161.6775,4646.71,4,4,0,2024-01-03,2024-01-12,0.0,9,3,0,0.446793190773588,-0.25411605976991225,First-Time Buyers
C0092,Individual,Brock,Fischer,1971-05-29,M,USA,Kansas,Home,3,No,Website,54,0,8,2817926.96,352240.87,536812.04,1218.0425,9744.34,7,7,1,2024-01-01,2025-01-10,0.125,375,0,3,7.595975212986904,-3.3829946789131773,High-Net-Worth Investors
C0093,Individual,Curtis,Howard,1962-11-09,M,USA,California,Home,2,No,Agency,62,0,5,1732558.38,346511.676,438704.41,1196.466,5982.33,5,5,0,2024-01-03,2025-01-12,0.0,375,0,1,2.64183641598166,-1.28557160065854,High-Net-Worth Investors
C0094,Individual,Avah,Huang,1948-04-23,F,USA,California,Home,5,No,Website,77,0,5,1062675.82,212535.164,292598.12,692.664,3463.32,4,4,1,2024-01-12,2025-01-12,0.2,366,1,0,-0.258799733018226,-3.4019312652487548,Mainstream Buyers
C0095,Individual,Frank,Meyer,1964-03-16,M,USA,California,Home,3,Yes,Agency,61,1,6,1668973.02,278162.17,384992.37,923.105,5538.63,4,4,2,2024-01-03,2025-01-10,0.333,373,0,1,1.8207651505481217,-2.41333249680489,High-Net-Worth Investors
C0096,Individual,Darien,Dorsey,1985-12-27,M,USA,California,Investment,3,Yes,Website,39,1,4,1363013.17,340753.2925,452667.01,1113.615,4454.46,4,4,0,2024-01-07,2025-01-11,0.0,370,1,1,0.6057297846349416,-0.5732855752798168,Mainstream Buyers
C0097,Individual,Franklin,Mack,1943-06-18,M,USA,Virginia,Home,5,Yes,Website,82,1,7,2189906.04,312843.72000000003,491025.48,1061.722857142857,7432.059999999999,5,5,2,2024-01-01,2025-01-04,0.286,369,0,1,4.419293656216792,-2.7877955552441858,High-Net-Worth Investors
C0098,Individual,Elena,Petrova,1949-06-22,F,Russia,Saint Petersburg,Home,3,Yes,Agency,76,1,4,1131592.65,282898.1625,427106.32,981.955,3927.82,4,4,0,2024-01-06,2024-01-11,0.0,5,3,0,-0.4973200126559427,-1.213554689536415,First-Time Buyers
C0099,Individual,Jack,Hanson,1941-01-12,M,USA,California,Investment,4,No,Website,84,0,6,2000308.58,333384.76333333337,417894.67,1201.5883333333334,7209.530000000001,5,5,1,2024-01-05,2025-01-05,0.167,366,0,1,3.785295358596565,-1.878252156036056,High-Net-Worth Investors
C0100,Individual,Emmett,Estes,1969-05-06,M,USA,California,Home,3,No,Website,56,0,4,1449544.65,362386.1625,526802.73,1174.44,4697.76,4,4,0,2024-01-05,2024-01-08,0.0,3,3,0,0.6819140256855876,0.07204275842798537,First-Time Buyers
C0101,Individual,Aniya,Miller,1951-02-03,F,USA,Nevada,Home,3,No,Website,74,0,4,1125013.8,281253.45,392645.79,874.345,3497.38,4,3,1,2024-01-11,2025-01-09,0.25,364,1,0,-0.28617913919201593,-1.7780529086375536,Mainstream Buyers
C0102,Individual,Jack,Anderson,1947-02-13,M,USA,California,Investment,5,Yes,Website,78,1,9,3403263.85,378140.4277777778,621956.37,1222.908888888889,11006.18,8,8,1,2024-01-01,2025-01-11,0.111,376,0,3,10.116693572985618,-4.214632410040336,High-Net-Worth Investors
C0103,Individual,Kael,Hurley,1973-12-15,M,USA,Colorado,Home,3,No,Website,51,0,5,1483838.77,296767.754,408331.77,964.98,4824.9,4,5,0,2024-01-01,2025-01-09,0.0,374,1,1,1.0219757325783134,-1.779444957378131,Mainstream Buyers
C0104,Individual,Kamden,Stewart,1978-09-14,M,USA,California,Home,5,No,Website,46,0,5,1677155.01,335431.002,510060.4,1090.3,5451.5,4,4,1,2024-01-04,2025-01-11,0.2,373,1,1,1.7817080210139062,-1.0827734321988227,Mainstream Buyers
C0105,Individual,Aniyah,Ali,1959-03-11,F,USA,California,Investment,2,Yes,Website,66,1,5,1328084.36,265616.87200000003,338774.34,850.948,4254.74,5,3,2,2024-01-06,2025-01-09,0.4,369,1,0,1.1514728681351483,-2.8798455971839,Mainstream Buyers
C0106,Individual,Simon,Bennett,1953-09-06,M,USA,Colorado,Home,4,No,Website,71,0,4,957679.27,239419.8175,452919.18,820.9825000000001,3283.9300000000003,4,4,0,2024-01-08,2025-01-10,0.0,368,1,0,-0.7813686869750944,-2.384821702814595,Mainstream Buyers
C0107,Individual,Laurel,Benitez,1959-06-08,M,USA,California,Home,4,Yes,Agency,66,1,5,1715058.23,343011.646,537998.71,1102.66,5513.3,5,4,1,2024-01-01,2025-01-06,0.2,371,0,1,2.5632021044061832,-1.5730796118049315,High-Net-Worth Investors
C0108,Individual,Trey,Strong,1958-12-20,M,USA,California,Home,4,No,Agency,66,0,6,1998798.72,333133.12,583919.98,1104.1699999999998,6625.02,4,5,1,2024-01-06,2025-01-08,0.167,368,0,1,2.907009997579238,-1.4946237571680798,High-Net-Worth Investors
C0109,Individual,Myah,Roman,1933-05-05,F,USA,California,Investment,5,Yes,Agency,92,1,5,1995551.09,399110.218,579807.82,1285.854,6429.27,4,3,2,2024-01-01,2025-01-09,0.4,374,2,1,2.9634944420741514,-0.0968898224880785,Premium / Global Investors
C0110,Individual,Nyla,Blake,1959-05-06,F,USA,California,Investment,5,Yes,Agency,66,1,5,1205555.46,241111.092,487772.33,811.4019999999999,4057.01,5,5,0,2024-01-04,2025-01-08,0.0,370,1,0,0.8396756624789197,-3.404174681495071,Mainstream Buyers
C0111,Individual,Kole,Shannon,1979-06-27,M,USA,Arizona,Home,2,Yes,Website,46,1,4,1198421.22,299605.305,476038.28,896.7175,3586.87,4,4,0,2024-01-04,2025-01-07,0.0,369,1,0,-0.17289684891938167,-1.4809463022060358,Mainstream Buyers
C0112,Individual,Melany,Glover,1960-01-10,F,USA,California,Investment,1,Yes,Agency,65,1,5,1775142.2,355028.44,619787.84,1115.986,5579.93,5,5,0,2024-01-05,2025-01-12,0.0,373,0,1,2.5685822551357926,-1.4199610579069064,High-Net-Worth Investors
C0113,Individual,Arthur,Bray,1949-07-14,M,USA,Utah,Investment,4,No,Agency,75,0,4,1414433.46,353608.365,535865.96,1186.715,4746.86,4,4,0,2024-01-01,2025-01-12,0.0,377,2,1,0.9607822683586016,-0.400083575513663,Premium / Global Investors
C0114,Individual,Kamila,Collier,1962-01-21,F,USA,California,Home,1,Yes,Website,63,1,4,1124004.05,281001.0125,382143.98,932.945,3731.78,3,4,0,2024-01-01,2025-01-06,0.0,371,1,0,-0.9709258210547862,-1.0717443088298255,Mainstream Buyers
C0115,Individual,Amanda,Simon,1978-03-12,F,USA,California,Home,5,No,Agency,47,0,5,1757354.59,351470.918,460001.26,1143.692,5718.46,5,3,2,2024-01-03,2025-01-11,0.4,374,0,1,2.677616329954922,-1.3037306511134652,High-Net-Worth Investors
C0116,Individual,Erika,Steward,1955-07-08,F,USA,California,Investment,4,No,Website,69,0,8,2484590.08,310573.76,629574.18,1039.8925,8319.14,7,7,1,2024-01-01,2025-01-10,0.125,375,0,3,6.6788246312984825,-4.3974948247344035,High-Net-Worth Investors
C0117,Individual,Jakobe,Bailey,1964-06-10,M,UK,Scotland,Investment,4,No,Agency,61,0,8,2884556.25,360569.53125,602366.78,1135.78625,9086.29,7,5,3,2024-01-03,2025-01-11,0.375,374,0,3,7.655440293325511,-3.489278561543122,High-Net-Worth Investors
C0118,Individual,Sonia,Choi,1948-09-11,F,USA,Oregon,Investment,5,No,Agency,76,0,4,1218377.19,304594.2975,461101.0,1009.1225,4036.49,4,3,1,2024-01-07,2025-01-02,0.25,361,1,1,0.18618836313942047,-1.2774969069086755,Mainstream Buyers
C0119,Individual,Erika,Gallagher,1942-07-19,F,USA,California,Home,1,Yes,Website,82,1,4,1603043.92,400760.98,527627.25,1399.315,5597.26,4,4,0,2024-01-03,2025-01-12,0.0,375,2,1,1.7265096256982686,0.6176385781286828,Premium / Global Investors
C0120,Individual,Madeline,Michael,1953-07-30,F,USA,California,Home,4,Yes,Website,71,1,5,1753587.39,350717.478,577922.22,1243.96,6219.8,5,5,0,2024-01-05,2025-01-10,0.0,371,0,1,2.8553236000367797,-1.226954407157995,High-Net-Worth Investors
C0121,Individual,Bennett,Chen,1950-07-18,M,USA,Nevada,Home,2,No,Website,74,0,5,1169150.31,233830.062,418772.73,806.688,4033.44,4,5,0,2024-01-08,2025-01-12,0.0,370,1,1,0.04803956347755739,-2.836441346179789,Mainstream Buyers
C0122,Individual,Belinda,Hogan,1973-08-18,F,USA,California,Home,1,Yes,Agency,51,1,4,1412560.68,353140.17,550180.2,1085.975,4343.9,4,4,0,2024-01-03,2025-01-07,0.0,370,1,0,0.6295179157508817,-0.5141022409748007,Mainstream Buyers
C0123,Individual,Johanna,Fisher,1962-08-25,F,USA,California,Home,4,Yes,Website,62,1,5,1821348.69,364269.738,502456.39,1230.66,6153.299999999999,5,5,0,2024-01-01,2025-01-08,0.0,373,0,1,2.981144054945979,-1.1025365877772866,High-Net-Worth Investors
C0124,Individual,Jaylen,Turner,1963-07-15,F,USA,California,Home,4,No,Agency,61,0,5,1613985.08,322797.016,367468.14,1184.63,5923.15,4,4,1,2024-01-04,2024-01-11,0.2,7,3,0,1.3784626214365419,-0.6518357016300432,First-Time Buyers
C0125,Individual,Michael,Juarez,1976-12-25,M,USA,Colorado,Home,4,Yes,Agency,48,1,4,1341108.25,335277.0625,503351.9,1148.5475,4594.19,4,3,1,2024-01-02,2024-01-06,0.25,4,3,0,0.3046606729836396,-0.15082820331733152,First-Time Buyers
C0126,Individual,Adriana,Shaffer,1972-11-07,F,USA,California,Investment,2,No,Agency,52,0,5,1319929.46,263985.892,498779.18,850.052,4250.26,4,4,1,2024-01-03,2025-01-08,0.2,371,1,0,0.37696657329247174,-2.338733110981079,Mainstream Buyers
C0127,Individual,Julio,Leonard,1974-07-18,M,USA,Nevada,Home,2,Yes,Website,50,1,4,967474.23,241868.5575,355073.4,765.085,3060.34,4,4,0,2024-01-02,2025-01-10,0.0,374,1,0,-0.9694061117278865,-2.379104380153824,Mainstream Buyers
C0128,Company,Abdiel,Co,1963-05-22,M,USA,Nevada,Investment,5,Yes,Website,62,1,5,1639392.9500000002,327878.59,535798.14,1054.034,5270.17,5,4,1,2024-01-05,2025-01-12,0.2,373,0,1,2.3156992711105824,-1.8562317858712982,High-Net-Worth Investors
C0129,Individual,Warren,Pugh,1973-07-17,M,USA,Arizona,Investment,5,No,Website,51,0,4,1748372.75,437093.1875,584468.16,1296.985,5187.9400000000005,4,3,1,2024-01-03,2025-01-11,0.25,374,2,1,2.030167432814413,0.7857923950176062,Premium / Global Investors
C0130,Individual,Luis,Crane,1959-04-20,M,USA,Nevada,Home,3,Yes,Website,66,1,4,1488042.88,372010.72,509032.38,1215.035,4860.14,3,4,0,2024-01-09,2025-01-12,0.0,369,2,0,0.5098009952293459,0.4720779825978869,Premium / Global Investors
C0131,Individual,Mohammad,Irwin,1971-02-12,M,USA,California,Home,1,No,Website,54,0,5,1428058.5499999998,285611.71,538931.69,928.794,4643.97,5,5,0,2024-01-01,2025-01-06,0.0,371,1,1,1.46112820639722,-2.507502960294535,Mainstream Buyers
C0132,Individual,Davion,Stout,1965-07-20,M,USA,Nevada,Home,1,Yes,Agency,59,1,4,1203775.04,300943.76,403463.16,1025.1775,4100.71,4,4,0,2024-01-10,2025-01-11,0.0,367,1,0,-0.0013750757442034939,-1.1471337297127486,Mainstream Buyers
C0133,Individual,Logan,Simmons,1946-09-14,M,USA,California,Investment,4,No,Agency,78,0,4,1449799.93,362449.9825,457718.07,1177.4025,4709.610000000001,4,4,0,2024-01-08,2025-01-10,0.0,368,2,1,1.0809177851968492,-0.3655924087024414,Premium / Global Investors
C0134,Individual,Kaylin,Villarreal,1932-06-13,F,Russia,Novosibirsk,Investment,3,No,Website,93,0,5,1761669.87,352333.974,595167.57,1095.602,5478.01,4,5,0,2024-01-02,2025-01-12,0.0,376,2,1,2.00512025785703,-1.0786816165739217,Premium / Global Investors
C0135,Individual,Ruben,Melton,1939-05-03,M,USA,Utah,Investment,2,No,Agency,86,0,4,1221442.92,305360.73,446236.57,1043.61,4174.4400000000005,3,3,1,2024-01-06,2025-01-10,0.25,370,1,0,-0.45797383155458515,-0.5670666330230067,Mainstream Buyers
C0136,Individual,Gianni,Fritz,1973-09-15,M,USA,California,Home,3,No,Website,51,0,5,1892554.72,378510.944,550949.39,1244.274,6221.37,5,2,3,2025-01-01,2025-01-05,0.6,4,0,0,2.850074163004068,-0.34232879978178155,High-Net-Worth Investors
C0137,Individual,Emilie,Morrison,1957-10-29,F,USA,California,Home,3,Yes,Website,67,1,4,989750.45,247437.6125,328405.23,855.0699999999999,3420.28,4,3,1,2024-01-02,2024-01-12,0.25,10,3,0,-1.0029954692465832,-1.8098053563884595,First-Time Buyers
C0138,Individual,Crystal,Wyatt,1939-06-30,F,USA,Oregon,Investment,3,Yes,Website,86,1,5,1367824.55,273564.91000000003,362755.75,914.412,4572.06,5,3,2,2024-01-02,2025-01-11,0.4,375,1,0,1.424415995353472,-2.7278367173033664,Mainstream Buyers
C0139,Individual,Annabel,Robles,1969-10-14,F,USA,California,Home,5,Yes,Website,55,1,5,1807366.3,361473.26,448450.76,1136.694,5683.47,5,5,0,2024-01-03,2025-01-07,0.0,370,0,1,2.8273823343761544,-1.3734475442951006,High-Net-Worth Investors
C0140,Individual,Rachel,Cross,1952-06-18,F,USA,California,Home,3,No,Website,73,0,5,1559561.53,311912.306,523923.26,1041.7220000000002,5208.610000000001,5,4,1,2024-01-01,2025-01-06,0.2,371,0,1,2.0699632174806637,-2.0443674799699116,High-Net-Worth Investors
C0141,Individual,Madalyn,Mercer,1986-06-21,F,USA,California,Home,5,No,Website,39,0,5,1765019.09,353003.818,520595.39,1088.806,5444.03,5,4,1,2024-01-01,2025-01-10,0.2,375,0,1,2.6142631353956656,-1.4683356449432352,High-Net-Worth Investors
C0142,Individual,Michelle,Cameron,1978-04-06,F,USA,Nevada,Home,3,Yes,Website,47,1,5,1673770.19,334754.038,479876.57,1149.396,5746.98,5,4,1,2024-01-08,2025-01-12,0.2,370,0,1,2.384906991318242,-1.4326924299908925,High-Net-Worth Investors
C0143,Individual,Ezra,Lozano,1958-02-24,M,USA,California,Home,1,No,Website,67,0,8,2389960.3,298745.0375,512659.6,1008.6325,8069.06,8,7,1,2024-01-02,2025-01-10,0.125,374,0,3,7.018830399770502,-5.044015669932106,High-Net-Worth Investors
C0144,Individual,Ramiro,Oneill,1954-09-29,M,USA,California,Home,4,No,Agency,70,0,5,1897739.74,379547.948,564424.34,1206.354,6031.77,5,5,0,2024-01-04,2025-01-04,0.0,366,0,1,3.1731310869002094,-1.022648277350604,High-Net-Worth Investors
C0145,Individual,Emely,Watts,1964-11-30,F,USA,California,Home,4,No,Website,60,0,5,1746571.55,349314.31,499388.61,1297.3200000000002,6486.6,5,4,1,2024-01-01,2025-01-05,0.2,370,0,1,2.881443752452181,-1.0035817140671526,High-Net-Worth Investors
C0146,Individual,Hazel,Ayers,1963-01-02,M,USA,Colorado,Home,2,No,Website,62,0,4,1481536.39,370384.0975,540074.5,1242.6425,4970.57,4,4,0,2024-01-01,2024-01-05,0.0,4,3,0,0.8188479179272801,0.34508919882903677,First-Time Buyers
C0147,Individual,Cedric,Goodwin,1948-02-20,M,USA,Utah,Home,4,No,Client,77,0,5,1398309.27,279661.854,509124.24,1000.47,5002.35,5,3,2,2024-01-02,2025-01-07,0.4,371,1,1,1.6417789681760513,-2.4079896289776337,Mainstream Buyers
C0148,Individual,Dayton,Hatfield,1969-04-19,M,USA,Colorado,Investment,4,Yes,Agency,56,1,4,1700383.7,425095.925,597216.83,1413.5925,5654.37,4,4,0,2024-01-07,2025-01-07,0.0,366,2,1,1.9823608955219318,0.925423001499047,Premium / Global Investors
C0149,Individual,Piotr,Aleksandrov,1955-02-12,M,Russia,Krasnodar Krai,Investment,3,No,Agency,70,0,4,1049009.0,262252.25,343513.68,906.485,3625.940000000001,4,3,1,2024-01-01,2024-01-11,0.25,10,3,0,-0.8113230798637616,-1.5110569085963945,First-Time Buyers
C0150,Individual,Memphis,Mcconnell,1968-08-25,M,USA,California,Home,2,Yes,Website,56,1,4,1846066.58,461516.645,543777.59,1500.95,6003.8,4,4,0,2024-01-03,2025-01-04,0.0,367,2,1,2.5080278545276258,1.5297937122901977,Premium / Global Investors
C0151,Individual,Arabella,Ferrell,1976-08-17,F,USA,Oregon,Home,1,No,Agency,48,0,5,1589086.32,317817.264,537546.81,1123.442,5617.21,5,5,0,2024-01-02,2025-01-04,0.0,368,0,1,2.0215154881171653,-1.6593362697501854,High-Net-Worth Investors
C0152,Individual,Sincere,Hansen,1967-01-19,F,USA,California,Investment,2,Yes,Agency,58,1,7,2539205.93,362743.7042857143,603518.77,1212.7585714285713,8489.31,6,7,0,2024-01-02,2025-01-07,0.0,371,0,3,5.8439982983121395,-2.4078673235150165,High-Net-Worth Investors
C0153,Individual,Lara,Carrillo,1983-02-24,F,USA,California,Home,5,No,Website,42,0,5,1560375.26,312075.052,570549.18,944.032,4720.16,5,5,0,2024-01-04,2025-01-12,0.0,374,0,1,1.8924718509215916,-2.2998066873860563,High-Net-Worth Investors
C0154,Individual,Valentina,Simpson,1965-01-24,F,USA,California,Home,4,Yes,Agency,60,1,5,2142457.31,428491.462,669332.95,1390.49,6952.45,5,3,2,2024-01-02,2025-01-07,0.4,371,0,1,4.005391313879344,0.05206725165658931,High-Net-Worth Investors
C0155,Company,Kamd,Co,1975-08-18,M,USA,California,Investment,5,No,Agency,49,0,5,1622885.53,324577.106,512459.69,1097.394,5486.97,5,4,1,2024-01-02,2025-01-05,0.2,369,0,1,2.279197697422318,-1.7360105106849941,High-Net-Worth Investors
C0156,Individual,Case,Sanchez,1966-05-26,F,USA,California,Home,5,No,Website,59,0,4,1344903.47,336225.8675,409183.72,1102.105,4408.42,4,3,1,2024-01-03,2025-01-07,0.25,370,1,1,0.6810632506359335,-0.7039381760503903,Mainstream Buyers
C0157,Individual,Van,Charles,1952-05-15,M,USA,Colorado,Home,2,Yes,Client,73,1,4,1060400.03,265100.0075,431549.73,830.7675,3323.07,4,4,0,2024-01-02,2025-01-02,0.0,366,1,0,-0.5715857406716096,-2.0712774683188155,Mainstream Buyers
C0158,Individual,Emmy,Singh,1979-03-12,F,USA,Virginia,Investment,3,Yes,Agency,46,1,4,1439477.66,359869.415,551363.7,1131.4975,4525.99,4,3,1,2024-01-06,2025-01-12,0.25,372,1,1,0.7919035448891607,-0.28877614620583925,Mainstream Buyers
C0159,Individual,Colin,Campos,1942-04-14,M,USA,California,Home,3,No,Website,83,0,4,1596507.45,399126.8625,477228.5,1336.7325,5346.93,4,4,0,2024-01-01,2025-01-09,0.0,374,2,1,1.7339953852322916,0.39497627191448065,Premium / Global Investors
C0160,Individual,Anya,Stephenson,1959-11-06,F,USA,California,Home,4,No,Website,65,0,5,1679716.96,335943.392,514747.26,1144.06,5720.3,5,3,2,2024-01-05,2025-01-09,0.4,370,0,1,2.5336020555068126,-1.491248544845436,High-Net-Worth Investors
C0161,Individual,Parker,Poole,1951-10-11,M,USA,California,Home,5,No,Website,73,0,9,2534264.26,281584.91777777777,411233.36,939.4144444444444,8454.73,7,8,1,2024-01-01,2025-01-04,0.111,369,0,3,7.160688359745671,-5.369607272984566,High-Net-Worth Investors
C0162,Individual,Ivan,Bright,1953-09-15,M,USA,California,Home,4,No,Website,71,0,4,1135363.52,283840.88,434121.6,983.24,3932.96,4,3,1,2024-01-09,2025-01-12,0.25,369,1,0,-0.02333055545385963,-1.4989312730180884,Mainstream Buyers
C0163,Individual,Larry,Turner,1986-03-24,M,USA,Utah,Investment,5,Yes,Agency,39,1,4,1506594.21,376648.5525,472632.31,1307.32,5229.28,4,3,1,2025-01-01,2025-01-11,0.25,10,3,0,0.9732626055603164,0.6372882549354724,First-Time Buyers
C0164,Individual,Matthew,Nelson,1986-09-20,M,USA,Arizona,Home,5,No,Website,38,0,4,1436152.54,359038.135,513021.02,1196.7975,4787.19,4,4,0,2024-01-07,2025-01-09,0.0,368,2,1,0.9721256442599189,-0.20305701320411207,Premium / Global Investors
C0165,Individual,Mary,Hall,1956-11-07,F,USA,California,Home,3,Yes,Website,68,1,3,1276849.33,425616.44333333336,539711.96,1357.1933333333334,4071.58,3,3,0,2024-01-05,2025-01-02,0.0,363,2,2,-0.0005591851581433875,1.6638022419309595,Premium / Global Investors
C0166,Individual,Carolyn,Weaver,1984-01-24,F,USA,Arizona,Home,4,Yes,Agency,41,1,4,1273643.37,318410.8425,602056.71,1025.3225,4101.29,4,4,0,2024-01-06,2025-01-12,0.0,372,1,1,0.20316439172397116,-1.0175330107760956,Mainstream Buyers
C0167,Individual,Grace,Green,1955-02-02,F,UK,Scotland,Home,3,Yes,Website,70,1,7,2749577.33,392796.7614285714,535236.81,1320.3814285714286,9242.67,7,6,1,2024-01-05,2025-01-11,0.143,372,0,3,7.234736966411463,-2.3884384681000665,High-Net-Worth Investors
C0168,Individual,Pamela,Sanders,1960-06-06,F,USA,Nevada,Home,3,No,Agency,65,0,4,1491785.87,372946.4675,475258.58,1329.6025,5318.41,4,4,0,2024-01-05,2025-01-11,0.0,372,2,1,1.2770245295496367,0.21653993864859866,Premium / Global Investors
C0169,Individual,Terry,Turner,1990-08-13,M,USA,Ohio,Investment,5,Yes,Agency,34,1,3,688864.2,229621.4,311647.12,845.8633333333333,2537.59,3,1,2,2024-01-04,2025-01-10,0.667,372,1,0,-2.583423327683194,-1.151019940301751,Mainstream Buyers
C0170,Individual,Jacob,Jones,1949-06-13,M,USA,California,Home,5,No,Website,76,0,3,1161316.17,387105.39,525251.32,1339.746666666667,4019.24,3,3,0,2024-01-11,2025-01-08,0.0,363,2,0,-0.2520859426262345,1.2018364337638476,Premium / Global Investors
C0171,Individual,Julie,Sanders,1991-05-05,F,USA,Washington,Investment,5,Yes,Client,34,1,4,1278753.71,319688.4275,373786.79,1070.72,4282.88,4,4,0,2024-01-02,2025-01-07,0.0,371,1,1,0.2803290154893458,-0.9001620502895351,Mainstream Buyers
C0172,Individual,Catherine,Carter,1992-09-16,F,USA,Washington,Home,1,Yes,Agency,32,1,4,1681471.91,420367.9775,484259.13,1572.79,6291.16,4,3,1,2024-01-01,2025-01-04,0.25,369,2,1,1.942034911717588,1.5436406334217019,Premium / Global Investors
C0173,Individual,Amber,Wilson,1976-07-20,F,USA,Arizona,Home,5,Yes,Agency,48,1,8,2619968.43,327496.05375,521184.68,1074.5925,8596.74,7,8,0,2024-01-01,2025-01-05,0.0,370,0,3,6.92891646121256,-4.075371276206826,High-Net-Worth Investors
C0174,Individual,Rachel,Harris,1982-06-07,F,USA,California,Investment,3,No,Client,43,0,3,865359.73,288453.24333333335,386354.65,869.7866666666667,2609.36,3,3,0,2024-01-02,2024-01-03,0.0,1,3,0,-2.391103862629714,-0.4229226039711805,First-Time Buyers
C0175,Individual,Brandon,Alexander,1962-05-04,M,USA,Washington,Home,5,No,Agency,63,0,4,1606138.12,401534.53,634424.32,1313.38,5253.52,4,2,2,2024-01-02,2025-01-08,0.5,372,2,1,1.6921974868282663,0.5526456872246426,Premium / Global Investors
C0176,Individual,Hannah,Williams,1993-06-27,F,USA,California,Home,2,No,Website,32,0,6,2681927.91,446987.985,526217.19,1514.8,9088.8,3,6,0,2024-01-04,2025-01-10,0.0,372,2,1,4.248217767299579,1.3476154810720196,Premium / Global Investors
C0177,Individual,Sarah,Hansen,1951-05-03,F,UK,England,Home,5,Yes,Website,74,1,7,2269897.21,324271.03,524447.11,1160.9514285714286,8126.66,7,6,1,2024-01-04,2025-01-11,0.143,373,0,3,5.990405299202113,-3.5573158264144205,High-Net-Worth Investors
C0178,Individual,Laura,Chavez,1952-12-23,F,USA,Virginia,Home,4,No,Agency,72,0,7,2665917.96,380845.42285714287,548503.64,1284.9985714285715,8994.99,7,5,2,2024-01-06,2025-01-08,0.286,368,0,3,7.021958684383266,-2.5856370881420414,High-Net-Worth Investors
C0179,Individual,Ashley,Turner,1986-11-02,F,USA,Oregon,Investment,2,No,Website,38,0,8,2131372.11,266421.51375,358234.23,947.545,7580.360000000001,8,5,3,2024-01-01,2025-01-12,0.375,377,0,3,6.229020452216797,-5.395090155854265,High-Net-Worth Investors
C0180,Individual,Jacob,Wilson,1943-01-28,M,USA,California,Home,2,Yes,Agency,82,1,7,2660292.37,380041.76714285713,542668.47,1249.51,8746.57,7,6,1,2024-01-01,2025-01-08,0.143,373,0,3,6.982362728431008,-2.7229923476898827,High-Net-Worth Investors
C0181,Individual,Lawrence,Peterson,1970-04-26,M,USA,Texas,Home,2,Yes,Website,55,1,7,2047189.62,292455.66000000003,350173.43,974.1771428571428,6819.24,7,6,1,2024-01-01,2025-01-06,0.143,371,0,3,5.085854081425743,-4.201700191095354,High-Net-Worth Investors
C0182,Individual,Virginia,Bennett,1971-02-12,F,Germany,North Rhine-Westphalia,Investment,1,Yes,Website,54,1,8,3082362.35,385295.29375,642233.35,1246.94625,9975.57,8,8,0,2024-01-01,2025-01-12,0.0,377,0,3,8.75035997840545,-3.526253313294723,High-Net-Worth Investors
C0183,Individual,Nicholas,Green,1988-09-15,M,USA,Nevada,Home,3,No,Website,36,0,7,1883106.92,269015.27428571426,330298.49,907.1042857142857,6349.73,7,7,0,2024-01-08,2025-01-10,0.0,368,0,3,4.578329799071964,-4.606179266702116,High-Net-Worth Investors
C0184,Individual,Peter,Pierce,1994-01-21,M,USA,Florida,Home,1,No,Website,31,0,6,2618938.16,436489.69333333336,575737.82,1481.715,8890.29,5,6,0,2024-01-07,2025-01-11,0.0,370,0,1,5.345474344681707,0.11056579070688352,High-Net-Worth Investors
C0185,Individual,Andrea,Nelson,1945-02-07,F,USA,Nevada,Home,4,Yes,Agency,80,1,7,2491911.81,355987.40142857144,559547.45,1137.2942857142857,7961.059999999999,7,7,0,2024-01-04,2025-01-08,0.0,370,0,3,6.435565847191984,-3.3336064972300066,High-Net-Worth Investors
C0186,Individual,Carol,Green,1982-02-04,F,USA,Virginia,Home,1,No,Website,43,0,8,2674286.63,334285.82875,535134.61,1100.27125,8802.17,5,8,0,2024-01-06,2025-01-09,0.0,369,0,1,5.626553066616641,-2.6997094811508804,High-Net-Worth Investors
C0187,Individual,Cheryl,Kim,1990-01-17,F,USA,Florida,Home,1,No,Website,35,0,6,2066651.14,344441.8566666667,535002.72,1135.37,6812.219999999999,5,4,2,2024-01-03,2025-01-12,0.333,375,0,1,3.544840527406019,-1.6248122626372452,High-Net-Worth Investors
C0188,Individual,Jose,Martin,1940-08-10,M,USA,Oregon,Home,5,Yes,Website,84,1,7,2891447.6,413063.9428571429,615305.89,1263.962857142857,8847.74,7,5,2,2024-01-08,2025-01-12,0.286,370,0,3,7.661999824785245,-2.3938597672070343,High-Net-Worth Investors
C0189,Individual,Anna,Adams,1958-11-12,F,USA,California,Home,2,No,Agency,66,0,7,2209659.42,315665.6314285714,631227.87,1024.6857142857143,7172.8,7,6,1,2024-01-07,2025-01-03,0.143,362,0,3,5.534645309245991,-3.895230016014301,High-Net-Worth Investors
C0190,Individual,Karen,Johnson,1971-10-19,F,USA,California,Home,2,No,Website,53,0,7,2276701.17,325243.02428571426,518963.51,1049.1542857142856,7344.08,7,6,1,2024-01-02,2025-01-08,0.143,372,0,3,5.71491671655524,-3.7057843234326953,High-Net-Worth Investors
C0191,Individual,Sarah,Turner,1977-06-05,F,USA,Florida,Home,3,No,Agency,48,0,8,2172926.76,271615.84500000003,374700.13,913.85125,7310.809999999999,6,5,3,2024-01-01,2025-01-08,0.375,373,0,3,5.002354087254064,-4.348768947707105,High-Net-Worth Investors
C0192,Individual,Margaret,Moore,1984-04-02,F,Belgium,Brussels,Investment,2,Yes,Website,41,1,7,2900509.1,414358.4428571428,609045.19,1304.7214285714288,9133.05,7,5,2,2024-01-02,2025-01-12,0.286,376,0,3,7.420164676198964,-2.0609144953036047,High-Net-Worth Investors
C0193,Individual,Sharon,Campbell,1968-09-08,F,USA,California,Investment,4,Yes,Website,56,1,7,1933778.24,276254.03428571427,525419.08,962.7214285714286,6739.05,7,4,3,2024-01-04,2025-01-10,0.429,372,0,3,4.884448000517983,-4.415539516633151,High-Net-Worth Investors
C0194,Individual,Jonathan,Hall,1953-08-18,M,France,Ile-De-France,Home,5,Yes,Website,71,1,7,2759372.27,394196.03857142857,610038.08,1237.292857142857,8661.05,7,5,2,2024-01-07,2025-01-10,0.286,369,0,3,7.2546848137506394,-2.592459873212691,High-Net-Worth Investors
C0195,Individual,Sean,Jones,1947-06-19,M,USA,California,Home,2,Yes,Website,78,1,7,2102233.85,300319.12142857147,486957.94,1029.2714285714285,7204.9,7,5,2,2024-01-01,2025-01-12,0.286,377,0,3,5.415687154209518,-4.048062033017795,High-Net-Worth Investors
C0196,Individual,Alexander,Adams,1957-04-22,M,USA,Nevada,Investment,5,No,Agency,68,0,6,2611736.44,435289.4066666667,605691.78,1411.9466666666667,8471.68,6,6,0,2024-01-02,2025-01-09,0.0,373,0,3,6.136343342738934,-0.8936730130997754,High-Net-Worth Investors
C0197,Individual,Kevin,Wright,1944-01-07,M,USA,Virginia,Home,4,No,Client,81,0,8,2775768.6,346971.075,590525.42,1082.87,8662.96,5,8,0,2024-01-04,2025-01-11,0.0,373,0,1,6.091849847974424,-2.824577870261505,High-Net-Worth Investors
C0198,Individual,Michelle,White,1976-01-28,F,USA,California,Home,4,No,Website,49,0,8,2399689.67,299961.20875,510536.52,997.5475,7980.38,7,8,0,2024-01-02,2025-01-10,0.0,374,0,3,6.364290265354682,-4.567838299945293,High-Net-Worth Investors
C0199,Individual,Ryan,Brown,1958-04-13,M,USA,California,Home,3,No,Agency,67,0,7,2582959.87,368994.26714285713,596863.29,1162.7385714285715,8139.17,7,6,1,2024-01-02,2025-01-12,0.143,376,0,3,6.672765543853047,-3.034969328423419,High-Net-Worth Investors
C0200,Individual,Linda,Harris,1944-06-05,F,USA,California,Home,1,No,Agency,81,0,4,1071359.39,267839.84750000003,410486.46,920.7075,3682.83,4,4,0,2024-01-01,2024-01-11,0.0,10,3,0,-0.7503836257831502,-1.5085597228571541,First-Time Buyers
C0201,Individual,Lauren,Weaver,1968-02-13,F,USA,California,Home,1,No,Agency,57,0,4,1298787.54,324696.885,402705.53,1147.435,4589.74,4,3,1,2024-01-01,2025-01-02,0.25,367,1,0,0.42968634206830275,-0.5642365641476697,Mainstream Buyers
C0202,Individual,Jack,Reyes,1996-11-11,M,Canada,British Columbia,Home,1,No,Website,28,0,3,1019272.59,339757.53,446358.88,1049.38,3148.14,3,2,1,2024-01-05,2025-01-06,0.333,367,1,0,-1.431248449560574,0.4232625298853069,Mainstream Buyers
C0203,Individual,Christine,Brooks,1956-05-18,F,USA,California,Home,4,No,Client,69,0,4,1242478.83,310619.7075,596471.37,916.0375,3664.15,4,4,0,2024-01-01,2025-01-02,0.0,367,1,0,0.10850980973349889,-1.4997976694328579,Mainstream Buyers
C0204,Individual,Joyce,Pierce,1947-10-01,F,USA,California,Home,5,No,Agency,77,0,3,934432.98,311477.66,354252.16,1042.7266666666667,3128.18,3,2,1,2024-01-12,2025-01-06,0.333,360,1,0,-1.4067941743411316,-0.1634827670221367,Mainstream Buyers
C0205,Individual,Kelly,Nelson,1968-08-26,F,Mexico,Puebla,Home,1,Yes,Agency,56,1,3,949224.48,316408.16,390197.22,1072.7266666666667,3218.1800000000003,3,2,1,2024-01-08,2025-01-12,0.333,370,1,0,-1.5788299899745106,0.1607964975477229,Mainstream Buyers
C0206,Individual,Nancy,Roberts,1957-08-05,F,USA,California,Home,1,Yes,Agency,67,1,3,853060.9299999999,284353.6433333333,378709.68,851.4266666666667,2554.28,3,3,0,2024-01-01,2025-01-06,0.0,371,1,0,-2.110304606315015,-0.8636947602549983,Mainstream Buyers
C0207,Individual,Kyle,Gray,1944-11-19,M,USA,Virginia,Investment,4,No,Website,80,0,3,889948.76,296649.58666666667,533390.74,1104.51,3313.53,3,3,0,2024-01-01,2024-01-10,0.0,9,3,0,-1.7985924624254004,0.1283872437755223,First-Time Buyers
C0208,Individual,Mark,James,1986-03-26,M,France,Provence,Home,4,Yes,Agency,39,1,4,1199654.38,299913.595,528026.75,997.41,3989.64,4,3,1,2024-01-02,2025-01-02,0.25,366,1,0,-0.02128555674018108,-1.1613421184934047,Mainstream Buyers
C0209,Individual,Kyle,Moore,1949-08-22,M,USA,Arizona,Investment,3,No,Agency,75,0,4,979868.13,244967.0325,277921.61,794.1275,3176.51,4,3,1,2024-01-04,2025-01-11,0.25,373,1,0,-0.8024190194775851,-2.320419021009564,Mainstream Buyers
C0210,Individual,Janice,Price,1943-03-24,F,USA,Colorado,Home,2,No,Website,82,0,4,1346156.55,336539.1375,567823.18,1135.53,4542.12,4,4,0,2024-01-03,2025-01-10,0.0,373,1,0,0.6629563331522303,-0.6711655193835919,Mainstream Buyers
C0211,Individual,Amy,Evans,1972-02-23,F,USA,California,Home,3,No,Agency,53,0,4,1254240.07,313560.0175,514096.93,1053.27,4213.08,4,3,1,2024-01-06,2025-01-10,0.25,370,1,0,0.23947082924561913,-0.9558808688546583,Mainstream Buyers
C0212,Individual,Jacob,Wood,1956-03-23,M,USA,California,Home,4,No,Agency,69,0,3,1068278.76,356092.92,408993.51,1224.68,3674.04,3,3,0,2024-01-01,2025-01-02,0.0,367,1,0,-0.7865433369135175,0.6802866413203347,Mainstream Buyers
C0213,Individual,Jason,Gray,1976-10-23,M,USA,Florida,Investment,5,No,Agency,48,0,3,809691.13,269897.04333333333,361389.54,897.3100000000001,2691.9300000000003,3,2,1,2024-01-05,2025-01-08,0.333,369,1,0,-2.09800153646646,-0.7943419452609627,Mainstream Buyers
C0214,Individual,Helen,Wood,1946-07-18,F,Belgium,Brussels,Investment,5,No,Website,78,0,3,1070534.64,356844.88000000006,481085.34,1179.5233333333333,3538.57,3,3,0,2024-01-03,2025-01-10,0.0,373,1,0,-0.8236204918577454,0.4939800146480334,Mainstream Buyers
C0215,Individual,Lauren,Foster,1999-11-07,F,Germany,Hamburg,Investment,4,No,Website,25,0,3,1032856.46,344285.48666666663,501616.65,1110.27,3330.81,3,3,0,2024-01-04,2024-01-06,0.0,2,3,0,-1.5976530921116299,0.76801826957721,First-Time Buyers
C0216,Individual,Albert,Hansen,1999-07-19,M,USA,Utah,Home,1,No,Website,25,0,4,1352642.34,338160.585,392569.11,1063.04,4252.16,4,3,1,2024-01-03,2025-01-10,0.25,373,1,1,0.38787473115089194,-0.524171227073237,Mainstream Buyers
C0217,Individual,Deborah,Miller,1984-11-07,F,USA,Colorado,Home,3,No,Website,40,0,4,1238434.91,309608.7275,512052.93,1019.1225,4076.49,4,4,0,2024-01-02,2025-01-10,0.0,374,1,1,0.09157572814752182,-1.0997006186279694,Mainstream Buyers
C0218,Individual,Shirley,Anderson,1970-01-24,F,USA,California,Home,2,No,Website,55,0,3,836639.27,278879.75666666665,371174.41,913.67,2741.01,3,2,1,2024-01-05,2025-01-10,0.333,371,1,0,-2.0355408546351415,-0.647932003261301,Mainstream Buyers
C0219,Individual,William,Turner,1988-01-20,M,USA,California,Home,4,No,Website,37,0,4,1267653.57,316913.3925,639093.49,1035.1925,4140.77,4,3,1,2024-01-02,2025-01-12,0.25,376,1,1,0.29844906264423776,-0.9419381585735944,Mainstream Buyers
C0220,Individual,Walter,Phillips,1951-06-06,M,Canada,Ontario,Investment,1,No,Website,74,0,3,1060812.68,353604.2266666666,521703.52,1101.55,3304.65,3,3,0,2024-01-01,2025-01-02,0.0,367,1,0,-1.0976810653205162,0.4123226953631775,Mainstream Buyers
C0221,Company,Atlas,Co,1987-05-14,F,USA,California,Home,5,No,Website,38,0,4,1377133.6,344283.4,538973.07,1186.5225,4746.09,4,4,0,2024-01-11,2025-01-10,0.0,365,1,1,0.7883695166214724,-0.39986576813558367,Mainstream Buyers
C0222,Individual,Christopher,Stone,1956-08-11,M,USA,Utah,Investment,3,No,Agency,68,0,3,1223560.82,407853.6066666667,421263.63,1517.47,4552.41,3,3,0,2024-01-06,2025-01-01,0.0,361,2,2,0.005031636686683716,1.9545619320652994,Premium / Global Investors
C0223,Individual,Patrick,Hansen,1973-12-11,M,USA,Colorado,Investment,3,Yes,Website,51,1,4,969341.87,242335.4675,304478.01,837.5225,3350.09,4,4,0,2024-01-03,2025-01-07,0.0,370,1,0,-0.8488268953139051,-2.2277097876186094,Mainstream Buyers
C0224,Individual,Nathan,Richardson,1960-08-23,M,USA,Colorado,Home,5,No,Website,64,0,3,1189255.63,396418.5433333333,539103.37,1330.2166666666667,3990.65,3,3,0,2024-01-01,2025-01-09,0.0,374,2,0,-0.24077274285777445,1.3104027962807272,Premium / Global Investors
C0225,Individual,Evelyn,Reyes,1948-12-19,F,USA,California,Home,1,Yes,Agency,76,1,4,1120626.94,280156.735,405353.74,905.7525,3623.01,4,3,1,2024-01-01,2025-01-12,0.25,377,1,0,-0.3154079645798718,-1.6833429731672065,Mainstream Buyers
C0226,Individual,Julia,Jordan,1958-11-07,F,USA,Colorado,Home,2,No,Website,66,0,3,1571251.03,523750.3433333333,675765.41,1599.3433333333332,4798.03,3,3,0,2024-01-05,2025-01-05,0.0,366,2,2,1.1821049556115082,3.225030603068066,Premium / Global Investors
C0227,Individual,Rachel,Evans,1944-10-23,F,USA,Arizona,Home,5,Yes,Website,80,1,3,942245.37,314081.79,499753.6,1104.51,3313.53,3,3,0,2024-01-01,2025-01-10,0.0,375,1,0,-1.297741721626292,-0.0822765324632992,Mainstream Buyers
C0228,Individual,Hannah,Owens,1952-04-23,F,USA,Oregon,Investment,4,No,Website,73,0,3,606605.72,202201.90666666665,306527.75,610.62,1831.86,3,2,1,2024-01-02,2025-01-05,0.333,369,1,0,-3.0716588717429234,-2.2384297529287296,Mainstream Buyers
C0229,Individual,Jose,Turner,1981-11-19,M,USA,Colorado,Investment,5,No,Website,43,0,3,892220.13,297406.71,355384.51,900.46,2701.38,3,3,0,2024-01-03,2025-01-09,0.0,372,1,0,-1.8425873986449368,-0.6314162105681133,Mainstream Buyers
C0230,Company,Forsyte,Co,1977-07-22,M,USA,Nevada,Investment,4,Yes,Website,47,1,4,1457429.02,364357.255,567272.16,1104.2925,4417.17,4,4,0,2024-01-02,2025-01-08,0.0,372,1,1,0.8961173344479998,-0.41813909948328293,Mainstream Buyers
C0231,Individual,Ronald,Rogers,1993-12-18,M,Denmark,Central Denmark,Investment,2,Yes,Website,31,1,3,729893.08,243297.69333333333,367286.05,849.6366666666667,2548.91,3,3,0,2024-01-04,2025-01-02,0.0,364,1,0,-2.5949964663310667,-1.10390931964703,Mainstream Buyers
C0232,Individual,Megan,Kim,1962-04-05,F,USA,California,Home,3,Yes,Website,63,1,4,1276710.4900000002,319177.62250000006,556388.88,1036.6525,4146.61,4,4,0,2024-01-01,2025-01-05,0.0,370,1,1,0.329538066666501,-1.0621313174809786,Mainstream Buyers
C0233,Individual,Larry,Garcia,1997-10-09,M,France,Provence,Home,4,Yes,Website,27,1,4,1105806.54,276451.635,427127.89,914.3125,3657.25,4,4,0,2024-01-03,2025-01-03,0.0,366,1,0,-0.4220968198591795,-1.6292045690912706,Mainstream Buyers
C0234,Individual,Andrea,Hughes,1979-02-03,F,USA,New York,Home,1,Yes,Website,46,1,3,839967.04,279989.01333333337,439529.6,973.09,2919.27,3,3,0,2025-01-04,2025-01-07,0.0,3,3,0,-2.389332924004923,-0.15393056018185935,First-Time Buyers
C0235,Individual,Kenneth,Allen,1949-10-10,M,USA,California,Home,5,No,Website,75,0,4,1268586.58,317146.645,427566.1,1092.085,4368.34,4,4,0,2024-01-02,2025-01-12,0.0,376,1,1,0.5365048195288644,-1.027090743555349,Mainstream Buyers
C0236,Individual,Gerald,Howard,1972-10-08,M,Canada,Manitoba,Home,3,No,Agency,52,0,3,1321475.69,440491.89666666667,627817.81,1449.5,4348.5,3,1,2,2024-01-07,2024-01-12,0.667,5,2,2,-0.11788133913520724,2.6652495779902066,Premium / Global Investors
C0237,Individual,Jason,Nelson,1984-03-11,M,USA,California,Home,5,Yes,Website,41,1,3,1392353.31,464117.77,501441.18,1630.1366666666663,4890.41,3,3,0,2024-01-08,2025-01-09,0.0,367,2,2,0.7389653181978384,2.772555565221406,Premium / Global Investors
C0238,Individual,Amber,Patterson,1982-08-01,F,USA,Virginia,Home,4,Yes,Agency,42,1,3,1125732.72,375244.24,472802.29,1125.17,3375.51,3,3,0,2024-01-05,2024-01-11,0.0,6,3,2,-1.219554241703256,1.032765073865998,First-Time Buyers
C0239,Individual,Megan,Baker,1973-02-18,F,USA,Oregon,Home,3,Yes,Website,52,1,4,1352763.67,338190.9175,561242.82,1011.58,4046.32,4,2,2,2024-01-09,2025-01-08,0.5,365,1,0,0.4642575214499805,-0.7497181778202286,Mainstream Buyers
C0240,Individual,Amber,Morales,1942-05-15,F,USA,Colorado,Investment,3,No,Website,83,0,3,935028.28,311676.0933333333,414273.14,1022.67,3068.01,3,1,2,2024-01-09,2025-01-12,0.667,369,1,0,-1.469175717649768,-0.09598644503492867,Mainstream Buyers
C0241,Individual,Kelly,Anderson,1962-01-14,F,Mexico,Nuevo Leon,Home,5,Yes,Website,63,1,3,1025934.71,341978.23666666663,486971.08,1110.27,3330.81,3,3,0,2024-01-03,2024-01-12,0.0,9,3,0,-1.4244872105670832,0.5843563529364688,First-Time Buyers
C0242,Individual,Stephen,Peterson,1998-03-16,M,USA,Utah,Home,3,Yes,Agency,27,1,4,1358315.73,339578.9325,478633.51,1191.1025,4764.41,4,3,1,2024-01-02,2025-01-07,0.25,371,1,1,0.620615613928351,-0.2307351564844363,Mainstream Buyers
C0243,Individual,Nancy,Patterson,1978-11-07,F,USA,Utah,Home,2,No,Website,46,0,4,1382777.89,345694.47250000003,497893.52,1286.2725,5145.09,4,4,0,2024-01-02,2025-01-07,0.0,371,2,1,0.8340950711851634,-0.05813619001283012,Premium / Global Investors
C0244,Individual,Joyce,Pierce,1998-03-08,F,USA,California,Home,1,No,Website,27,0,3,1046652.28,348884.0933333333,540440.51,1095.0333333333335,3285.1000000000004,3,1,2,2025-01-05,2025-01-08,0.667,3,3,0,-1.5743951632297637,1.015107423545471,First-Time Buyers
C0245,Individual,Sean,Long,1974-07-01,M,USA,Nevada,Investment,4,No,Agency,51,0,3,1354584.5,451528.1666666667,648020.11,1439.256666666667,4317.77,3,3,0,2024-01-03,2025-01-12,0.0,375,2,2,0.30479262816982217,2.163779420952759,Premium / Global Investors
C0246,Individual,Stephen,Pierce,1992-05-15,M,France,Normandy,Home,1,Yes,Agency,33,1,3,1024485.26,341495.08666666667,369524.95,1117.9399999999998,3353.82,3,2,1,2025-01-03,2025-01-07,0.333,4,3,0,-1.6551744814214742,0.9398028681957904,First-Time Buyers
C0247,Individual,Kevin,Morris,1965-01-18,M,USA,California,Home,1,No,Website,60,0,4,1696540.52,424135.13,553756.62,1458.93,5835.72,4,4,0,2024-01-12,2025-01-07,0.0,361,2,1,2.010039889809794,1.0944605490007064,Premium / Global Investors
C0248,Individual,Carl,Collins,1968-09-12,M,USA,Florida,Home,4,Yes,Agency,56,1,3,1035934.63,345311.54333333333,371257.45,1224.68,3674.04,3,2,1,2024-01-02,2024-01-09,0.333,7,3,0,-1.2623650515551539,1.0778928393122167,First-Time Buyers
C0249,Individual,Stephanie,Montgomery,1968-05-12,F,USA,California,Investment,4,No,Agency,57,0,4,1142995.52,285748.88,489564.98,1027.3249999999998,4109.299999999999,4,4,0,2024-01-06,2025-01-02,0.0,362,1,0,-0.08975444386542261,-1.3959260244762097,Mainstream Buyers
C0250,Individual,Justin,Stewart,1947-10-19,M,UK,England,Home,2,No,Agency,77,0,3,982306.66,327435.55333333334,459717.65,1076.69,3230.07,3,3,0,2024-01-01,2025-01-01,0.0,366,1,0,-1.3400672506099065,0.09127804011880333,Mainstream Buyers
C0251,Individual,Janice,Chavez,1976-11-08,F,USA,Utah,Home,5,No,Website,48,0,3,463611.95,154537.31666666668,211507.17,564.01,1692.03,3,3,0,2024-01-07,2025-01-06,0.0,365,1,0,-3.650858631063539,-2.8014410658432656,Mainstream Buyers
C0252,Individual,Elizabeth,Rogers,1953-08-23,F,USA,Nevada,Investment,2,No,Website,71,0,3,1082221.48,360740.49333333335,527700.01,1209.64,3628.92,3,2,1,2024-01-01,2025-01-09,0.333,374,1,0,-0.8449585919079274,0.8075006118769811,Mainstream Buyers
C0253,Individual,Betty,Hughes,1994-09-15,F,USA,Virginia,Home,4,No,Website,30,0,4,1239226.11,309806.5275,486893.64,1052.8325,4211.33,4,4,0,2024-01-02,2024-01-05,0.0,3,3,0,-0.18819116002910632,-0.6531349058076655,First-Time Buyers
C0254,Individual,Rachel,Freeman,1956-07-21,F,USA,Florida,Home,5,No,Website,68,0,4,1332152.57,333038.1425,499070.64,1096.3725,4385.49,4,4,0,2024-01-04,2025-01-09,0.0,371,1,1,0.6311579541518137,-0.8298908194940674,Mainstream Buyers
C0255,Individual,Sara,Jones,1961-08-02,F,UK,England,Investment,3,Yes,Client,63,1,4,1689083.06,422270.765,598112.26,1253.3075,5013.23,4,4,0,2024-01-01,2025-01-05,0.0,370,2,1,1.6943359140859462,0.47169738116132975,Premium / Global Investors
C0256,Individual,Anthony,Hughes,1990-10-12,M,USA,California,Home,1,Yes,Website,34,1,3,1150229.15,383409.7166666666,574185.82,1281.3166666666666,3843.95,3,3,0,2024-01-10,2025-01-12,0.0,368,2,2,-0.6586806339030156,1.2735369824293268,Premium / Global Investors
C0257,Individual,Nicholas,Kim,1974-10-22,M,USA,California,Home,1,No,Website,50,0,3,1145456.23,381818.74333333335,534131.64,1277.84,3833.52,3,2,1,2024-01-02,2025-01-05,0.333,369,2,2,-0.5986889989309383,1.2859237657884046,Premium / Global Investors
C0258,Individual,Carl,Murray,1991-04-15,M,UK,Northern Ireland,Home,4,Yes,Agency,34,1,3,1001712.37,333904.1233333333,525651.46,1173.1833333333334,3519.55,3,3,0,2024-01-08,2025-01-05,0.0,363,1,0,-1.23829694622181,0.5054731148763308,Mainstream Buyers
C0259,Individual,Emma,Chavez,1990-02-15,F,USA,Oregon,Home,4,No,Website,35,0,3,779396.4099999999,259798.8033333333,327070.05,842.68,2528.04,3,3,0,2024-01-02,2024-01-11,0.0,9,3,0,-2.6771893002193425,-0.7313805012253022,First-Time Buyers
C0260,Individual,Rebecca,Wood,1946-04-08,F,USA,Nevada,Investment,3,No,Website,79,0,4,1057192.79,264298.1975,387130.78,820.9225,3283.69,4,2,2,2024-01-09,2025-01-10,0.5,367,1,0,-0.5255024779045081,-2.03444738862452,Mainstream Buyers
C0261,Company,Celera,Co,1985-05-13,F,USA,Florida,Investment,4,Yes,Website,40,1,4,2094623.1,523655.775,553392.84,1676.3825,6705.53,4,3,1,2024-01-08,2025-01-10,0.25,368,2,2,3.391960593063577,2.6314915707068933,Premium / Global Investors
C0262,Individual,Billy,Bryant,1947-05-25,M,USA,Oregon,Home,2,No,Website,78,0,3,1233260.4,411086.8,507625.15,1359.24,4077.72,3,3,0,2024-01-11,2025-01-06,0.0,361,2,2,-0.12967646562006738,1.5620700121080924,Premium / Global Investors
C0263,Individual,Anthony,Garcia,1981-02-08,M,USA,Nevada,Investment,2,Yes,Website,44,1,3,969140.41,323046.80333333334,377230.63,1016.7633333333332,3050.29,3,3,0,2025-01-01,2025-01-11,0.0,10,3,0,-1.8662007167074708,0.3174302663600541,First-Time Buyers
C0264,Individual,Melissa,Baker,1992-12-09,F,USA,Colorado,Home,2,Yes,Agency,32,1,4,1127766.02,281941.505,343865.15,972.245,3888.98,4,3,1,2024-01-01,2025-01-03,0.25,368,1,0,-0.367850648810356,-1.3373161035580192,Mainstream Buyers
C0265,Company,Celera,Co,1967-04-13,M,Belgium,Flanders,Home,1,No,Website,58,0,4,1708031.99,427007.9975,629727.03,1293.0725,5172.29,4,3,1,2024-01-05,2025-01-11,0.25,372,2,1,1.7920419250689885,0.7795097748213261,Premium / Global Investors
C0266,Individual,Aaron,Owens,1977-02-26,M,USA,California,Home,5,Yes,Agency,48,1,3,931646.38,310548.79333333333,423535.41,1078.7866666666666,3236.36,3,2,1,2024-01-02,2025-01-04,0.333,368,1,0,-1.4346250446050448,0.032179657377629275,Mainstream Buyers
C0267,Individual,Judy,Howard,1948-12-11,F,USA,Utah,Home,4,Yes,Agency,76,1,4,1314495.01,328623.7525,426946.49,1096.12,4384.48,4,4,0,2024-01-04,2025-01-11,0.0,373,1,1,0.5394287815831758,-0.8695056845115285,Mainstream Buyers
C0268,Individual,Danielle,Carter,1959-02-21,F,USA,Georgia,Investment,3,No,Website,66,0,4,1108939.86,277234.965,425894.16,900.39,3601.56,4,3,1,2024-01-02,2024-01-11,0.25,9,3,0,-0.6576322787750613,-1.4040387978423305,First-Time Buyers
C0269,Individual,David,Stewart,1969-04-02,M,USA,New York,Home,2,No,Agency,56,0,3,1049110.08,349703.36000000004,536079.52,1076.69,3230.07,3,2,1,2024-01-09,2025-01-12,0.333,369,1,0,-1.1731588986223078,0.45653045866119507,Mainstream Buyers
C0270,Individual,Megan,Allen,1944-07-21,F,USA,Florida,Home,5,No,Website,80,0,3,924009.9,308003.3,389694.82,983.4266666666668,2950.28,3,2,1,2024-01-11,2025-01-08,0.333,363,1,0,-1.5017979678487543,-0.3479358692528518,Mainstream Buyers
C0271,Individual,Laura,Hughes,1972-04-28,F,USA,California,Investment,3,No,Agency,53,0,4,1295689.37,323922.3425,479460.4,1024.3375,4097.35,4,2,2,2024-01-04,2025-01-12,0.5,374,1,0,0.32055166125171064,-0.8792579832997911,Mainstream Buyers
C0272,Individual,Pamela,Green,1993-03-08,F,UK,Scotland,Home,5,Yes,Website,32,1,4,1439584.37,359896.0925,535120.87,1248.58,4994.32,4,4,0,2024-01-01,2025-01-07,0.0,372,2,1,0.9901345864193101,-0.0525387234645024,Premium / Global Investors
C0273,Individual,Paul,Morales,1987-02-27,M,Denmark,Zealand,Investment,2,No,Website,38,0,3,682452.64,227484.21333333332,341971.22,801.46,2404.38,3,3,0,2024-01-02,2025-01-07,0.0,371,1,0,-2.774966018992808,-1.4027853635105563,Mainstream Buyers
C0274,Individual,Raymond,Young,1950-01-10,M,USA,Florida,Home,2,No,Website,75,0,3,1343449.34,447816.4466666667,623754.36,1467.89,4403.67,3,3,0,2024-01-01,2024-01-07,0.0,6,2,2,0.04064802837821965,2.5183106088345255,Premium / Global Investors
C0275,Individual,William,Thompson,2000-06-26,M,USA,Oregon,Home,1,Yes,Website,25,1,4,1237500.3,309375.075,394827.74,1177.3375,4709.35,4,3,1,2024-01-06,2025-01-12,0.25,372,1,0,0.2197558688181636,-0.49489943100047185,Mainstream Buyers
C0276,Individual,Gloria,Harris,1953-02-16,F,USA,Washington,Home,5,No,Website,72,0,3,1011195.98,337065.32666666666,419401.36,1164.9766666666667,3494.9300000000003,3,3,0,2024-01-01,2025-01-02,0.0,367,1,0,-1.036084887807495,0.3233794722231987,Mainstream Buyers
C0277,Individual,Jordan,Garcia,1954-11-17,M,USA,Colorado,Investment,1,Yes,Agency,70,1,3,1123449.53,374483.1766666667,510899.59,1286.4266666666667,3859.28,3,3,0,2024-01-09,2025-01-12,0.0,369,2,2,-0.6784563038049207,1.0892362393879376,Premium / Global Investors
C0278,Individual,Margaret,Foster,1955-03-08,F,USA,California,Investment,2,Yes,Website,70,1,3,1442538.67,480846.2233333333,598158.07,1685.2766666666666,5055.83,3,3,0,2024-01-05,2024-01-11,0.0,6,2,2,0.603309339570433,3.3531162580020966,Premium / Global Investors
C0279,Individual,Heather,Montgomery,1967-05-15,F,USA,Oregon,Home,1,No,Website,58,0,3,1012986.25,337662.0833333333,462143.05,1170.3533333333332,3511.06,3,3,0,2024-01-02,2024-01-04,0.0,2,3,0,-1.5338240316081442,0.827798565974195,First-Time Buyers
C0280,Individual,Nathan,Price,1944-04-14,M,USA,Florida,Home,4,No,Client,81,0,4,1282020.93,320505.2325,473146.44,1154.2525,4617.01,4,3,1,2024-01-01,2025-01-04,0.25,369,1,1,0.6035644718695394,-0.7269019716221348,Mainstream Buyers
C0281,Individual,Katherine,Phillips,1977-03-22,F,USA,California,Home,1,Yes,Agency,48,1,3,1256275.37,418758.4566666667,522943.88,1388.4566666666667,4165.37,3,2,1,2024-01-08,2025-01-12,0.333,370,2,0,-0.17252031911255356,1.9063913298778594,Premium / Global Investors
C0282,Individual,Emily,Owens,1997-10-18,F,USA,California,Investment,1,No,Website,27,0,4,973863.8,243465.95,315993.38,858.9825,3435.93,4,3,1,2024-01-01,2025-01-07,0.25,372,1,0,-0.9506462125689361,-1.9797148157743645,Mainstream Buyers
C0283,Individual,Susan,Edwards,1962-12-05,F,USA,Arizona,Home,2,Yes,Agency,62,1,4,1118599.47,279649.8675,503401.23,922.54,3690.16,4,3,1,2024-01-01,2025-01-07,0.25,372,1,0,-0.34878775422257635,-1.593125625828269,Mainstream Buyers
C0284,Individual,Patrick,Owens,1977-02-25,M,USA,Arizona,Home,4,No,Client,48,0,4,1251975.85,312993.9625,452041.67,994.0725,3976.29,4,4,0,2024-01-08,2025-01-04,0.0,362,1,1,0.160656729727441,-1.157508868742168,Mainstream Buyers
C0285,Individual,Billy,Parker,1999-09-03,M,France,Ile-De-France,Investment,3,No,Website,25,0,4,1679056.13,419764.0325,575785.08,1423.1725,5692.69,4,4,0,2024-01-07,2025-01-08,0.0,367,2,1,1.8063584517558526,1.044026122636302,Premium / Global Investors
C0286,Individual,Noah,Brooks,1996-03-24,M,UK,Scotland,Home,1,No,Agency,29,0,3,859353.0900000001,286451.03,335095.0,988.6033333333334,2965.81,3,3,0,2024-01-09,2025-01-08,0.0,365,1,0,-2.0537496019742614,-0.30452608168825956,Mainstream Buyers
C0287,Individual,Joan,Bell,1990-10-06,F,Australia,New South Wales,Home,5,No,Website,34,0,3,1171265.03,390421.6766666667,483565.19,1205.9633333333334,3617.89,3,2,1,2024-01-09,2025-01-08,0.333,365,2,2,-0.6150366896624344,1.1408096004873007,Premium / Global Investors
C0288,Individual,Kevin,Freeman,1997-03-11,M,USA,Colorado,Investment,4,No,Agency,28,0,4,1364289.23,341072.3075,556972.3,1198.3725,4793.49,4,4,0,2024-01-02,2025-01-06,0.0,370,1,1,0.6611319097864612,-0.31275148373213774,Mainstream Buyers
C0289,Individual,Laura,Hayes,1993-06-14,F,USA,California,Investment,5,No,Agency,32,0,4,1533862.35,383465.5875,465791.79,1200.2725,4801.09,4,3,1,2024-01-01,2025-01-09,0.25,374,2,1,1.2023137480111203,0.07872545165377555,Premium / Global Investors
C0290,Individual,Ryan,Watson,1962-01-01,M,USA,California,Home,2,No,Website,63,0,3,1215398.18,405132.7266666666,618068.19,1337.1733333333334,4011.52,3,2,1,2024-01-01,2025-01-05,0.333,370,2,2,-0.2151494607193881,1.5743899053056334,Premium / Global Investors
C0291,Individual,James,Bryant,1953-06-07,M,USA,Nevada,Home,2,No,Agency,72,0,3,1322506.76,440835.5866666666,578696.13,1523.6933333333334,4571.08,3,3,0,2024-01-02,2025-01-12,0.0,376,2,2,0.33514733827376414,2.2767015047755645,Premium / Global Investors
C0292,Individual,Karen,Watson,1945-02-12,F,USA,California,Home,1,No,Agency,80,0,4,1442818.34,360704.585,562572.19,1084.0625,4336.25,4,4,0,2024-01-06,2025-01-07,0.0,367,1,1,0.8157714261940989,-0.5509466029063922,Mainstream Buyers
C0293,Individual,Ruth,Collins,1993-01-07,F,USA,California,Investment,4,No,Website,32,0,4,1580876.65,395219.1625,555343.32,1299.3275,5197.31,4,4,0,2024-01-03,2025-01-08,0.0,371,2,1,1.4430557354365803,0.3974658657037163,Premium / Global Investors
C0294,Individual,Nicholas,Reyes,1963-07-17,M,USA,Nevada,Home,3,Yes,Website,61,1,4,1027250.91,256812.7275,483003.01,825.1324999999999,3300.53,4,3,1,2024-01-01,2025-01-02,0.25,367,1,0,-0.638628709097735,-2.075016951864403,Mainstream Buyers
C0295,Individual,Roger,Harris,1967-07-09,M,Russia,Tatarstan,Home,3,No,Agency,57,0,3,1350375.73,450125.24333333335,628455.63,1413.8666666666668,4241.6,3,3,0,2024-01-11,2025-01-06,0.0,361,2,0,0.2265670944426773,2.1236683964350793,Premium / Global Investors
C0296,Individual,Mark,Young,1984-06-04,M,Canada,Manitoba,Home,1,Yes,Client,41,1,3,1142875.46,380958.4866666666,449749.3,1238.0233333333333,3714.07,3,3,0,2024-01-02,2025-01-08,0.0,372,2,2,-0.7826994011355246,1.1420796752144626,Premium / Global Investors
C0297,Individual,Julia,Murray,1972-11-19,F,UK,Wales,Investment,5,No,Agency,52,0,4,1709184.75,427296.1875,549203.19,1422.9925,5691.97,4,4,0,2024-01-03,2024-01-08,0.0,5,2,1,1.6803489128087814,1.2884130493623154,Premium / Global Investors
C0298,Individual,Sarah,Patterson,1972-10-11,F,USA,Oregon,Home,3,No,Website,52,0,4,1262479.23,315619.8075,565653.37,1069.63,4278.52,4,3,1,2024-01-03,2025-01-12,0.25,375,1,0,0.2869789916677471,-0.8860865020903361,Mainstream Buyers
C0299,Individual,Barbara,Davis,1977-03-05,F,UK,Wales,Home,5,No,Agency,48,0,4,1177661.76,294415.44,495541.93,948.7575,3795.03,4,4,0,2024-01-01,2025-01-02,0.0,367,1,0,-0.11886838421690504,-1.481663683006091,Mainstream Buyers
C0300,Individual,Zachary,Peterson,1959-11-04,M,Canada,Alberta,Home,5,Yes,Website,65,1,3,844956.55,281652.18333333335,294620.75,877.9633333333333,2633.89,3,3,0,2024-01-08,2025-01-08,0.0,366,1,0,-1.9573976964662854,-0.8827465122634875,Mainstream Buyers
C0301,Individual,Lisa,Alexander,1959-02-03,F,USA,Virginia,Home,4,No,Agency,66,0,3,1045776.52,348592.17333333334,452486.22,1286.4266666666667,3859.28,3,3,0,2024-01-06,2024-01-11,0.0,5,3,0,-1.1674590542136731,1.1283041640298193,First-Time Buyers
C0302,Individual,Maria,Edwards,1976-07-25,F,USA,Utah,Investment,1,No,Agency,48,0,4,1654300.33,413575.0825,712128.48,1239.145,4956.58,4,2,2,2024-01-07,2025-01-11,0.5,370,2,1,1.4839111893781156,0.6049130168554533,Premium / Global Investors
C0303,Individual,Betty,Owens,1957-10-07,F,USA,Virginia,Investment,5,Yes,Website,67,1,4,1519113.12,379778.28,464094.48,1242.0825,4968.33,4,3,1,2024-01-10,2025-01-03,0.25,359,2,1,1.3281636219352493,0.05640322170254828,Premium / Global Investors
C0304,Individual,Patrick,Morris,1959-12-22,M,USA,California,Investment,1,No,Agency,65,0,4,1685753.28,421438.32,664971.32,1333.5625,5334.25,4,4,0,2024-01-08,2025-01-11,0.0,369,2,1,1.794155082896893,0.7144712895333419,Premium / Global Investors
C0305,Individual,Emily,Kim,1995-11-22,F,USA,Arizona,Home,1,No,Website,29,0,3,1327736.23,442578.74333333335,561574.14,1493.243333333333,4479.73,3,2,1,2024-01-12,2025-01-06,0.333,360,2,2,0.11600115780000053,2.4876083288124726,Premium / Global Investors
C0306,Individual,Samuel,Foster,1988-05-04,M,USA,California,Home,1,No,Client,37,0,4,1399698.79,349924.6975,493102.83,1075.505,4302.02,4,3,1,2024-01-03,2025-01-11,0.25,374,1,1,0.5898676500049358,-0.4459587401553754,Mainstream Buyers
C0307,Individual,Samuel,Freeman,1992-10-13,M,USA,California,Home,5,Yes,Client,32,1,4,1490170.38,372542.595,500020.84,1167.105,4668.42,4,3,1,2024-01-03,2025-01-08,0.25,371,2,0,1.0857764582094465,-0.0884969175938397,Premium / Global Investors
C0308,Individual,Catherine,Roberts,1972-10-10,F,Belgium,Flanders,Investment,4,Yes,Agency,52,1,3,1176582.54,392194.18,528227.73,1343.8166666666666,4031.45,3,3,0,2024-01-04,2025-01-12,0.0,374,2,2,-0.4330897622970142,1.369253890326082,Premium / Global Investors
C0309,Individual,Stephanie,Cox,1957-10-15,F,USA,Washington,Home,4,No,Agency,67,0,3,1382649.58,460883.19333333336,578028.54,1412.2166666666665,4236.65,3,2,1,2024-01-02,2025-01-09,0.333,373,2,2,0.4049785673078871,2.221283540443241,Premium / Global Investors
C0310,Individual,Edward,Weaver,1992-02-05,M,UK,Northern Ireland,Home,3,No,Website,33,0,3,1389329.62,463109.87333333335,525344.23,1565.3233333333335,4695.97,3,3,0,2024-01-05,2025-01-05,0.0,366,2,2,0.5022224804224884,2.708872528346344,Premium / Global Investors
C0311,Individual,Justin,Anderson,1952-09-03,M,USA,Georgia,Home,2,No,Website,72,0,4,1632999.56,408249.89,582311.86,1312.8225,5251.29,4,3,1,2024-01-02,2025-01-08,0.25,372,2,1,1.708367033806166,0.5749605336858549,Premium / Global Investors
C0312,Individual,Zachary,Cooper,1941-01-14,M,USA,Nevada,Home,3,Yes,Website,84,1,4,1105668.66,276417.165,363263.79,962.32,3849.28,4,4,0,2024-01-05,2025-01-05,0.0,366,1,0,-0.16803907578647012,-1.6894510648082113,Mainstream Buyers
C0313,Company,Stratos,Co,1974-12-04,M,USA,California,Home,1,No,Agency,50,0,3,1091085.9300000002,363695.31000000006,467065.87,1190.3133333333333,3570.94,3,2,1,2024-01-08,2025-01-01,0.333,359,1,0,-0.926722997997848,0.9117061352555879,Mainstream Buyers
C0314,Individual,Andrew,Jones,1982-08-23,M,USA,Washington,Investment,4,No,Agency,42,0,3,1040795.02,346931.67333333334,417096.92,1138.4233333333334,3415.27,3,2,1,2024-01-07,2024-01-12,0.333,5,3,0,-1.4338656015742497,0.9160321430586222,First-Time Buyers
C0315,Individual,Michael,Phillips,1987-03-18,M,Mexico,Baja California,Investment,5,No,Website,38,0,4,1178606.56,294651.64,560474.88,979.6775,3918.71,4,3,1,2024-01-07,2025-01-10,0.25,369,1,1,-0.049135990800087744,-1.3007143751240193,Mainstream Buyers
C0316,Individual,Brandon,Martin,1997-04-14,M,UK,Scotland,Investment,4,Yes,Website,28,1,4,1792447.27,448111.8175,541632.06,1338.9,5355.599999999999,4,3,1,2024-01-01,2025-01-08,0.25,373,2,1,2.079175363923495,1.110955257959201,Premium / Global Investors
C0317,Individual,Amber,Hansen,1999-11-17,F,USA,California,Investment,2,Yes,Website,25,1,3,1248444.31,416148.1033333333,518973.54,1451.253333333333,4353.76,3,3,0,2024-01-02,2025-01-02,0.0,366,2,0,-0.16640521607847553,1.9936655966450163,Premium / Global Investors
C0318,Individual,Amy,Peterson,1974-03-22,F,Germany,Berlin,Home,5,No,Website,51,0,3,871968.67,290656.2233333333,330533.73,927.6066666666666,2782.82,3,3,0,2024-01-06,2024-01-10,0.0,4,3,0,-2.2031513813851964,-0.30156136073135964,First-Time Buyers
C0319,Company,Zynex,Co,1995-12-11,F,USA,Texas,Home,5,Yes,Website,29,1,4,2061054.65,515263.6625,614698.11,1726.0575,6904.23,4,3,1,2024-01-04,2025-01-12,0.25,374,2,2,3.3742544852031187,2.698291427142593,Premium / Global Investors
C0320,Individual,Tyler,Cox,1984-01-12,M,USA,Texas,Home,3,Yes,Client,41,1,3,1317732.09,439244.03,569841.56,1465.92,4397.76,3,2,1,2024-01-01,2024-01-02,0.333,1,3,2,-0.1445287502069041,2.6291028194739074,First-Time Buyers
C0321,Individual,Jesse,Cook,1992-12-01,M,USA,California,Investment,2,No,Agency,32,0,4,1701753.71,425438.4275,541634.06,1321.76,5287.04,4,4,0,2024-01-03,2025-01-04,0.0,367,2,1,1.737827463453555,0.8141557842705645,Premium / Global Investors
C0322,Individual,Deborah,Moore,1996-12-25,F,USA,California,Home,2,Yes,Website,28,1,3,1347002.93,449000.9766666666,591179.27,1445.2933333333333,4335.88,3,2,1,2024-01-06,2025-01-07,0.333,367,2,0,0.17995431886534238,2.3659485113463976,Premium / Global Investors
C0323,Individual,Samantha,Hayes,1975-09-16,F,USA,California,Investment,2,Yes,Website,49,1,3,1230825.62,410275.2066666667,545057.23,1308.513333333333,3925.54,3,2,1,2024-01-07,2025-01-08,0.333,367,2,0,-0.30648232851036056,1.5753245760601444,Premium / Global Investors
C0324,Individual,Raymond,Parker,1993-06-14,M,USA,Washington,Home,4,No,Website,32,0,3,1147121.25,382373.75,517353.17,1313.16,3939.48,3,2,1,2024-01-09,2025-01-06,0.333,363,2,2,-0.5423971357801713,1.399303156265412,Premium / Global Investors
C0325,Individual,Maria,Flores,1983-02-24,F,USA,California,Home,5,Yes,Agency,42,1,4,1205175.56,301293.89,488081.56,1030.1225,4120.49,4,2,2,2024-01-01,2025-01-05,0.5,370,1,0,0.11566555635511627,-1.074586733632335,Mainstream Buyers
C0326,Individual,Daniel,Reed,1958-10-05,M,USA,Oregon,Investment,4,Yes,Agency,66,1,4,1321975.5,330493.875,577426.88,1028.1275,4112.51,4,4,0,2024-01-06,2025-01-08,0.0,368,1,1,0.4511116307913499,-0.9897828538687156,Mainstream Buyers
C0327,Individual,Elizabeth,Ward,1961-09-07,F,UK,Scotland,Home,1,No,Agency,63,0,4,1116366.72,279091.68,530962.64,933.355,3733.42,4,4,0,2024-01-06,2025-01-12,0.0,372,1,1,-0.3926656933608537,-1.6132921254334345,Mainstream Buyers
C0328,Individual,William,Young,1946-10-22,M,USA,California,Home,1,Yes,Client,78,1,4,1356560.31,339140.0775,504707.33,1030.21,4120.84,4,4,0,2024-01-03,2025-01-10,0.0,373,1,0,0.5400663034863189,-0.8818347946614175,Mainstream Buyers
C0329,Individual,Diane,Morales,1998-05-10,F,Germany,Hesse,Home,3,No,Agency,27,0,3,770062.4,256687.46666666667,337233.0,922.6666666666666,2768.0,3,3,0,2024-01-03,2025-01-10,0.0,373,1,0,-2.3925758746295807,-0.8102865720984559,Mainstream Buyers
C0330,Individual,Christian,Richardson,1975-06-21,M,USA,California,Home,1,No,Website,50,0,4,1331463.63,332865.9075,453899.37,1146.9925,4587.97,4,4,0,2024-01-04,2025-01-06,0.0,368,1,1,0.5441041495847483,-0.5308704865020756,Mainstream Buyers
C0331,Individual,Ann,Martin,1984-05-23,F,USA,California,Investment,3,No,Agency,41,0,4,1546334.4,386583.6,486548.28,1259.95,5039.8,4,3,1,2024-01-03,2025-01-06,0.25,369,2,1,1.2732118771989804,0.290271812587956,Premium / Global Investors
C0332,Individual,Christopher,Price,1989-12-15,M,USA,Texas,Investment,3,No,Website,35,0,3,1209987.46,403329.1533333333,510194.12,1435.6633333333332,4306.99,3,2,1,2024-01-05,2025-01-10,0.333,371,2,2,-0.20970791605165834,1.8971263864883523,Premium / Global Investors
C0333,Individual,Helen,Hall,1955-12-23,F,UK,Wales,Home,3,No,Website,69,0,3,1118960.06,372986.6866666667,544042.09,1203.39,3610.17,3,2,1,2024-01-02,2025-01-04,0.333,368,1,0,-0.7166301011332878,0.904875301912594,Mainstream Buyers
C0334,Individual,Andrew,Roberts,1950-01-08,M,USA,Arizona,Investment,3,No,Agency,75,0,4,1445655.93,361413.9825,565288.74,1047.99,4191.96,4,2,2,2024-01-03,2024-01-12,0.5,9,3,0,0.5297724787530069,-0.17884723336237876,First-Time Buyers
C0335,Individual,Charles,Morris,1975-12-24,M,USA,Arizona,Home,4,No,Website,49,0,4,1478341.12,369585.28,593581.03,1190.4075,4761.63,4,2,2,2024-01-04,2025-01-10,0.5,372,2,1,1.1168002765306126,0.0029969496659334963,Premium / Global Investors
C0336,Individual,Karen,Price,1971-11-17,F,USA,California,Investment,5,No,Agency,53,0,3,1163690.59,387896.8633333333,627613.85,1226.8766666666668,3680.63,3,3,0,2024-01-03,2024-01-12,0.0,9,3,0,-0.8669206942887595,1.307773295438511,First-Time Buyers
C0337,Individual,Nathan,Alexander,1942-01-27,M,USA,Arizona,Home,3,Yes,Website,83,1,3,759310.2,253103.4,405740.25,893.3766666666667,2680.13,3,3,0,2024-01-10,2025-01-04,0.0,360,1,0,-2.1980608401397914,-1.1089371091490732,Mainstream Buyers
C0338,Individual,Patrick,Flores,1943-05-28,M,USA,California,Home,5,Yes,Website,82,1,4,1488671.13,372167.7825,539440.64,1227.17,4908.68,4,2,2,2024-01-02,2025-01-12,0.5,376,2,0,1.38259906415083,-0.051866464802960914,Premium / Global Investors
C0339,Individual,Keith,King,1963-05-10,M,USA,Utah,Investment,5,No,Agency,62,0,4,1548824.23,387206.0575,503290.73,1170.135,4680.54,4,4,0,2024-01-02,2025-01-12,0.0,376,2,1,1.3015520255818975,-0.11299172024246366,Premium / Global Investors
C0340,Individual,Daniel,Garcia,1940-11-25,M,USA,California,Investment,2,No,Agency,84,0,3,1047500.42,349166.80666666664,437506.24,1263.5766666666666,3790.73,3,3,0,2024-01-06,2025-01-11,0.0,371,1,0,-0.8274920456468016,0.7062235618284454,Mainstream Buyers
C0341,Individual,Carl,Chavez,1982-10-11,M,USA,California,Investment,4,No,Agency,42,0,4,1679555.42,419888.855,584357.04,1293.0725,5172.29,4,4,0,2024-01-03,2025-01-09,0.0,372,2,1,1.749993701312155,0.5922601176107943,Premium / Global Investors
C0342,Individual,Kevin,Hughes,1974-08-15,M,USA,California,Investment,2,No,Client,50,0,3,1290567.39,430189.13000000006,545582.64,1286.43,3859.29,3,3,0,2024-01-07,2025-01-09,0.0,368,2,2,-0.1485907533150193,1.6130971881012373,Premium / Global Investors
C0343,Individual,Joyce,Thompson,1952-06-17,F,USA,California,Home,2,No,Website,73,0,4,1630923.97,407730.9925,626989.8,1374.585,5498.34,4,4,0,2024-01-02,2025-01-08,0.0,372,2,1,1.7741039085102284,0.6256149974511007,Premium / Global Investors
C0344,Individual,Joshua,Jackson,1997-05-13,M,Canada,British Columbia,Home,2,Yes,Website,28,1,4,1276344.68,319086.17,450231.11,1059.9375,4239.75,4,4,0,2025-01-04,2025-01-11,0.0,7,3,0,-0.13842411636764354,-0.4721141268159727,First-Time Buyers
C0345,Individual,Stephanie,Hall,1969-09-15,F,USA,New York,Home,4,Yes,Website,55,1,3,1339687.25,446562.4166666667,495847.14,1510.3766666666668,4531.13,3,2,1,2024-01-03,2025-01-08,0.333,371,2,2,0.3873342990067011,2.3821114202242812,Premium / Global Investors
C0346,Individual,Amy,Nelson,1963-02-06,F,USA,California,Home,5,No,Agency,62,0,3,1174812.86,391604.2866666666,492067.86,1271.67,3815.01,3,3,0,2024-01-03,2025-01-05,0.0,368,2,2,-0.40929634329052256,1.1054251839079077,Premium / Global Investors
C0347,Individual,Mark,Reyes,1992-05-24,M,USA,Washington,Home,3,Yes,Website,33,1,3,1378006.45,459335.4833333333,476814.14,1471.62,4414.860000000001,3,1,2,2024-01-05,2025-01-11,0.667,372,2,2,0.38908731156013815,2.612946084399919,Premium / Global Investors
C0348,Individual,Jack,Pierce,1982-02-13,M,USA,Colorado,Investment,5,Yes,Agency,43,1,4,1482633.92,370658.48,571558.04,1246.7075,4986.83,4,4,0,2024-01-12,2025-01-10,0.0,364,2,1,1.1387221517005721,0.009480214166384731,Premium / Global Investors
C0349,Individual,Paul,Jackson,1975-06-26,M,USA,Arizona,Home,2,Yes,Agency,50,1,3,1065745.84,355248.61333333334,536330.79,1124.5,3373.5,3,2,1,2024-01-02,2025-01-09,0.333,373,1,0,-1.0784319938509528,0.6471384028296993,Mainstream Buyers
C0350,Individual,Richard,Jones,1992-11-12,M,USA,Arizona,Home,2,No,Agency,32,0,3,1066408.3,355469.43333333335,501574.06,1206.2733333333333,3618.82,3,2,1,2024-01-07,2025-01-05,0.333,364,1,0,-1.0377839422796777,0.9360022735755057,Mainstream Buyers
C0351,Individual,Michelle,Watson,1961-12-27,F,USA,Oregon,Home,5,No,Agency,63,0,4,1551113.76,387778.44,536210.24,1260.0625,5040.25,4,3,1,2025-01-01,2025-01-11,0.25,10,3,0,1.1070994310662026,0.5244948814271159,First-Time Buyers
C0352,Individual,Judith,Williams,1977-06-22,F,USA,Nevada,Investment,3,No,Agency,48,0,3,1339830.04,446610.01333333337,563932.05,1447.82,4343.46,3,3,0,2024-01-03,2024-01-09,0.0,6,2,2,-0.13516689899074025,2.5069668897398243,Premium / Global Investors
C0353,Individual,Anna,Murray,1964-04-24,F,USA,Arizona,Home,2,No,Agency,61,0,3,889855.16,296618.38666666666,348984.03,980.87,2942.61,3,3,0,2024-01-04,2025-01-12,0.0,374,1,0,-1.8332215489079087,-0.4009381705398878,Mainstream Buyers
C0354,Individual,Kimberly,Turner,1998-10-23,F,USA,California,Home,4,No,Website,26,0,3,962196.6,320732.2,401828.82,1059.15,3177.45,3,2,1,2024-01-02,2024-01-11,0.333,9,3,0,-1.7976856970664363,0.4897822162772453,First-Time Buyers
C0355,Individual,Henry,Alexander,1951-10-16,M,Mexico,Baja California,Investment,1,No,Website,73,0,3,1029593.97,343197.99,371216.81,1273.45,3820.35,3,3,0,2024-01-04,2025-01-05,0.0,367,1,0,-0.9650655005659834,0.7683979010235582,Mainstream Buyers
C0356,Individual,Andrea,Kim,1976-06-06,F,USA,Georgia,Home,3,No,Website,49,0,4,964351.9,241087.975,356415.65,816.16,3264.64,4,4,0,2024-01-03,2025-01-11,0.0,374,1,0,-0.9139075782549015,-2.291597046775558,Mainstream Buyers
C0357,Individual,Danielle,Griffin,1988-09-04,F,USA,California,Home,3,No,Website,36,0,3,970629.22,323543.0733333333,440318.57,1059.3466666666666,3178.04,3,2,1,2024-01-02,2025-01-09,0.333,373,1,0,-1.449588591963398,0.17200784434366406,Mainstream Buyers
C0358,Individual,Katherine,Griffin,1978-09-26,F,Australia,New South Wales,Home,3,Yes,Agency,46,1,3,1150919.74,383639.9133333333,448849.01,1240.6066666666666,3721.82,3,2,1,2024-01-06,2024-01-11,0.333,5,3,0,-1.0106451274185297,1.5204582087345568,First-Time Buyers
C0359,Individual,Julie,Cooper,1951-10-03,F,USA,California,Investment,1,No,Agency,73,0,3,1098189.89,366063.2966666667,504517.39,1308.513333333333,3925.54,3,3,0,2024-01-05,2025-01-10,0.0,371,2,0,-0.7161263600922814,1.0294282395452174,Premium / Global Investors
C0360,Individual,Laura,Baker,1948-09-09,F,USA,Utah,Home,2,Yes,Agency,76,1,4,1978026.48,494506.62,563291.28,1676.3825,6705.53,4,4,0,2024-01-06,2025-01-12,0.0,372,2,1,3.0942952477503742,2.2293386081120543,Premium / Global Investors
C0361,Individual,Nicholas,Miller,1958-08-09,M,UK,England,Home,1,Yes,Website,66,1,4,1468372.25,367093.0625,471871.72,1222.5975,4890.389999999999,4,3,1,2024-01-09,2024-01-11,0.25,2,3,0,0.7333524927313693,0.35794931570081273,First-Time Buyers
C0362,Individual,Betty,Moore,2000-06-09,F,USA,Utah,Home,4,No,Website,25,0,3,1129669.4,376556.4666666666,479711.66,1162.6166666666666,3487.85,3,3,0,2024-01-04,2025-01-07,0.0,369,1,2,-0.8676470187607979,0.8591849054464029,Mainstream Buyers
C0363,Individual,Christine,Edwards,1959-01-25,F,USA,Utah,Investment,2,No,Client,66,0,4,1232301.44,308075.36,468524.95,929.6975,3718.79,4,3,1,2024-01-08,2025-01-05,0.25,363,1,0,-0.018267166538717856,-1.3376130486776747,Mainstream Buyers
C0364,Individual,George,Gray,1944-02-03,M,USA,Texas,Home,2,No,Website,81,0,4,1492505.18,373126.295,627189.08,1261.78,5047.12,4,2,2,2024-01-01,2024-01-07,0.5,6,3,0,0.9724868033467045,0.4945356678826299,First-Time Buyers
C0365,Individual,Brandon,Morales,1962-11-02,M,USA,Colorado,Investment,5,No,Agency,62,0,3,951259.9,317086.63333333336,435723.27,1164.9766666666667,3494.9300000000003,3,3,0,2024-01-07,2025-01-05,0.0,364,1,0,-1.2706605878001231,0.1809305137008238,Mainstream Buyers
C0366,Individual,Keith,Long,1983-04-26,M,USA,California,Home,4,No,Website,42,0,3,1420135.32,473378.44,668066.43,1452.263333333333,4356.79,3,1,2,2024-01-03,2025-01-02,0.667,365,2,2,0.594041550746387,2.6067969394456023,Premium / Global Investors
C0367,Individual,Samuel,Collins,1964-11-25,M,USA,California,Investment,4,No,Agency,60,0,4,1662617.88,415654.47,593682.12,1269.065,5076.26,4,2,2,2024-01-07,2025-01-09,0.5,368,2,1,1.7603622518801603,0.5704902350133022,Premium / Global Investors
C0368,Individual,Betty,Scott,1992-11-08,F,USA,California,Home,4,Yes,Agency,32,1,4,1494552.45,373638.1125,589380.74,1136.215,4544.86,4,3,1,2024-01-02,2025-01-07,0.25,371,2,1,0.9795998638529002,-0.13843334630852666,Premium / Global Investors
C0369,Individual,Helen,Murray,1954-01-10,F,USA,Utah,Home,2,Yes,Agency,71,1,4,1586439.08,396609.77,604849.17,1333.5625,5334.25,4,4,0,2024-01-06,2025-01-08,0.0,368,2,1,1.521452998420639,0.45442287891730215,Premium / Global Investors
C0370,Individual,Michelle,Brooks,1957-09-23,F,Russia,Krasnodar Krai,Home,1,No,Website,67,0,4,1613633.39,403408.3475,552125.64,1334.8775,5339.51,4,4,0,2024-01-03,2025-01-06,0.0,369,2,1,1.5674253093324582,0.5627512335753063,Premium / Global Investors
C0371,Individual,Ryan,Moore,1970-03-15,M,Belgium,Wallonia,Investment,3,No,Agency,55,0,3,827208.61,275736.2033333333,369988.32,842.68,2528.04,3,2,1,2024-01-05,2024-01-11,0.333,6,3,0,-2.5000472487050462,-0.5195558656439536,First-Time Buyers
C0372,Individual,Teresa,Nelson,1952-04-22,F,Belgium,Flanders,Investment,1,No,Agency,73,0,3,1280128.06,426709.3533333333,541782.12,1361.743333333333,4085.23,3,3,0,2024-01-04,2025-01-11,0.0,373,2,2,-0.11362344733839898,1.7340809626621023,Premium / Global Investors
C0373,Individual,Karen,Morales,1993-01-27,F,USA,Georgia,Home,2,No,Agency,32,0,3,1047277.18,349092.3933333333,512134.29,1160.513333333333,3481.54,3,2,1,2024-01-10,2025-01-03,0.333,359,1,0,-1.197279098905339,0.7458956182508436,Mainstream Buyers
C0374,Individual,Madison,Hughes,1993-07-11,F,Australia,New South Wales,Investment,4,Yes,Agency,31,1,4,916825.86,229206.465,272720.31,735.11,2940.44,4,3,1,2024-01-01,2024-01-10,0.25,9,3,0,-1.5564351818573716,-2.1633460759646055,First-Time Buyers
C0375,Individual,Kyle,Thompson,1968-07-15,M,USA,California,Investment,4,No,Website,56,0,3,1178580.64,392860.2133333334,463091.82,1224.68,3674.04,3,2,1,2024-01-05,2025-01-01,0.333,362,2,0,-0.4555691632851066,1.1379794260441407,Premium / Global Investors
C0376,Individual,Shirley,Smith,1953-04-19,F,USA,California,Home,3,No,Website,72,0,3,1182808.29,394269.43,474499.21,1361.743333333333,4085.23,3,2,1,2024-01-03,2024-01-06,0.333,3,3,0,-0.5727812769180374,1.8055145420319034,First-Time Buyers
C0377,Individual,Charles,Patterson,1998-05-14,M,USA,Washington,Home,4,No,Website,27,0,3,822780.32,274260.10666666663,319434.72,904.0466666666669,2712.1400000000003,3,2,1,2024-01-04,2025-01-06,0.333,368,1,0,-2.1250913227127635,-0.624195142145118,Mainstream Buyers
C0378,Individual,Heather,Anderson,1957-11-28,F,USA,California,Investment,3,Yes,Website,67,1,3,812387.51,270795.83666666667,349197.14,983.4266666666668,2950.28,3,3,0,2024-01-08,2025-01-07,0.0,365,1,0,-1.9788589779299364,-0.7091772522346095,Mainstream Buyers
C0379,Company,Optima,Co,1977-04-22,M,USA,California,Investment,2,Yes,Client,48,1,4,1254919.36,313729.84,415669.45,1115.505,4462.02,4,3,1,2024-01-02,2025-01-07,0.25,371,1,0,0.2958693662715345,-0.7513474280820552,Mainstream Buyers
C0380,Individual,Evelyn,Chavez,1973-09-13,F,USA,California,Home,3,Yes,Website,51,1,3,939708.87,313236.29,518564.66,1175.45,3526.3500000000004,3,2,1,2024-01-04,2024-01-09,0.333,5,3,0,-1.6640737850427032,0.666060752173384,First-Time Buyers
C0381,Individual,David,Gray,1961-08-01,M,USA,California,Home,5,Yes,Agency,63,1,3,878913.19,292971.0633333333,315056.1,1188.2333333333331,3564.7,3,3,0,2024-01-06,2025-01-12,0.0,372,1,0,-1.415202163128789,0.007612662149704233,Mainstream Buyers
C0382,Individual,Nicholas,Garcia,1975-08-08,M,USA,California,Investment,1,Yes,Agency,49,1,3,980139.25,326713.0833333333,397171.33,980.87,2942.61,3,2,1,2024-01-06,2024-01-09,0.333,3,3,0,-1.8885383975264356,0.35423979659141447,First-Time Buyers
C0383,Company,Novex,Co,1985-09-11,F,Mexico,Mexico City,Investment,3,No,Agency,39,0,4,968070.64,242017.66,454071.94,809.6575,3238.63,4,4,0,2024-01-03,2025-01-10,0.0,373,1,0,-1.005222690178734,-2.2592928678978996,Mainstream Buyers
C0384,Individual,Amy,Stewart,1944-03-22,F,USA,California,Home,3,Yes,Website,81,1,3,1010761.74,336920.58,366344.49,1049.38,3148.14,3,3,0,2024-01-07,2025-01-12,0.0,371,1,0,-1.1964636311183623,0.0108347885338418,Mainstream Buyers
C0385,Individual,Douglas,Owens,1969-12-01,M,UK,Northern Ireland,Investment,4,No,Website,55,0,3,1289646.41,429882.1366666667,605784.18,1277.2733333333333,3831.82,3,3,0,2024-01-04,2025-01-12,0.0,374,2,0,-0.08809816836805123,1.5348111088336303,Premium / Global Investors
C0386,Individual,Carol,Stewart,1976-03-25,F,USA,Colorado,Home,2,No,Client,49,0,3,1633972.21,544657.4033333333,704058.44,1445.08,4335.24,3,1,2,2024-01-09,2025-01-10,0.667,367,2,2,1.1288798140789378,3.2614117116890866,Premium / Global Investors
C0387,Individual,Jessica,Owens,1974-07-18,F,USA,California,Home,2,Yes,Website,50,1,4,1992983.55,498245.8875,575135.54,1555.2975,6221.1900000000005,4,4,0,2024-01-04,2025-01-09,0.0,371,2,1,2.93976757166867,2.015339585872467,Premium / Global Investors
C0388,Individual,Zachary,Cox,1995-09-24,M,USA,California,Home,4,No,Agency,29,0,3,961894.92,320631.64,395393.94,975.9433333333332,2927.83,3,2,1,2024-01-07,2025-01-03,0.333,362,1,0,-1.584812324339471,-0.04310644496761235,Mainstream Buyers
C0389,Individual,Ronald,Stone,1954-11-18,M,USA,Colorado,Home,3,No,Website,70,0,4,1261549.09,315387.2725,439227.72,1119.09,4476.360000000001,4,2,2,2024-01-05,2025-01-06,0.5,367,1,1,0.45303537022067786,-0.733630149195276,Mainstream Buyers
C0390,Individual,Steven,Griffin,1942-04-23,M,Canada,Quebec,Investment,2,No,Website,83,0,4,1678762.0699999998,419690.5175,550273.32,1295.265,5181.06,4,3,1,2024-01-06,2024-01-09,0.25,3,2,0,1.4981608849562233,0.9335326754712332,Premium / Global Investors
C0391,Individual,Heather,Long,1966-12-11,F,USA,California,Home,5,No,Agency,58,0,3,1035012.91,345004.3033333333,502064.98,1064.4166666666667,3193.25,3,3,0,2024-01-01,2024-01-08,0.0,7,3,0,-1.4598455403571362,0.49353257253217303,First-Time Buyers
C0392,Individual,Katherine,Adams,1977-06-14,F,USA,Arizona,Home,2,Yes,Website,48,1,4,1015830.03,253957.5075,448959.32,922.66,3690.64,4,4,0,2024-01-05,2025-01-09,0.0,370,1,0,-0.6721083762679441,-1.855616222952871,Mainstream Buyers
C0393,Individual,Nicole,Allen,1988-08-06,F,USA,Arizona,Home,4,No,Agency,36,0,4,1616556.78,404139.195,492421.76,1298.145,5192.58,4,3,1,2024-01-05,2025-01-05,0.25,366,2,1,1.5177959538435435,0.5790792344027177,Premium / Global Investors
C0394,Individual,Shirley,Foster,1954-11-24,F,USA,Colorado,Home,3,Yes,Website,70,1,4,1258840.0,314710.0,600821.21,1041.8025,4167.21,4,3,1,2024-01-04,2025-01-08,0.25,370,1,0,0.29575974757539436,-1.0280807126232059,Mainstream Buyers
C0395,Individual,Deborah,Chavez,1959-01-17,F,USA,Florida,Home,1,No,Website,66,0,3,1153134.48,384378.16,493489.81,1303.4733333333334,3910.42,3,2,1,2024-01-04,2025-01-01,0.333,363,2,0,-0.5463077759959252,1.3328974228329484,Premium / Global Investors
C0396,Individual,Charles,Allen,2000-04-17,M,USA,Nevada,Home,5,No,Agency,25,0,4,1181447.25,295361.8125,414855.4,896.2524999999999,3585.01,4,4,0,2024-01-01,2025-01-08,0.0,373,1,0,-0.2079193891134797,-1.5271988133743049,Mainstream Buyers
C0397,Individual,Hannah,Williams,2000-09-18,F,USA,California,Home,5,No,Website,24,0,3,793543.27,264514.42333333334,299573.55,862.11,2586.33,3,3,0,2024-01-03,2025-01-07,0.0,370,1,0,-2.264180623874757,-0.9751571338467493,Mainstream Buyers
C0398,Individual,Jennifer,Alexander,1948-12-22,F,USA,Texas,Home,1,Yes,Agency,76,1,4,1186693.85,296673.4625,416143.54,935.765,3743.06,4,3,1,2024-01-03,2024-01-07,0.25,4,3,0,-0.4513904368133566,-1.0894201156525847,First-Time Buyers
C0399,Individual,Albert,Kim,1984-09-06,M,USA,California,Home,4,No,Agency,40,0,4,1229057.49,307264.3725,470140.59,1093.05,4372.2,4,3,1,2024-01-01,2025-01-02,0.25,367,1,0,0.241425396891021,-0.8751554166547001,Mainstream Buyers
C0400,Individual,Brandon,Anderson,1959-11-25,M,USA,California,Home,4,No,Agency,65,0,4,1360152.99,340038.2475,479620.3,1239.145,4956.58,4,4,0,2024-01-01,2025-01-06,0.0,371,2,1,0.8825349112754479,-0.3567014344488595,Premium / Global Investors
C0401,Individual,Brian,Anderson,1969-07-21,M,USA,Arizona,Home,5,Yes,Website,55,1,4,1020913.07,255228.2675,338232.19,853.07,3412.28,4,4,0,2024-01-01,2025-01-04,0.0,369,1,0,-0.5860911769303283,-2.119435765145997,Mainstream Buyers
C0402,Individual,Brenda,Garcia,1941-02-22,F,USA,Georgia,Home,5,No,Website,84,0,3,1054166.95,351388.98333333334,419555.74,1102.8633333333337,3308.59,3,3,0,2024-01-02,2025-01-10,0.0,374,1,0,-0.9326304810679358,0.2300732316223976,Mainstream Buyers
C0403,Individual,Jennifer,Adams,1963-03-25,F,Australia,New South Wales,Home,1,No,Website,62,0,3,878792.98,292930.99333333335,430423.76,1060.9733333333334,3182.92,3,2,1,2024-01-04,2024-01-07,0.333,3,3,0,-2.092032263343613,0.22984932074395187,First-Time Buyers
C0404,Individual,Sara,Cook,1976-05-12,F,France,Normandy,Investment,1,No,Client,49,0,3,731788.96,243929.6533333333,385857.81,753.3133333333334,2259.94,3,3,0,2024-01-06,2025-01-11,0.0,371,1,0,-2.737710612858217,-1.4050789609037762,Mainstream Buyers
C0405,Company,Horizon,Co,1969-12-25,M,USA,Colorado,Home,1,No,Agency,55,0,4,1310963.25,327740.8125,453518.72,1140.38,4561.52,4,4,0,2024-01-02,2025-01-05,0.0,369,1,1,0.4359704447141795,-0.590437211011136,Mainstream Buyers
C0406,Individual,Christine,Brown,1960-05-26,F,USA,Colorado,Home,3,No,Website,65,0,4,1317165.12,329291.28,525171.0,1090.1925,4360.77,4,3,1,2024-01-03,2025-01-01,0.25,364,1,0,0.502016123232337,-0.7434251947128114,Mainstream Buyers
C0407,Individual,Lisa,Freeman,1982-04-23,F,USA,California,Home,2,No,Client,43,0,4,1254494.91,313623.7275,406850.28,1045.8025,4183.21,4,4,0,2024-01-04,2024-01-12,0.0,8,3,0,-0.16689264032175477,-0.6543594878553017,First-Time Buyers
C0408,Individual,Tyler,Rogers,1977-03-02,M,USA,California,Home,3,No,Website,48,0,3,1320497.01,440165.67,574122.16,1413.0600000000002,4239.18,3,3,0,2024-01-05,2025-01-10,0.0,371,2,2,0.1812297068904347,2.0183619391104988,Premium / Global Investors
C0409,Individual,Timothy,Reyes,1972-09-18,M,USA,Nevada,Home,1,Yes,Website,52,1,4,1816669.2,454167.3,599891.42,1449.3775,5797.51,4,2,2,2024-01-02,2024-01-12,0.5,10,2,0,1.9938173625176934,1.8595832551407698,Premium / Global Investors
C0410,Individual,Diane,Johnson,1982-07-13,F,Russia,Saint Petersburg,Home,5,Yes,Agency,42,1,3,1021706.02,340568.67333333334,524175.54,1189.1899999999998,3567.57,3,3,0,2025-01-01,2025-01-03,0.0,2,3,2,-1.443394062379619,0.8702814539018359,First-Time Buyers
C0411,Individual,Amanda,Moore,1983-09-05,F,USA,California,Home,2,No,Website,41,0,3,896987.21,298995.73666666663,475205.98,883.7466666666668,2651.24,3,1,2,2024-01-03,2024-01-06,0.667,3,3,0,-2.241937717179809,-0.0616862100956427,First-Time Buyers
C0412,Individual,Karen,Richardson,1984-04-24,F,UK,Scotland,Home,5,No,Website,41,0,3,1100376.25,366792.0833333333,493587.18,1260.8366666666668,3782.51,3,3,0,2024-01-06,2025-01-03,0.0,363,2,0,-0.7478470528027927,0.953889108273133,Premium / Global Investors
C0413,Individual,Brandon,Smith,1940-11-07,M,Canada,British Columbia,Home,3,No,Website,84,0,4,1769126.22,442281.555,537806.31,1431.4575,5725.83,4,4,0,2024-01-10,2025-01-09,0.0,365,2,1,2.289946367402705,1.073716687005536,Premium / Global Investors
C0414,Individual,Brandon,Reed,1962-07-12,M,USA,California,Home,4,No,Website,62,0,4,1412148.94,353037.235,518926.42,1144.74,4578.96,4,3,1,2024-01-06,2025-01-11,0.25,371,1,1,0.9341741741489196,-0.40891863950567675,Mainstream Buyers
C0415,Individual,Grace,Turner,1980-09-07,F,USA,Nevada,Home,5,Yes,Agency,44,1,4,1305928.35,326482.0875,503380.47,1093.05,4372.2,4,4,0,2024-01-02,2024-01-07,0.0,5,3,0,0.11202849145865157,-0.4706081651528956,First-Time Buyers
C0416,Company,Bravada,Co,1981-07-28,M,Germany,North Rhine-Westphalia,Investment,5,Yes,Client,43,1,3,1059532.51,353177.50333333336,492952.77,1260.8366666666668,3782.51,3,3,0,2024-01-09,2025-01-11,0.0,368,1,2,-0.876952974566156,0.824393227347777,Mainstream Buyers
C0417,Individual,Peter,Collins,1947-03-12,M,USA,Utah,Home,2,No,Website,78,0,3,1354773.96,451591.32,583440.71,1471.9,4415.7,3,3,0,2024-01-06,2024-01-09,0.0,3,2,2,0.08486832123212398,2.5523471318385598,Premium / Global Investors
C0418,Individual,Douglas,Howard,1996-08-20,M,USA,Arizona,Home,5,No,Agency,28,0,4,1629486.83,407371.7075,529967.66,1276.8225,5107.29,4,4,0,2024-01-05,2025-01-04,0.0,365,2,1,1.5500555398690012,0.497929788553652,Premium / Global Investors
C0419,Individual,Jack,Hansen,1962-03-11,M,USA,Washington,Home,3,Yes,Agency,63,1,4,1174012.19,293503.0475,419691.92,990.4475,3961.79,4,3,1,2024-01-01,2024-01-12,0.25,11,3,0,-0.3520755759250507,-0.9693535065650831,First-Time Buyers
C0420,Individual,Debra,Reyes,1994-04-01,F,USA,California,Home,5,No,Agency,31,0,3,1260096.16,420032.0533333334,588644.89,1330.2166666666667,3990.65,3,2,1,2024-01-09,2025-01-04,0.333,361,2,2,-0.16188379572179556,1.7258325773294185,Premium / Global Investors
C0421,Individual,Zachary,Cox,1975-08-25,M,Germany,Hesse,Investment,5,Yes,Website,49,1,4,1495763.37,373940.8425,585167.95,1203.905,4815.62,4,4,0,2024-01-05,2025-01-12,0.0,373,2,1,1.1602454661865422,-0.09769621644370066,Premium / Global Investors
C0422,Company,Telnox,Co,1973-11-13,F,USA,California,Home,1,Yes,Client,51,1,4,1653171.62,413292.905,555693.16,1428.5749999999998,5714.299999999999,4,4,0,2024-01-03,2024-01-10,0.0,7,2,2,1.4463881317268983,1.2617999256376335,Premium / Global Investors
C0423,Individual,Rachel,Sanders,1950-04-17,F,USA,California,Home,1,No,Client,75,0,3,1068716.19,356238.73,410950.81,1195.1966666666667,3585.59,3,2,1,2024-01-07,2025-01-08,0.333,367,1,0,-0.9162716641696742,0.7410926801019428,Mainstream Buyers
C0424,Individual,Sarah,Stewart,1998-04-12,F,USA,Florida,Home,1,No,Website,27,0,3,1034036.3,344678.76666666666,521067.94,1107.81,3323.43,3,3,0,2024-01-09,2025-01-02,0.0,359,1,0,-1.3466155706594032,0.5170886593177703,Mainstream Buyers
C0425,Individual,Gerald,Wright,1965-11-03,M,USA,Nevada,Home,2,No,Agency,59,0,3,1256932.48,418977.49333333335,560677.96,1452.263333333333,4356.79,3,3,0,2024-01-05,2025-01-02,0.0,363,2,2,-0.025457127147762215,1.9532344146555527,Premium / Global Investors
C0426,Individual,Julie,Brown,1953-07-10,F,USA,Oregon,Home,4,Yes,Client,71,1,3,890250.61,296750.2033333333,519106.96,874.19,2622.57,3,3,0,2024-01-08,2025-01-12,0.0,370,1,0,-1.8607054226520652,-0.7784938872276662,Mainstream Buyers
C0427,Individual,Sarah,Peterson,1994-06-09,F,USA,California,Home,4,Yes,Website,31,1,4,1457016.31,364254.0775,563544.96,1216.595,4866.38,4,4,0,2024-01-01,2025-01-06,0.0,371,2,1,0.9944618798053182,-0.09011992316023797,Premium / Global Investors
C0428,Individual,Gloria,Rogers,1962-07-20,F,USA,Oregon,Home,3,No,Agency,62,0,4,984451.32,246112.83,330914.17,838.2925,3353.17,4,4,0,2024-01-10,2025-01-09,0.0,365,1,0,-0.8146884789958675,-2.220270596021426,Mainstream Buyers
C0429,Individual,Danielle,Stone,1995-05-11,F,USA,California,Home,3,Yes,Website,30,1,4,1503904.16,375976.04,573428.92,1374.585,5498.34,4,3,1,2024-01-01,2025-01-11,0.25,376,2,1,1.3156416930223338,0.527009321161378,Premium / Global Investors
C0430,Individual,Roger,Wood,1974-05-10,M,USA,Nevada,Home,2,No,Agency,51,0,3,931141.96,310380.6533333333,413945.61,1033.1033333333332,3099.31,3,2,1,2024-01-03,2025-01-05,0.333,368,1,0,-1.6182495483565411,0.004131228564078285,Mainstream Buyers
C0431,Individual,Austin,King,1969-05-05,M,USA,California,Home,5,Yes,Website,56,1,4,1544751.33,386187.8325,562089.63,1246.6175,4986.47,4,4,0,2024-01-01,2025-01-04,0.0,369,2,1,1.4366855546366537,0.08734491616425082,Premium / Global Investors
C0432,Company,Grandis,Co,1995-02-17,M,USA,California,Home,5,No,Agency,30,0,4,1277850.15,319462.5375,500722.63,1025.15,4100.599999999999,4,4,0,2024-01-08,2025-01-08,0.0,366,1,0,0.2703447055427724,-1.0008814021158057,Mainstream Buyers
C0433,Individual,Ruth,Hughes,1969-03-03,F,USA,California,Investment,2,Yes,Website,56,1,4,1937061.37,484265.3425,656465.4,1591.4725,6365.889999999999,4,4,0,2024-01-07,2025-01-09,0.0,368,2,1,2.8377915912748195,1.9511793228094902,Premium / Global Investors
C0434,Individual,Amanda,Sanders,1964-12-25,F,Russia,Tatarstan,Home,5,No,Website,60,0,3,1364889.24,454963.08,603903.4,1445.5566666666666,4336.67,3,3,0,2024-01-08,2025-01-11,0.0,369,2,0,0.4015280160398221,2.1557549389676356,Premium / Global Investors
C0435,Individual,Sara,Richardson,1966-01-25,F,Australia,New South Wales,Home,5,Yes,Website,59,1,3,908970.34,302990.11333333334,382435.3,1077.3233333333335,3231.9700000000003,3,3,0,2024-01-03,2024-01-11,0.0,8,3,0,-1.858658240659497,0.16417394362218812,First-Time Buyers
C0436,Individual,Brandon,Jones,1972-12-05,M,USA,Colorado,Home,2,Yes,Client,52,1,4,1327594.64,331898.66,479775.72,1064.2625,4257.05,4,4,0,2024-01-01,2025-01-03,0.0,368,1,0,0.4121178685108736,-0.7723771476292188,Mainstream Buyers
C0437,Individual,Danielle,James,1990-05-10,F,USA,Texas,Home,1,No,Website,35,0,3,657032.8200000001,219010.94000000003,353361.5,801.46,2404.38,3,3,0,2024-01-01,2024-01-08,0.0,7,3,0,-3.2309420514444027,-1.1170825448457555,First-Time Buyers
C0438,Individual,Gregory,Collins,1982-09-10,M,USA,Georgia,Investment,1,Yes,Client,42,1,4,1458641.1,364660.275,517610.73,1261.78,5047.12,4,4,0,2024-01-05,2025-01-05,0.0,366,2,0,0.952932246855376,0.10149317894776527,Premium / Global Investors
C0439,Individual,Larry,Thompson,1956-08-03,M,USA,Virginia,Home,2,No,Agency,68,0,3,1273328.62,424442.87333333335,547817.26,1422.97,4268.91,3,2,1,2024-01-02,2024-01-03,0.333,1,3,0,-0.28482793031783676,2.3238988746219715,First-Time Buyers
C0440,Individual,Lawrence,Parker,1960-07-13,M,USA,California,Investment,1,No,Agency,64,0,3,703498.83,234499.61,311878.98,845.8633333333333,2537.59,3,3,0,2024-01-02,2024-01-12,0.0,10,3,0,-2.8966482056492646,-0.9799117720345092,First-Time Buyers
C0441,Individual,Joan,Foster,1980-01-10,F,Russia,Krasnodar Krai,Investment,1,No,Agency,45,0,4,1525849.55,381462.3875,616227.01,1239.265,4957.06,4,3,1,2024-01-02,2025-01-10,0.25,374,2,1,1.0903528214448457,0.25369677230360843,Premium / Global Investors
C0442,Individual,Sarah,Hansen,1975-04-14,F,USA,Colorado,Home,3,Yes,Website,50,1,4,1707466.97,426866.7425,520127.02,1489.73,5958.92,4,4,0,2024-01-01,2025-01-02,0.0,367,2,1,2.0577147820590396,1.1785153129003847,Premium / Global Investors
C0443,Individual,Noah,Foster,1950-06-22,M,Denmark,Capital Region,Home,1,Yes,Agency,75,1,3,1355839.1,451946.3666666667,555912.87,1527.8633333333337,4583.59,3,3,0,2024-01-03,2024-01-07,0.0,4,2,2,0.07471657880600106,2.7566669347226207,Premium / Global Investors
C0444,Individual,Jennifer,Martin,1941-03-15,F,USA,California,Home,2,No,Website,84,0,4,1054514.54,263628.635,399974.1,943.97,3775.88,4,3,1,2024-01-09,2025-01-11,0.25,368,1,0,-0.35987929491928766,-1.7916244599015965,Mainstream Buyers
C0445,Individual,Michelle,Evans,1995-12-11,F,USA,California,Home,2,Yes,Website,29,1,4,1425691.63,356422.9075,518136.39,1101.9875,4407.95,4,3,1,2024-01-01,2025-01-07,0.25,372,1,1,0.6895142933367404,-0.3289454545283691,Mainstream Buyers
C0446,Individual,Douglas,Thomas,1955-01-02,M,USA,Colorado,Home,2,No,Website,70,0,3,1024655.04,341551.68,426208.52,1258.6899999999998,3776.07,3,2,1,2024-01-02,2025-01-01,0.333,365,1,0,-0.9302261022513467,0.7947810648719024,Mainstream Buyers
C0447,Individual,Patricia,Johnson,1956-06-27,F,USA,New York,Home,2,No,Website,69,0,3,1543592.15,514530.7166666666,605190.49,1680.5266666666666,5041.58,3,2,1,2024-01-04,2025-01-09,0.333,371,2,2,1.23812044395094,3.4408273364214894,Premium / Global Investors
C0448,Individual,Mark,White,1980-10-06,M,USA,Nevada,Investment,2,No,Agency,44,0,3,942066.48,314022.16,458054.04,1050.08,3150.24,3,3,0,2024-01-01,2024-01-12,0.0,11,3,0,-1.9335346341413828,0.33030604606099956,First-Time Buyers
C0449,Individual,Jordan,King,1972-06-24,M,USA,Oregon,Investment,2,No,Agency,53,0,3,1418922.44,472974.14666666667,594018.07,1504.28,4512.84,3,1,2,2024-01-07,2025-01-08,0.667,367,2,2,0.5584725099039596,2.7660887779738847,Premium / Global Investors
C0450,Individual,Matthew,Jackson,1992-02-19,M,Mexico,Nuevo Leon,Home,3,No,Website,33,0,4,1555297.37,388824.3425,473301.04,1258.5825,5034.33,4,4,0,2024-01-06,2025-01-01,0.0,361,2,1,1.27731681719191,0.3153570698802123,Premium / Global Investors
C0451,Individual,Larry,Anderson,1985-09-20,M,Canada,Alberta,Investment,5,Yes,Client,39,1,4,1665967.41,416491.8525,526063.15,1339.695,5358.78,4,3,1,2025-01-02,2025-01-10,0.25,8,2,0,1.447247295521124,1.0941938550731296,Premium / Global Investors
C0452,Individual,Brandon,Adams,1967-10-17,M,USA,Washington,Home,3,No,Website,57,0,4,1398358.69,349589.6725,515843.73,1086.2275,4344.91,4,4,0,2024-01-08,2025-01-09,0.0,367,1,1,0.7120481438759421,-0.5859727471659736,Mainstream Buyers
C0453,Individual,Carl,Wood,1993-04-16,M,UK,Scotland,Investment,1,No,Website,32,0,4,1321010.76,330252.69,587960.16,1103.3025,4413.21,4,4,0,2024-01-06,2025-01-07,0.0,367,1,1,0.3380828289430551,-0.5868264161241683,Mainstream Buyers
C0454,Company,Altira,Co,1961-01-04,F,USA,Nevada,Investment,4,No,Agency,64,0,3,980683.73,326894.57666666666,522599.89,1072.4833333333331,3217.45,3,3,0,2024-01-01,2024-01-11,0.0,10,3,0,-1.6723796205797874,0.36458270458372477,First-Time Buyers
C0455,Individual,Karen,Williams,1963-01-02,F,USA,California,Home,1,No,Agency,62,0,4,1125726.62,281431.655,477256.95,838.2925,3353.17,4,4,0,2024-01-04,2025-01-07,0.0,369,1,1,-0.46108871117483835,-1.8596330447243667,Mainstream Buyers
C0456,Individual,Virginia,Brooks,1995-11-18,F,USA,Oregon,Home,3,Yes,Website,29,1,3,1349210.55,449736.85,521158.55,1448.82,4346.46,3,3,0,2024-01-03,2025-01-08,0.0,371,2,2,0.18809563426543213,2.2695096925472407,Premium / Global Investors
C0457,Individual,Kenneth,Hansen,1980-07-19,M,UK,Wales,Investment,1,No,Agency,44,0,3,1399940.21,466646.7366666666,596228.96,1457.8333333333333,4373.5,3,3,0,2024-01-06,2025-01-04,0.0,364,2,2,0.31373411988346395,2.474160083959013,Premium / Global Investors
C0458,Individual,Thomas,Turner,1995-04-07,M,USA,Oregon,Investment,1,No,Agency,30,0,4,1382881.81,345720.4525,503414.2,1123.3175,4493.27,4,3,1,2024-01-05,2025-01-09,0.25,370,1,1,0.5283624681074106,-0.31911264744316875,Mainstream Buyers
C0459,Individual,Steven,Johnson,1955-03-23,M,USA,California,Home,3,No,Agency,70,0,3,821716.14,273905.38,368466.6,945.65,2836.95,3,2,1,2024-01-03,2024-01-12,0.333,9,3,0,-2.2658517823928155,-0.33737963125003556,First-Time Buyers
C0460,Individual,Amanda,Cox,1992-12-25,F,USA,Virginia,Home,1,No,Website,32,0,3,1061349.03,353783.01,484806.07,1078.7866666666666,3236.36,3,2,1,2024-01-08,2025-01-07,0.333,365,1,0,-1.2611559601606492,0.5946414378075371,Mainstream Buyers
C0461,Individual,Jonathan,Peterson,1960-02-16,M,USA,Arizona,Home,1,No,Agency,65,0,3,986630.39,328876.7966666667,473479.09,1157.47,3472.41,3,2,1,2024-01-02,2025-01-04,0.333,368,1,0,-1.2674200519009364,0.4746594113009017,Mainstream Buyers
C0462,Individual,Eric,White,1943-10-22,M,Australia,Victoria,Home,2,No,Agency,81,0,4,1606667.68,401666.92,630993.32,1316.0375,5264.15,4,4,0,2024-01-11,2025-01-06,0.0,361,2,1,1.6018913098239427,0.4455058025374715,Premium / Global Investors
C0463,Individual,Nicholas,Garcia,1970-06-13,M,USA,California,Home,5,No,Client,55,0,4,1235094.73,308773.6825,456678.02,989.46,3957.84,4,3,1,2024-01-05,2024-01-10,0.25,5,3,0,-0.10103812881543887,-0.8857337505514428,First-Time Buyers
C0464,Individual,Gregory,Turner,1974-11-12,M,USA,Florida,Home,5,No,Website,50,0,4,1455550.0,363887.5,462200.84,1276.8225,5107.29,4,3,1,2024-01-12,2025-01-10,0.25,364,2,1,1.192394563179602,0.08012494223799896,Premium / Global Investors
C0465,Individual,George,Carter,1949-02-09,M,USA,California,Home,3,No,Website,76,0,3,707799.9199999999,235933.30666666664,344983.8,839.1433333333334,2517.4300000000003,3,3,0,2024-01-02,2025-01-12,0.0,376,1,0,-2.4108170363256543,-1.4169767005446956,Mainstream Buyers
C0466,Individual,Patricia,Cox,1988-05-19,F,USA,Virginia,Investment,2,No,Website,37,0,4,1228651.21,307162.8025,446810.74,1030.21,4120.84,4,3,1,2024-01-01,2025-01-11,0.25,376,1,0,0.035085681210787006,-0.9897562394514827,Mainstream Buyers
C0467,Individual,Rebecca,Chavez,1952-05-04,F,USA,Ohio,Home,1,Yes,Agency,73,1,3,976066.93,325355.64333333337,433348.26,1155.6966666666667,3467.09,3,3,0,2024-01-08,2025-01-08,0.0,366,1,0,-1.3291088786126184,0.3000819376890068,Mainstream Buyers
C0468,Individual,Raymond,Smith,1952-11-13,M,Mexico,Jalisco,Investment,3,Yes,Website,72,1,3,1267396.7999999998,422465.5999999999,511655.42,1386.32,4158.96,3,2,1,2024-01-02,2024-01-09,0.333,7,3,2,-0.29757776349276255,2.1461860721458494,First-Time Buyers
C0469,Individual,Adam,Foster,1997-03-23,M,USA,California,Home,2,No,Website,28,0,4,1518476.47,379619.1175,502622.02,1265.3825,5061.53,4,4,0,2024-01-02,2024-01-10,0.0,8,3,0,0.8631110030644016,0.5922534097890344,First-Time Buyers
C0470,Individual,Joan,Anderson,1963-02-17,F,USA,Oregon,Home,1,No,Agency,62,0,3,862552.54,287517.51333333337,497090.51,883.7466666666666,2651.24,3,3,0,2024-01-04,2024-01-11,0.0,7,3,0,-2.4020079249278194,-0.38087483098903746,First-Time Buyers
C0471,Individual,Gary,Collins,1984-06-26,M,USA,Utah,Investment,3,No,Agency,41,0,3,1084997.39,361665.7966666666,513906.66,1209.64,3628.92,3,1,2,2024-01-01,2024-01-10,0.667,9,3,0,-1.2138992791010923,1.3475349008174882,First-Time Buyers
C0472,Individual,Edward,Moore,1951-04-10,M,USA,California,Home,4,No,Website,74,0,3,1277486.37,425828.79,529761.19,1394.21,4182.63,3,3,0,2024-01-10,2025-01-11,0.0,367,2,0,0.1470099911473833,1.7226119462844556,Premium / Global Investors
C0473,Individual,Sharon,Price,1981-09-08,F,USA,California,Home,3,No,Agency,43,0,4,1304527.66,326131.91500000004,518735.4,1042.725,4170.9,4,4,0,2024-01-11,2025-01-10,0.0,365,1,1,0.3109777933422717,-0.8972480862528671,Mainstream Buyers
C0474,Individual,Gregory,Young,1995-08-12,M,USA,Nevada,Home,1,No,Website,29,0,4,962015.29,240503.8225,413387.67,824.2025,3296.81,4,3,1,2024-01-05,2025-01-12,0.25,373,1,0,-1.002056670904237,-2.0621621082392667,Mainstream Buyers
C0475,Individual,William,Brooks,1946-08-18,M,Belgium,Wallonia,Investment,2,Yes,Agency,78,1,3,1234470.16,411490.0533333333,455542.16,1371.6133333333337,4114.84,3,1,2,2024-01-05,2024-01-08,0.667,3,3,2,-0.4482658922364139,2.1190174579552137,First-Time Buyers
C0476,Individual,Steven,Johnson,1997-05-04,M,USA,Florida,Home,3,No,Agency,28,0,4,1485303.01,371325.7525,457069.23,1299.3675,5197.47,4,3,1,2024-01-03,2025-01-05,0.25,368,2,1,1.1279174926904836,0.3461144707397116,Premium / Global Investors
C0477,Individual,Jesse,Stone,1984-01-02,M,USA,California,Investment,4,Yes,Website,41,1,3,1535114.88,511704.96,734390.86,1452.263333333333,4356.79,3,2,1,2024-01-06,2025-01-08,0.333,368,2,2,0.920761319972851,2.8464875791784507,Premium / Global Investors
C0478,Individual,Ashley,Garcia,1940-02-08,F,USA,Ohio,Investment,4,No,Website,85,0,3,774892.79,258297.59666666668,404581.32,997.4133333333332,2992.24,3,2,1,2024-01-02,2024-01-10,0.333,8,3,0,-2.3018459768571766,-0.43486070510796154,First-Time Buyers
C0479,Individual,Virginia,Wright,1978-06-04,F,USA,California,Home,2,Yes,Agency,47,1,4,1172782.93,293195.7325,494567.75,956.6725,3826.69,4,3,1,2024-01-04,2025-01-07,0.25,369,1,0,-0.177750889508151,-1.3457349517270218,Mainstream Buyers
C0480,Individual,Scott,Bryant,1974-09-16,M,USA,California,Home,4,Yes,Website,50,1,4,1033261.03,258315.2575,347137.85,827.2,3308.8,4,4,0,2024-01-02,2025-01-07,0.0,371,1,0,-0.6074434563360178,-2.138077463883653,Mainstream Buyers
C0481,Individual,Sean,Williams,1976-12-12,M,USA,Arizona,Home,3,No,Agency,48,0,4,1365460.24,341365.06,539294.72,1040.89,4163.56,4,3,1,2024-01-04,2025-01-09,0.25,371,1,1,0.5175457170467941,-0.6779576121646743,Mainstream Buyers
C0482,Individual,Deborah,Brown,1980-08-10,F,USA,New York,Investment,3,Yes,Agency,44,1,3,1006132.77,335377.59,421206.38,1155.4633333333334,3466.39,3,2,1,2024-01-09,2025-01-10,0.333,367,1,0,-1.2605729336898615,0.5269117044626873,Mainstream Buyers
C0483,Individual,Kevin,Jackson,1985-08-11,M,USA,Arizona,Investment,1,No,Website,39,0,3,881113.79,293704.5966666667,415468.55,934.8733333333332,2804.62,3,3,0,2024-01-03,2025-01-01,0.0,364,1,0,-1.9977233300169468,-0.43579021813686686,Mainstream Buyers
C0484,Individual,Janet,Wright,1989-04-19,F,USA,Texas,Investment,3,No,Website,36,0,4,1313240.67,328310.1675,412809.69,1114.105,4456.42,4,3,1,2024-01-04,2025-01-07,0.25,369,1,1,0.40791725230944265,-0.5969114589887659,Mainstream Buyers
C0485,Individual,Julia,Morales,1991-07-10,F,USA,Arizona,Home,2,No,Website,33,0,3,1000841.18,333613.7266666666,603778.82,1144.8033333333333,3434.41,3,3,0,2024-01-02,2024-01-10,0.0,8,3,0,-1.6586779396107916,0.7889217036368009,First-Time Buyers
C0486,Individual,Billy,Carter,1999-09-16,M,USA,California,Investment,2,Yes,Website,25,1,3,1090587.66,363529.22,599081.0,1175.45,3526.3500000000004,3,3,0,2024-01-04,2025-01-05,0.0,367,1,0,-0.9991259804789925,0.8144630636335632,Mainstream Buyers
C0487,Individual,Jessica,Williams,1991-10-23,F,USA,Washington,Home,5,No,Website,33,0,4,1576272.71,394068.1775,542265.03,1295.0975,5180.39,4,3,1,2024-01-08,2025-01-07,0.25,365,2,1,1.452669208638299,0.45981598507132426,Premium / Global Investors
C0488,Individual,Megan,Jackson,1979-11-05,F,USA,California,Investment,4,No,Agency,45,0,4,1218265.36,304566.34,559367.69,990.9875,3963.95,4,3,1,2024-01-03,2024-01-12,0.25,9,3,0,-0.2690837436631861,-0.8781660924014372,First-Time Buyers
C0489,Individual,Austin,Jordan,1950-08-06,M,Germany,Berlin,Investment,2,No,Website,74,0,3,1025274.77,341758.25666666665,439792.36,1102.8633333333337,3308.59,3,3,0,2024-01-07,2024-01-08,0.0,1,3,0,-1.4938584166836293,0.618873814102629,First-Time Buyers
C0490,Individual,Emily,Wright,1954-01-23,F,USA,Nevada,Investment,5,Yes,Website,71,1,3,1292367.93,430789.31,517225.72,1240.6066666666666,3721.82,3,3,0,2024-01-01,2025-01-11,0.0,376,2,2,-0.05298230538036879,1.338069858222166,Premium / Global Investors
C0491,Individual,Noah,White,1941-05-08,M,USA,Washington,Home,2,No,Website,84,0,3,1106379.8,368793.26666666666,527792.52,1168.3833333333334,3505.15,3,3,0,2024-01-04,2024-01-12,0.0,8,3,0,-1.0801907444043715,0.9998749340152211,First-Time Buyers
C0492,Individual,Raymond,Price,2000-07-05,M,USA,Utah,Home,3,Yes,Website,24,1,4,1300917.1,325229.275,551610.52,1008.6625,4034.65,4,4,0,2025-01-04,2025-01-08,0.0,4,3,0,-0.10262794868042835,-0.5682344340252714,First-Time Buyers
C0493,Individual,Tyler,Hughes,1954-06-07,M,USA,Colorado,Home,3,No,Website,71,0,4,1312198.98,328049.745,432134.46,1141.225,4564.9,4,3,1,2024-01-01,2025-01-04,0.25,369,1,1,0.6152515128490812,-0.6351958933855747,Mainstream Buyers
C0494,Individual,Grace,Carter,1990-03-08,F,USA,California,Home,3,Yes,Website,35,1,4,1052676.65,263169.1625,379142.42,911.0425,3644.17,4,4,0,2024-01-04,2025-01-12,0.0,374,1,0,-0.5613047147036931,-1.808708165986568,Mainstream Buyers
C0495,Individual,Jerry,Hall,1954-02-18,M,USA,California,Investment,5,No,Client,71,0,4,1246742.44,311685.61,420300.71,984.9525,3939.81,4,4,0,2024-01-01,2025-01-12,0.0,377,1,1,0.28388155949668437,-1.3519297699438333,Mainstream Buyers
C0496,Individual,Billy,Reyes,1990-04-01,M,USA,California,Home,4,No,Agency,35,0,4,1120376.44,280094.11,352076.14,947.7475,3790.99,4,4,0,2024-01-06,2025-01-05,0.0,365,1,0,-0.29016649806035855,-1.5552302904113264,Mainstream Buyers
C0497,Individual,Emma,Stewart,1985-02-02,F,USA,Arizona,Investment,4,Yes,Website,40,1,3,1330684.99,443561.6633333333,526810.49,1438.2933333333333,4314.88,3,2,1,2024-01-03,2025-01-04,0.333,367,2,0,0.1899639669612999,2.2133097122959917,Premium / Global Investors
C0498,Individual,Nancy,Collins,1948-11-21,F,Canada,Alberta,Home,2,Yes,Website,76,1,3,1007455.29,335818.43,419982.23,1258.4,3775.2,3,2,1,2024-01-03,2024-01-12,0.333,9,3,0,-1.3333354680729264,1.0477298309617944,First-Time Buyers
C0499,Individual,Lisa,Patterson,1946-10-02,F,USA,Colorado,Home,3,Yes,Agency,78,1,3,897769.81,299256.60333333333,383627.2,863.7633333333333,2591.29,3,2,1,2024-01-02,2025-01-02,0.333,366,1,0,-1.8571641243992032,-0.6774726450106198,Mainstream Buyers
C0500,Individual,Dennis,Howard,1977-03-15,M,USA,California,Home,4,Yes,Website,48,1,3,1294944.52,431648.1733333333,476123.08,1438.2933333333333,4314.88,3,2,1,2024-01-08,2024-01-12,0.333,4,3,2,-0.13662227944699837,2.4114411009015924,First-Time Buyers
C0501,Individual,Kenneth,Jackson,1995-12-11,M,USA,Nevada,Investment,5,Yes,Agency,29,1,4,1741166.27,435291.5675,545614.44,1454.35,5817.4,4,3,1,2024-01-01,2025-01-05,0.25,370,2,1,2.1107745981411776,1.266316484245332,Premium / Global Investors
C0502,Individual,Madison,Gray,1966-11-28,F,USA,Arizona,Home,4,No,Website,58,0,4,1537989.75,384497.4375,483760.31,1324.385,5297.54,4,2,2,2024-01-01,2025-01-08,0.5,373,2,1,1.4632717333766767,0.4433227237734244,Premium / Global Investors
C0503,Individual,Keith,Peterson,1943-09-26,M,USA,Utah,Investment,2,Yes,Client,81,1,4,1432167.34,358041.835,609798.92,1135.53,4542.12,4,3,1,2024-01-03,2025-01-09,0.25,372,1,0,0.9074867342329604,-0.39012038860686055,Mainstream Buyers
C0504,Individual,Jeffrey,Green,1992-01-14,M,USA,Utah,Home,2,No,Website,33,0,4,1367188.58,341797.145,463948.75,1108.6075,4434.43,4,4,0,2024-01-04,2025-01-12,0.0,374,1,1,0.5411251105157044,-0.49991604799514744,Mainstream Buyers
C0505,Individual,Katherine,Wilson,1995-07-18,F,USA,Arizona,Home,3,No,Agency,29,0,3,1043535.21,347845.07,462127.71,1125.17,3375.51,3,3,0,2024-01-02,2024-01-09,0.0,7,3,0,-1.5595918274849743,0.8609072069263173,First-Time Buyers
C0506,Individual,Albert,Stone,1967-04-07,M,USA,California,Home,5,No,Agency,58,0,3,1122203.03,374067.6766666667,461159.55,1267.4066666666668,3802.22,3,2,1,2024-01-09,2025-01-11,0.333,368,2,2,-0.5437168983586631,1.0583596119610412,Premium / Global Investors
C0507,Individual,Mark,Morales,1951-02-26,M,USA,New York,Home,3,No,Website,74,0,3,1062656.61,354218.86999999994,474018.4,1221.3833333333334,3664.15,3,3,0,2024-01-04,2025-01-06,0.0,368,1,0,-0.8257278640614829,0.6807817955286708,Mainstream Buyers
C0508,Individual,Grace,Weaver,1970-06-01,F,USA,Nevada,Home,5,No,Agency,55,0,3,833710.06,277903.35333333333,463860.46,900.6166666666667,2701.85,3,2,1,2024-01-06,2025-01-01,0.333,361,1,0,-2.01893767555142,-0.7365267813987386,Mainstream Buyers
C0509,Individual,Aaron,Cook,1956-02-04,M,Belgium,Wallonia,Home,3,No,Website,69,0,4,1687930.25,421982.5625,636508.92,1333.2775,5333.110000000001,4,3,1,2024-01-10,2025-01-01,0.25,357,2,1,1.8895296011511042,0.7570045026521447,Premium / Global Investors
C0510,Individual,Samantha,Evans,1947-08-28,F,France,Brittany,Investment,1,Yes,Website,77,1,3,1094232.67,364744.2233333333,504493.45,1243.8233333333333,3731.47,3,3,0,2024-01-05,2025-01-07,0.0,368,1,2,-0.8199257388445524,0.8592027557196807,Mainstream Buyers
C0511,Individual,Christine,Parker,1954-07-20,F,UK,England,Home,2,No,Website,70,0,3,1090537.6,363512.5333333334,505829.95,1179.5233333333333,3538.57,3,1,2,2024-01-10,2025-01-05,0.667,361,1,0,-0.856697679330463,0.8809910299009716,Mainstream Buyers
C0512,Individual,Hannah,Flores,1945-06-27,F,USA,Arizona,Home,1,No,Client,80,0,3,1448158.14,482719.38000000006,558618.92,1654.4733333333334,4963.42,3,3,0,2024-01-04,2025-01-11,0.0,373,2,2,0.8669328324326995,2.9795712549277367,Premium / Global Investors
C0513,Individual,Christian,Morales,1999-07-03,M,USA,Florida,Home,2,Yes,Agency,25,1,3,974596.63,324865.54333333333,491938.8,1049.513333333333,3148.54,3,3,0,2024-01-05,2024-01-12,0.0,7,3,0,-1.8927772120215003,0.510958366472827,First-Time Buyers
C0514,Individual,Rebecca,Evans,1977-08-17,F,USA,Oregon,Home,1,Yes,Website,47,1,4,1528027.54,382006.885,598032.14,1316.0375,5264.15,4,2,2,2024-01-07,2025-01-07,0.5,366,2,1,1.2715585814674948,0.520343776898234,Premium / Global Investors
C0515,Individual,Melissa,Patterson,1963-12-09,F,USA,California,Home,1,Yes,Website,61,1,4,1561824.93,390456.2325,486501.61,1342.7925,5371.17,4,4,0,2024-01-06,2025-01-08,0.0,368,2,1,1.453743856443005,0.45760864334095186,Premium / Global Investors
C0516,Individual,Lawrence,Nelson,1946-04-21,M,USA,Utah,Home,3,No,Website,79,0,4,1437837.49,359459.3725,501892.72,1196.89,4787.56,4,3,1,2024-01-04,2024-01-11,0.25,7,3,0,0.7490796874828416,0.1076041298373091,First-Time Buyers
C0517,Individual,Harold,Thompson,1959-03-20,M,USA,California,Home,5,No,Client,66,0,4,1115807.0,278951.75,413330.24,939.4875,3757.95,4,4,0,2024-01-03,2025-01-08,0.0,371,1,1,-0.1521711174562123,-1.7383114852668722,Mainstream Buyers
C0518,Company,Lumina,Co,1962-05-22,F,USA,New York,Home,3,No,Website,63,0,4,1633111.65,408277.9125,657039.24,1196.9725,4787.889999999999,4,4,0,2024-01-07,2025-01-07,0.0,366,2,1,1.506070374619556,0.20658725675023612,Premium / Global Investors
C0519,Individual,Madison,Freeman,1975-04-10,F,USA,Arizona,Investment,3,No,Agency,50,0,3,981719.26,327239.75333333336,436603.35,1108.996666666667,3326.99,3,3,0,2024-01-12,2025-01-07,0.0,361,1,0,-1.4011652535702273,0.22154339182495017,Mainstream Buyers
C0520,Individual,Helen,White,1970-11-02,F,USA,Oregon,Home,3,Yes,Agency,54,1,3,1033523.16,344507.72000000003,454823.84,1108.996666666667,3326.99,3,3,0,2024-01-01,2025-01-10,0.0,375,1,0,-1.1966846655407588,0.35255239494623175,Mainstream Buyers
C0521,Individual,Stephanie,Allen,1967-02-04,F,Canada,British Columbia,Home,3,No,Website,58,0,4,1074306.5,268576.625,428385.38,872.6800000000001,3490.7200000000003,4,4,0,2024-01-07,2025-01-08,0.0,367,1,0,-0.5211913791022635,-1.9060316359759155,Mainstream Buyers
C0522,Individual,Nicole,Campbell,1942-07-13,F,USA,Virginia,Home,5,No,Agency,82,0,3,993023.13,331007.71,365717.82,1240.6066666666666,3721.82,3,2,1,2024-01-08,2025-01-12,0.333,370,1,0,-0.9603915966990282,0.5237570061089827,Mainstream Buyers
C0523,Individual,Cynthia,Hansen,1960-08-22,F,USA,Colorado,Home,2,No,Agency,64,0,3,928962.95,309654.31666666665,458362.92,1058.6633333333332,3175.99,3,1,2,2024-01-11,2025-01-12,0.667,367,1,0,-1.5628025705114894,0.09588168052178059,Mainstream Buyers
C0524,Individual,Harold,Thompson,1953-05-24,M,USA,Washington,Home,3,No,Website,72,0,3,801104.6900000001,267034.89666666667,372739.71,897.3100000000001,2691.9300000000003,3,3,0,2024-01-02,2024-01-12,0.0,10,3,0,-2.4100994155691886,-0.6063281598907615,First-Time Buyers
C0525,Individual,Frank,Gray,1950-12-06,M,USA,Arizona,Home,4,Yes,Agency,74,1,4,1629457.52,407364.38,528447.33,1299.3275,5197.31,4,3,1,2024-01-04,2025-01-12,0.25,374,2,1,1.7303825262787687,0.4797509955398032,Premium / Global Investors
C0526,Individual,Harold,Green,1968-02-28,M,Germany,Bavaria,Home,5,No,Website,57,0,3,1301139.77,433713.25666666665,578194.07,1592.1233333333332,4776.37,3,2,1,2024-01-04,2025-01-09,0.333,371,2,2,0.43520010367668105,2.462568610123811,Premium / Global Investors
C0527,Individual,Andrew,Baker,1979-07-19,M,USA,California,Home,2,No,Website,45,0,3,1138099.7,379366.56666666665,544170.95,1299.5366666666666,3898.61,3,3,0,2024-01-04,2024-01-10,0.0,6,3,2,-0.9138929479856368,1.5509099270185192,First-Time Buyers
C0528,Individual,Benjamin,Davis,2000-09-08,M,USA,Washington,Investment,2,No,Client,24,0,3,1118472.87,372824.29,518036.13,1206.2733333333333,3618.82,3,2,1,2024-01-03,2024-01-07,0.333,4,3,0,-1.2278866974232048,1.4406717229801989,First-Time Buyers
C0529,Individual,Paul,Jordan,1973-11-14,M,USA,Nevada,Home,4,Yes,Website,51,1,4,1268138.95,317034.7375,420874.11,1098.1675,4392.67,4,4,0,2024-01-01,2025-01-06,0.0,371,1,0,0.38802447910854176,-0.8735641671854363,Mainstream Buyers
C0530,Individual,Patricia,Reed,1952-07-09,F,USA,Utah,Home,2,Yes,Agency,72,1,4,1559124.69,389781.1725,579567.49,1246.7075,4986.83,4,4,0,2024-01-02,2025-01-07,0.0,371,2,1,1.3352721844108162,0.15868515922019175,Premium / Global Investors
C0531,Individual,Emily,White,1976-09-19,F,USA,California,Home,1,No,Website,48,0,4,1911300.78,477825.195,580528.21,1510.65,6042.6,4,4,0,2024-01-06,2025-01-09,0.0,369,2,1,2.6093510993874336,1.7476508586976836,Premium / Global Investors
C0532,Individual,Lauren,Moore,1979-12-08,F,Belgium,Flanders,Home,2,No,Website,45,0,4,1075202.77,268800.6925,411253.4,990.9875,3963.95,4,3,1,2024-01-01,2024-01-12,0.25,11,3,0,-0.7386782168070929,-1.1286388726280416,First-Time Buyers
C0533,Individual,Jeffrey,Williams,1963-06-09,M,USA,Nevada,Investment,1,No,Agency,62,0,4,990028.19,247507.0475,438895.96,787.46,3149.84,4,3,1,2024-01-01,2025-01-08,0.25,373,1,0,-0.8968703743476252,-2.2155354905100335,Mainstream Buyers
C0534,Individual,Bryan,Miller,1958-02-21,M,USA,California,Investment,1,No,Agency,67,0,3,1133195.2,377731.7333333333,406001.38,1371.6133333333337,4114.84,3,2,1,2024-01-01,2024-01-09,0.333,8,3,0,-0.8118698823577526,1.7614316866696864,First-Time Buyers
C0535,Individual,Judith,Allen,1987-12-22,F,UK,Wales,Home,3,No,Agency,37,0,3,1299053.94,433017.98,494969.3,1386.32,4158.96,3,3,0,2024-01-01,2025-01-04,0.0,369,2,2,-0.06794078614722357,1.9489038155581389,Premium / Global Investors
C0536,Individual,Brittany,Weaver,1956-03-14,F,USA,Arizona,Investment,5,Yes,Website,69,1,3,983106.84,327702.28,512156.34,1104.51,3313.53,3,2,1,2024-01-05,2025-01-05,0.333,366,1,0,-1.211456084259146,0.1716154776412832,Mainstream Buyers
C0537,Individual,Carl,Baker,1962-04-25,M,USA,Florida,Home,2,No,Client,63,0,4,1490327.5,372581.875,595842.66,1239.145,4956.58,4,2,2,2024-01-06,2025-01-11,0.5,371,2,1,1.1771315219171163,0.1638455054123553,Premium / Global Investors
C0538,Individual,Richard,Pierce,1969-04-23,M,USA,California,Home,1,Yes,Agency,56,1,4,1206897.7000000002,301724.42500000005,464389.02,1103.3225,4413.29,4,3,1,2024-01-07,2025-01-09,0.25,368,1,0,0.1420851346225177,-0.8758993901153569,Mainstream Buyers
C0539,Individual,Lawrence,Bryant,1991-02-25,M,USA,California,Investment,1,Yes,Agency,34,1,4,1645321.2,411330.3,493737.03,1338.9,5355.599999999999,4,3,1,2024-01-07,2025-01-12,0.25,371,2,0,1.5900734134879566,0.8155489787685275,Premium / Global Investors
C0540,Individual,Anna,Long,1997-02-27,F,USA,New York,Home,3,No,Agency,28,0,3,494173.31,164724.43666666668,193265.77,577.2433333333333,1731.73,3,2,1,2024-01-05,2025-01-11,0.333,372,1,0,-3.6846604219121724,-2.448146024145741,Mainstream Buyers
C0541,Individual,Anthony,Garcia,2000-03-22,M,UK,Northern Ireland,Home,3,No,Agency,25,0,4,1721673.54,430418.385,566466.92,1296.5625,5186.25,4,4,0,2024-01-12,2025-01-12,0.0,366,2,1,1.7419597592657972,0.8324363933676902,Premium / Global Investors
C0542,Company,Lumina,Co,1985-09-26,M,Mexico,Mexico City,Home,3,No,Website,39,0,4,1195819.4,298954.85,385011.74,1024.3375,4097.35,4,2,2,2024-01-04,2025-01-12,0.5,374,1,0,0.02232426336758827,-1.018236314074559,Mainstream Buyers
C0543,Individual,Joan,Parker,1947-07-23,F,USA,Texas,Home,2,Yes,Website,77,1,3,753145.67,251048.55666666667,350655.95,862.8699999999999,2588.61,3,2,1,2024-01-10,2025-01-06,0.333,362,1,0,-2.328466162762631,-1.0818131297385802,Mainstream Buyers
C0544,Individual,Kevin,White,1974-10-16,M,USA,Utah,Home,2,No,Website,50,0,4,1636756.28,409189.07,504689.77,1326.2525,5305.01,4,4,0,2024-01-07,2025-01-07,0.0,366,2,1,1.6388571107593437,0.6349908252517209,Premium / Global Investors
C0545,Individual,Paul,Griffin,1942-04-08,M,USA,Colorado,Home,1,Yes,Agency,83,1,3,1260126.39,420042.13,532459.61,1452.263333333333,4356.79,3,3,0,2024-01-10,2025-01-09,0.0,365,2,2,0.03087621127398521,1.8977204984084266,Premium / Global Investors
C0546,Individual,Samuel,Flores,1967-12-23,M,Canada,Manitoba,Home,4,No,Client,57,0,3,795528.06,265176.02,306339.37,932.37,2797.11,3,3,0,2024-01-02,2025-01-06,0.0,370,1,0,-2.1195774111492414,-0.8324631102976399,Mainstream Buyers
C0547,Individual,Diane,Allen,1947-09-20,F,USA,California,Investment,2,No,Agency,77,0,4,1178457.95,294614.4875,388928.18,1028.3225,4113.29,4,4,0,2024-01-05,2025-01-10,0.0,371,1,0,0.018877574241195565,-1.3369277479723038,Mainstream Buyers
C0548,Individual,Christopher,Foster,1980-11-04,M,USA,California,Home,2,No,Agency,44,0,3,1047476.93,349158.9766666666,515231.68,1186.4366666666667,3559.31,3,2,1,2024-01-01,2024-01-07,0.333,6,3,0,-1.3652222450190115,1.0901876440141296,First-Time Buyers
C0549,Individual,Daniel,Sanders,1972-10-15,M,USA,Florida,Home,4,No,Website,52,0,3,941219.76,313739.92,386941.83,1082.75,3248.25,3,3,0,2024-01-09,2025-01-11,0.0,368,1,0,-1.433569289726317,0.005531363654495776,Mainstream Buyers
C0550,Company,Vertex,Co,1967-09-04,F,USA,Nevada,Home,1,No,Agency,57,0,4,1414568.09,353642.0225,445954.78,1123.6174999999998,4494.469999999999,4,4,0,2024-01-05,2024-01-08,0.0,3,3,0,0.3584727176599126,-0.07489631491311917,First-Time Buyers
C0551,Individual,Billy,Freeman,1960-05-17,M,USA,California,Investment,4,No,Website,65,0,3,1007397.56,335799.1866666667,543106.45,1110.6233333333332,3331.87,3,3,0,2024-01-04,2025-01-03,0.0,365,1,0,-1.130905319137371,0.19901231459336152,Mainstream Buyers
C0552,Individual,Kyle,Cook,1965-10-20,M,USA,Virginia,Investment,3,No,Agency,59,0,3,1141476.56,380492.1866666667,546573.79,1196.1733333333334,3588.52,3,2,1,2024-01-01,2025-01-09,0.333,374,2,0,-0.6846597635254472,0.9893639348516285,Premium / Global Investors
C0553,Individual,James,Bell,1978-11-26,M,USA,Arizona,Home,3,No,Website,46,0,3,821534.9400000001,273844.98000000004,375810.64,897.3100000000001,2691.9300000000003,3,2,1,2024-01-11,2025-01-08,0.333,363,1,0,-2.107082737972311,-0.6869729360514467,Mainstream Buyers
C0554,Individual,Carl,Moore,1948-12-24,M,Australia,Victoria,Home,1,Yes,Agency,76,1,4,1643592.85,410898.2125,533306.66,1295.265,5181.06,4,3,1,2024-01-03,2025-01-03,0.25,366,2,1,1.639397951669898,0.5878102011639713,Premium / Global Investors
C0555,Individual,Aaron,Nelson,1971-04-23,M,USA,California,Investment,4,Yes,Agency,54,1,3,1064533.27,354844.42333333334,507714.49,1162.6166666666666,3487.85,3,2,1,2024-01-11,2025-01-08,0.333,363,1,0,-0.9360234773360914,0.6483635632008015,Mainstream Buyers
C0556,Individual,Zachary,Sanders,1958-10-17,M,USA,Colorado,Home,5,No,Website,66,0,3,1335478.18,445159.3933333333,508776.17,1526.9566666666667,4580.87,3,2,1,2024-01-04,2025-01-11,0.333,373,2,2,0.5081654271984632,2.3485482982497574,Premium / Global Investors
C0557,Individual,Judy,Griffin,1941-09-25,F,USA,Utah,Investment,2,No,Website,83,0,3,733161.98,244387.32666666663,384719.5,791.0400000000001,2373.1200000000003,3,3,0,2024-01-02,2025-01-12,0.0,376,1,0,-2.4831035230448277,-1.467393571563937,Mainstream Buyers
C0558,Individual,Cheryl,Wood,1974-10-23,F,Denmark,North Denmark,Home,3,No,Website,50,0,3,1033995.96,344665.32,492997.29,1092.54,3277.62,3,3,0,2024-01-12,2025-01-11,0.0,365,1,0,-1.22276210368939,0.3413038802862258,Mainstream Buyers
C0559,Company,Corvus,Co,1969-08-18,M,USA,California,Home,5,No,Client,55,0,4,1004028.87,251007.2175,438095.92,786.87,3147.48,4,3,1,2024-01-03,2025-01-09,0.25,372,1,0,-0.6942107103083661,-2.2845777145351778,Mainstream Buyers
C0560,Individual,Janice,Nelson,1988-04-20,F,Australia,South Australia,Home,3,No,Website,37,0,3,1433718.12,477906.04,575175.8,1500.72,4502.16,3,2,1,2024-01-01,2025-01-11,0.333,376,2,2,0.5576248891403215,2.7294953809511764,Premium / Global Investors
C0561,Company,Bravada,Co,1962-11-20,F,USA,Arizona,Investment,3,No,Website,62,0,4,1589252.43,397313.1075,503687.91,1298.145,5192.58,4,4,0,2024-01-06,2025-01-01,0.0,361,2,1,1.4963353989866963,0.3654150295313428,Premium / Global Investors
C0562,Individual,Judy,Peterson,1940-11-23,F,USA,Utah,Investment,5,Yes,Website,84,1,4,1423675.7200000002,355918.93000000005,604532.8,1154.105,4616.42,4,4,0,2024-01-01,2025-01-07,0.0,372,1,1,1.0018804247395383,-0.5402476241994654,Mainstream Buyers
C0563,Individual,William,Howard,1991-01-22,M,USA,California,Home,2,Yes,Agency,34,1,4,1012807.93,253201.9825,301398.29,842.75,3371.0,4,3,1,2024-01-11,2025-01-07,0.25,362,1,0,-0.7970196871745525,-1.945221765852397,Mainstream Buyers
C0564,Individual,Scott,Adams,1952-02-09,M,USA,Texas,Home,1,No,Agency,73,0,3,1135017.6,378339.2,600992.42,1250.3066666666666,3750.92,3,3,0,2024-01-11,2025-01-10,0.0,365,2,2,-0.6686751140995753,1.0370418152317158,Premium / Global Investors
C0565,Individual,Austin,Wood,1985-09-26,M,France,Brittany,Home,1,No,Website,39,0,3,1043494.32,347831.44,545741.02,1167.2766666666666,3501.83,3,3,0,2024-01-07,2025-01-07,0.0,366,1,0,-1.1730955265885576,0.6709649693873225,Mainstream Buyers
C0566,Individual,Janice,Miller,2000-09-12,F,USA,Oregon,Investment,4,Yes,Agency,24,1,4,1167701.9,291925.475,575087.19,965.295,3861.18,4,4,0,2024-01-04,2025-01-09,0.0,371,1,1,-0.2452970599824619,-1.3732907557542045,Mainstream Buyers
C0567,Individual,Megan,Chavez,1953-07-10,F,Russia,Saint Petersburg,Investment,2,Yes,Agency,71,1,4,1869286.1,467321.525,650710.38,1546.3875,6185.55,4,3,1,2024-01-04,2025-01-10,0.25,372,2,1,2.586352725290884,1.7270295621125924,Premium / Global Investors
C0568,Individual,Timothy,Wright,1953-04-09,M,USA,California,Home,3,No,Website,72,0,3,944335.88,314778.62666666665,449151.55,1015.94,3047.82,3,1,2,2024-01-01,2024-01-09,0.667,8,3,0,-1.7307291451621,0.2932719815374462,First-Time Buyers
C0569,Individual,Mary,Cook,1971-05-12,F,USA,California,Home,5,Yes,Client,54,1,3,1384749.3,461583.1,522654.07,1460.493333333333,4381.48,3,3,0,2024-01-02,2025-01-11,0.0,375,2,2,0.48809579005552867,2.242084469418686,Premium / Global Investors
C0570,Individual,Hannah,Peterson,1965-03-06,F,France,Occitanie,Home,5,Yes,Website,60,1,4,1527210.47,381802.6175,526682.25,1310.8225,5243.29,4,4,0,2024-01-01,2024-01-06,0.0,5,3,0,1.088672175624222,0.5508408752299422,First-Time Buyers
C0571,Individual,Adam,Chavez,1966-03-07,M,USA,California,Home,3,No,Website,59,0,4,1549969.49,387492.3725,419927.79,1458.93,5835.72,4,3,1,2024-01-02,2024-01-06,0.25,4,2,0,1.3686441619371061,1.103972046923698,Premium / Global Investors
C0572,Individual,Ann,Johnson,1993-12-11,F,USA,California,Investment,5,No,Website,31,0,4,1519677.44,379919.36,450012.44,1228.8325,4915.33,4,4,0,2024-01-03,2025-01-04,0.0,367,2,1,1.2067890016027776,0.052289147813803886,Premium / Global Investors
C0573,Company,Altira,Co,1977-04-24,M,USA,Georgia,Home,4,Yes,Agency,48,1,3,785842.76,261947.58666666667,427006.84,849.7466666666668,2549.24,3,3,0,2024-01-03,2024-01-11,0.0,8,3,0,-2.6057581227456983,-0.7181773703931874,First-Time Buyers
C0574,Individual,Gerald,Cox,1968-09-15,M,USA,California,Home,2,No,Agency,56,0,4,1261906.32,315476.58,523216.37,1052.2475,4208.99,4,3,1,2024-01-05,2025-01-06,0.25,367,1,1,0.26441594660900825,-0.9083827111208014,Mainstream Buyers
C0575,Individual,Brian,Hansen,1966-01-21,M,USA,California,Investment,2,No,Website,59,0,3,1018391.27,339463.75666666665,506852.64,1107.81,3323.43,3,2,1,2024-01-01,2024-01-12,0.333,11,3,0,-1.4871341530785156,0.721291421088903,First-Time Buyers
C0576,Individual,Terry,Reyes,1959-02-24,M,Germany,Hamburg,Home,1,No,Client,66,0,3,1047406.79,349135.5966666667,516482.69,1082.8966666666668,3248.69,3,3,0,2024-01-06,2024-01-12,0.0,6,3,0,-1.519660449170202,0.6963447344511386,First-Time Buyers
C0577,Individual,Christopher,Miller,1989-05-18,M,USA,Arizona,Home,3,No,Website,36,0,3,693899.0099999999,231299.66999999995,279379.41,879.3433333333332,2638.03,3,3,0,2024-01-02,2025-01-05,0.0,369,1,0,-2.5827424339887664,-1.1792560310677076,Mainstream Buyers
C0578,Individual,Lauren,Rogers,1999-07-22,F,USA,Arizona,Home,5,Yes,Client,25,1,3,707276.53,235758.84333333332,266964.5,899.7566666666667,2699.27,3,3,0,2024-01-07,2025-01-02,0.0,361,1,0,-2.5443345535401063,-1.105725767752777,Mainstream Buyers
C0579,Individual,Christopher,Ward,1941-04-09,M,USA,Texas,Investment,3,No,Website,84,0,3,1198428.64,399476.2133333334,592851.63,1299.5366666666666,3898.61,3,3,0,2024-01-06,2025-01-11,0.0,371,2,2,-0.2698368419937196,1.2365631635630958,Premium / Global Investors
C0580,Individual,Heather,Watson,1948-01-11,F,USA,California,Home,2,Yes,Client,77,1,4,2158954.7800000003,539738.6950000001,620192.42,1726.0575,6904.23,4,4,0,2024-01-01,2025-01-10,0.0,375,2,1,3.7112284584340394,2.7436506198929904,Premium / Global Investors
C0581,Individual,Kimberly,Stewart,1957-12-21,F,USA,California,Investment,5,Yes,Website,67,1,4,1029755.56,257438.89,371216.71,801.065,3204.26,4,3,1,2024-01-03,2024-01-09,0.25,6,3,0,-0.9087353128955913,-1.920300583956897,First-Time Buyers
C0582,Individual,Teresa,Pierce,1940-10-02,F,USA,Washington,Investment,3,Yes,Website,84,1,3,708559.1499999999,236186.3833333333,387349.97,791.0400000000001,2373.1200000000003,3,2,1,2024-01-06,2025-01-12,0.333,372,1,0,-2.5106040687235693,-1.4666201750634038,Mainstream Buyers
C0583,Individual,Kevin,Scott,1986-10-27,M,USA,California,Home,2,No,Agency,38,0,4,1237228.18,309307.045,390024.91,996.7025,3986.81,4,4,0,2024-01-02,2025-01-12,0.0,376,1,1,0.04997835076801853,-1.1239061147350344,Mainstream Buyers
C0584,Individual,Janice,Taylor,1982-03-11,F,USA,California,Home,5,No,Website,43,0,3,1135691.62,378563.87333333335,501136.87,1350.9733333333334,4052.92,3,3,0,2024-01-11,2025-01-06,0.0,361,2,2,-0.4715598318437186,1.2625556202122705,Premium / Global Investors
C0585,Individual,Anthony,Edwards,1961-07-02,M,USA,Colorado,Home,3,No,Agency,63,0,4,1003690.18,250922.545,298657.8,886.4275,3545.71,4,3,1,2024-01-01,2025-01-10,0.25,375,1,0,-0.6397508579001838,-1.9798596004600357,Mainstream Buyers
C0586,Individual,Noah,Morales,1977-06-14,M,USA,California,Home,2,Yes,Client,48,1,3,1226524.31,408841.4366666667,553899.49,1286.4266666666667,3859.28,3,3,0,2024-01-06,2025-01-07,0.0,367,2,2,-0.34712431340773614,1.4396649400418717,Premium / Global Investors
C0587,Individual,Pamela,Richardson,1992-11-24,F,USA,New York,Home,4,No,Website,32,0,4,1093439.84,273359.96,386382.22,911.785,3647.14,4,4,0,2025-01-01,2025-01-10,0.0,9,3,0,-0.7710539470414324,-1.3682915773130488,First-Time Buyers
C0588,Individual,Janice,White,1989-11-20,F,USA,Florida,Home,2,No,Website,35,0,4,1495976.14,373994.035,529783.19,1271.345,5085.38,4,4,0,2024-01-01,2025-01-07,0.0,372,2,1,1.0960164513653776,0.20512571473919405,Premium / Global Investors
C0589,Individual,Christopher,Williams,1946-09-21,M,USA,Texas,Investment,5,No,Client,78,0,4,1982246.22,495561.555,539246.07,1699.3675,6797.47,4,3,1,2024-01-02,2025-01-09,0.25,373,2,1,3.2962864371460294,2.2755186386971165,Premium / Global Investors
C0590,Individual,Arthur,Campbell,1966-09-16,M,UK,Scotland,Investment,2,No,Website,58,0,4,1105388.89,276347.22250000003,364484.54,935.765,3743.06,4,4,0,2024-01-02,2025-01-07,0.0,371,1,1,-0.3541419197179235,-1.646059354352505,Mainstream Buyers
C0591,Individual,Dorothy,Long,1968-03-09,F,USA,Nevada,Home,1,No,Website,57,0,3,1336217.65,445405.8833333333,473238.41,1460.493333333333,4381.48,3,3,0,2024-01-03,2025-01-02,0.0,365,2,2,0.1908561851697478,2.224405996930244,Premium / Global Investors
C0592,Individual,Roger,Moore,1972-06-03,M,USA,Arizona,Investment,2,No,Client,53,0,3,787516.58,262505.5266666667,353140.87,851.4266666666667,2554.28,3,3,0,2024-01-06,2025-01-04,0.0,364,1,0,-2.338861544126298,-1.0098623356977143,Mainstream Buyers
C0593,Individual,Elizabeth,Carter,1952-08-08,F,USA,California,Home,2,Yes,Agency,72,1,4,2012063.38,503015.845,578707.72,1575.1075,6300.43,4,4,0,2024-01-04,2024-01-08,0.0,4,2,2,2.745670888654325,2.3767621331639686,Premium / Global Investors
C0594,Individual,Diane,Patterson,1942-02-08,F,USA,Utah,Home,1,No,Agency,83,0,3,1137572.87,379190.9566666667,501939.76,1221.6766666666665,3665.03,3,3,0,2024-01-01,2025-01-08,0.0,373,2,2,-0.6879661165370909,0.9137750054469246,Premium / Global Investors
C0595,Individual,Anna,Murray,1966-06-10,F,USA,Utah,Home,3,No,Agency,59,0,3,914304.97,304768.3233333333,491381.22,934.4333333333334,2803.3,3,2,1,2024-01-06,2025-01-04,0.333,364,1,0,-1.7796324879817158,-0.3691411480107401,Mainstream Buyers
C0596,Individual,Gerald,Phillips,1976-04-17,M,USA,Nevada,Home,4,No,Agency,49,0,4,1094771.49,273692.8725,349555.66,1023.9675,4095.87,4,3,1,2025-01-03,2025-01-12,0.25,9,3,0,-0.5349087973510891,-1.0478442607837153,First-Time Buyers
C0597,Individual,Peter,King,1986-02-17,M,UK,Northern Ireland,Home,2,Yes,Website,39,1,3,976844.17,325614.7233333333,336562.17,1033.62,3100.86,3,3,0,2024-01-06,2025-01-08,0.0,368,1,0,-1.523118218025842,0.09223877583670138,Mainstream Buyers
C0598,Individual,Jacob,Gray,1949-06-24,M,USA,Colorado,Investment,4,No,Website,76,0,4,1398930.7000000002,349732.67500000005,578866.18,1135.53,4542.12,4,4,0,2025-01-02,2025-01-12,0.0,10,3,0,0.5594414210870826,-0.24643209275951286,First-Time Buyers
C0599,Individual,Jennifer,Turner,1998-03-19,F,Canada,Alberta,Home,2,No,Agency,27,0,3,1162815.78,387605.26,519841.25,1354.0866666666668,4062.26,3,3,0,2024-01-04,2025-01-06,0.0,368,2,0,-0.6228635356667243,1.5227811364396375,Premium / Global Investors
C0600,Individual,Thomas,King,1984-03-17,M,USA,Oregon,Investment,1,No,Client,41,0,3,917709.61,305903.2033333333,331613.25,1042.71,3128.13,3,3,0,2024-01-06,2024-01-12,0.0,6,3,0,-2.0647185004595197,0.2719331955185156,First-Time Buyers
C0601,Individual,Lisa,Nelson,1972-10-16,F,USA,California,Home,4,No,Website,52,0,4,1700411.72,425102.93,608461.19,1307.3,5229.2,4,4,0,2024-01-03,2025-01-07,0.0,370,2,1,1.8720889407020096,0.633106153162154,Premium / Global Investors
C0602,Individual,Albert,Hayes,1984-03-24,M,Germany,Bavaria,Home,4,No,Agency,41,0,4,905508.82,226377.205,319887.69,748.33,2993.32,4,3,1,2024-01-04,2025-01-11,0.25,373,1,0,-1.1615777524470992,-2.499867536118505,Mainstream Buyers
C0603,Individual,Diane,Thompson,1994-07-01,F,USA,New York,Home,4,Yes,Agency,31,1,4,1218095.3,304523.825,402393.19,1027.81,4111.24,4,4,0,2024-01-04,2024-01-09,0.0,5,3,0,-0.30702448716287234,-0.7639233917372227,First-Time Buyers
C0604,Individual,Danielle,Montgomery,1998-09-17,F,Belgium,Wallonia,Home,1,No,Agency,26,0,3,791133.03,263711.01,427718.82,919.0466666666666,2757.14,3,2,1,2024-01-01,2025-01-07,0.333,372,1,0,-2.3846617540593873,-0.6077542923997955,Mainstream Buyers
C0605,Individual,Nathan,Flores,1974-06-28,M,USA,Utah,Home,4,Yes,Agency,51,1,4,1407314.33,351828.5825,470883.03,1267.07,5068.28,4,3,1,2024-01-01,2024-01-12,0.25,11,3,0,0.6642059583887052,0.2972103510055519,First-Time Buyers
C0606,Individual,Carolyn,Stone,1949-12-25,F,France,Ile-De-France,Investment,1,No,Website,75,0,3,1070969.53,356989.8433333333,442981.99,1146.263333333333,3438.79,3,3,0,2024-01-03,2025-01-12,0.0,375,1,0,-1.022758757578444,0.5344052835136356,Mainstream Buyers
C0607,Individual,Daniel,Edwards,1962-09-14,M,USA,California,Home,1,No,Agency,62,0,3,1125230.12,375076.7066666666,381636.61,1371.6133333333337,4114.84,3,3,0,2024-01-02,2024-01-12,0.0,10,3,2,-0.8585972145882264,1.6702761426896484,First-Time Buyers
C0608,Individual,Jerry,Adams,1956-06-14,M,USA,California,Home,4,No,Agency,69,0,4,1201411.56,300352.89,564420.33,1018.5225,4074.09,4,3,1,2024-01-04,2024-01-06,0.25,2,3,0,-0.1524981123723316,-0.9020950088033716,First-Time Buyers
C0609,Individual,Julia,Richardson,1961-05-22,F,USA,Washington,Home,4,No,Agency,64,0,4,1307567.64,326891.91,539078.45,1255.1325000000002,5020.530000000001,4,4,0,2024-01-08,2025-01-08,0.0,366,1,1,0.6828424343027362,-0.41255564268279854,Mainstream Buyers
C0610,Individual,Ann,Owens,1970-10-05,F,USA,California,Investment,4,No,Website,54,0,3,1178597.68,392865.8933333333,477431.41,1339.73,4019.19,3,3,0,2024-01-02,2025-01-09,0.0,373,2,0,-0.3505065990221376,1.3279319619511256,Premium / Global Investors
C0611,Individual,Jacob,Price,1950-06-12,M,USA,California,Home,4,No,Agency,75,0,4,1142671.94,285667.985,433951.65,997.415,3989.66,4,4,0,2024-01-03,2025-01-07,0.0,370,1,0,-0.012408984523889737,-1.5235541507070505,Mainstream Buyers
C0612,Individual,Kevin,Wood,1960-01-26,M,USA,Florida,Home,4,No,Agency,65,0,4,1671846.3,417961.575,633040.56,1389.15,5556.6,4,4,0,2024-01-01,2024-01-11,0.0,10,2,0,1.6084003517633167,1.1078613628783358,Premium / Global Investors
C0613,Individual,Cynthia,Cox,1995-02-10,F,Australia,Victoria,Home,4,No,Agency,30,0,3,1186019.52,395339.84,447068.49,1366.5633333333335,4099.6900000000005,3,3,0,2024-01-01,2025-01-10,0.0,375,2,2,-0.4409141759187458,1.5497619089792598,Premium / Global Investors
C0614,Individual,George,Bryant,1972-07-01,M,UK,Wales,Home,3,Yes,Website,53,1,4,1025958.38,256489.595,323890.25,858.9825,3435.93,4,3,1,2024-01-03,2025-01-06,0.25,369,1,0,-0.6399813696668006,-1.9546799899621132,Mainstream Buyers
C0615,Individual,Jordan,King,1957-12-01,M,USA,Utah,Home,2,Yes,Website,67,1,4,919002.01,229750.5025,284149.74,748.33,2993.32,4,4,0,2024-01-01,2025-01-10,0.0,375,1,0,-1.0696667439766785,-2.596872734009645,Mainstream Buyers
C0616,Individual,Julie,Brooks,1963-04-17,F,USA,Virginia,Investment,1,Yes,Agency,62,1,3,1013364.3,337788.10000000003,519571.55,1074.6233333333332,3223.87,3,2,1,2024-01-11,2025-01-02,0.333,357,1,0,-1.3617020257500483,0.3357339834057441,Mainstream Buyers
C0617,Individual,Carolyn,Evans,1986-07-10,F,USA,Ohio,Home,5,Yes,Website,38,1,3,766861.21,255620.4033333333,408314.89,849.6366666666667,2548.91,3,3,0,2024-01-02,2024-01-10,0.0,8,3,0,-2.6664442078649766,-0.785693956019964,First-Time Buyers
C0618,Individual,Austin,Taylor,1968-11-05,M,USA,Texas,Home,3,No,Agency,56,0,3,982803.0,327601.0,498882.11,1113.29,3339.87,3,2,1,2024-01-04,2024-01-09,0.333,5,3,0,-1.619784369267235,0.6560064602710408,First-Time Buyers
C0619,Individual,Heather,Morales,1970-04-25,F,USA,Washington,Home,4,No,Website,55,0,3,1411977.41,470659.13666666666,545321.51,1471.9,4415.7,3,1,2,2024-01-04,2024-01-07,0.667,3,2,2,0.25598644115815233,2.9352471519007195,Premium / Global Investors
C0620,Individual,Sarah,Howard,1960-04-22,F,France,Brittany,Home,3,No,Website,65,0,3,1532429.29,510809.76333333337,619177.19,1504.28,4512.84,3,2,1,2024-01-09,2025-01-08,0.333,365,2,2,0.9689336173159715,2.945486124094899,Premium / Global Investors
C0621,Individual,Jonathan,Turner,1982-02-13,M,Germany,Bavaria,Investment,3,Yes,Agency,43,1,3,791609.11,263869.7033333333,372530.49,869.7866666666667,2609.36,3,3,0,2024-01-10,2025-01-04,0.0,360,1,0,-2.3325775977676506,-0.9265105914411521,Mainstream Buyers
C0622,Individual,Katherine,Ward,1987-09-10,F,USA,Washington,Investment,2,No,Client,37,0,3,869334.73,289778.24333333335,353174.47,980.87,2942.61,3,3,0,2024-01-02,2025-01-12,0.0,376,1,0,-1.990494023673301,-0.38880540279372594,Mainstream Buyers
C0623,Individual,Jonathan,Adams,1986-04-27,M,USA,Florida,Investment,3,Yes,Client,39,1,4,1410333.45,352583.3625,490155.8,1146.02,4584.08,4,3,1,2024-01-03,2025-01-11,0.25,374,1,0,0.7514419590857182,-0.2885275333305045,Mainstream Buyers
C0624,Individual,Carl,Jordan,2000-02-09,M,USA,Nevada,Investment,3,No,Agency,25,0,3,1215611.54,405203.8466666667,497030.07,1413.8666666666668,4241.6,3,3,0,2024-01-09,2025-01-11,0.0,368,2,2,-0.30303368117809343,1.8096807178124343,Premium / Global Investors
C0625,Individual,Deborah,Hayes,1983-08-07,F,Belgium,Flanders,Investment,2,Yes,Agency,41,1,4,1000166.88,250041.72,308545.24,851.0225,3404.09,4,3,1,2024-01-06,2025-01-11,0.25,371,1,0,-0.8775684193500297,-1.9866738842769305,Mainstream Buyers
C0626,Individual,Sara,Jones,1968-06-13,F,Germany,Hamburg,Investment,2,No,Website,57,0,3,1061694.13,353898.0433333334,448491.59,1244.5566666666666,3733.67,3,3,0,2024-01-04,2025-01-09,0.0,371,1,0,-0.9578013252011077,0.8042426768658913,Mainstream Buyers
C0627,Individual,Katherine,Johnson,2000-07-11,F,USA,Arizona,Home,3,No,Agency,24,0,4,1870806.42,467701.605,562008.09,1726.0575,6904.23,4,2,2,2024-01-03,2024-01-11,0.5,8,2,2,2.418744003539436,2.7517780420711055,Premium / Global Investors
C0628,Individual,Arthur,Campbell,1985-05-16,M,Canada,British Columbia,Home,3,Yes,Agency,40,1,4,1623109.63,405777.4075,601135.7,1250.39,5001.56,4,3,1,2024-01-01,2025-01-07,0.25,372,2,1,1.469525781448077,0.4954247878862658,Premium / Global Investors
C0629,Individual,Maria,Richardson,1946-09-07,F,USA,California,Investment,2,No,Agency,78,0,3,961721.77,320573.92333333334,404054.56,1129.1766666666665,3387.53,3,3,0,2024-01-02,2025-01-10,0.0,374,1,0,-1.329251423904334,0.10517266019619818,Mainstream Buyers
C0630,Individual,Stephen,Roberts,1965-07-28,M,USA,California,Home,2,No,Website,59,0,4,1308077.61,327019.4025,521382.1,1075.505,4302.02,4,3,1,2024-01-07,2025-01-12,0.25,371,1,0,0.4684262220829678,-0.7633797433175402,Mainstream Buyers
C0631,Individual,Dorothy,Flores,1966-11-12,F,USA,California,Home,5,No,Website,58,0,4,1534891.22,383722.805,458349.81,1227.645,4910.58,4,3,1,2024-01-06,2025-01-05,0.25,365,2,1,1.3710625608359057,0.06967574204537315,Premium / Global Investors
C0632,Individual,Thomas,Nelson,1948-05-16,M,UK,Northern Ireland,Home,4,No,Website,77,0,4,1146845.98,286711.495,386036.16,947.7475,3790.99,4,4,0,2024-01-10,2025-01-05,0.0,361,1,0,-0.07915244024643037,-1.6210513971581904,Mainstream Buyers
C0633,Individual,Ann,Owens,1941-12-05,F,USA,Nevada,Home,3,No,Agency,83,0,4,1207516.26,301879.065,526337.84,928.745,3714.98,4,4,0,2024-01-02,2025-01-10,0.0,374,1,0,0.014369300083385286,-1.5507587357611383,Mainstream Buyers
C0634,Individual,Justin,Ward,1980-11-17,M,USA,Washington,Investment,4,Yes,Website,44,1,3,1181693.63,393897.87666666665,498320.91,1393.1066666666666,4179.32,3,2,1,2024-01-03,2025-01-01,0.333,364,2,0,-0.29783400244150315,1.6558957883155885,Premium / Global Investors
C0635,Individual,Kimberly,King,1960-06-14,F,UK,Scotland,Investment,5,No,Website,65,0,3,1375700.03,458566.6766666667,503560.15,1460.493333333333,4381.48,3,1,2,2024-01-09,2025-01-03,0.667,360,2,2,0.4947680597882344,2.3921812526051225,Premium / Global Investors
C0636,Individual,Kathleen,Rogers,1980-10-11,F,France,Brittany,Home,5,No,Website,44,0,4,981810.08,245452.52,368940.08,827.3575000000001,3309.4300000000003,4,4,0,2024-01-04,2025-01-12,0.0,374,1,0,-0.8085010566782005,-2.2476515905915915,Mainstream Buyers
C0637,Individual,Catherine,Stone,1967-08-14,F,USA,California,Home,2,No,Website,57,0,4,1602478.07,400619.5175,487674.6,1296.5625,5186.25,4,4,0,2024-01-02,2025-01-05,0.0,369,2,1,1.5298083892214198,0.41725915611188685,Premium / Global Investors
C0638,Individual,Jason,King,1975-04-02,M,USA,Ohio,Home,5,Yes,Website,50,1,4,1347045.42,336761.355,527612.39,1204.4975,4817.99,4,3,1,2024-01-03,2025-01-02,0.25,365,1,0,0.7869167606470324,-0.36272668142291953,Mainstream Buyers
C0639,Individual,Mark,Campbell,1961-03-03,M,UK,Scotland,Home,3,Yes,Website,64,1,3,861670.72,287223.5733333333,446713.63,1008.13,3024.3900000000003,3,3,0,2025-01-08,2025-01-11,0.0,3,3,0,-2.113573765573454,-0.1032678529697416,First-Time Buyers
C0640,Individual,Emily,Thompson,1967-01-03,F,USA,Utah,Home,3,No,Agency,58,0,3,772950.1699999999,257650.05666666664,339275.85,915.6366666666668,2746.91,3,3,0,2024-01-04,2025-01-07,0.0,369,1,0,-2.26793881751462,-0.9362604744873084,Mainstream Buyers
C0641,Company,Zynex,Co,1994-02-26,M,USA,Arizona,Home,2,No,Agency,31,0,3,1217213.26,405737.75333333336,463667.58,1240.6066666666666,3721.82,3,3,0,2024-01-10,2025-01-03,0.0,359,2,0,-0.5448199367401965,1.3908190956130926,Premium / Global Investors
C0642,Individual,Julia,Reyes,1967-11-21,F,USA,California,Home,4,No,Website,57,0,3,1027140.61,342380.2033333333,512135.16,1161.5433333333333,3484.63,3,3,0,2024-01-01,2024-01-06,0.0,5,3,0,-1.3662799425987748,0.7485643085321498,First-Time Buyers
C0643,Individual,Samantha,Richardson,1974-05-05,F,USA,California,Home,5,No,Website,51,0,3,928645.01,309548.33666666667,376815.49,1016.5033333333334,3049.51,3,3,0,2024-01-10,2025-01-11,0.0,367,1,0,-1.537047835530115,-0.2632609519560422,Mainstream Buyers
C0644,Individual,Teresa,Johnson,1956-08-25,F,USA,California,Home,4,Yes,Agency,68,1,3,1549624.23,516541.41,599850.78,1630.1366666666663,4890.41,3,2,1,2024-01-01,2024-01-12,0.333,11,2,2,0.9383528248590729,3.5895426251020135,Premium / Global Investors
C0645,Individual,Arthur,Cox,1988-07-18,M,USA,Nevada,Home,2,No,Client,36,0,3,731453.53,243817.84333333332,268604.55,862.11,2586.33,3,3,0,2025-01-01,2025-01-08,0.0,7,3,0,-2.859002069474714,-0.7526614962555629,First-Time Buyers
C0646,Individual,Cynthia,Campbell,1995-07-21,F,USA,Arizona,Investment,5,No,Agency,29,0,3,1325311.83,441770.61,479212.8,1464.0166666666669,4392.05,3,3,0,2024-01-06,2025-01-12,0.0,372,2,2,0.1617433653880817,2.1857645839760935,Premium / Global Investors
C0647,Individual,Victoria,Green,1946-06-02,F,USA,California,Home,4,No,Agency,79,0,4,2115520.42,528880.105,647138.13,1676.3825,6705.53,4,3,1,2025-01-09,2025-01-12,0.25,3,2,2,3.2824196887403017,2.8708115429361984,Premium / Global Investors
C0648,Individual,Stephanie,Reed,1999-02-03,F,USA,California,Home,1,Yes,Website,26,1,4,1142985.38,285746.345,404330.66,984.6475,3938.59,4,4,0,2024-01-04,2025-01-04,0.0,366,1,0,-0.32237674648431064,-1.3135026630793183,Mainstream Buyers
C0649,Individual,Patricia,Mitchell,1995-01-03,F,USA,California,Home,4,No,Agency,30,0,4,1401448.51,350362.1275,511233.23,1136.6925,4546.77,4,0,4,2024-01-04,2025-01-04,1.0,366,1,0,0.753285835734397,-0.1278153010164076,Mainstream Buyers
C0650,Company,Polaris,Co,1976-02-19,M,France,Occitanie,Home,3,Yes,Client,49,1,3,799742.26,266580.75333333336,290736.09,932.37,2797.11,3,3,0,2024-01-02,2025-01-12,0.0,376,1,0,-2.16444944790757,-0.7709818064918588,Mainstream Buyers
C0651,Company,Horizon,Co,1993-01-14,M,USA,Washington,Home,1,No,Agency,32,0,4,1077094.73,269273.6825,398037.98,948.7575,3795.03,4,4,0,2024-01-03,2025-01-10,0.0,373,1,0,-0.5560397957753367,-1.5378106499288433,Mainstream Buyers
C0652,Individual,Heather,Johnson,1993-08-12,F,USA,Washington,Home,2,No,Website,31,0,3,904157.22,301385.74,439896.91,985.5433333333334,2956.63,3,3,0,2024-01-08,2025-01-09,0.0,367,1,0,-1.8694950475084224,-0.23364562497188138,Mainstream Buyers
C0653,Individual,Gerald,Adams,1970-07-22,M,USA,Ohio,Home,2,No,Client,54,0,4,1215543.15,303885.7875,421423.2,1053.27,4213.08,4,3,1,2024-01-08,2025-01-09,0.25,367,1,1,0.10692301720807812,-0.9915464002967966,Mainstream Buyers
C0654,Individual,Eric,Griffin,1960-07-05,M,USA,New York,Home,2,Yes,Website,64,1,3,865293.89,288431.2966666667,388799.01,1015.94,3047.82,3,2,1,2024-01-06,2025-01-09,0.333,369,1,0,-1.776894935621138,-0.28887061619429055,Mainstream Buyers
C0655,Individual,Patricia,King,1950-05-19,F,USA,Nevada,Home,1,Yes,Agency,75,1,3,1071763.22,357254.4066666667,438371.45,1138.4233333333334,3415.27,3,3,0,2024-01-06,2025-01-05,0.0,365,1,0,-1.0398183076424707,0.5356241855158147,Mainstream Buyers
C0656,Individual,Amber,Allen,1977-08-02,F,USA,Colorado,Home,5,No,Client,47,0,4,1288383.38,322095.845,505553.38,1190.4075,4761.63,4,3,1,2024-01-02,2025-01-09,0.25,373,1,1,0.549319722212328,-0.5452927425086083,Mainstream Buyers
C0657,Individual,Alexander,Allen,1956-09-26,M,USA,California,Home,2,No,Agency,68,0,3,1258111.3199999998,419370.44,593053.61,1338.1466666666668,4014.44,3,3,0,2024-01-02,2025-01-11,0.0,375,2,2,-0.10529740111575,1.5956001582729564,Premium / Global Investors
C0658,Individual,Kelly,Green,1999-12-13,F,USA,Virginia,Home,3,Yes,Agency,25,1,3,1122021.28,374007.0933333333,491470.69,1271.67,3815.01,3,2,1,2024-01-03,2025-01-11,0.333,374,2,0,-0.7892572226454504,1.2479277912374074,Premium / Global Investors
C0659,Individual,Sara,Foster,1988-06-10,F,USA,California,Home,4,Yes,Agency,37,1,4,1000550.86,250137.715,315923.54,832.615,3330.46,4,3,1,2025-01-02,2025-01-11,0.25,9,3,0,-1.1060546077053106,-1.7540601583608952,First-Time Buyers
C0660,Individual,Charles,Kim,1991-10-08,M,USA,Arizona,Home,4,Yes,Client,33,1,3,1148308.35,382769.45,425964.32,1337.0533333333333,4011.16,3,3,0,2024-01-03,2025-01-06,0.0,369,2,2,-0.537377772887252,1.358233766779684,Premium / Global Investors
C0661,Individual,Deborah,Williams,1961-06-25,F,Canada,Manitoba,Home,3,No,Website,64,0,4,1627713.0499999998,406928.2625,621646.32,1299.3275,5197.31,4,4,0,2024-01-01,2025-01-12,0.0,377,2,1,1.6217456995973971,0.45304566477837044,Premium / Global Investors
C0662,Individual,Stephanie,Kim,1957-08-25,F,USA,California,Investment,3,No,Website,67,0,4,1520239.97,380059.9925,524135.1,1175.235,4700.94,4,4,0,2024-01-03,2025-01-03,0.0,366,2,1,1.1940422166301565,-0.16012978178253326,Premium / Global Investors
C0663,Individual,Anthony,Flores,1958-02-02,M,USA,California,Home,2,Yes,Agency,67,1,4,1544313.34,386078.335,601666.05,1234.8075,4939.23,4,4,0,2024-01-05,2025-01-10,0.0,371,2,1,1.3236443088688663,0.10430466831508521,Premium / Global Investors
C0664,Individual,Lawrence,Wood,1958-08-17,M,Canada,Alberta,Investment,5,Yes,Website,66,1,4,1063024.57,265756.1425,369441.6,897.47,3589.88,4,3,1,2024-01-04,2025-01-04,0.25,366,1,0,-0.3919406147182803,-1.877830329259449,Mainstream Buyers
C0665,Individual,Robert,Adams,1959-08-27,M,USA,Colorado,Investment,1,No,Agency,65,0,3,704886.02,234962.00666666668,259327.23,765.68,2297.04,3,3,0,2024-01-05,2025-01-02,0.0,363,1,0,-2.7148427577405303,-1.496666111356302,Mainstream Buyers
C0666,Individual,Maria,Davis,1948-09-10,F,USA,California,Investment,1,No,Website,76,0,4,1532074.27,383018.5675,533934.58,1271.345,5085.38,4,2,2,2024-01-03,2025-01-12,0.5,375,2,1,1.3524446420702319,0.2732624298268818,Premium / Global Investors
C0667,Individual,Anthony,Mitchell,1966-07-07,M,USA,Arizona,Investment,2,No,Agency,58,0,4,1486560.06,371640.015,528551.13,1295.265,5181.06,4,4,0,2024-01-04,2024-01-12,0.0,8,3,0,0.8483333202364607,0.508655380486157,First-Time Buyers
C0668,Individual,Margaret,Peterson,1978-11-15,F,France,Ile-De-France,Investment,4,Yes,Website,46,1,4,987175.01,246793.7525,407789.69,824.2025,3296.81,4,4,0,2024-01-11,2025-01-09,0.0,364,1,0,-0.8509966378964544,-2.226993291630867,Mainstream Buyers
C0669,Individual,Cheryl,Bell,1958-03-18,F,Canada,British Columbia,Home,3,No,Agency,67,0,3,1366533.49,455511.1633333333,540922.9,1599.3433333333332,4798.03,3,2,1,2024-01-08,2025-01-07,0.333,365,2,2,0.5472918061451673,2.696205341083984,Premium / Global Investors
C0670,Company,Altira,Co,1976-06-18,M,USA,Nevada,Investment,4,No,Website,49,0,3,1631973.5499999998,543991.1833333332,625384.45,1800.45,5401.35,3,3,0,2024-01-02,2025-01-01,0.0,365,2,2,1.6743183957942716,3.9440241645492335,Premium / Global Investors
C0671,Individual,Jerry,Pierce,1941-09-12,M,USA,Colorado,Home,4,Yes,Client,83,1,3,759678.12,253226.04,361032.68,849.6366666666667,2548.91,3,3,0,2025-01-02,2025-01-09,0.0,7,3,0,-2.551245203204651,-0.929836457910723,First-Time Buyers
C0672,Individual,Amber,Williams,1967-10-03,F,USA,California,Home,2,No,Website,57,0,3,1301968.05,433989.35,535756.29,1452.263333333333,4356.79,3,2,1,2024-01-09,2025-01-08,0.333,365,2,2,0.1527373055792575,2.146753644135286,Premium / Global Investors
C0673,Individual,Janice,Hayes,1965-10-19,F,USA,California,Home,4,No,Website,59,0,3,870503.9000000001,290167.96666666673,319736.59,1012.96,3038.88,3,3,0,2024-01-10,2025-01-11,0.0,367,1,0,-1.731916933295598,-0.44783901300433465,Mainstream Buyers
C0674,Individual,Judy,Turner,1986-05-26,F,USA,California,Investment,4,No,Website,39,0,4,1733438.52,433359.63,584942.34,1365.9450000000002,5463.780000000001,4,4,0,2024-01-01,2025-01-10,0.0,375,2,1,1.9866612599461362,0.8939916319302454,Premium / Global Investors
C0675,Individual,Andrea,Wright,1969-12-23,F,USA,Texas,Home,5,No,Website,55,0,3,1117159.17,372386.39,528517.95,1113.29,3339.87,3,2,1,2024-01-08,2024-01-09,0.333,1,3,0,-1.134860086815059,0.9896921349892834,First-Time Buyers
C0676,Individual,Lisa,Davis,1942-12-06,F,USA,Nevada,Home,2,No,Agency,82,0,3,1022396.03,340798.6766666667,478630.37,989.0566666666668,2967.17,3,2,1,2024-01-03,2024-01-03,0.333,0,3,0,-1.6349509215678981,0.37607640483320226,First-Time Buyers
C0677,Individual,Jerry,Miller,1981-02-09,M,USA,Arizona,Investment,2,No,Agency,44,0,4,1217015.11,304253.7775,362582.49,1024.3375,4097.35,4,3,1,2024-01-03,2025-01-08,0.25,371,1,1,0.01741343085075197,-1.0319677833230831,Mainstream Buyers
C0678,Individual,Joseph,Watson,1972-10-19,M,USA,California,Home,4,Yes,Website,52,1,3,904050.87,301350.29,449002.59,897.3100000000001,2691.9300000000003,3,1,2,2024-01-02,2025-01-08,0.667,372,1,0,-1.7338561919813797,-0.4271510181003876,Mainstream Buyers
C0679,Individual,Lisa,Patterson,1964-02-12,F,USA,Nevada,Home,1,No,Agency,61,0,4,1945371.68,486342.92,542183.91,1726.0575,6904.23,4,3,1,2024-01-04,2025-01-10,0.25,372,2,1,3.000705654831121,2.436260587619804,Premium / Global Investors
C0680,Individual,Andrew,Griffin,1965-04-16,M,USA,Utah,Investment,2,No,Agency,60,0,4,1533727.71,383431.9275,527252.15,1333.2775,5333.11,4,4,0,2024-01-04,2025-01-11,0.0,373,2,1,1.3600425783298375,0.37012697785009885,Premium / Global Investors
C0681,Company,Helios,Co,1977-04-25,F,USA,California,Home,3,No,Agency,48,0,4,736696.97,184174.2425,258314.7,658.8625,2635.45,4,4,0,2024-01-02,2025-01-11,0.0,375,1,0,-1.7610771373240015,-3.2348365567837254,Mainstream Buyers
C0682,Individual,Donald,Bennett,1973-12-06,M,USA,California,Home,5,No,Website,51,0,4,1436006.22,359001.555,454375.43,1214.5625,4858.25,4,4,0,2024-01-06,2025-01-02,0.0,362,2,1,1.0683205429413125,-0.22209086225657934,Premium / Global Investors
C0683,Individual,Patrick,Jordan,1948-08-20,M,USA,Colorado,Home,2,Yes,Agency,76,1,3,1216565.53,405521.8433333333,484751.08,1463.22,4389.66,3,3,0,2024-01-04,2025-01-04,0.0,366,2,2,-0.08013091256876277,1.7926917671496396,Premium / Global Investors
C0684,Individual,Donald,Miller,1985-05-10,M,USA,California,Home,1,No,Agency,40,0,4,1402625.45,350656.3625,472614.44,1120.62,4482.48,4,3,1,2024-01-04,2025-01-12,0.25,374,1,1,0.6608362866868063,-0.32662981853435047,Mainstream Buyers
C0685,Individual,Sharon,Hansen,1987-04-18,F,USA,Washington,Home,5,No,Agency,38,0,3,1129835.06,376611.6866666667,632201.17,1228.503333333333,3685.51,3,2,1,2025-01-01,2025-01-10,0.333,9,3,0,-1.0271040344979911,1.39802984257607,First-Time Buyers
C0686,Individual,Michael,Howard,1963-11-17,M,USA,California,Home,1,Yes,Website,61,1,3,1250166.33,416722.11,528510.9,1369.7300000000002,4109.1900000000005,3,3,0,2024-01-01,2025-01-09,0.0,374,2,2,-0.12266224223047512,1.6999481273133386,Premium / Global Investors
C0687,Individual,Susan,Long,1959-03-01,F,USA,Utah,Home,3,Yes,Website,66,1,4,1532604.0,383151.0,720425.67,1210.7375000000002,4842.950000000001,4,3,1,2024-01-06,2025-01-07,0.25,367,2,1,1.267658584967882,0.06459226157358826,Premium / Global Investors
C0688,Individual,Kathleen,Howard,1968-04-12,F,USA,Colorado,Investment,5,Yes,Website,57,1,4,1093762.42,273440.605,415205.7,868.5725,3474.29,4,3,1,2024-01-02,2025-01-10,0.25,374,1,0,-0.3816280246273963,-1.8827030118319517,Mainstream Buyers
C0689,Individual,Ann,Williams,1998-04-17,F,USA,California,Home,4,No,Website,27,0,3,1051259.37,350419.79000000004,433353.3,1186.05,3558.15,3,2,1,2025-01-05,2025-01-11,0.333,6,3,0,-1.346382492390769,1.0862161027404553,First-Time Buyers
C0690,Individual,Janet,Stewart,1985-09-09,F,USA,Oregon,Home,4,Yes,Agency,39,1,4,1402023.24,350505.81,527730.49,1150.3275,4601.31,4,3,1,2024-01-01,2025-01-12,0.25,377,1,1,0.7431046380496455,-0.32918114004583243,Mainstream Buyers
C0691,Individual,Kenneth,Bell,1943-07-22,M,USA,California,Investment,4,No,Agency,81,0,4,948552.89,237138.2225,307826.14,816.16,3264.64,4,4,0,2024-01-03,2025-01-08,0.0,371,1,0,-0.7873871177309644,-2.4768167668935517,Mainstream Buyers
C0692,Individual,Adam,Roberts,1964-03-14,M,USA,Georgia,Investment,3,No,Agency,61,0,4,1206585.87,301646.4675,395284.05,1011.5875,4046.35,4,4,0,2024-01-05,2025-01-05,0.0,366,1,0,0.049285912702317664,-1.2495335797977418,Mainstream Buyers
C0693,Individual,Jesse,Chavez,1957-04-28,M,USA,California,Investment,5,Yes,Agency,68,1,4,1831502.92,457875.73,572810.16,1498.6825,5994.73,4,3,1,2024-01-01,2024-01-12,0.25,11,2,0,2.2725691174929974,1.7594344668807014,Premium / Global Investors
C0694,Company,Sterling,Co,1989-07-13,M,UK,Scotland,Investment,2,No,Website,35,0,4,1287767.07,321941.7675,382289.82,1063.04,4252.16,4,3,1,2024-01-01,2025-01-10,0.25,375,1,1,0.2582684496576537,-0.7437694165664778,Mainstream Buyers
C0695,Individual,Timothy,Rogers,1947-03-24,M,USA,Washington,Home,4,No,Website,78,0,3,870451.65,290150.55,381213.39,934.8733333333332,2804.62,3,2,1,2024-01-07,2025-01-01,0.333,360,1,0,-1.7562935022757684,-0.5781674458260958,Mainstream Buyers
C0696,Individual,Carol,Green,1994-06-03,F,USA,Washington,Investment,5,Yes,Agency,31,1,4,1417025.49,354256.3725,610973.17,1246.6175,4986.47,4,3,1,2024-01-01,2025-01-10,0.25,375,2,1,0.8998187731078169,-0.03917573547572539,Premium / Global Investors
C0697,Individual,Bryan,Mitchell,1986-01-11,M,USA,California,Investment,4,Yes,Agency,39,1,4,1203571.2,300892.8,529206.1,1036.6525,4146.61,4,4,0,2024-01-10,2025-01-10,0.0,366,1,1,0.06065703986368626,-1.1579533956976746,Mainstream Buyers
C0698,Individual,Maria,Scott,1946-07-16,F,USA,California,Home,2,Yes,Website,78,1,4,1560635.51,390158.8775,575207.87,1286.9575,5147.83,4,3,1,2024-01-03,2025-01-06,0.25,369,2,1,1.4881075479056942,0.29001267016524834,Premium / Global Investors
C0699,Individual,Stephen,Bennett,1986-12-22,M,USA,Washington,Home,1,Yes,Agency,38,1,3,1292445.15,430815.05,497579.57,1357.1933333333334,4071.58,3,3,0,2024-01-01,2025-01-11,0.0,376,2,2,-0.1511042785602325,1.911224725854073,Premium / Global Investors
C0700,Individual,Christine,Sanders,1944-04-14,F,USA,Washington,Home,5,No,Website,81,0,3,724453.7,241484.56666666665,302845.83,851.4266666666667,2554.28,3,3,0,2024-01-11,2025-01-12,0.0,367,1,0,-2.326240312178569,-1.3845368779598048,Mainstream Buyers
C0701,Individual,Danielle,Peterson,1962-09-17,F,UK,England,Investment,1,No,Website,62,0,4,1318537.76,329634.44,610952.85,1050.5725,4202.29,4,4,0,2024-01-10,2025-01-12,0.0,368,1,1,0.3354384698922781,-0.8520360837977107,Mainstream Buyers
C0702,Individual,Nicholas,Flores,1966-07-24,M,USA,Arizona,Home,5,No,Agency,58,0,3,1215022.0,405007.3333333333,437978.56,1303.7766666666666,3911.33,3,3,0,2024-01-06,2025-01-01,0.0,361,2,0,-0.2587562896174731,1.3668454761789994,Premium / Global Investors
C0703,Company,Elara,Co,1984-05-15,M,USA,Colorado,Home,3,No,Website,41,0,3,938073.57,312691.19,394037.08,1023.88,3071.6400000000003,3,3,0,2024-01-07,2025-01-08,0.0,367,1,0,-1.6042412979592973,-0.09515037560528208,Mainstream Buyers
C0704,Individual,Nicole,Jordan,1942-01-23,F,USA,Georgia,Home,4,No,Agency,83,0,3,1130778.86,376926.2866666667,431012.78,1194.9266666666665,3584.78,3,2,1,2024-01-04,2024-01-11,0.333,7,3,0,-0.942350616291681,1.169893370629511,First-Time Buyers
C0705,Individual,Timothy,Murray,1940-12-18,M,USA,Nevada,Home,3,No,Website,84,0,3,1643383.67,547794.5566666666,670575.87,1680.5266666666666,5041.58,3,3,0,2024-01-02,2024-01-07,0.0,5,2,2,1.337431974040505,3.9086773880929986,Premium / Global Investors
C0706,Individual,Kyle,Thomas,1984-06-23,M,UK,England,Investment,2,No,Client,41,0,3,1034954.84,344984.94666666666,437082.22,1162.6166666666666,3487.85,3,3,0,2024-01-06,2025-01-01,0.0,361,1,0,-1.1988886228967324,0.5911588872243464,Mainstream Buyers
C0707,Individual,Zachary,Richardson,1995-09-23,M,USA,Virginia,Home,5,Yes,Website,29,1,4,1171255.22,292813.805,399196.41,956.935,3827.74,4,3,1,2024-01-04,2025-01-09,0.25,371,1,0,-0.10462532605674865,-1.3392819482391882,Mainstream Buyers
C0708,Individual,Brian,Cook,1964-11-28,M,USA,California,Home,2,No,Client,60,0,3,1539340.87,513113.6233333333,658501.84,1523.6933333333334,4571.08,3,1,2,2024-01-07,2024-01-12,0.667,5,2,2,0.7194539868248013,3.47287487599397,Premium / Global Investors
C0709,Individual,Samantha,Price,1982-06-11,F,USA,Georgia,Home,2,Yes,Agency,43,1,4,1233960.52,308490.13,558878.17,1009.23,4036.92,4,4,0,2024-01-07,2025-01-09,0.0,368,1,0,0.0018084568282627084,-1.1045881903812376,Mainstream Buyers
C0710,Individual,Kyle,Bryant,1946-08-18,M,USA,Oregon,Home,2,Yes,Agency,78,1,4,1158001.36,289500.34,510596.18,939.3575,3757.43,4,4,0,2024-01-02,2025-01-12,0.0,376,1,0,-0.13313974306236945,-1.5843854042408212,Mainstream Buyers
C0711,Individual,Victoria,Hughes,1995-10-20,F,USA,California,Investment,3,No,Agency,29,0,4,1045658.54,261414.635,383676.59,905.7525,3623.01,4,3,1,2024-01-06,2024-01-12,0.25,6,3,0,-0.9611498019304607,-1.4102444604191835,First-Time Buyers
C0712,Individual,Joseph,Scott,1991-01-21,M,USA,California,Home,1,No,Agency,34,0,3,701688.31,233896.10333333336,311645.47,842.68,2528.04,3,2,1,2024-01-03,2024-01-06,0.333,3,3,0,-2.9890856944035944,-0.7741459095240337,First-Time Buyers
C0713,Individual,Debra,Thomas,1997-02-14,F,USA,California,Investment,3,No,Agency,28,0,3,946537.74,315512.58,467446.4,1125.17,3375.51,3,3,0,2024-01-05,2025-01-03,0.0,364,1,0,-1.536144977126701,0.21163620267529923,Mainstream Buyers
C0714,Individual,Kyle,Murray,1977-03-01,M,Russia,Saint Petersburg,Home,3,No,Website,48,0,3,1520218.18,506739.3933333333,606614.22,1680.5266666666666,5041.58,3,1,2,2024-01-03,2025-01-10,0.667,373,2,2,1.1633526413337254,3.5291518435089717,Premium / Global Investors
C0715,Individual,Janice,Wilson,1982-05-08,F,USA,Utah,Home,3,No,Website,43,0,3,1151372.75,383790.9166666667,523101.86,1340.7666666666669,4022.3,3,2,1,2024-01-01,2025-01-01,0.333,366,2,2,-0.5155941844819991,1.4477917501898405,Premium / Global Investors
C0716,Individual,Jordan,Davis,1994-10-24,M,UK,Northern Ireland,Home,1,No,Client,30,0,3,1173245.74,391081.9133333333,512554.33,1334.1,4002.3,3,2,1,2024-01-03,2025-01-11,0.333,374,2,0,-0.5659825019099891,1.6139992745205651,Premium / Global Investors
C0717,Individual,Virginia,Weaver,1946-09-06,F,USA,Arizona,Investment,3,Yes,Agency,78,1,3,1000529.67,333509.89,419346.92,1156.5633333333333,3469.69,3,2,1,2024-01-03,2025-01-06,0.333,369,1,0,-1.1533285634824537,0.3868904488631157,Mainstream Buyers
C0718,Individual,Martha,Scott,1944-08-10,F,France,Ile-De-France,Home,2,Yes,Website,80,1,3,900157.9099999999,300052.63666666666,406298.92,1123.8033333333333,3371.41,3,2,1,2024-01-08,2025-01-02,0.333,360,1,0,-1.5199136202400116,0.03695310695307567,Mainstream Buyers
C0719,Individual,Jason,Jordan,1974-02-07,M,USA,California,Investment,2,Yes,Agency,51,1,3,912916.77,304305.59,359309.3,1023.88,3071.6400000000003,3,3,0,2024-01-04,2025-01-12,0.0,374,1,0,-1.691023187781657,-0.2051661198380796,Mainstream Buyers
C0720,Individual,Shirley,Wilson,1981-05-17,F,USA,California,Investment,1,Yes,Agency,44,1,4,844316.69,211079.1725,257796.8,678.3725,2713.49,4,2,2,2024-01-12,2025-01-12,0.5,366,1,0,-1.5153457954833751,-2.7273648514006075,Mainstream Buyers
C0721,Individual,Julia,Jordan,1999-07-03,F,USA,Florida,Home,4,No,Website,25,0,4,1167212.02,291803.005,468906.08,939.4875,3757.95,4,3,1,2024-01-04,2025-01-10,0.25,372,1,0,-0.2154577051623159,-1.3664762103586974,Mainstream Buyers
C0722,Individual,Carol,Sanders,1943-11-09,F,USA,Texas,Home,1,No,Website,81,0,3,936104.05,312034.68333333335,428259.32,1033.4833333333331,3100.45,3,3,0,2024-01-09,2025-01-09,0.0,366,1,0,-1.5584789521373241,-0.17377837090541487,Mainstream Buyers
C0723,Individual,Ann,Hansen,1999-04-19,F,Germany,North Rhine-Westphalia,Home,3,Yes,Website,26,1,3,1554043.79,518014.5966666667,641498.15,1671.7666666666669,5015.3,3,3,0,2024-01-09,2025-01-03,0.0,360,2,2,1.0931507507296419,3.4953834447070387,Premium / Global Investors
C0724,Individual,Samuel,Howard,1960-09-27,M,USA,Arizona,Investment,4,Yes,Agency,64,1,4,1564795.28,391198.82,595879.26,1255.1325000000002,5020.530000000001,4,3,1,2024-01-05,2025-01-11,0.25,372,2,1,1.4394703783437557,0.24288857408735634,Premium / Global Investors
C0725,Individual,Katherine,Jones,1983-03-07,F,USA,New York,Home,3,No,Website,42,0,3,1557779.53,519259.8433333333,566513.0,1733.68,5201.04,3,3,0,2024-01-09,2025-01-06,0.0,363,2,2,1.2664189151761391,3.605115222953524,Premium / Global Investors
C0726,Individual,Melissa,Harris,1977-01-25,F,USA,Georgia,Home,4,No,Website,48,0,4,1055406.17,263851.5425,377502.89,901.245,3604.98,4,3,1,2024-01-01,2025-01-08,0.25,373,1,0,-0.500476320333066,-1.8122578668255898,Mainstream Buyers
C0727,Individual,Ronald,Bell,1941-08-24,M,USA,California,Investment,3,Yes,Client,83,1,4,1924218.25,481054.5625,675285.62,1425.7675,5703.07,4,4,0,2024-01-02,2025-01-05,0.0,369,2,1,2.7260824738675917,1.3782999294716174,Premium / Global Investors
C0728,Individual,Jason,Jones,1971-07-23,M,USA,California,Home,3,Yes,Agency,53,1,3,896046.43,298682.14333333337,421724.13,934.8733333333332,2804.62,3,2,1,2024-01-01,2024-01-10,0.333,9,3,0,-2.1098288372666607,-0.08196181120439004,First-Time Buyers
C0729,Individual,Raymond,Long,1944-04-01,M,USA,Washington,Investment,3,Yes,Agency,81,1,3,1100578.42,366859.4733333333,489878.14,1280.28,3840.84,3,2,1,2024-01-12,2025-01-09,0.333,363,2,0,-0.6370128553149483,1.021417793669174,Premium / Global Investors
C0730,Individual,Gregory,Baker,1988-09-05,M,USA,California,Investment,4,No,Website,36,0,3,1395460.54,465153.51333333337,629261.99,1435.6633333333332,4306.99,3,3,0,2024-01-02,2024-01-05,0.0,3,2,2,0.10208898974010097,2.6455478317331753,Premium / Global Investors
C0731,Individual,Larry,Harris,2000-10-18,M,USA,California,Home,5,No,Agency,24,0,4,2163873.35,540968.3375,579753.4,1699.3675,6797.47,4,4,0,2024-01-04,2025-01-08,0.0,370,2,2,3.627394076483965,2.818086103169473,Premium / Global Investors
C0732,Individual,Justin,Peterson,1985-03-03,M,USA,Oregon,Home,5,No,Website,40,0,4,1763602.47,440900.6175,561731.1,1454.35,5817.4,4,4,0,2024-01-01,2024-01-10,0.0,9,2,0,1.924126624060817,1.5397880613549981,Premium / Global Investors
C0733,Individual,Susan,White,1976-03-01,F,USA,Nevada,Home,5,No,Agency,49,0,3,1610480.1,536826.7000000001,622128.29,1609.0333333333335,4827.1,3,2,1,2024-01-05,2025-01-11,0.333,372,2,2,1.363532215507474,3.446162018201898,Premium / Global Investors
C0734,Individual,Danielle,Ward,1981-06-27,F,USA,Virginia,Investment,5,Yes,Client,44,1,3,894573.22,298191.0733333333,455010.72,1077.3333333333333,3232.0,3,1,2,2024-01-07,2025-01-06,0.667,365,1,0,-1.6191752931576409,0.023111265796903244,Mainstream Buyers
C0735,Individual,Matthew,Long,1994-10-08,M,Germany,Hesse,Investment,4,No,Website,30,0,3,1082670.51,360890.17,470123.96,1129.1766666666665,3387.53,3,1,2,2024-01-07,2025-01-12,0.667,371,1,0,-1.0001074705783033,0.810250034416558,Mainstream Buyers
C0736,Individual,Jordan,Campbell,1942-06-13,M,USA,Utah,Investment,3,No,Agency,83,0,3,961660.45,320553.48333333334,476537.31,1049.513333333333,3148.54,3,3,0,2024-01-07,2025-01-11,0.0,370,1,0,-1.383903108357388,-0.11138581372101247,Mainstream Buyers
C0737,Individual,Harold,Harris,1978-08-15,M,USA,California,Investment,3,No,Agency,46,0,3,1271295.42,423765.14,517724.81,1435.6633333333332,4306.99,3,3,0,2024-01-02,2025-01-08,0.0,372,2,2,0.007033150544807458,1.9333786973393683,Premium / Global Investors
C0738,Individual,Jose,White,1980-09-21,M,USA,Texas,Home,5,No,Website,44,0,4,1217179.49,304294.8725,464608.3,955.7625,3823.05,4,4,0,2024-01-01,2024-01-10,0.0,9,3,0,-0.25664448383667704,-1.0310912221215733,First-Time Buyers
C0739,Individual,Albert,Turner,1965-03-16,M,USA,California,Home,2,No,Agency,60,0,4,1239915.48,309978.87,442471.98,1096.12,4384.48,4,3,1,2024-01-08,2025-01-12,0.25,370,1,1,0.2789003890501824,-0.8619859452376875,Mainstream Buyers
C0740,Individual,Julia,Bell,1966-08-12,F,USA,Utah,Investment,1,No,Client,58,0,3,1150084.72,383361.5733333333,580909.55,1176.236666666667,3528.71,3,2,1,2024-01-05,2025-01-02,0.333,363,1,2,-0.7948709240237157,1.0100744550101184,Mainstream Buyers
C0741,Individual,Sandra,Stone,1962-11-08,F,USA,California,Home,2,No,Website,62,0,3,808100.3,269366.76666666666,318066.48,952.0733333333334,2856.2200000000003,3,2,1,2025-01-01,2025-01-09,0.333,8,3,0,-2.3688835266425903,-0.3245183135311939,First-Time Buyers
C0742,Individual,Bryan,Howard,1980-08-21,M,UK,Wales,Home,1,Yes,Website,44,1,3,943082.42,314360.80666666664,424586.91,1078.7866666666666,3236.36,3,2,1,2024-01-05,2025-01-09,0.333,370,1,0,-1.5673505669860386,0.21000370289735104,Mainstream Buyers
C0743,Individual,Joshua,Allen,1972-10-09,M,USA,Oregon,Investment,4,Yes,Website,52,1,3,973707.31,324569.10333333333,437490.2,1145.4666666666665,3436.4,3,3,0,2024-01-04,2025-01-12,0.0,374,1,0,-1.2594823763451166,0.24400059014999764,Mainstream Buyers
C0744,Individual,Helen,Morales,1950-10-11,F,USA,Virginia,Home,1,No,Website,74,0,3,947393.7,315797.9,425904.8,939.33,2817.99,3,2,1,2024-01-03,2025-01-04,0.333,367,1,0,-1.6530162513689701,-0.26353560879816457,Mainstream Buyers
C0745,Individual,Emily,Collins,1997-06-18,F,USA,California,Investment,5,No,Website,28,0,4,1137226.12,284306.53,457379.31,940.485,3761.94,4,4,0,2024-01-05,2025-01-07,0.0,368,1,0,-0.2560173946149428,-1.571419161670607,Mainstream Buyers
C0746,Individual,Gary,Reyes,1956-10-13,M,UK,Scotland,Home,4,No,Website,68,0,4,1485041.45,371260.3625,474858.86,1120.62,4482.48,4,3,1,2024-01-02,2025-01-01,0.25,365,2,1,1.082689607321134,-0.29326084057809754,Premium / Global Investors
C0747,Individual,George,Patterson,1992-04-18,M,USA,Florida,Home,4,Yes,Website,33,1,3,1321142.35,440380.7833333334,565444.67,1435.6633333333332,4306.99,3,2,1,2024-01-06,2025-01-02,0.333,362,2,2,0.17787137908808473,2.2302481570283708,Premium / Global Investors
C0748,Company,Vantage,Co,1974-05-03,F,USA,California,Home,1,Yes,Client,51,1,3,1188736.23,396245.41,484844.4,1332.34,3997.02,3,2,1,2025-01-05,2025-01-11,0.333,6,3,2,-0.7632514040415508,1.8761143613354034,First-Time Buyers
C0749,Individual,Dorothy,Anderson,1992-11-26,F,USA,New York,Home,5,No,Agency,32,0,3,1170883.93,390294.6433333333,526465.62,1258.6899999999998,3776.07,3,3,0,2024-01-12,2025-01-05,0.0,359,2,2,-0.5852665772290744,1.2014628993098746,Premium / Global Investors
C0750,Individual,Janice,Price,1976-08-06,F,USA,Nevada,Investment,1,No,Agency,48,0,3,887696.78,295898.9266666667,533052.17,964.2666666666664,2892.8,3,2,1,2024-01-04,2024-01-11,0.333,7,3,0,-2.258543416831836,0.04184416062723075,First-Time Buyers
C0751,Individual,Keith,Parker,1974-09-19,M,USA,California,Home,5,No,Client,50,0,4,1055948.97,263987.2425,335648.24,967.0,3868.0,4,4,0,2024-01-01,2024-01-09,0.0,8,3,0,-0.6603836809451111,-1.4127907821003407,First-Time Buyers
C0752,Individual,Lisa,Young,1954-12-17,F,Belgium,Brussels,Investment,3,No,Agency,70,0,4,836214.24,209053.56,237539.69,725.4225,2901.69,4,3,1,2024-01-06,2025-01-02,0.25,362,1,0,-1.3656109447843436,-2.817773185440629,Mainstream Buyers
C0753,Individual,Nicholas,Patterson,1960-12-22,M,Germany,Hamburg,Home,5,No,Website,64,0,4,1053102.32,263275.58,360664.73,868.5725,3474.29,4,4,0,2024-01-02,2025-01-05,0.0,369,1,0,-0.45865593661638765,-2.0323640225491095,Mainstream Buyers
C0754,Individual,Teresa,Johnson,1970-08-17,F,USA,Arizona,Investment,3,No,Website,54,0,4,1300009.56,325002.39,370723.42,1037.4175,4149.67,4,3,1,2024-01-09,2025-01-07,0.25,364,1,1,0.32942048476668023,-0.8842992055859575,Mainstream Buyers
C0755,Company,Celera,Co,1967-12-23,F,USA,California,Home,5,No,Website,57,0,3,1040997.25,346999.0833333333,348797.92,1286.4833333333331,3859.45,3,2,1,2025-01-04,2025-01-08,0.333,4,3,0,-1.1027230380629713,1.1828944706135431,First-Time Buyers
C0756,Individual,Jessica,Patterson,1963-03-19,F,USA,Utah,Home,5,Yes,Website,62,1,3,785768.09,261922.69666666663,349788.42,934.8733333333332,2804.62,3,3,0,2025-01-05,2025-01-10,0.0,5,3,0,-2.408969616381517,-0.5904322687365051,First-Time Buyers
C0757,Individual,Keith,Taylor,1946-09-05,M,USA,Oregon,Home,3,Yes,Website,78,1,4,1392690.12,348172.53,566678.96,1053.27,4213.08,4,3,1,2024-01-06,2025-01-11,0.25,371,1,0,0.7493579866784965,-0.7061308084200784,Mainstream Buyers
C0758,Individual,Joe,Allen,1958-12-08,M,USA,California,Investment,2,No,Website,66,0,4,1135189.16,283797.29,453645.31,928.1775,3712.71,4,3,1,2024-01-06,2025-01-03,0.25,363,1,0,-0.2062386851246103,-1.5745840911236617,Mainstream Buyers
C0759,Individual,Samuel,Anderson,1991-10-27,M,USA,Florida,Home,4,No,Website,33,0,3,1327801.32,442600.44,605700.56,1451.5366666666666,4354.61,3,3,0,2024-01-09,2025-01-05,0.0,362,2,2,0.20348356228669326,2.197891052319835,Premium / Global Investors
C0760,Individual,Amanda,Adams,1964-12-27,F,USA,California,Investment,3,No,Website,60,0,4,1288008.21,322002.0525,520039.4,1133.69,4534.76,4,4,0,2024-01-01,2025-01-01,0.0,366,1,1,0.46526768460173273,-0.7787562222406229,Mainstream Buyers
C0761,Individual,Joyce,Patterson,1981-08-24,F,Belgium,Flanders,Home,2,No,Agency,43,0,4,1387948.07,346987.0175,575218.75,1134.4225,4537.6900000000005,4,4,0,2024-01-04,2025-01-09,0.0,371,1,1,0.5922651351200205,-0.4205567576841286,Mainstream Buyers
C0762,Individual,Anna,Young,1967-01-07,F,USA,Ohio,Home,4,No,Website,58,0,4,1456185.33,364046.3325,485326.73,1313.38,5253.52,4,4,0,2024-01-03,2025-01-01,0.0,364,2,1,1.184604362385559,0.0891882832508184,Premium / Global Investors
C0763,Company,Summit,Co,1971-07-18,F,USA,Georgia,Home,3,No,Agency,53,0,3,1036781.97,345593.99,394871.49,1152.5966666666666,3457.79,3,3,0,2025-01-02,2025-01-09,0.0,7,3,0,-1.4593967785627435,0.8200411760059918,First-Time Buyers
C0764,Individual,Debra,Parker,1983-09-02,F,UK,Northern Ireland,Investment,4,No,Client,41,0,4,1670624.74,417656.185,596267.69,1441.655,5766.62,4,4,0,2024-01-12,2025-01-11,0.0,365,2,1,1.8489904370506405,0.9789787557102417,Premium / Global Investors
C0765,Individual,Joe,Green,1967-06-22,M,France,Brittany,Home,3,No,Website,58,0,4,1516418.29,379104.5725,556439.7,1260.0625,5040.25,4,3,1,2024-01-02,2025-01-08,0.25,372,2,1,1.285740085156163,0.20317438288324935,Premium / Global Investors
C0766,Individual,Robert,Bennett,1994-04-09,M,Germany,North Rhine-Westphalia,Home,3,Yes,Client,31,1,4,1601876.14,400469.035,587630.43,1286.2725,5145.09,4,3,1,2024-01-01,2025-01-08,0.25,373,2,1,1.4373891290113718,0.5642115849865009,Premium / Global Investors
C0767,Individual,David,Brown,1961-02-02,M,Canada,British Columbia,Investment,2,No,Agency,64,0,4,1403932.48,350983.12,485150.67,1242.0825,4968.33,4,3,1,2024-01-01,2025-01-10,0.25,375,2,1,0.8891877184464003,-0.103802671455335,Premium / Global Investors
C0768,Individual,Matthew,Weaver,1992-07-22,M,Denmark,Southern Denmark,Investment,5,Yes,Website,32,1,3,1048127.47,349375.8233333333,527746.08,1163.8866666666663,3491.66,3,1,2,2024-01-05,2025-01-03,0.667,364,1,0,-1.0223653020968857,0.7708670055927512,Mainstream Buyers
C0769,Individual,Nicole,Long,1958-02-21,F,USA,Ohio,Home,4,No,Agency,67,0,3,675607.7899999999,225202.59666666665,324271.22,753.3133333333334,2259.94,3,2,1,2024-01-01,2025-01-09,0.333,374,1,0,-2.699767567701264,-1.6218256138134552,Mainstream Buyers
C0770,Individual,Shirley,Hall,1951-09-02,F,Russia,Krasnodar Krai,Home,4,No,Website,73,0,3,984598.73,328199.57666666666,535533.08,1104.51,3313.53,3,3,0,2024-01-10,2025-01-03,0.0,359,1,0,-1.2514788671823525,0.11745943293239072,Mainstream Buyers
C0771,Company,Quasar,Co,1984-09-06,M,USA,California,Home,1,No,Website,40,0,4,1856997.08,464249.27,728976.07,1408.3275,5633.31,4,3,1,2024-01-02,2025-01-10,0.25,374,2,1,2.3420165499542756,1.4634792408470878,Premium / Global Investors
C0772,Individual,Ethan,White,1991-09-25,M,USA,California,Investment,1,No,Client,33,0,3,911164.52,303721.50666666665,332253.48,1038.2,3114.6,3,1,2,2024-01-01,2025-01-12,0.667,377,1,0,-1.7276159366441077,0.09980539092913167,Mainstream Buyers
C0773,Individual,Christopher,Taylor,1964-09-12,M,Russia,Saint Petersburg,Home,1,No,Website,60,0,4,1451465.46,362866.365,514489.27,1153.0825,4612.33,4,3,1,2025-01-05,2025-01-10,0.25,5,3,0,0.5729042568380986,0.15969067363164477,First-Time Buyers
C0774,Individual,David,Wood,1983-03-23,M,USA,Georgia,Home,5,Yes,Agency,42,1,3,999792.68,333264.2266666666,564194.97,1144.8033333333333,3434.41,3,3,0,2024-01-10,2024-01-12,0.0,2,3,2,-1.5269547992922248,0.6909246680758155,First-Time Buyers
C0775,Individual,Andrea,Reyes,1975-12-25,F,USA,Arizona,Home,1,No,Agency,49,0,4,1043608.37,260902.0925,368476.78,900.39,3601.56,4,3,1,2025-01-03,2025-01-11,0.25,8,3,0,-0.9895096722938228,-1.4138570409175977,First-Time Buyers
C0776,Individual,Ashley,Morales,1966-11-06,F,Germany,Bavaria,Home,4,Yes,Agency,58,1,3,914465.33,304821.7766666667,382528.88,980.87,2942.61,3,2,1,2025-01-03,2025-01-08,0.333,5,3,0,-2.020372283050852,0.06719566093652228,First-Time Buyers
C0777,Company,Meridian,Co,1982-05-15,M,USA,Arizona,Home,1,No,Client,43,0,3,1130759.41,376919.8033333334,459850.51,1313.16,3939.48,3,3,0,2024-01-03,2024-01-11,0.0,8,3,2,-1.013709634373669,1.6225241581466667,First-Time Buyers
C0778,Individual,George,Pierce,1998-07-22,M,USA,California,Investment,4,Yes,Agency,26,1,4,1646921.92,411730.48,601818.29,1334.8775,5339.51,4,3,1,2024-01-01,2025-01-09,0.25,374,2,1,1.670728521382285,0.7521449895475181,Premium / Global Investors
C0779,Individual,Lisa,Hughes,1953-05-04,F,USA,California,Home,5,Yes,Agency,72,1,3,1221957.12,407319.04,499912.08,1325.0800000000002,3975.24,3,3,0,2024-01-07,2025-01-11,0.0,370,2,2,-0.15356563596367578,1.3473183821298198,Premium / Global Investors
C0780,Individual,Martha,Hansen,1947-01-08,F,USA,California,Home,3,No,Website,78,0,3,708761.6900000001,236253.8966666667,337660.44,849.6366666666667,2548.91,3,3,0,2024-01-01,2025-01-10,0.0,375,1,0,-2.4200689418126418,-1.4060337566644159,Mainstream Buyers
C0781,Individual,Gerald,Sanders,1940-11-28,M,USA,California,Investment,5,Yes,Website,84,1,4,1181206.69,295301.6725,356949.82,1030.635,4122.54,4,2,2,2024-01-04,2025-01-11,0.5,373,1,0,0.2529769310992462,-1.288249192334566,Mainstream Buyers
C0782,Individual,Ethan,Williams,1970-02-10,M,USA,Utah,Investment,2,Yes,Website,55,1,4,1166638.16,291659.54000000004,500885.96,905.0375,3620.15,4,3,1,2024-01-01,2025-01-02,0.25,367,1,0,-0.2189194760015196,-1.5064359488370938,Mainstream Buyers
C0783,Individual,Betty,Sanders,1961-03-27,F,Canada,Alberta,Home,1,Yes,Agency,64,1,3,1031472.36,343824.12,437818.55,1156.5633333333333,3469.69,3,3,0,2024-01-04,2024-01-12,0.0,8,3,0,-1.5226969829592203,0.8396041787339847,First-Time Buyers
C0784,Individual,Charles,Baker,1973-06-26,M,Mexico,Baja California,Investment,4,No,Website,52,0,3,1172514.65,390838.2166666666,509668.52,1356.746666666667,4070.24,3,3,0,2024-01-03,2025-01-09,0.0,372,2,0,-0.3671549274287242,1.401782251404679,Premium / Global Investors
C0785,Company,Rexon,Co,1971-03-27,F,USA,California,Home,2,No,Website,54,0,4,1047112.48,261778.12,431877.48,860.9325,3443.73,4,4,0,2024-01-03,2025-01-05,0.0,368,1,0,-0.6153951990850932,-1.9874525223371053,Mainstream Buyers
C0786,Individual,Sarah,Martin,1983-03-25,F,USA,California,Investment,3,No,Website,42,0,3,663797.37,221265.79,316398.13,724.0866666666667,2172.26,3,2,1,2024-01-04,2025-01-12,0.333,374,1,0,-2.8554805182818583,-1.6532156123819317,Mainstream Buyers
C0787,Individual,Andrew,Jackson,1950-11-20,M,USA,Washington,Home,1,No,Website,74,0,3,1405947.66,468649.22,528186.67,1527.8633333333337,4583.59,3,3,0,2024-01-04,2025-01-11,0.0,373,2,2,0.5942017870320273,2.5611966953176455,Premium / Global Investors
C0788,Individual,Matthew,Stone,1944-05-14,M,France,Brittany,Investment,4,No,Website,81,0,4,1799447.01,449861.7525,599896.96,1482.5875,5930.35,4,3,1,2024-01-05,2025-01-03,0.25,364,2,1,2.471768770096258,1.3220460688620634,Premium / Global Investors
C0789,Individual,Madison,Price,1974-06-04,F,Canada,Ontario,Investment,1,No,Website,51,0,3,1125271.6,375090.5333333334,491362.13,1228.91,3686.73,3,1,2,2024-01-03,2025-01-01,0.667,364,2,0,-0.8051465760338818,1.1985254822717444,Premium / Global Investors
C0790,Individual,Brandon,Cooper,1974-01-18,M,USA,California,Home,5,Yes,Agency,51,1,4,1521440.86,380360.215,629276.73,1227.17,4908.68,4,3,1,2024-01-05,2024-01-12,0.25,7,3,0,0.9926329114066264,0.41230258811161413,First-Time Buyers
C0791,Individual,Walter,Adams,1983-07-01,M,USA,Texas,Home,4,No,Website,42,0,4,1424465.81,356116.4525,386702.48,1159.9675,4639.87,4,3,1,2024-01-01,2025-01-08,0.25,373,2,1,0.8868842394350787,-0.2503008137906265,Premium / Global Investors
C0792,Individual,Joseph,Richardson,1982-04-14,M,USA,California,Investment,4,Yes,Website,43,1,4,1559979.82,389994.955,542607.18,1219.85,4879.4,4,4,0,2024-01-07,2025-01-12,0.0,371,2,1,1.3486913134856335,0.11492779976525756,Premium / Global Investors
C0793,Individual,Kevin,Brown,1969-04-09,M,USA,New York,Home,4,No,Agency,56,0,4,1245234.35,311308.5875,545577.55,1048.44,4193.76,4,4,0,2024-01-03,2025-01-07,0.0,370,1,1,0.24349852119527915,-1.0604270717694952,Mainstream Buyers
C0794,Individual,Gregory,Mitchell,1951-11-02,M,USA,California,Home,4,Yes,Website,73,1,3,1120488.77,373496.25666666665,453748.83,1308.513333333333,3925.54,3,3,0,2024-01-04,2025-01-04,0.0,366,2,2,-0.4687874007892036,1.0334979100904143,Premium / Global Investors
C0795,Individual,Harold,Murray,1969-01-14,M,USA,California,Investment,4,Yes,Website,56,1,3,1170869.09,390289.6966666666,601201.34,1169.0466666666669,3507.1400000000003,3,3,0,2024-01-11,2025-01-10,0.0,365,2,2,-0.5725924063905647,0.8726579764694976,Premium / Global Investors
C0796,Individual,Stephanie,Ward,1983-11-04,F,USA,California,Investment,5,Yes,Website,41,1,3,559596.54,186532.18,201976.86,607.4466666666667,1822.34,3,3,0,2025-01-06,2025-01-11,0.0,5,3,0,-3.6178610532023505,-2.075557900826499,First-Time Buyers
C0797,Individual,Joan,Gray,1990-08-06,F,USA,Oregon,Home,5,Yes,Agency,34,1,3,881179.3,293726.43333333335,475185.8,851.8699999999999,2555.61,3,2,1,2024-01-01,2025-01-11,0.333,376,1,0,-2.0013894538307526,-0.6632612988237411,Mainstream Buyers
C0798,Company,Novex,Co,1965-10-21,M,USA,Nevada,Home,4,Yes,Agency,59,1,4,987267.48,246816.87,353070.7,840.8725,3363.49,4,4,0,2024-01-04,2025-01-05,0.0,367,1,0,-0.7453076929146176,-2.209785697214056,Mainstream Buyers
C0799,Individual,Pamela,Johnson,1954-07-24,F,USA,California,Home,4,No,Website,70,0,4,1108935.86,277233.965,350745.37,972.245,3888.98,4,4,0,2024-01-05,2025-01-04,0.0,365,1,0,-0.16567978240953532,-1.6648465311373264,Mainstream Buyers
C0800,Individual,Lawrence,Smith,1974-02-01,M,USA,Virginia,Investment,5,Yes,Website,51,1,3,983573.18,327857.7266666666,543292.36,1151.5466666666666,3454.64,3,3,0,2024-01-06,2024-01-07,0.0,1,3,0,-1.5189336890637881,0.615373344940607,First-Time Buyers
C0801,Individual,Betty,Price,1969-03-04,F,USA,Washington,Home,4,Yes,Website,56,1,3,1361712.2999999998,453904.0999999999,571066.07,1435.6633333333332,4306.99,3,3,0,2024-01-09,2025-01-04,0.0,361,2,2,0.32882630164551546,2.168459016577583,Premium / Global Investors
C0802,Individual,Matthew,Williams,1970-10-11,M,USA,Virginia,Home,5,No,Agency,54,0,3,1074480.81,358160.27,494631.27,1217.58,3652.74,3,3,0,2024-01-10,2025-01-11,0.0,367,1,0,-0.8246762679162511,0.7304222741690806,Mainstream Buyers
C0803,Individual,Evelyn,Moore,1945-12-13,F,USA,Texas,Home,4,No,Agency,79,0,4,1542819.53,385704.8825,595397.77,1329.5925,5318.37,4,4,0,2024-01-04,2025-01-05,0.0,367,2,1,1.4961453159250064,0.26052001659848506,Premium / Global Investors
C0804,Individual,Tyler,Cook,1967-10-01,M,USA,Washington,Home,5,No,Agency,57,0,3,1223755.92,407918.64,563216.05,1464.8466666666666,4394.54,3,1,2,2024-01-04,2024-01-11,0.667,7,3,2,-0.2965404908927479,2.335576167431763,First-Time Buyers
C0805,Individual,Albert,Cook,1953-01-17,M,Germany,Berlin,Home,1,Yes,Website,72,1,3,940964.73,313654.91,378804.75,995.51,2986.53,3,3,0,2024-01-05,2024-01-12,0.0,7,3,0,-1.9296754393793705,0.12615758996424326,First-Time Buyers
C0806,Individual,Jack,Richardson,1989-11-18,M,France,Ile-De-France,Home,5,No,Client,35,0,4,1485168.27,371292.0675,543193.6,1220.42,4881.68,4,4,0,2024-01-01,2025-01-11,0.0,376,2,1,1.1022965730355765,-0.018947440979712585,Premium / Global Investors
C0807,Individual,Amy,Chavez,1993-11-16,F,Mexico,Mexico City,Investment,5,No,Website,31,0,4,1635419.92,408854.98,548576.41,1412.375,5649.5,4,2,2,2024-01-01,2025-01-12,0.5,377,2,1,1.768650541269694,0.9546665816599017,Premium / Global Investors
C0808,Individual,Gregory,Ward,1943-05-17,M,Germany,Berlin,Home,3,Yes,Website,82,1,3,885158.15,295052.7166666667,385179.19,1003.3133333333334,3009.94,3,3,0,2025-01-02,2025-01-04,0.0,2,3,0,-1.9913201509718204,-0.10726039045651156,First-Time Buyers
C0809,Individual,Hannah,Alexander,1967-02-16,F,France,Occitanie,Home,5,Yes,Agency,58,1,3,1386118.19,462039.39666666667,619032.93,1464.8466666666666,4394.54,3,3,0,2024-01-04,2025-01-02,0.0,364,2,2,0.4488307577115506,2.2881255211537783,Premium / Global Investors
C0810,Individual,Ronald,Sanders,1995-02-13,M,USA,California,Home,1,Yes,Website,30,1,3,922597.58,307532.5266666667,415564.76,915.6366666666668,2746.91,3,3,0,2024-01-04,2025-01-10,0.0,372,1,0,-1.8759360329553862,-0.3500111756741064,Mainstream Buyers
C0811,Individual,Carl,Allen,1945-04-17,M,UK,Wales,Home,3,No,Agency,80,0,3,1515201.05,505067.01666666666,531362.61,1471.9,4415.7,3,3,0,2024-01-06,2025-01-11,0.0,371,2,0,0.9172923637825563,2.674563505678901,Premium / Global Investors
C0812,Individual,Harold,Cooper,1974-08-24,M,UK,Northern Ireland,Home,3,Yes,Website,50,1,4,1443224.01,360806.0025,529272.37,1248.58,4994.32,4,4,0,2024-01-03,2025-01-09,0.0,372,2,1,1.0242099060297083,-0.038764155443470914,Premium / Global Investors
C0813,Individual,Gerald,Cook,1974-11-10,M,UK,Scotland,Investment,3,No,Agency,50,0,4,1314024.52,328506.13,453762.41,1099.4925,4397.97,4,1,3,2024-01-01,2025-01-12,0.75,377,1,0,0.471887500810165,-0.522861203498232,Mainstream Buyers
C0814,Individual,Joan,Stewart,1964-03-26,F,USA,California,Home,2,No,Website,61,0,3,674363.74,224787.91333333333,245279.18,706.7266666666666,2120.18,3,3,0,2024-01-05,2025-01-06,0.0,367,1,0,-2.82416679222604,-1.7850325634481565,Mainstream Buyers
C0815,Company,Horizon,Co,1965-06-11,F,USA,Nevada,Home,4,Yes,Agency,60,1,3,962374.65,320791.55,376063.41,1205.9633333333334,3617.89,3,3,0,2024-01-11,2025-01-08,0.0,363,1,0,-1.243220567578889,0.3573775340357013,Mainstream Buyers
C0816,Individual,Deborah,Wright,1947-12-23,F,Germany,Hamburg,Home,2,Yes,Website,77,1,3,1003090.85,334363.6166666667,530119.92,1151.5466666666666,3454.64,3,2,1,2024-01-11,2024-01-12,0.333,1,3,0,-1.4908176473076447,0.7588161579960848,First-Time Buyers
C0817,Individual,Grace,Thompson,1972-12-05,F,USA,California,Investment,1,No,Website,52,0,3,1338281.0,446093.6666666667,487710.82,1448.82,4346.46,3,2,1,2024-01-02,2025-01-05,0.333,369,2,2,0.19853918947912164,2.277923513311638,Premium / Global Investors
C0818,Company,Sterling,Co,1991-08-09,F,USA,Colorado,Home,2,No,Website,33,0,4,760443.3500000001,190110.8375,285509.27,677.79,2711.16,4,3,1,2024-01-02,2025-01-12,0.25,376,1,0,-1.7452610123299956,-2.970274382927939,Mainstream Buyers
C0819,Individual,Jose,Bryant,1951-03-15,M,USA,California,Home,5,No,Website,74,0,3,1239378.27,413126.09,540445.52,1313.16,3939.48,3,3,0,2025-01-04,2025-01-09,0.0,5,3,2,-0.36482591934291075,1.7028612993614154,First-Time Buyers
C0820,Individual,Judith,Collins,1940-10-22,F,USA,Texas,Investment,4,No,Agency,84,0,3,920197.78,306732.5933333333,497575.53,976.2833333333332,2928.85,3,3,0,2024-01-06,2025-01-03,0.0,363,1,0,-1.6122051220766898,-0.46425453270659733,Mainstream Buyers
C0821,Individual,Elizabeth,Moore,1957-04-09,F,USA,California,Home,5,Yes,Agency,68,1,3,1371213.26,457071.0866666666,555202.09,1467.89,4403.67,3,2,1,2024-01-04,2025-01-04,0.333,366,2,2,0.5083999191202417,2.2784413265327395,Premium / Global Investors
C0822,Individual,Jessica,Weaver,1959-04-19,F,USA,California,Investment,3,Yes,Website,66,1,3,1407630.29,469210.0966666667,508753.3,1563.9733333333334,4691.92,3,2,1,2024-01-01,2024-01-07,0.333,6,2,2,0.37127012307709045,3.013439273840815,Premium / Global Investors
C0823,Individual,Nancy,Hayes,1975-04-16,F,USA,Oregon,Investment,5,Yes,Agency,50,1,4,1722388.89,430597.2225,589758.81,1338.9,5355.6,4,4,0,2024-01-02,2024-01-10,0.0,8,2,0,1.611944724289492,1.0922832081082783,Premium / Global Investors
C0824,Individual,Douglas,Cox,1976-01-06,M,USA,California,Home,3,No,Agency,49,0,3,1234378.85,411459.6166666667,519209.27,1435.6633333333332,4306.99,3,2,1,2024-01-07,2025-01-08,0.333,367,2,2,-0.0705841437766265,1.9212409602647322,Premium / Global Investors
C0825,Individual,Ruth,Hughes,1982-03-26,F,Mexico,Nuevo Leon,Home,4,Yes,Agency,43,1,4,1246198.0,311549.5,507522.85,1075.0475,4300.1900000000005,4,4,0,2024-01-04,2025-01-04,0.0,366,1,1,0.18138287923718696,-0.9500721496041746,Mainstream Buyers
C0826,Individual,Jason,Stewart,1970-11-09,M,USA,Ohio,Investment,4,Yes,Website,54,1,4,1255265.82,313816.455,623819.92,996.1925,3984.77,4,3,1,2024-01-07,2025-01-11,0.25,370,1,0,0.22157029274728268,-1.1192959833893505,Mainstream Buyers
C0827,Individual,Ruth,Wright,1965-08-23,F,USA,Washington,Home,2,Yes,Website,59,1,4,1176467.77,294116.9425,557463.33,1025.3225,4101.29,4,3,1,2024-01-03,2025-01-11,0.25,374,1,0,-0.03176728643419732,-1.1853530680813025,Mainstream Buyers
C0828,Individual,Elizabeth,Stewart,1947-10-10,F,USA,Arizona,Investment,4,Yes,Website,77,1,4,1313574.2,328393.55,500403.51,1122.0925,4488.37,4,3,1,2025-01-02,2025-01-10,0.25,8,3,0,0.2835664696521144,-0.41587376766061424,First-Time Buyers
C0829,Individual,Jonathan,Stewart,1960-11-16,M,USA,Utah,Investment,3,No,Website,64,0,4,1296844.19,324211.0475,444270.56,1102.08,4408.32,4,4,0,2024-01-05,2025-01-06,0.0,367,1,0,0.4646116999417549,-0.8229110445743635,Mainstream Buyers
C0830,Individual,William,Martin,1952-05-16,M,USA,Oregon,Investment,3,No,Agency,73,0,4,1518798.69,379699.6725,480172.84,1169.615,4678.46,4,4,0,2024-01-09,2025-01-12,0.0,369,2,1,1.1819568640434122,-0.1652733461667465,Premium / Global Investors
C0831,Individual,Judith,Martin,1977-09-24,F,USA,California,Home,2,No,Website,47,0,3,909532.47,303177.49,393983.06,979.0866666666668,2937.26,3,1,2,2024-01-02,2024-01-11,0.667,9,3,0,-2.0478329731202205,0.19712488005219383,First-Time Buyers
C0832,Individual,Dorothy,Ward,1990-09-01,F,USA,Nevada,Investment,3,Yes,Website,34,1,3,1290741.99,430247.33,561351.99,1336.61,4009.83,3,2,1,2024-01-03,2025-01-01,0.333,364,2,0,-0.1271673855891429,1.877448331904468,Premium / Global Investors
C0833,Individual,Roger,Green,1951-06-11,M,Denmark,Southern Denmark,Home,5,No,Website,74,0,3,1422486.61,474162.2033333333,504262.01,1623.3,4869.9,3,2,1,2024-01-04,2025-01-04,0.333,366,2,2,0.9219564787251582,2.851556127898074,Premium / Global Investors
C0834,Individual,Helen,Parker,1957-12-23,F,USA,California,Home,5,No,Website,67,0,4,1384660.54,346165.135,428653.51,1073.905,4295.62,4,4,0,2024-01-06,2025-01-07,0.0,367,1,1,0.7664324010401582,-0.7825132778150434,Mainstream Buyers
C0835,Individual,Maria,Foster,1974-06-06,F,USA,California,Home,5,Yes,Website,51,1,4,1159317.69,289829.4225,498858.03,941.61,3766.44,4,3,1,2024-01-02,2025-01-12,0.25,376,1,0,-0.07726922329557634,-1.527301786876325,Mainstream Buyers
C0836,Individual,Adam,Sanders,1942-04-02,M,USA,Ohio,Home,4,No,Website,83,0,3,1280715.29,426905.0966666667,499955.33,1493.243333333333,4479.73,3,2,1,2024-01-03,2025-01-03,0.333,366,2,2,0.3094409500518722,2.0725611636438064,Premium / Global Investors
C0837,Individual,Peter,Montgomery,1967-06-06,M,France,Brittany,Home,1,No,Website,58,0,4,1415445.71,353861.4275,484359.77,1253.3075,5013.23,4,4,0,2024-01-04,2025-01-05,0.0,367,2,1,0.9046122587656176,-0.05817335277432651,Premium / Global Investors
C0838,Individual,Jacob,Morris,1992-05-04,M,USA,Nevada,Investment,1,Yes,Website,33,1,3,837604.3,279201.43333333335,345031.43,853.8133333333334,2561.44,3,3,0,2024-01-02,2025-01-12,0.0,376,1,0,-2.2514603389552614,-0.7703883137960977,Mainstream Buyers
C0839,Individual,Elizabeth,Baker,1994-01-26,F,UK,England,Home,5,Yes,Agency,31,1,3,1123967.69,374655.89666666667,531903.04,1308.513333333333,3925.54,3,2,1,2024-01-02,2025-01-10,0.333,374,2,2,-0.6511871021779971,1.2762708547299964,Premium / Global Investors
C0840,Individual,Elizabeth,Wilson,1981-01-11,F,Belgium,Brussels,Home,1,No,Website,44,0,4,1508352.25,377088.0625,565118.87,1329.5925,5318.37,4,4,0,2024-01-04,2025-01-10,0.0,372,2,1,1.189981275351053,0.3794076538758403,Premium / Global Investors
C0841,Individual,Timothy,Cooper,1999-05-02,M,Belgium,Wallonia,Home,5,No,Website,26,0,4,1344816.1,336204.025,443394.23,1167.105,4668.42,4,4,0,2024-01-03,2025-01-05,0.0,368,1,1,0.6219441801131782,-0.4479767253734969,Mainstream Buyers
C0842,Individual,Keith,Morales,1996-02-27,M,USA,Washington,Home,5,Yes,Client,29,1,4,1082477.8199999998,270619.455,507216.3,928.745,3714.98,4,2,2,2024-01-09,2025-01-11,0.5,368,1,0,-0.4036731778818482,-1.5373143758853962,Mainstream Buyers
C0843,Individual,Amanda,Hansen,2000-04-12,F,USA,Georgia,Home,4,No,Agency,25,0,3,1377127.37,459042.4566666667,508725.94,1500.72,4502.16,3,3,0,2024-01-04,2025-01-10,0.0,372,2,2,0.3361603255549205,2.4838596552089607,Premium / Global Investors
C0844,Individual,Margaret,Scott,1947-06-13,F,USA,California,Home,2,No,Website,78,0,4,1363201.96,340800.49,510261.37,1187.8925000000002,4751.570000000001,4,3,1,2024-01-10,2025-01-11,0.25,367,1,0,0.805139419634876,-0.42130353193640624,Mainstream Buyers
C0845,Individual,Ashley,Long,1993-05-09,F,USA,Washington,Home,3,No,Client,32,0,3,1355270.16,451756.72,541412.0,1471.4466666666667,4414.34,3,3,0,2024-01-05,2025-01-01,0.0,362,2,2,0.21543897589863642,2.358013909869294,Premium / Global Investors
C0846,Individual,Martha,Harris,1976-05-15,F,Canada,Quebec,Investment,3,No,Agency,49,0,3,1069033.77,356344.59,579072.02,1135.5233333333333,3406.57,3,3,0,2024-01-07,2024-01-12,0.0,5,3,0,-1.4244541877480226,0.8875053263741156,First-Time Buyers
C0847,Individual,Nicole,James,1988-02-27,F,USA,Utah,Home,2,Yes,Agency,37,1,4,1258765.46,314691.365,480678.5,1011.5875,4046.35,4,3,1,2024-01-05,2025-01-12,0.25,373,1,0,0.07194410034481284,-0.9515745190625535,Mainstream Buyers
C0848,Individual,Aaron,Hughes,1967-11-22,M,USA,California,Home,4,No,Agency,57,0,4,1366788.33,341697.0825,546910.59,1184.9475000000002,4739.790000000001,4,4,0,2024-01-01,2025-01-01,0.0,366,1,1,0.7951630200484479,-0.4491257950718376,Mainstream Buyers
C0849,Individual,Brian,Wilson,1977-11-04,M,USA,Oregon,Home,1,Yes,Website,47,1,4,1262931.66,315732.915,539249.94,995.0275,3980.11,4,4,0,2024-01-08,2025-01-11,0.0,369,1,0,0.10953902832226967,-1.0587633023565737,Mainstream Buyers
C0850,Individual,Judy,Stone,1983-11-13,F,USA,Colorado,Investment,5,No,Agency,41,0,3,528432.48,176144.16,229915.53,610.62,1831.86,3,3,0,2024-01-09,2024-01-09,0.0,0,3,0,-3.7739352261988763,-2.131435111868704,First-Time Buyers
C0851,Individual,Kyle,White,1993-05-16,M,USA,California,Investment,2,Yes,Website,32,1,4,1482957.88,370739.47,492001.45,1259.95,5039.8,4,4,0,2024-01-01,2025-01-08,0.0,373,2,1,1.0775637028872804,0.13488239688219758,Premium / Global Investors
C0852,Individual,Carl,Brown,1989-07-20,M,Germany,North Rhine-Westphalia,Home,2,No,Agency,35,0,4,1368458.37,342114.5925,430669.69,1222.37,4889.48,4,4,0,2024-01-02,2024-01-10,0.0,8,3,0,0.33691643586358955,0.14393382080154427,First-Time Buyers
C0853,Individual,Gerald,Bryant,1950-07-08,M,USA,Utah,Home,4,No,Website,74,0,4,1293562.22,323390.555,431452.51,1092.085,4368.34,4,2,2,2024-01-06,2025-01-08,0.5,368,1,1,0.5567002803043193,-0.7694142779237281,Mainstream Buyers
C0854,Individual,David,Reyes,1944-02-13,M,USA,California,Home,4,No,Website,81,0,3,1419031.61,473010.5366666666,622276.58,1454.41,4363.23,3,2,1,2024-01-05,2024-01-12,0.333,7,2,2,0.3999077197879543,2.703202992923208,Premium / Global Investors
C0855,Individual,Amanda,Foster,1973-10-03,F,Australia,Queensland,Home,4,No,Website,51,0,4,1198702.15,299675.5375,439175.81,1114.2125,4456.85,4,4,0,2024-01-03,2025-01-11,0.0,374,1,0,0.16473299449727274,-1.0018470257378136,Mainstream Buyers
C0856,Individual,Janice,Chavez,1964-08-16,F,USA,Florida,Home,5,Yes,Website,60,1,4,1565508.99,391377.2475,557814.29,1226.185,4904.74,4,4,0,2024-01-04,2025-01-02,0.0,364,2,1,1.418617985284945,0.08161755893919304,Premium / Global Investors
C0857,Individual,Danielle,Ward,1951-11-05,F,USA,California,Investment,1,Yes,Website,73,1,4,1431064.56,357766.14,532766.89,1146.2825,4585.13,4,2,2,2024-01-05,2025-01-11,0.5,372,1,0,0.8876210542453502,-0.2724697163802202,Mainstream Buyers
C0858,Individual,Samuel,Howard,1994-12-07,M,USA,Nevada,Home,1,No,Website,30,0,3,972150.6,324050.2,377504.51,1156.5633333333333,3469.69,3,2,1,2024-01-01,2024-01-12,0.333,11,3,0,-1.72095688661249,0.8730735645478432,First-Time Buyers
C0859,Individual,Megan,Anderson,1942-03-12,F,USA,California,Home,2,Yes,Agency,83,1,4,1440623.89,360155.97250000003,641122.99,1154.105,4616.42,4,4,0,2024-01-01,2025-01-10,0.0,375,1,1,0.9550943692905802,-0.41967776715795596,Mainstream Buyers
C0860,Individual,Virginia,Morales,1968-09-07,F,USA,Utah,Home,5,Yes,Website,56,1,4,1362579.84,340644.96,491343.75,1148.025,4592.1,4,4,0,2024-01-04,2025-01-05,0.0,367,1,1,0.7310637345152369,-0.5806762038355968,Mainstream Buyers
C0861,Individual,Christine,Peterson,1994-04-08,F,France,Brittany,Investment,2,No,Agency,31,0,3,1527460.57,509153.5233333334,530773.97,1635.6233333333332,4906.87,3,2,1,2024-01-01,2025-01-01,0.333,366,2,2,0.9278838258877875,3.419550376183145,Premium / Global Investors
C0862,Individual,Amanda,Jordan,1981-06-14,F,USA,Colorado,Investment,1,No,Website,44,0,3,1354421.91,451473.97,605272.25,1527.8633333333337,4583.59,3,3,0,2024-01-11,2025-01-10,0.0,365,2,2,0.2737124845193727,2.4872869860387197,Premium / Global Investors
C0863,Individual,Brandon,Peterson,1975-04-20,M,Belgium,Wallonia,Home,5,Yes,Agency,50,1,4,1107744.96,276936.24,331782.88,984.6475,3938.59,4,4,0,2024-01-01,2024-01-11,0.0,10,3,0,-0.5444321066244293,-1.220455754463854,First-Time Buyers
C0864,Individual,Noah,Kim,1970-07-07,M,USA,Texas,Home,3,No,Website,54,0,3,1085548.02,361849.34,436782.69,1156.5633333333333,3469.69,3,2,1,2024-01-02,2025-01-10,0.333,374,1,0,-0.8903473494697542,0.7363774111912523,Mainstream Buyers
C0865,Individual,Rebecca,Gray,1975-05-20,F,USA,Colorado,Investment,5,Yes,Website,50,1,4,1268059.13,317014.7825,590633.76,1008.395,4033.58,4,3,1,2024-01-01,2024-01-11,0.25,10,3,0,-0.05463907754996481,-0.7560032020693092,First-Time Buyers
C0866,Individual,Lawrence,Bryant,1987-11-27,M,Belgium,Brussels,Home,3,No,Agency,37,0,4,1331713.08,332928.27,467860.91,1148.025,4592.1,4,4,0,2024-01-01,2025-01-10,0.0,375,1,1,0.5064189907675802,-0.5133007316866338,Mainstream Buyers
C0867,Individual,Julia,Davis,1967-12-04,F,USA,California,Home,2,No,Agency,57,0,3,1028747.3,342915.76666666666,434559.42,1146.263333333333,3438.79,3,3,0,2024-01-01,2024-01-08,0.0,7,3,0,-1.4815152035385826,0.7744721137075046,First-Time Buyers
C0868,Individual,Victoria,Rogers,1945-02-21,F,USA,Florida,Home,3,Yes,Agency,80,1,3,987211.17,329070.39,390539.15,1049.38,3148.14,3,2,1,2024-01-03,2025-01-04,0.333,367,1,0,-1.3147237763202426,0.07177515858502247,Mainstream Buyers
C0869,Individual,Jose,Roberts,1993-07-03,M,USA,California,Home,4,No,Agency,31,0,3,858807.13,286269.04333333333,338104.13,1012.96,3038.88,3,3,0,2024-01-01,2025-01-09,0.0,374,1,0,-1.860877117260541,-0.3675195410805101,Mainstream Buyers
C0870,Company,Harmon,Co,1966-01-09,F,UK,Northern Ireland,Home,2,Yes,Website,59,1,4,1097902.26,274475.565,384011.41,909.9825,3639.93,4,3,1,2024-01-03,2025-01-09,0.25,372,1,0,-0.4154300674915446,-1.665169199967656,Mainstream Buyers
C0871,Individual,Pamela,Pierce,1989-11-28,F,USA,Virginia,Home,1,Yes,Website,35,1,4,1939848.53,484962.1325,612113.6,1524.2725,6097.09,4,3,1,2024-01-04,2024-01-09,0.25,5,2,2,2.3212046039482197,2.3246144954133765,Premium / Global Investors
C0872,Individual,Sarah,Bennett,1943-06-22,F,UK,England,Home,4,No,Website,82,0,4,1462320.39,365580.0975,455019.48,1326.2525,5305.01,4,4,0,2024-01-02,2025-01-05,0.0,369,2,0,1.300036416616759,0.052616495423642655,Premium / Global Investors
C0873,Individual,Gerald,Murray,1940-09-09,M,USA,New York,Home,2,No,Website,84,0,3,1325777.78,441925.9266666667,554502.82,1463.22,4389.66,3,3,0,2024-01-02,2025-01-11,0.0,375,2,2,0.3329971632321506,2.0835701484274893,Premium / Global Investors
C0874,Individual,Debra,Murray,1953-07-26,F,Belgium,Flanders,Investment,2,No,Website,71,0,4,1490289.11,372572.2775,604547.34,1186.5225,4746.09,4,4,0,2024-01-02,2025-01-03,0.0,367,2,1,1.0614975471812997,-0.1643569103817985,Premium / Global Investors
C0875,Individual,Jeffrey,Evans,1972-09-07,M,Canada,Manitoba,Home,4,No,Website,52,0,3,1308981.48,436327.16,551578.92,1370.5533333333333,4111.66,3,3,0,2024-01-03,2024-01-08,0.0,5,3,2,-0.23482077641537852,2.1985051582386723,First-Time Buyers
C0876,Individual,Benjamin,Chavez,1973-08-22,M,USA,California,Home,3,No,Client,51,0,3,873771.52,291257.17333333334,349877.5,971.19,2913.57,3,3,0,2024-01-01,2025-01-05,0.0,370,1,0,-1.8283697015189624,-0.4784609278883415,Mainstream Buyers
C0877,Individual,Jennifer,Weaver,1998-12-22,F,USA,Utah,Investment,2,Yes,Agency,26,1,3,1407650.4,469216.8,573266.03,1493.243333333333,4479.73,3,2,1,2025-01-05,2025-01-09,0.333,4,2,2,0.033549335026618984,3.0310190282689975,Premium / Global Investors
C0878,Individual,Ashley,Hansen,1945-04-28,F,USA,Nevada,Home,4,Yes,Website,80,1,3,970670.15,323556.7166666666,532017.08,1008.13,3024.39,3,3,0,2024-01-01,2025-01-07,0.0,372,1,0,-1.370758443651103,-0.22138151364108458,Mainstream Buyers
C0879,Individual,Brandon,Adams,1945-03-15,M,UK,Northern Ireland,Home,4,Yes,Website,80,1,3,1349121.32,449707.1066666667,610364.02,1463.22,4389.66,3,3,0,2024-01-12,2025-01-10,0.0,364,2,2,0.4409622596986013,2.126368961142703,Premium / Global Investors
C0880,Individual,Judith,Bennett,1941-06-23,F,USA,New York,Home,2,No,Website,84,0,4,1390002.64,347500.66000000003,485278.06,1151.37,4605.48,4,3,1,2024-01-06,2025-01-08,0.25,368,1,0,0.823827916781152,-0.45237972627039835,Mainstream Buyers
C0881,Individual,Ruth,Weaver,1954-09-24,F,USA,Colorado,Investment,1,No,Website,70,0,4,1247321.2,311830.3,542053.98,1136.6925,4546.77,4,3,1,2024-01-02,2025-01-08,0.25,372,1,1,0.3091990260703881,-0.7641156246600547,Mainstream Buyers
C0882,Individual,Peter,Moore,2000-07-07,M,UK,Wales,Home,3,No,Website,24,0,3,1142828.14,380942.7133333334,466293.15,1435.6633333333332,4306.99,3,2,1,2024-01-01,2025-01-08,0.333,373,2,2,-0.4562631839407207,1.7526964084049796,Premium / Global Investors
C0883,Individual,Gerald,Thompson,1946-10-22,M,USA,Texas,Home,4,No,Client,78,0,4,1979258.27,494814.5675,555330.51,1699.3675,6797.47,4,4,0,2024-01-06,2025-01-01,0.0,361,2,1,3.240767417224875,2.2471577299645875,Premium / Global Investors
C0884,Individual,Joe,Reed,1949-07-05,M,USA,Nevada,Home,2,No,Website,75,0,3,1021697.5,340565.8333333333,423868.45,1209.64,3628.92,3,2,1,2024-01-07,2025-01-05,0.333,364,1,0,-0.9838049313277917,0.6445937474652198,Mainstream Buyers
C0885,Individual,Michael,Williams,1941-09-21,M,Canada,British Columbia,Investment,2,Yes,Agency,83,1,3,1540844.02,513614.6733333333,661095.49,1671.7666666666669,5015.3,3,3,0,2024-01-02,2024-01-07,0.0,5,2,2,0.895883509443623,3.6156639106756274,Premium / Global Investors
C0886,Individual,Joseph,Brooks,1961-07-20,M,USA,California,Home,3,Yes,Agency,63,1,3,807556.47,269185.49,441789.19,941.21,2823.63,3,3,0,2024-01-10,2025-01-12,0.0,368,1,0,-2.0459791564281407,-0.7908835705942242,Mainstream Buyers
C0887,Individual,Joan,Bryant,1993-04-23,F,USA,California,Home,3,No,Agency,32,0,4,1247287.09,311821.7725,460816.43,1012.5575,4050.23,4,3,1,2024-01-03,2025-01-08,0.25,371,1,0,0.09051253010710446,-1.0030324490778155,Mainstream Buyers
C0888,Individual,Sharon,Montgomery,1987-05-24,F,Germany,Berlin,Home,4,Yes,Website,38,1,4,1104713.19,276178.2975,506626.34,933.355,3733.42,4,2,2,2024-01-06,2025-01-11,0.5,371,1,0,-0.3623950590939565,-1.4959914416758981,Mainstream Buyers
C0889,Individual,Scott,Campbell,1985-10-15,M,USA,Nevada,Investment,4,Yes,Website,39,1,3,1339350.59,446450.1966666666,525586.98,1451.253333333333,4353.76,3,3,0,2024-01-01,2025-01-12,0.0,377,2,2,0.25877355254536016,2.1829884182028683,Premium / Global Investors
C0890,Individual,Julie,Nelson,1955-07-23,F,USA,Virginia,Investment,3,Yes,Website,69,1,4,1138394.29,284598.5725,480775.4,922.66,3690.64,4,4,0,2024-01-02,2025-01-04,0.0,368,1,0,-0.23225449009201635,-1.6851770110487385,Mainstream Buyers
C0891,Individual,Raymond,Roberts,1970-06-20,M,Germany,North Rhine-Westphalia,Investment,1,Yes,Website,55,1,4,1340373.08,335093.27,544032.25,1154.105,4616.42,4,3,1,2024-01-12,2025-01-06,0.25,360,1,0,0.5422492294075607,-0.41528457250843603,Mainstream Buyers
C0892,Individual,Helen,Watson,1958-05-06,F,USA,California,Investment,2,Yes,Website,67,1,3,984121.4,328040.4666666666,448877.05,1167.24,3501.7200000000003,3,2,1,2024-01-08,2025-01-10,0.333,368,1,0,-1.2065367597713172,0.40277268152677054,Mainstream Buyers
C0893,Individual,Evelyn,Thompson,1995-06-23,F,USA,Colorado,Home,3,Yes,Website,30,1,4,1695839.47,423959.8675,603155.94,1329.5925,5318.37,4,4,0,2024-01-03,2025-01-05,0.0,368,2,1,1.739496472945205,0.8057235424361273,Premium / Global Investors
C0894,Individual,Carl,Evans,1953-06-14,M,USA,Georgia,Home,5,No,Website,72,0,3,882067.47,294022.49,301693.78,932.37,2797.11,3,3,0,2024-01-10,2025-01-07,0.0,363,1,0,-1.723249165129903,-0.6628805304788581,Mainstream Buyers
C0895,Individual,Amanda,Rogers,1953-08-25,F,USA,Arizona,Investment,4,Yes,Website,71,1,3,1127680.6,375893.5333333334,502145.17,1280.28,3840.84,3,3,0,2024-01-01,2025-01-12,0.0,377,2,2,-0.5586741914898428,0.9785760656273443,Premium / Global Investors
C0896,Individual,Timothy,Jones,1970-06-05,M,France,Brittany,Home,4,Yes,Agency,55,1,4,1157933.44,289483.36,403361.09,935.765,3743.06,4,3,1,2024-01-04,2025-01-11,0.25,373,1,0,-0.15422899085721878,-1.4793711752392107,Mainstream Buyers
C0897,Individual,Ann,Foster,1971-04-08,F,Australia,Victoria,Home,1,No,Website,54,0,3,745691.65,248563.88333333333,364650.23,801.46,2404.38,3,3,0,2024-01-01,2024-01-03,0.0,2,3,0,-2.9043503221963682,-0.909210518913313,First-Time Buyers
C0898,Individual,Deborah,King,1953-09-27,F,USA,Arizona,Investment,5,Yes,Agency,71,1,4,836494.02,209123.505,318001.46,706.0875,2824.35,4,3,1,2024-01-09,2025-01-10,0.25,367,1,0,-1.3029071082233972,-2.9291582397805427,Mainstream Buyers
C0899,Company,Apex,Co,1988-06-26,F,USA,Washington,Investment,2,No,Website,37,0,3,1050407.63,350135.87666666665,481540.5,1076.6899999999998,3230.07,3,3,0,2024-01-11,2025-01-02,0.0,357,1,0,-1.2886069302002863,0.41845279337481883,Mainstream Buyers
C0900,Individual,Betty,Cook,1999-05-22,F,Germany,North Rhine-Westphalia,Home,4,No,Agency,26,0,3,606058.22,202019.40666666665,316820.96,753.3133333333334,2259.94,3,3,0,2024-01-02,2024-01-12,0.0,10,3,0,-3.421948268856826,-1.4330854716927226,First-Time Buyers
C0901,Individual,Gregory,Allen,1999-02-15,M,France,Brittany,Investment,4,No,Agency,26,0,3,909138.84,303046.28,535623.53,909.0566666666668,2727.17,3,3,0,2024-01-04,2025-01-09,0.0,371,1,0,-1.9197178701503446,-0.4474480013086342,Mainstream Buyers
C0902,Company,Peerex,Co,1964-11-02,F,UK,Northern Ireland,Home,3,Yes,Agency,60,1,4,1281064.76,320266.19,457348.2,1068.57,4274.28,4,4,0,2024-01-03,2025-01-12,0.0,375,1,1,0.3062155648875435,-0.926395332591651,Mainstream Buyers
C0903,Individual,Christine,Morales,1992-04-28,F,USA,Texas,Investment,3,No,Website,33,0,3,1108147.61,369382.5366666666,427664.89,1240.6066666666666,3721.82,3,3,0,2024-01-01,2024-01-11,0.0,10,3,2,-1.1685899087085347,1.3163582234526687,First-Time Buyers
C0904,Individual,Nancy,Brooks,1984-08-03,F,Russia,Saint Petersburg,Home,1,Yes,Website,40,1,4,1050355.29,262588.8225,391528.7,883.805,3535.22,4,3,1,2024-01-07,2025-01-11,0.25,370,1,0,-0.6916938218598065,-1.7442627438271596,Mainstream Buyers
C0905,Individual,Emma,Allen,1993-05-16,F,USA,Virginia,Home,5,Yes,Website,32,1,3,877477.72,292492.5733333333,408310.1,927.6066666666666,2782.82,3,3,0,2024-01-07,2024-01-12,0.0,5,3,0,-2.2372125852229496,-0.22324792573001195,First-Time Buyers
C0906,Individual,Jacqueline,Baker,1969-08-13,F,USA,California,Investment,5,No,Website,55,0,4,1757967.56,439491.89,571612.79,1458.93,5835.72,4,3,1,2024-01-02,2025-01-09,0.25,373,2,1,2.2856865712562464,1.1799443804431975,Premium / Global Investors
C0907,Individual,Danielle,Scott,1973-11-14,F,USA,California,Home,3,No,Agency,51,0,3,1375380.46,458460.1533333333,574177.29,1459.1899999999998,4377.57,3,3,0,2024-01-01,2025-01-12,0.0,377,2,2,0.3695830652869955,2.281092536926844,Premium / Global Investors
C0908,Individual,Carl,Kim,1960-11-17,M,USA,California,Home,4,Yes,Agency,64,1,4,1129941.35,282485.3375,467397.36,825.1325,3300.53,4,3,1,2024-01-05,2025-01-12,0.25,373,1,0,-0.3037160544835543,-1.8947073158966388,Mainstream Buyers
C0909,Individual,Brandon,Turner,1967-10-07,M,USA,California,Investment,1,Yes,Agency,57,1,4,1529455.73,382363.9325,595281.62,1183.04,4732.16,4,2,2,2024-01-01,2025-01-06,0.5,371,2,0,1.155520613863762,0.129584293383546,Premium / Global Investors
C0910,Individual,Victoria,Jackson,1971-11-24,F,USA,Texas,Home,3,Yes,Agency,53,1,3,1293598.48,431199.49333333335,705817.01,1238.36,3715.08,3,2,1,2024-01-12,2025-01-07,0.333,361,2,0,-0.20526520639705106,1.5820150904415304,Premium / Global Investors
C0911,Individual,Donald,Long,1989-03-27,M,USA,California,Home,4,No,Website,36,0,4,1310405.32,327601.33,589085.76,972.335,3889.34,4,4,0,2024-01-04,2025-01-07,0.0,369,1,1,0.3097071931167567,-1.0677156699255128,Mainstream Buyers
C0912,Individual,Christina,Freeman,1949-11-05,F,USA,California,Home,1,No,Agency,75,0,3,1322130.05,440710.01666666666,617512.0,1351.4633333333334,4054.39,3,2,1,2024-01-01,2025-01-10,0.333,375,2,2,0.08959548201074034,1.905298425761407,Premium / Global Investors
C0913,Individual,Nathan,Hansen,1999-01-13,M,USA,California,Home,4,No,Agency,26,0,4,1935637.92,483909.48,586679.08,1552.15,6208.6,4,3,1,2024-01-05,2025-01-07,0.25,368,2,2,2.7772586784954703,2.0007984166430224,Premium / Global Investors
C0914,Individual,Helen,Freeman,1948-12-10,F,France,Provence,Investment,4,No,Website,76,0,4,1124290.78,281072.695,362803.25,984.6475,3938.59,4,3,1,2024-01-02,2024-01-12,0.25,10,3,0,-0.44304556358911135,-1.2052369356520056,First-Time Buyers
C0915,Individual,Ronald,Harris,1948-01-23,M,USA,Florida,Home,2,No,Agency,77,0,3,1309768.71,436589.57,589191.73,1283.46,3850.38,3,3,0,2024-01-08,2025-01-04,0.0,362,2,2,-0.02072440303418862,1.6095930268064416,Premium / Global Investors
C0916,Individual,Nathan,Hansen,1988-10-02,M,Russia,Moscow Oblast,Home,2,No,Website,36,0,4,1377591.46,344397.865,478922.56,1114.105,4456.42,4,4,0,2024-01-04,2024-01-11,0.0,7,3,0,0.25095508582116216,-0.12606228426727728,First-Time Buyers
C0917,Individual,Kenneth,Hughes,1969-01-08,M,USA,Arizona,Home,2,Yes,Agency,56,1,3,756785.49,252261.83,300300.85,851.4266666666667,2554.28,3,3,0,2024-01-10,2025-01-05,0.0,361,1,0,-2.4245861778049425,-1.0939722650980668,Mainstream Buyers
C0918,Individual,Susan,Cook,2000-02-21,F,Australia,Western Australia,Home,4,No,Client,25,0,3,1461361.87,487120.6233333333,591434.36,1583.2166666666665,4749.65,3,2,1,2024-01-02,2024-01-12,0.333,10,2,2,0.4026720943798275,3.3809948615809,Premium / Global Investors
C0919,Individual,Barbara,Foster,1975-08-17,F,Canada,Quebec,Investment,5,No,Agency,49,0,3,1059524.55,353174.85000000003,486833.55,1179.5233333333333,3538.57,3,3,0,2024-01-01,2025-01-05,0.0,370,1,0,-1.0016615003898848,0.5826480825621732,Mainstream Buyers
C0920,Individual,Christian,Williams,1973-11-10,M,USA,California,Home,4,No,Website,51,0,3,878368.79,292789.5966666667,447905.13,934.4333333333334,2803.3,3,3,0,2024-01-06,2025-01-09,0.0,369,1,0,-1.8067406491052784,-0.5889027827125132,Mainstream Buyers
C0921,Individual,Christina,Reyes,1999-10-03,F,Australia,New South Wales,Home,4,No,Agency,25,0,3,802736.76,267578.92,331896.95,900.46,2701.38,3,3,0,2024-01-11,2025-01-10,0.0,365,1,0,-2.301519778309383,-0.7847547111471842,Mainstream Buyers
C0922,Individual,Joe,Bell,1942-10-28,M,Australia,Victoria,Investment,4,Yes,Website,82,1,3,1105753.98,368584.66,442539.26,1200.35,3601.05,3,3,0,2024-01-07,2025-01-10,0.0,369,1,0,-0.6865956341703972,0.68835133392379,Mainstream Buyers
C0923,Individual,Ruth,Richardson,1950-08-26,F,USA,Oregon,Home,3,No,Client,74,0,4,1183422.85,295855.7125,554198.64,1035.1925,4140.77,4,4,0,2024-01-04,2025-01-12,0.0,374,1,0,0.06367562327536097,-1.3056781750147237,Mainstream Buyers
C0924,Individual,Emily,Wright,1988-03-20,F,USA,California,Home,4,No,Website,37,0,4,1558670.83,389667.7075,535687.32,1313.38,5253.52,4,3,1,2024-01-03,2025-01-08,0.25,371,2,1,1.4455298234777334,0.4459448233580984,Premium / Global Investors
C0925,Individual,Michael,Ward,1944-12-05,M,Germany,Hamburg,Home,2,No,Website,80,0,3,1308035.02,436011.6733333333,523966.96,1471.9,4415.7,3,2,1,2024-01-05,2025-01-07,0.333,368,2,2,0.2677149591088163,2.1712257871679514,Premium / Global Investors
C0926,Individual,Lauren,Harris,1961-04-04,F,USA,California,Home,3,No,Website,64,0,3,1078841.73,359613.91,416303.05,1207.6466666666668,3622.94,3,1,2,2024-01-03,2025-01-06,0.667,369,1,0,-0.7937398885950242,0.8792054687853379,Mainstream Buyers
C0927,Individual,Carol,Hayes,1962-04-11,F,France,Ile-De-France,Home,4,No,Client,63,0,3,933499.38,311166.46,571089.66,952.2633333333332,2856.79,3,2,1,2024-01-11,2025-01-12,0.333,367,1,0,-1.6470130660529274,-0.3083379577269944,Mainstream Buyers
C0928,Individual,Jordan,Jordan,1950-02-27,M,USA,California,Home,1,Yes,Agency,75,1,3,758070.13,252690.0433333333,392319.37,883.7466666666666,2651.24,3,2,1,2024-01-03,2024-01-11,0.333,8,3,0,-2.6060127876419594,-0.6515926530477789,First-Time Buyers
C0929,Individual,Jack,Hall,1954-05-23,M,USA,Washington,Home,4,No,Website,71,0,3,1167841.72,389280.5733333333,407054.73,1117.9399999999998,3353.82,3,3,0,2024-01-03,2025-01-10,0.0,373,1,0,-0.6073047853825002,0.7082886400079335,Mainstream Buyers
C0930,Individual,Debra,Moore,1993-04-15,F,USA,Washington,Investment,1,Yes,Agency,32,1,3,924305.53,308101.8433333333,410092.17,1110.6233333333332,3331.87,3,3,0,2024-01-02,2025-01-01,0.0,365,1,0,-1.718039658533511,0.17509686865060115,Mainstream Buyers
C0931,Individual,Daniel,Parker,1977-12-25,M,USA,Nevada,Investment,2,Yes,Client,47,1,3,997418.61,332472.87,380782.35,1090.9466666666667,3272.84,3,3,0,2024-01-09,2025-01-08,0.0,365,1,0,-1.3751555199587713,0.25960864376415616,Mainstream Buyers
C0932,Individual,Kathleen,Moore,1949-07-14,F,USA,New York,Home,5,No,Website,75,0,4,1468310.66,367077.665,567793.82,1196.9725,4787.889999999999,4,4,0,2024-01-02,2025-01-01,0.0,365,2,1,1.161893175830024,-0.2710110844182774,Premium / Global Investors
C0933,Individual,Kimberly,Johnson,1955-03-09,F,USA,California,Home,4,No,Website,70,0,3,1077170.94,359056.98,411210.31,1155.4633333333334,3466.39,3,2,1,2024-01-07,2025-01-12,0.333,371,1,0,-0.8282439927910032,0.5927309614555509,Mainstream Buyers
C0934,Individual,Barbara,Allen,1943-02-10,F,UK,Northern Ireland,Investment,5,Yes,Website,82,1,3,912489.59,304163.1966666667,426691.03,1086.9833333333331,3260.95,3,3,0,2024-01-04,2024-01-08,0.0,4,3,0,-1.7581656064530826,0.11196635833466634,First-Time Buyers
C0935,Individual,Katherine,Cooper,2000-05-17,F,Canada,Manitoba,Home,4,No,Agency,25,0,3,1133032.49,377677.4966666666,459433.77,1221.6766666666665,3665.03,3,2,1,2024-01-01,2024-01-08,0.333,7,3,0,-1.1277086413520157,1.4683322956940803,First-Time Buyers
C0936,Individual,Carolyn,Brooks,1951-10-04,F,USA,California,Home,3,No,Client,73,0,3,782945.97,260981.99,312643.26,879.3433333333332,2638.03,3,2,1,2024-01-02,2025-01-06,0.333,370,1,0,-2.1716799831993856,-0.988095570470047,Mainstream Buyers
C0937,Individual,Gerald,Chavez,1982-03-04,M,USA,Arizona,Home,5,No,Client,43,0,4,1370340.91,342585.22750000004,462252.41,1127.3175,4509.27,4,4,0,2024-01-03,2025-01-09,0.0,372,1,1,0.6958807283639212,-0.5559508051080405,Mainstream Buyers
C0938,Individual,William,Chavez,1963-08-05,M,Russia,Krasnodar Krai,Home,4,No,Website,61,0,3,854217.7,284739.23333333334,448751.61,851.87,2555.61,3,3,0,2024-01-01,2025-01-04,0.0,369,1,0,-2.0021317292629344,-0.8840460037534802,Mainstream Buyers
C0939,Individual,Anna,Alexander,1978-02-02,F,Belgium,Brussels,Investment,1,No,Website,47,0,4,1190833.68,297708.42,478857.61,996.3625,3985.45,4,4,0,2024-01-10,2025-01-11,0.0,367,1,1,-0.14878623842207467,-1.238191937413538,Mainstream Buyers
C0940,Individual,Kyle,Bell,1985-12-19,M,USA,Virginia,Investment,5,No,Website,39,0,4,1628937.85,407234.4625,627200.92,1332.2825,5329.13,4,3,1,2024-01-04,2024-01-12,0.25,8,2,0,1.3792306980260016,0.9824071352117428,Premium / Global Investors
C0941,Individual,Grace,Moore,1955-07-17,F,Mexico,Jalisco,Home,1,No,Agency,69,0,3,1028314.09,342771.36333333334,410663.51,1089.46,3268.38,3,2,1,2024-01-10,2025-01-10,0.333,366,1,0,-1.2607327827183883,0.39814988239424903,Mainstream Buyers
C0942,Individual,Joan,Jackson,1991-12-14,F,USA,California,Home,1,No,Website,33,0,4,1402631.76,350657.94,500962.79,1008.6625,4034.65,4,4,0,2024-01-01,2025-01-11,0.0,376,1,1,0.4703944635462562,-0.6861148766587407,Mainstream Buyers
C0943,Individual,Karen,Cox,1957-09-13,F,Canada,Manitoba,Investment,5,No,Website,67,0,3,975048.28,325016.0933333333,404116.95,1129.1766666666665,3387.53,3,2,1,2024-01-09,2025-01-12,0.333,369,1,0,-1.2256399058262335,0.2237731433967229,Mainstream Buyers
C0944,Individual,Virginia,Hughes,1956-08-24,F,USA,Florida,Home,2,No,Website,68,0,3,1256722.03,418907.3433333333,673008.78,1283.46,3850.38,3,2,1,2024-01-09,2025-01-12,0.333,369,2,0,-0.1983777591876179,1.5504337111240767,Premium / Global Investors
C0945,Individual,Emily,Hayes,1945-04-09,F,France,Provence,Home,4,No,Website,80,0,3,973406.55,324468.85000000003,415439.74,1102.8633333333337,3308.59,3,3,0,2024-01-03,2025-01-05,0.0,368,1,0,-1.2567001199302874,0.04439111450753203,Mainstream Buyers
C0946,Individual,Ashley,Weaver,1946-04-07,F,USA,Nevada,Investment,3,Yes,Agency,79,1,3,827605.63,275868.54333333333,378567.66,897.3100000000001,2691.9300000000003,3,3,0,2024-01-12,2025-01-10,0.0,364,1,0,-2.059411161851337,-0.9027630045355581,Mainstream Buyers
C0947,Individual,Samantha,Cox,1981-05-16,F,USA,Texas,Home,2,No,Website,44,0,3,1096583.29,365527.76333333337,488382.72,1190.3133333333333,3570.94,3,3,0,2024-01-10,2025-01-07,0.0,363,1,0,-0.9436889808056494,0.8241782962137061,Mainstream Buyers
C0948,Individual,Emma,Nelson,1989-12-16,F,USA,California,Investment,3,Yes,Website,35,1,4,1532000.51,383000.1275,465555.5,1299.3675,5197.47,4,2,2,2024-01-02,2025-01-08,0.5,372,2,1,1.3085531021070431,0.44149373557916727,Premium / Global Investors
C0949,Individual,Julia,Price,1943-06-26,F,USA,Colorado,Investment,5,Yes,Client,82,1,4,1397057.95,349264.4875,679222.65,1102.2725,4409.09,4,3,1,2024-01-03,2025-01-08,0.25,371,1,1,0.8437540236403609,-0.6599411343002719,Mainstream Buyers
C0950,Individual,Christina,Price,1991-11-12,F,USA,Texas,Investment,5,No,Website,33,0,4,1418212.48,354553.12,518468.37,1146.9925,4587.97,4,3,1,2024-01-01,2025-01-09,0.25,374,1,1,0.8102391796607569,-0.31801411311814426,Mainstream Buyers
C0951,Individual,Rachel,Chavez,1998-11-15,F,Mexico,Nuevo Leon,Home,1,Yes,Client,26,1,4,1658301.92,414575.48,601046.95,1290.8,5163.2,4,4,0,2024-01-04,2025-01-04,0.0,366,2,1,1.4588602235218737,0.7011365319068842,Premium / Global Investors
C0952,Individual,Ann,Martin,1959-03-09,F,USA,Oregon,Home,5,No,Website,66,0,4,1886501.93,471625.4825,548316.4,1510.65,6042.6,4,3,1,2024-01-06,2025-01-12,0.25,372,2,1,2.737957436260588,1.599610379977787,Premium / Global Investors
C0953,Company,Helios,Co,1995-10-22,M,USA,Washington,Home,5,Yes,Website,29,1,3,639815.0,213271.66666666663,294124.85,839.1433333333334,2517.4300000000003,3,3,0,2025-01-08,2025-01-09,0.0,1,3,0,-3.0907626604815133,-1.1326997040937454,First-Time Buyers
C0954,Individual,Michael,Evans,1950-08-04,M,France,Brittany,Investment,4,Yes,Agency,74,1,4,1493788.0,373447.0,533253.25,1204.4975,4817.99,4,3,1,2024-01-05,2025-01-10,0.25,371,2,1,1.1958809855769406,-0.08170069227226501,Premium / Global Investors
C0955,Individual,Megan,Garcia,1969-11-01,F,USA,California,Home,1,No,Website,55,0,3,1098111.78,366037.26,398094.9,1205.9633333333334,3617.89,3,3,0,2024-01-03,2025-01-09,0.0,372,1,0,-0.8747028886626611,0.8290176222983775,Mainstream Buyers
C0956,Individual,Donald,Jackson,1966-10-03,M,USA,California,Home,1,Yes,Website,58,1,4,1647197.45,411799.3625,512614.55,1294.645,5178.58,4,3,1,2024-01-07,2025-01-05,0.25,364,2,1,1.659851356985395,0.6271685249653267,Premium / Global Investors
C0957,Company,Crestwood,Co,1961-05-21,M,USA,Oregon,Home,2,Yes,Client,64,1,4,1295242.02,323810.505,438504.35,1072.5575,4290.23,4,4,0,2024-01-03,2025-01-02,0.0,365,1,0,0.3749432048285062,-0.8659655730102925,Mainstream Buyers
C0958,Individual,Betty,Rogers,1991-11-07,F,USA,Nevada,Home,1,Yes,Website,33,1,4,936091.45,234022.8625,319340.28,834.6575,3338.63,4,4,0,2024-01-05,2025-01-09,0.0,370,1,0,-1.0974856167281473,-2.1904235189097063,Mainstream Buyers
C0959,Individual,Carl,Hayes,1952-09-13,M,USA,California,Home,3,No,Agency,72,0,4,1840159.66,460039.915,590672.73,1572.79,6291.16,4,4,0,2024-01-04,2025-01-11,0.0,373,2,1,2.6592748891973734,1.6204477611280865,Premium / Global Investors
C0960,Individual,Linda,Bennett,1960-01-04,F,USA,Arizona,Investment,1,Yes,Client,65,1,4,1380084.58,345021.145,499350.81,1148.2475,4592.99,4,3,1,2024-01-03,2025-01-04,0.25,367,1,0,0.6482281968099042,-0.3967811629056014,Mainstream Buyers
C0961,Individual,Brandon,Morales,1974-03-08,M,UK,Wales,Home,2,Yes,Website,51,1,4,1681311.67,420327.9175,693731.35,1271.345,5085.38,4,4,0,2024-01-02,2025-01-03,0.0,367,2,1,1.6811070981079175,0.5976572531650216,Premium / Global Investors
C0962,Individual,Nicholas,Hansen,1940-07-18,M,USA,California,Home,4,No,Website,84,0,4,1335726.82,333931.705,523288.27,1114.2125,4456.85,4,4,0,2024-01-01,2025-01-10,0.0,375,1,1,0.7491358397467176,-0.8185822448183226,Mainstream Buyers
C0963,Individual,James,Davis,1941-09-08,M,Canada,Alberta,Home,4,No,Agency,83,0,3,598874.99,199624.99666666667,222973.92,678.9699999999999,2036.91,3,2,1,2024-01-06,2025-01-10,0.333,370,1,0,-2.9748272383274568,-2.076962949422668,Mainstream Buyers
C0964,Individual,Elizabeth,Hall,1953-09-19,F,USA,California,Home,4,No,Website,71,0,3,1015121.69,338373.89666666667,485910.88,1168.3833333333334,3505.15,3,3,0,2024-01-02,2025-01-02,0.0,366,1,0,-1.0259253932661259,0.3476040901091157,Mainstream Buyers
C0965,Individual,Lauren,Adams,1961-09-26,F,USA,New York,Investment,3,No,Website,63,0,3,840199.6100000001,280066.5366666667,359492.59,862.1066666666666,2586.32,3,2,1,2024-01-02,2025-01-04,0.333,368,1,0,-2.0743176952483133,-0.811030548255438,Mainstream Buyers
C0966,Company,Corvus,Co,1995-11-10,M,USA,California,Investment,3,No,Website,29,0,4,1606785.0499999998,401696.2625,470809.32,1510.34,6041.36,4,3,1,2024-01-07,2025-01-06,0.25,365,2,1,1.7912779778587764,1.1345552049179828,Premium / Global Investors
C0967,Individual,Jennifer,Moore,1959-01-20,F,USA,California,Home,2,No,Agency,66,0,3,705599.66,235199.8866666667,283671.4,879.3433333333332,2638.03,3,2,1,2024-01-09,2025-01-11,0.333,368,1,0,-2.4867361718789556,-1.1590129404293008,Mainstream Buyers
C0968,Individual,Julie,Hansen,1995-11-21,F,USA,Arizona,Home,4,No,Website,29,0,3,1089074.71,363024.9033333333,514916.07,1168.3833333333334,3505.15,3,2,1,2024-01-05,2025-01-09,0.333,370,1,2,-0.9537367065262548,0.8346812668612572,Mainstream Buyers
C0969,Individual,Amber,Ward,1976-03-27,F,Russia,Tatarstan,Investment,1,Yes,Agency,49,1,3,1118760.19,372920.0633333333,635034.32,1186.4366666666667,3559.31,3,2,1,2024-01-07,2025-01-12,0.333,371,1,0,-0.9288021262166701,0.9827778893510757,Mainstream Buyers
C0970,Individual,Peter,Johnson,1986-01-12,M,Denmark,North Denmark,Home,3,Yes,Website,39,1,4,1596404.25,399101.0625,594737.23,1313.38,5253.52,4,3,1,2024-01-02,2025-01-12,0.25,376,2,1,1.5150203179122919,0.5917459312057386,Premium / Global Investors
C0971,Individual,Cynthia,Mitchell,1969-02-06,F,USA,Colorado,Investment,5,Yes,Website,56,1,4,1278450.05,319612.5125,539007.54,1011.23,4044.92,4,4,0,2024-01-02,2025-01-12,0.0,376,1,0,0.30858255790444916,-1.153769732961139,Mainstream Buyers
C0972,Individual,Sandra,Evans,1964-09-16,F,USA,Arizona,Home,5,No,Agency,60,0,4,1298009.03,324502.2575,578906.36,1072.985,4291.94,4,4,0,2024-01-04,2024-01-05,0.0,1,3,0,0.11452685147075525,-0.5915595319461453,First-Time Buyers
C0973,Individual,Charles,Stone,1992-03-12,M,USA,California,Investment,2,No,Client,33,0,4,1595817.16,398954.29,617314.75,1210.7375000000002,4842.950000000001,4,3,1,2024-01-06,2025-01-06,0.25,366,2,1,1.3189569608041827,0.34254797233267475,Premium / Global Investors
C0974,Individual,Michael,Hansen,1961-05-22,M,USA,New York,Home,1,No,Agency,64,0,4,1210990.11,302747.5275,589033.68,1008.395,4033.58,4,4,0,2024-01-01,2025-01-03,0.0,368,1,1,0.013681136279480074,-1.1880854496795352,Mainstream Buyers
C0975,Individual,Gregory,Reyes,1946-09-07,M,USA,Utah,Home,4,No,Website,78,0,3,941310.61,313770.2033333333,387772.79,1050.08,3150.24,3,3,0,2024-01-04,2025-01-12,0.0,374,1,0,-1.382693297067451,-0.1810714280565694,Mainstream Buyers
C0976,Individual,Ryan,Miller,1983-07-18,M,USA,California,Home,4,Yes,Website,41,1,4,1206149.98,301537.495,437270.83,947.7475,3790.99,4,3,1,2024-01-08,2025-01-08,0.25,366,1,0,0.013325693822993881,-1.317370822591545,Mainstream Buyers
C0977,Individual,Ryan,James,1996-07-04,M,USA,California,Home,1,No,Agency,28,0,3,944672.95,314890.98333333334,465826.16,1092.506666666667,3277.52,3,3,0,2024-01-02,2025-01-12,0.0,376,1,0,-1.6009389013520912,0.1885626614434346,Mainstream Buyers
C0978,Individual,Lauren,Brown,1963-11-11,F,USA,California,Home,4,Yes,Website,61,1,3,1449360.91,483120.3033333334,511639.2,1526.9566666666667,4580.87,3,3,0,2024-01-05,2025-01-04,0.0,365,2,2,0.7823518384266226,2.618433600511489,Premium / Global Investors
C0979,Individual,Madison,Roberts,1940-02-25,F,Canada,Quebec,Investment,4,No,Website,85,0,3,864661.4500000001,288220.48333333334,387129.95,939.33,2817.99,3,3,0,2024-01-01,2024-01-02,0.0,1,3,0,-2.138345173802435,-0.3971161166137438,First-Time Buyers
C0980,Individual,Daniel,Davis,1942-01-13,M,USA,New York,Investment,1,Yes,Website,83,1,3,1156326.64,385442.2133333334,459833.04,1392.5566666666666,4177.67,3,2,1,2024-01-03,2025-01-08,0.333,371,2,2,-0.3351789045932868,1.5102629017187106,Premium / Global Investors
C0981,Individual,Jessica,Stewart,1961-11-14,F,USA,California,Investment,1,No,Website,63,0,4,2048324.19,512081.0475,529558.26,1555.2975,6221.1900000000005,4,3,1,2024-01-02,2025-01-06,0.25,370,2,1,3.1071390263663137,2.1850229557036522,Premium / Global Investors
C0982,Individual,Joyce,Jackson,1961-08-07,F,Canada,Manitoba,Investment,5,Yes,Agency,63,1,3,1443503.73,481167.91,567471.58,1456.36,4369.08,3,3,0,2024-01-10,2025-01-07,0.0,363,2,2,0.6172114425429305,2.411624679841946,Premium / Global Investors
C0983,Individual,Brittany,Freeman,1994-06-21,F,Germany,North Rhine-Westphalia,Home,4,No,Website,31,0,3,803219.7,267739.9,354787.43,899.62,2698.86,3,3,0,2024-01-09,2025-01-06,0.0,363,1,0,-2.246055177730916,-0.812183546736166,Mainstream Buyers
C0984,Individual,Mark,Johnson,1962-03-12,M,Canada,British Columbia,Home,5,Yes,Agency,63,1,3,1206529.21,402176.4033333333,508281.75,1337.1733333333334,4011.52,3,2,1,2024-01-02,2025-01-05,0.333,369,2,2,-0.216019329906114,1.5022074190594312,Premium / Global Investors
C0985,Individual,Ruth,Griffin,1954-10-15,F,USA,California,Home,1,Yes,Website,70,1,3,886990.72,295663.5733333333,460231.54,934.4333333333334,2803.3,3,2,1,2024-01-01,2025-01-08,0.333,373,1,0,-1.8312729163130406,-0.4720067130913108,Mainstream Buyers
C0986,Individual,Jacqueline,Ward,1981-10-18,F,Russia,Saint Petersburg,Home,2,No,Website,43,0,3,1445226.07,481742.0233333334,667262.77,1510.3766666666668,4531.13,3,2,1,2024-01-06,2024-01-12,0.333,6,2,2,0.2702054133716876,3.137323203147225,Premium / Global Investors
C0987,Individual,Maria,Johnson,1967-10-22,F,Germany,North Rhine-Westphalia,Home,1,Yes,Agency,57,1,4,1086018.36,271504.59,443461.13,984.12,3936.48,4,3,1,2024-01-07,2025-01-10,0.25,369,1,0,-0.42858832876590064,-1.4553610044542433,Mainstream Buyers
C0988,Individual,Douglas,Cooper,1988-04-21,M,USA,Texas,Home,3,Yes,Agency,37,1,3,695033.8,231677.93333333332,306320.78,724.0866666666667,2172.26,3,3,0,2024-01-02,2024-01-12,0.0,10,3,0,-3.132214071854858,-1.2500268498098048,First-Time Buyers
C0989,Individual,Amber,Cook,1946-10-19,F,USA,Oregon,Home,4,No,Website,78,0,4,1129907.31,282476.8275,498692.85,1035.1925,4140.77,4,3,1,2024-01-03,2024-01-12,0.25,9,3,0,-0.32177764604254827,-1.066387629499071,First-Time Buyers
C0990,Individual,Carl,Carter,1942-01-21,M,USA,Utah,Home,4,No,Website,83,0,4,1588383.36,397095.84,495705.73,1321.76,5287.04,4,4,0,2024-01-02,2025-01-05,0.0,369,2,1,1.6918110969864342,0.3344790501527863,Premium / Global Investors
C0991,Individual,Heather,Adams,1975-03-27,F,USA,Nevada,Home,1,No,Website,50,0,3,1223116.15,407705.3833333333,500394.39,1464.8466666666666,4394.54,3,3,0,2024-01-12,2025-01-07,0.0,361,2,2,-0.18836215755415586,1.9262251117786504,Premium / Global Investors
C0992,Individual,Scott,Hughes,1988-11-19,M,Denmark,Capital Region,Home,1,Yes,Website,36,1,4,1478482.61,369620.6525,484664.3,1205.465,4821.86,4,4,0,2024-01-05,2025-01-05,0.0,366,2,1,0.9362897848736464,0.04351133638114028,Premium / Global Investors
C0993,Individual,Ryan,Campbell,1954-11-03,M,USA,California,Home,2,Yes,Website,70,1,3,530494.44,176831.47999999998,217783.6,610.62,1831.86,3,3,0,2024-01-01,2024-01-07,0.0,6,3,0,-3.6612386888033694,-2.1538711472521617,First-Time Buyers
C0994,Individual,Michael,Moore,1976-11-26,M,USA,California,Home,3,No,Website,48,0,4,1379902.87,344975.7175,578315.7,1187.8925000000002,4751.570000000001,4,4,0,2025-01-03,2025-01-11,0.0,8,3,0,0.4811151377143414,-0.02921336374050961,First-Time Buyers
C0995,Individual,Amanda,Kim,1949-10-14,F,Australia,New South Wales,Home,1,Yes,Website,75,1,3,1004120.77,334706.92333333334,570222.0,1037.11,3111.33,3,2,1,2024-01-11,2025-01-12,0.333,367,1,0,-1.3633459131583532,0.16038430598507894,Mainstream Buyers
C0996,Individual,Terry,Howard,1956-11-06,M,Canada,Manitoba,Home,2,Yes,Client,68,1,3,888968.0,296322.6666666667,463182.68,941.21,2823.63,3,2,1,2024-01-05,2025-01-03,0.333,364,1,0,-1.834279847647555,-0.41516512590182675,Mainstream Buyers
C0997,Individual,Terry,Collins,1950-11-03,M,USA,California,Investment,3,Yes,Agency,74,1,3,1607877.07,535959.0233333333,578538.26,1654.4733333333334,4963.42,3,2,1,2024-01-02,2025-01-07,0.333,371,2,2,1.4768996999709612,3.504383270790166,Premium / Global Investors
C0998,Company,Grandis,Co,1969-06-05,F,USA,Virginia,Home,4,No,Agency,56,0,4,1230552.15,307638.0375,503618.69,1053.27,4213.08,4,3,1,2024-01-01,2025-01-08,0.25,373,1,1,0.19183975846857468,-1.0284302125832705,Mainstream Buyers
C0999,Individual,Jacqueline,Cox,1969-09-15,F,USA,California,Investment,3,No,Agency,55,0,3,661984.35,220661.45,322054.98,753.3133333333334,2259.94,3,3,0,2024-01-01,2025-01-09,0.0,374,1,0,-2.8235190027763872,-1.715955066282642,Mainstream Buyers
C1000,Individual,Judith,Parker,1963-07-21,F,USA,Utah,Home,2,Yes,Website,61,1,4,1629372.23,407343.0575,574257.04,1316.6550000000002,5266.620000000001,4,4,0,2024-01-10,2025-01-06,0.0,362,2,1,1.6068337094178808,0.5434740840058209,Premium / Global Investors
C1001,Individual,Aaron,Nelson,1981-07-13,M,USA,California,Home,3,No,Website,43,0,4,1650296.94,412574.235,574884.08,1326.3725,5305.49,4,4,0,2024-01-01,2025-01-07,0.0,372,2,1,1.7237455465741027,0.6384763739528118,Premium / Global Investors
C1002,Individual,Scott,Hughes,1967-08-06,M,USA,California,Home,5,No,Website,57,0,3,1064050.72,354683.5733333333,570302.17,1052.0866666666668,3156.26,3,2,1,2024-01-04,2024-01-12,0.333,8,3,0,-1.306490423445161,0.6504674393758396,First-Time Buyers
C1003,Individual,Lauren,Bennett,1977-11-08,F,USA,Nevada,Home,2,No,Website,47,0,3,1164909.23,388303.07666666666,522271.82,1303.7766666666666,3911.33,3,2,1,2024-01-07,2025-01-08,0.333,367,2,2,-0.5380910146994349,1.4040405690805062,Premium / Global Investors
C1004,Individual,Alexander,Anderson,1982-09-17,M,USA,Oregon,Home,3,Yes,Website,42,1,4,1553467.66,388366.915,554713.49,1254.045,5016.18,4,4,0,2024-01-08,2025-01-10,0.0,368,2,1,1.3196490174024724,0.25023569422454756,Premium / Global Investors
C1005,Individual,Barbara,Chavez,1988-07-06,F,Germany,Hamburg,Home,3,No,Client,36,0,3,778101.6000000001,259367.20000000004,325562.57,993.0033333333334,2979.01,3,2,1,2024-01-02,2025-01-08,0.333,372,1,0,-2.215799285835591,-0.5464058716217449,Mainstream Buyers
C1006,Individual,Stephanie,Weaver,1992-12-24,F,USA,Georgia,Home,1,No,Website,32,0,3,738938.8,246312.93333333332,317877.17,828.39,2485.17,3,3,0,2024-01-09,2025-01-06,0.0,363,1,0,-2.634348195189008,-1.1202754857891595,Mainstream Buyers
C1007,Individual,Joyce,Brooks,1948-10-25,F,UK,England,Home,4,No,Agency,76,0,3,813104.68,271034.89333333337,334696.9,847.0366666666667,2541.11,3,2,1,2024-01-05,2025-01-03,0.333,364,1,0,-2.1276964742993654,-0.9822850888367868,Mainstream Buyers
C1008,Company,Sterling,Co,1987-02-10,M,USA,California,Home,2,No,Website,38,0,4,1018262.69,254565.6725,361077.2,849.79,3399.16,4,4,0,2024-01-12,2025-01-08,0.0,362,1,0,-0.7412757232870335,-2.006703892452452,Mainstream Buyers
C1009,Individual,Evelyn,Bell,1950-11-02,F,USA,Nevada,Investment,4,Yes,Agency,74,1,3,741160.04,247053.34666666668,306507.89,971.19,2913.57,3,3,0,2024-01-02,2024-01-10,0.0,8,3,0,-2.5289161284050787,-0.6508586273230202,First-Time Buyers
C1010,Individual,Dennis,Moore,1964-10-03,M,Mexico,Jalisco,Home,4,No,Website,60,0,4,1331479.73,332869.9325,510151.14,1077.195,4308.78,4,3,1,2024-01-04,2025-01-11,0.25,373,1,1,0.5685690842171032,-0.7405370360067789,Mainstream Buyers
C1011,Individual,Virginia,Brooks,1952-12-18,F,USA,California,Investment,1,No,Website,72,0,4,1281389.39,320347.34750000003,476326.35,1075.505,4302.02,4,4,0,2024-01-02,2025-01-02,0.0,366,1,0,0.3404239490044668,-0.933860801008386,Mainstream Buyers
C1012,Individual,Raymond,Morales,1960-10-20,M,USA,New York,Home,4,Yes,Website,64,1,3,1690270.5,563423.5,599421.75,1736.0333333333335,5208.1,3,2,1,2024-01-01,2024-01-07,0.333,6,2,2,1.5367506686777557,4.335832656646079,Premium / Global Investors
C1013,Individual,Stephanie,Patterson,1994-06-19,F,USA,Oregon,Home,1,Yes,Website,31,1,4,1627907.97,406976.9925,488639.08,1298.145,5192.58,4,3,1,2024-01-03,2025-01-12,0.25,375,2,1,1.4622272606828886,0.6830216765612503,Premium / Global Investors
C1014,Individual,David,Weaver,1969-06-01,M,USA,California,Home,3,Yes,Website,56,1,3,1278106.36,426035.45333333337,495367.08,1523.6933333333334,4571.08,3,3,0,2024-01-02,2025-01-02,0.0,366,2,2,0.2181606650830988,2.155084371102961,Premium / Global Investors
C1015,Individual,Kyle,Davis,1977-01-09,M,USA,California,Home,4,Yes,Website,48,1,3,884426.51,294808.83666666667,471331.07,973.09,2919.27,3,3,0,2024-01-02,2024-01-11,0.0,9,3,0,-2.066469403278131,-0.12831123628698332,First-Time Buyers
C1016,Individual,Andrea,Wilson,1976-05-04,F,USA,California,Home,4,Yes,Agency,49,1,4,1542774.61,385693.6525,536215.12,1214.5625,4858.25,4,3,1,2024-01-03,2024-01-11,0.25,8,3,0,0.9602910703198597,0.4495782268001811,First-Time Buyers
C1017,Individual,Megan,Baker,1968-12-22,F,USA,California,Home,1,Yes,Agency,56,1,4,1116371.43,279092.8575,457871.48,928.745,3714.98,4,3,1,2024-01-04,2024-01-12,0.25,8,3,0,-0.6943163873687692,-1.2213712195830877,First-Time Buyers
C1018,Individual,Tiffany,Turner,1967-06-19,F,USA,Colorado,Home,5,Yes,Client,58,1,3,845680.5700000001,281893.5233333334,347722.15,1033.4833333333331,3100.45,3,3,0,2024-01-02,2025-01-04,0.0,368,1,0,-1.803063851420854,-0.4756962957095326,Mainstream Buyers
C1019,Individual,Carolyn,Stewart,1975-10-27,F,USA,Nevada,Home,2,No,Client,49,0,3,1167255.18,389085.06,486688.21,1325.0800000000002,3975.24,3,3,0,2024-01-04,2024-01-10,0.0,6,3,2,-0.8534094839277331,1.6992241270276003,First-Time Buyers
C1020,Individual,Deborah,Morales,1994-07-23,F,USA,California,Home,3,No,Agency,30,0,4,1248826.86,312206.715,515392.69,994.0725,3976.29,4,3,1,2024-01-02,2025-01-01,0.25,365,1,0,0.05754196595605772,-1.034905162354999,Mainstream Buyers
C1021,Individual,Jeffrey,Bryant,1974-04-09,M,USA,California,Investment,1,No,Client,51,0,4,1554739.9,388684.975,505490.44,1340.7775,5363.110000000001,4,3,1,2024-01-05,2024-01-12,0.25,7,3,0,1.0909063879953487,0.8795996952074726,First-Time Buyers
C1022,Individual,Christina,King,1984-04-17,F,USA,Colorado,Home,1,No,Agency,41,0,4,1389709.13,347427.2825,623455.64,1122.0925,4488.37,4,3,1,2024-01-05,2025-01-12,0.25,373,1,1,0.5666093801257428,-0.3517265573883417,Mainstream Buyers
C1023,Individual,Heather,Bell,1953-07-28,F,USA,Nevada,Home,1,Yes,Website,71,1,3,1336237.87,445412.62333333335,549773.4,1599.3433333333332,4798.03,3,3,0,2024-01-05,2025-01-07,0.0,368,2,2,0.42787701555648106,2.5325506350957876,Premium / Global Investors
C1024,Individual,Gregory,Long,1969-03-08,M,USA,Arizona,Investment,2,No,Agency,56,0,3,1351032.92,450344.3066666666,598612.25,1510.3766666666668,4531.13,3,3,0,2024-01-05,2025-01-11,0.0,372,2,2,0.32726661600909307,2.3817151248245017,Premium / Global Investors
C1025,Individual,Michelle,King,1947-01-20,F,USA,California,Home,1,No,Client,78,0,3,738424.1799999999,246141.3933333333,276688.99,735.3566666666667,2206.07,3,2,1,2024-01-08,2024-01-12,0.333,4,3,0,-2.881254352656608,-1.12268938427285,First-Time Buyers
C1026,Individual,Robert,Parker,1991-12-08,M,USA,California,Investment,1,No,Agency,33,0,3,1440775.1,480258.3666666667,582011.89,1452.263333333333,4356.79,3,3,0,2024-01-12,2025-01-07,0.0,361,2,2,0.4343741487341126,2.59618608162655,Premium / Global Investors
C1027,Individual,Gerald,White,1976-10-12,M,USA,California,Investment,1,Yes,Client,48,1,3,1554407.81,518135.9366666667,532123.09,1649.26,4947.78,3,2,1,2024-01-03,2025-01-11,0.333,374,2,2,1.1466541764959635,3.4713226327987283,Premium / Global Investors
C1028,Individual,Nicholas,Cox,1942-07-04,M,USA,California,Home,1,Yes,Website,82,1,4,1143826.71,285956.6775,479050.0,984.12,3936.48,4,4,0,2024-01-02,2025-01-09,0.0,373,1,0,-0.07933863582719539,-1.5088322209155849,Mainstream Buyers
C1029,Individual,Ryan,Jackson,1949-06-11,M,Australia,Victoria,Home,1,No,Agency,76,0,3,946560.97,315520.3233333333,409647.06,1049.38,3148.14,3,3,0,2024-01-01,2025-01-05,0.0,370,1,0,-1.5327891463351684,-0.05950560662508302,Mainstream Buyers
C1030,Individual,Christine,Owens,1960-04-20,F,USA,Ohio,Home,4,No,Website,65,0,4,1353543.06,338385.765,406491.67,1070.475,4281.9,4,4,0,2024-01-05,2024-01-12,0.0,7,3,0,0.2835957248720185,-0.47739406543103796,First-Time Buyers
C1031,Individual,Alexander,Reed,1989-01-13,M,UK,England,Home,1,No,Website,36,0,3,1011333.2,337111.06666666665,394120.88,1088.5866666666668,3265.76,3,2,1,2024-01-05,2024-01-08,0.333,3,3,0,-1.6886912598584323,0.8054935539700576,First-Time Buyers
C1032,Individual,Larry,Freeman,1977-03-01,M,USA,Nevada,Home,5,No,Website,48,0,4,1494289.73,373572.4325,566395.41,1086.2275,4344.91,4,4,0,2024-01-03,2025-01-07,0.0,370,2,1,1.0293147245213041,-0.39846088037927646,Premium / Global Investors
C1033,Individual,Eric,Jackson,1962-06-21,M,France,Ile-De-France,Home,2,No,Website,63,0,4,1496120.51,374030.1275,507541.5,1313.38,5253.52,4,3,1,2024-01-08,2025-01-12,0.25,370,2,1,1.280744650724523,0.3045514984654994,Premium / Global Investors
C1034,Individual,Andrea,Wilson,1979-01-20,F,USA,Colorado,Home,5,No,Client,46,0,4,1200049.6,300012.4,429156.03,970.375,3881.5,4,3,1,2024-01-06,2025-01-09,0.25,369,1,1,0.0012634748702823953,-1.31518886702457,Mainstream Buyers
C1035,Individual,Jacob,Williams,1961-10-02,M,USA,Virginia,Home,2,No,Website,63,0,4,1528550.13,382137.5325,550601.55,1227.17,4908.68,4,2,2,2024-01-02,2025-01-06,0.5,370,2,1,1.2842697651707518,0.2209513071768844,Premium / Global Investors
C1036,Individual,Martha,Collins,1988-03-13,F,USA,Oregon,Home,2,No,Agency,37,0,3,1176436.08,392145.36,443662.17,1350.493333333333,4051.48,3,3,0,2024-01-06,2025-01-01,0.0,361,2,0,-0.5310137030659523,1.5120141811872028,Premium / Global Investors
C1037,Company,Corvus,Co,1970-02-01,M,Mexico,Baja California,Home,2,Yes,Website,55,1,3,1115637.13,371879.0433333333,499833.64,1190.3133333333333,3570.94,3,2,1,2024-01-08,2024-01-11,0.333,3,3,0,-1.1266546704532667,1.285715472269294,First-Time Buyers
C1038,Individual,Gerald,Gray,1959-05-25,M,USA,California,Investment,3,No,Website,66,0,3,907128.2,302376.0666666667,419687.28,939.33,2817.99,3,3,0,2024-01-02,2024-01-09,0.0,7,3,0,-2.024053337043116,-0.1940921049266489,First-Time Buyers
C1039,Individual,Nicholas,Carter,1962-07-17,M,USA,California,Home,1,Yes,Agency,62,1,4,1428452.94,357113.235,585383.34,1210.7375000000002,4842.950000000001,4,4,0,2024-01-01,2025-01-11,0.0,376,2,1,0.9185871785614714,-0.18460211254713416,Premium / Global Investors
C1040,Individual,Joseph,Young,1940-05-04,M,USA,California,Investment,5,Yes,Website,85,1,3,901095.79,300365.26333333337,332452.89,992.22,2976.66,3,3,0,2024-01-09,2025-01-10,0.0,367,1,0,-1.5162619150361425,-0.529870644869352,Mainstream Buyers
C1041,Individual,Evelyn,Morris,1990-07-12,F,USA,Nevada,Home,5,Yes,Website,34,1,3,1150040.79,383346.93,402848.9,1303.7766666666666,3911.33,3,3,0,2025-01-01,2025-01-12,0.0,11,3,2,-0.8590039555870268,1.5568778525637574,First-Time Buyers
C1042,Individual,Rebecca,Parker,1945-03-08,F,USA,Nevada,Home,2,No,Agency,80,0,4,1325783.46,331445.865,530985.4,1122.0925,4488.37,4,4,0,2024-01-04,2025-01-02,0.0,364,1,0,0.5474453498698681,-0.726432845532975,Mainstream Buyers
C1043,Individual,Carol,Griffin,1999-07-14,F,USA,Washington,Home,5,No,Website,25,0,3,1067911.86,355970.61999999994,426620.64,1357.1933333333334,4071.58,3,3,0,2024-01-10,2025-01-08,0.0,364,2,2,-0.7728461337492962,1.1667361382854937,Premium / Global Investors
C1044,Individual,Eric,Howard,1971-05-15,M,USA,Nevada,Investment,5,No,Website,54,0,4,1368036.39,342009.09750000003,443365.72,1145.535,4582.14,4,4,0,2024-01-02,2025-01-11,0.0,375,1,1,0.7691535233921403,-0.5719184558121256,Mainstream Buyers
C1045,Individual,Rebecca,Allen,1942-01-04,F,USA,New York,Home,3,No,Website,83,0,3,974840.03,324946.6766666667,425602.22,1060.1133333333337,3180.34,3,1,2,2024-01-03,2024-01-06,0.667,3,3,0,-1.6026197358264778,0.4764586637049637,First-Time Buyers
C1046,Individual,Maria,Wood,1969-05-21,F,Canada,Quebec,Home,4,Yes,Website,56,1,4,1301128.39,325282.0975,517811.18,1049.6999999999998,4198.799999999999,4,4,0,2024-01-01,2025-01-11,0.0,376,1,1,0.3837924067884984,-0.9518124359584913,Mainstream Buyers
C1047,Individual,Ronald,Reyes,1984-12-12,M,USA,Virginia,Home,3,No,Website,40,0,3,1333737.83,444579.2766666667,547111.08,1454.5733333333335,4363.72,3,3,0,2024-01-05,2024-01-11,0.0,6,2,2,-0.10225173812587912,2.554434531868979,Premium / Global Investors
C1048,Individual,Angela,Turner,1970-01-27,F,USA,Oregon,Investment,1,No,Agency,55,0,3,1349339.41,449779.8033333333,583294.59,1439.256666666667,4317.77,3,2,1,2024-01-06,2025-01-01,0.333,361,2,2,0.1667940482955798,2.306918073384683,Premium / Global Investors
C1049,Individual,Tiffany,Sanders,1940-05-11,F,USA,California,Investment,5,No,Website,85,0,3,1214294.16,404764.72,500013.28,1451.5366666666669,4354.610000000001,3,3,0,2024-01-09,2025-01-11,0.0,368,2,0,0.05522263889100962,1.5911125375699693,Premium / Global Investors
C1050,Individual,Tyler,Watson,1955-03-10,M,USA,Georgia,Home,4,Yes,Website,70,1,4,1274655.09,318663.7725,446439.12,1192.72,4770.88,4,4,0,2024-01-09,2025-01-08,0.0,365,1,0,0.5902091063305182,-0.677141730618946,Mainstream Buyers
C1051,Individual,Cheryl,Hansen,1958-07-19,F,USA,Virginia,Home,1,Yes,Agency,66,1,3,894972.26,298324.08666666667,543773.78,1016.7433333333332,3050.23,3,2,1,2024-01-03,2024-01-10,0.333,7,3,0,-2.0928313387661475,0.14869142535867283,First-Time Buyers
C1052,Individual,Kimberly,Parker,1953-04-24,F,USA,Utah,Home,1,Yes,Agency,72,1,4,1008000.54,252000.135,296702.8,836.9425,3347.77,4,4,0,2024-01-05,2025-01-03,0.0,364,1,0,-0.792740949595597,-2.1464053066224693,Mainstream Buyers
C1053,Individual,Adam,Kim,1974-10-11,M,Mexico,Nuevo Leon,Home,2,Yes,Website,50,1,3,1280976.9,426992.3,630342.5,1336.61,4009.83,3,3,0,2024-01-02,2025-01-06,0.0,370,2,2,-0.12212514866648311,1.7481057052310474,Premium / Global Investors
C1054,Individual,Edward,Foster,1989-04-09,M,USA,Arizona,Home,2,Yes,Website,36,1,3,837920.5800000001,279306.86000000004,317911.69,879.3433333333332,2638.03,3,2,1,2024-01-07,2025-01-11,0.333,370,1,0,-2.14763343707112,-0.6278759685193215,Mainstream Buyers
C1055,Individual,Jonathan,Bennett,1972-11-20,M,USA,New York,Investment,2,Yes,Website,52,1,3,811498.78,270499.5933333333,373299.4,926.3966666666666,2779.19,3,2,1,2025-01-01,2025-01-08,0.333,7,3,0,-2.4423012733857274,-0.31726320858988066,First-Time Buyers
C1056,Individual,Larry,Wilson,1979-01-19,M,USA,Colorado,Home,1,Yes,Website,46,1,3,1436352.77,478784.25666666665,499350.78,1754.9366666666667,5264.81,3,2,1,2024-01-04,2025-01-02,0.333,364,2,2,0.9047287866504687,3.43514309968579,Premium / Global Investors
C1057,Individual,Jesse,Garcia,1994-04-17,M,USA,Nevada,Investment,5,No,Website,31,0,4,1430593.53,357648.3825,521044.57,1301.4,5205.6,4,4,0,2024-01-03,2025-01-02,0.0,365,2,1,1.0602663838885416,0.07092816641890425,Premium / Global Investors
C1058,Individual,Rachel,Weaver,1973-12-06,F,Germany,Bavaria,Home,3,Yes,Website,51,1,4,1526007.8199999998,381501.955,532913.83,1190.4075,4761.63,4,3,1,2024-01-06,2025-01-12,0.25,372,2,1,1.1552841380477068,0.05487429412598248,Premium / Global Investors
C1059,Individual,Danielle,Davis,1978-06-26,F,USA,California,Home,4,No,Website,47,0,3,1266979.76,422326.5866666666,580992.98,1422.97,4268.91,3,1,2,2024-01-12,2025-01-11,0.667,365,2,2,0.0579001885825485,2.0410134310133703,Premium / Global Investors
C1060,Individual,Christian,Evans,1940-12-25,M,USA,Nevada,Home,5,No,Agency,84,0,3,1167625.18,389208.3933333333,557611.23,1321.503333333333,3964.51,3,3,0,2024-01-06,2025-01-11,0.0,371,2,0,-0.2763848792752798,1.164653104204907,Premium / Global Investors
C1061,Individual,Stephanie,Smith,1960-01-06,F,UK,Scotland,Home,1,No,Website,65,0,4,1689767.29,422441.8225,575615.86,1422.9925,5691.97,4,4,0,2024-01-03,2025-01-07,0.0,370,2,1,1.897433704311537,0.9724034411375815,Premium / Global Investors
C1062,Individual,Billy,Foster,1975-12-20,M,USA,California,Home,4,No,Agency,49,0,4,1766882.53,441720.6325,704808.48,1406.6075,5626.43,4,4,0,2024-01-02,2024-01-08,0.0,6,2,0,1.8614967435313166,1.4116063043945426,Premium / Global Investors
C1063,Individual,Nicole,Weaver,1988-05-12,F,USA,New York,Investment,5,Yes,Website,37,1,3,1315820.94,438606.98,496232.48,1354.2933333333333,4062.88,3,2,1,2024-01-03,2024-01-11,0.333,8,3,2,-0.25950055682493967,2.2648986432274847,First-Time Buyers
C1064,Individual,Brandon,Pierce,1945-06-08,M,USA,California,Home,5,Yes,Website,80,1,3,695434.77,231811.59,348131.23,883.7466666666668,2651.24,3,2,1,2024-01-01,2025-01-12,0.333,377,1,0,-2.2862012914254786,-1.314644386104989,Mainstream Buyers
C1065,Individual,Mark,Reyes,1955-06-01,M,USA,Georgia,Home,3,Yes,Client,70,1,3,1107631.34,369210.4466666667,450186.35,1263.5766666666666,3790.73,3,3,0,2024-01-06,2025-01-04,0.0,364,2,2,-0.6712767082188231,0.9382231079883107,Premium / Global Investors
C1066,Individual,Ashley,Moore,1941-09-21,F,Australia,Victoria,Home,1,No,Website,83,0,4,1208868.77,302217.1925,538035.23,990.9875,3963.95,4,3,1,2024-01-04,2025-01-12,0.25,374,1,0,0.050973867469502804,-1.2607131150585007,Mainstream Buyers
C1067,Individual,Samuel,Howard,1942-12-24,M,Mexico,Jalisco,Investment,4,No,Agency,82,0,3,849001.36,283000.4533333333,324856.86,904.0466666666669,2712.1400000000003,3,2,1,2024-01-08,2025-01-04,0.333,362,1,0,-1.9030205051968556,-0.745381879465009,Mainstream Buyers
C1068,Individual,Kathleen,Carter,1984-10-02,F,USA,California,Home,3,No,Agency,40,0,3,1403831.31,467943.77,524955.14,1609.0333333333335,4827.1,3,2,1,2024-01-01,2025-01-11,0.333,376,2,2,0.6378293298913433,2.8915201617437587,Premium / Global Investors
C1069,Individual,Lawrence,Cox,1992-06-13,M,USA,Virginia,Home,3,Yes,Agency,33,1,3,1323760.84,441253.6133333333,580190.12,1413.0600000000002,4239.18,3,3,0,2024-01-05,2025-01-06,0.0,367,2,2,0.07200276147013514,2.116643534188193,Premium / Global Investors
C1070,Individual,Virginia,Rogers,1951-06-26,F,Germany,Bavaria,Home,5,No,Agency,74,0,3,1286265.14,428755.0466666667,453127.52,1471.9,4415.7,3,3,0,2024-01-01,2025-01-11,0.0,376,2,0,0.21220537817032906,1.939207819034888,Premium / Global Investors
C1071,Individual,Aaron,Johnson,1966-11-08,M,USA,Texas,Home,2,No,Agency,58,0,4,1047375.62,261843.905,393101.99,874.6275,3498.51,4,3,1,2024-01-02,2025-01-02,0.25,366,1,0,-0.5968853152892275,-1.852362145208396,Mainstream Buyers
C1072,Individual,Kimberly,Jones,1962-10-06,F,USA,Utah,Home,3,No,Agency,62,0,3,829884.93,276628.31,335251.84,979.0866666666668,2937.26,3,3,0,2024-01-02,2025-01-11,0.0,375,1,0,-1.983949999800605,-0.6204739721691035,Mainstream Buyers
C1073,Individual,Carl,Collins,1955-02-07,M,USA,California,Investment,2,No,Website,70,0,4,1197808.83,299452.2075,333845.6,952.0525,3808.21,4,4,0,2024-01-06,2025-01-08,0.0,368,1,0,0.005194938153573206,-1.45761114230717,Mainstream Buyers
C1074,Individual,George,Foster,1954-10-07,M,UK,Northern Ireland,Home,1,No,Website,70,0,3,1004700.45,334900.15,467335.84,1092.5400000000002,3277.6200000000003,3,2,1,2024-01-05,2025-01-06,0.333,367,1,0,-1.260319270304234,0.3401102239287042,Mainstream Buyers
C1075,Individual,Carolyn,Watson,1975-02-17,F,Mexico,Baja California,Home,3,No,Website,50,0,4,1178400.08,294600.02,445987.2,984.9525,3939.81,4,2,2,2024-01-10,2025-01-08,0.5,364,1,0,-0.0807152244332835,-1.202864334859528,Mainstream Buyers
C1076,Individual,Betty,Thompson,1980-10-28,F,USA,Florida,Investment,3,No,Agency,44,0,3,884169.44,294723.14666666667,445754.21,976.8166666666666,2930.45,3,3,0,2024-01-01,2025-01-05,0.0,370,1,0,-1.8939659288418833,-0.4025483591892479,Mainstream Buyers
C1077,Individual,Peter,Griffin,1982-07-03,M,USA,Texas,Investment,2,No,Agency,42,0,4,1467449.24,366862.31,537661.98,1245.935,4983.74,4,3,1,2024-01-11,2025-01-07,0.25,362,2,1,0.9970985265391972,0.1352513574729934,Premium / Global Investors
C1078,Individual,Joshua,Howard,1940-07-22,M,USA,Ohio,Home,1,No,Agency,84,0,3,1247337.58,415779.19333333336,491669.54,1303.7766666666666,3911.33,3,3,0,2024-01-03,2025-01-08,0.0,371,2,2,-0.1975568206910149,1.4669407458315438,Premium / Global Investors
C1079,Individual,Steven,Hayes,1959-06-19,M,USA,California,Investment,4,Yes,Website,66,1,3,1151228.31,383742.77,557229.76,1336.61,4009.83,3,3,0,2024-01-08,2025-01-08,0.0,366,2,2,-0.3731334598149151,1.2135060897528187,Premium / Global Investors
C1080,Individual,Hannah,Stewart,1956-06-10,F,UK,England,Investment,4,No,Agency,69,0,4,1594795.52,398698.88,482594.96,1425.28,5701.12,4,4,0,2024-01-03,2025-01-04,0.0,367,2,1,1.7102104284852842,0.6621529616714712,Premium / Global Investors
C1081,Company,Meridian,Co,1974-08-09,M,Russia,Novosibirsk,Home,4,Yes,Agency,50,1,3,1006584.7,335528.23333333334,455284.06,1203.39,3610.17,3,3,0,2024-01-04,2024-01-12,0.0,8,3,2,-1.4425616516959945,0.8662361593255596,First-Time Buyers
C1082,Individual,Patricia,Martin,1993-04-02,F,USA,Oregon,Investment,5,Yes,Website,32,1,3,829499.85,276499.95,388642.3,953.1133333333332,2859.34,3,3,0,2024-01-03,2024-01-12,0.0,9,3,0,-2.3620916204532705,-0.3212980359795042,First-Time Buyers
C1083,Individual,Pamela,Jackson,1950-06-10,F,USA,Colorado,Investment,4,No,Agency,75,0,4,1145122.1,286280.525,413563.21,939.4875,3757.95,4,3,1,2024-01-02,2025-01-03,0.25,367,1,1,-0.1480041968842369,-1.6024571840039796,Mainstream Buyers
C1084,Individual,Sarah,Hansen,1989-07-27,F,France,Ile-De-France,Home,4,No,Agency,35,0,4,1357921.15,339480.2875,498074.48,1136.6925,4546.77,4,3,1,2024-01-06,2025-01-10,0.25,370,1,1,0.5669942334251918,-0.43405171130182674,Mainstream Buyers
C1085,Individual,Sarah,Flores,1947-10-18,F,Australia,Queensland,Investment,1,No,Client,77,0,3,797675.03,265891.6766666667,291083.4,994.8266666666668,2984.48,3,3,0,2024-01-10,2025-01-08,0.0,364,1,0,-2.1149017870875397,-0.6758381005213783,Mainstream Buyers
C1086,Individual,Timothy,Montgomery,1956-01-03,M,USA,Colorado,Home,1,Yes,Website,69,1,4,1339827.27,334956.8175,464470.15,1030.21,4120.84,4,3,1,2024-01-10,2025-01-11,0.25,367,1,0,0.4606789185890971,-0.7969615218443704,Mainstream Buyers
C1087,Individual,Matthew,Owens,1984-03-01,M,USA,Colorado,Home,3,No,Website,41,0,4,1878433.21,469608.3025,602057.55,1575.1075,6300.43,4,4,0,2024-01-09,2025-01-12,0.0,369,2,1,2.6529731590151626,1.8394513119445264,Premium / Global Investors
C1088,Individual,Nicholas,Stewart,1998-09-26,M,USA,Utah,Home,4,Yes,Agency,26,1,3,802271.19,267423.73,460665.54,883.7466666666666,2651.24,3,3,0,2024-01-04,2025-01-04,0.0,366,1,0,-2.2701931102243362,-0.8282136972360342,Mainstream Buyers
C1089,Individual,Madison,Ward,1962-09-17,F,USA,Utah,Home,1,Yes,Website,62,1,4,959344.08,239836.02,273895.07,828.375,3313.5,4,3,1,2025-01-01,2025-01-12,0.25,11,3,0,-1.2436840114378653,-1.85692622114411,First-Time Buyers
C1090,Individual,Laura,Moore,1962-07-09,F,Canada,Alberta,Home,3,Yes,Client,62,1,3,1217272.58,405757.5266666667,495437.61,1396.0966666666666,4188.29,3,2,1,2024-01-03,2025-01-04,0.333,367,2,2,-0.2084384581860138,1.7298793779115937,Premium / Global Investors
C1091,Individual,Arthur,Phillips,1984-07-21,M,USA,Nevada,Home,1,Yes,Agency,40,1,3,741797.49,247265.83,356627.2,853.6566666666668,2560.9700000000003,3,3,0,2024-01-03,2025-01-06,0.0,369,1,0,-2.550515644448287,-1.0583015119408266,Mainstream Buyers
C1092,Individual,Terry,Adams,1996-11-24,M,USA,Oregon,Investment,2,No,Website,28,0,3,1213248.05,404416.01666666666,492551.34,1452.263333333333,4356.79,3,3,0,2025-01-02,2025-01-04,0.0,2,3,2,-0.5791400390539123,2.2451915383518077,First-Time Buyers
C1093,Individual,Adam,Allen,1980-07-13,M,USA,Oregon,Home,1,Yes,Website,44,1,3,805402.8300000001,268467.61000000004,334313.56,900.46,2701.38,3,2,1,2024-01-01,2025-01-06,0.333,371,1,0,-2.2246856716865935,-0.6792187230585297,Mainstream Buyers
C1094,Individual,Sarah,Cook,1960-12-02,F,USA,Washington,Home,2,Yes,Website,64,1,4,1631407.56,407851.89,606086.6,1273.5475,5094.1900000000005,4,3,1,2024-01-05,2025-01-06,0.25,367,2,1,1.581501266855269,0.4992794336739484,Premium / Global Investors
C1095,Individual,Cynthia,Howard,1940-02-26,F,USA,California,Home,3,No,Agency,85,0,4,1454366.24,363591.56,566261.62,1264.0125,5056.05,4,4,0,2024-01-01,2024-01-11,0.0,10,3,0,0.8639338731630097,0.19994403424325574,First-Time Buyers
C1096,Individual,Grace,Edwards,1965-05-20,F,USA,New York,Home,2,No,Client,60,0,4,1756661.91,439165.4775,561232.25,1339.695,5358.78,4,4,0,2024-01-04,2025-01-09,0.0,371,2,1,1.9792228866451553,0.8992561491457083,Premium / Global Investors
C1097,Individual,Teresa,Pierce,1962-07-16,F,Canada,Alberta,Home,3,Yes,Agency,62,1,3,1064342.81,354780.9366666667,453949.46,1162.6166666666666,3487.85,3,3,0,2024-01-10,2025-01-12,0.0,368,1,0,-1.02886624927006,0.5745233882041194,Mainstream Buyers
C1098,Individual,Paul,Young,1976-10-24,M,USA,California,Investment,3,No,Client,48,0,3,1187774.23,395924.74333333335,443496.6,1290.0866666666668,3870.26,3,2,1,2024-01-02,2025-01-08,0.333,372,2,2,-0.41641783144166605,1.3850002683898803,Premium / Global Investors
C1099,Individual,Joan,Scott,1972-06-26,F,USA,Colorado,Home,3,No,Agency,53,0,4,1426501.12,356625.28,444521.07,1153.0825,4612.33,4,3,1,2024-01-03,2025-01-12,0.25,375,1,1,0.8277989010787627,-0.2864960874061485,Mainstream Buyers
C1100,Individual,Frank,Thomas,1940-05-14,M,Russia,Novosibirsk,Home,1,No,Website,85,0,4,1314225.59,328556.3975,548635.7,1042.1725,4168.6900000000005,4,4,0,2024-01-01,2025-01-07,0.0,372,1,1,0.44128777140912495,-0.9463936286087048,Mainstream Buyers
C1101,Individual,Matthew,King,1964-03-01,M,Belgium,Flanders,Home,5,No,Website,61,0,4,1037914.43,259478.6075,325612.79,868.5725,3474.29,4,4,0,2024-01-01,2025-01-02,0.0,367,1,0,-0.5082115934481586,-2.0595465344272106,Mainstream Buyers
C1102,Company,Harmon,Co,1960-06-05,M,Germany,Berlin,Home,2,No,Agency,65,0,4,1248456.03,312114.0075,516162.59,993.0625,3972.25,4,4,0,2024-01-02,2025-01-12,0.0,376,1,1,0.12449699040538698,-1.1762917027884296,Mainstream Buyers
C1103,Individual,Jose,Johnson,1961-04-27,M,Belgium,Wallonia,Home,4,No,Agency,64,0,4,1206840.81,301710.2025,496697.45,997.415,3989.66,4,3,1,2024-01-03,2025-01-08,0.25,371,1,1,0.09844686220227958,-1.2427930091699915,Mainstream Buyers
C1104,Individual,Christian,Weaver,1998-10-15,M,USA,Utah,Investment,5,Yes,Website,26,1,3,893996.19,297998.73,381470.55,1025.013333333333,3075.04,3,3,0,2024-01-06,2025-01-05,0.0,365,1,0,-1.7409175501092387,-0.23029045313183702,Mainstream Buyers
C1105,Individual,Roger,Ward,1940-01-14,M,USA,Nevada,Home,3,Yes,Website,85,1,4,1623510.31,405877.5775,550595.85,1365.9450000000002,5463.780000000001,4,4,0,2024-01-05,2024-01-09,0.0,4,2,0,1.5010997339445913,0.886413868321938,Premium / Global Investors
C1106,Individual,Sean,Martin,1982-05-16,M,USA,California,Home,1,No,Agency,43,0,3,773499.85,257833.28333333333,329442.1,842.68,2528.04,3,3,0,2024-01-06,2025-01-08,0.0,368,1,0,-2.4271929903752065,-1.0217091765135504,Mainstream Buyers
C1107,Individual,Frank,Hayes,1948-01-15,M,Canada,British Columbia,Home,1,No,Website,77,0,3,1156527.59,385509.1966666667,540584.92,1268.0466666666669,3804.14,3,3,0,2024-01-05,2024-01-09,0.0,4,3,0,-0.8680377004158355,1.466800459696088,First-Time Buyers
C1108,Individual,Helen,Ward,1994-12-01,F,Australia,South Australia,Home,4,No,Website,30,0,3,1069904.1,356634.7,516476.18,1238.36,3715.08,3,3,0,2025-01-04,2025-01-09,0.0,5,3,0,-1.274662147733766,1.201898245108398,First-Time Buyers
C1109,Individual,Rebecca,Anderson,1967-05-09,F,USA,California,Home,1,Yes,Client,58,1,4,1756965.37,439241.3425,531593.91,1458.93,5835.72,4,3,1,2024-01-01,2024-01-10,0.25,9,2,2,1.8188724599043848,1.623960190155997,Premium / Global Investors
C1110,Individual,Harold,Watson,1977-12-05,M,USA,New York,Home,5,Yes,Website,47,1,4,1445458.33,361364.5825,441268.43,1152.91,4611.639999999999,4,2,2,2024-01-04,2025-01-11,0.5,373,2,0,1.0036440442360315,-0.19089679275991495,Premium / Global Investors
C1111,Company,Corvus,Co,1967-01-23,M,USA,California,Home,4,Yes,Website,58,1,3,885146.14,295048.7133333333,435943.19,897.3100000000001,2691.9300000000003,3,3,0,2024-01-03,2024-01-10,0.0,7,3,0,-2.1323573976563774,-0.3581231711118764,First-Time Buyers
C1112,Individual,Donald,Green,1982-05-01,M,USA,Nevada,Investment,3,Yes,Website,43,1,3,961599.42,320533.14,388182.22,975.9433333333332,2927.83,3,2,1,2024-01-02,2025-01-07,0.333,371,1,0,-1.5750661566788808,-0.07363385022296827,Mainstream Buyers
C1113,Individual,Brenda,Martin,1974-08-18,F,USA,Texas,Investment,2,No,Client,50,0,4,1162770.88,290692.72,523652.47,942.035,3768.14,4,3,1,2024-01-01,2025-01-11,0.25,376,1,0,-0.2425578626854233,-1.4201461153875723,Mainstream Buyers
C1114,Individual,Cheryl,Wood,1992-04-02,F,USA,California,Home,3,No,Website,33,0,3,872825.73,290941.91,367529.08,1072.7266666666667,3218.1800000000003,3,3,0,2024-01-02,2024-01-10,0.0,8,3,0,-2.091258674201439,0.16681405105917022,First-Time Buyers
C1115,Individual,Joseph,Bell,1973-10-24,M,USA,Colorado,Home,3,Yes,Agency,51,1,3,1054599.19,351533.0633333333,472546.53,1108.996666666667,3326.99,3,3,0,2025-01-01,2025-01-06,0.0,5,3,0,-1.437193181978169,0.7797450983056614,First-Time Buyers
C1116,Individual,Angela,Freeman,1991-12-17,F,USA,California,Home,1,Yes,Agency,33,1,3,766951.9500000001,255650.65,294707.51,879.3433333333332,2638.03,3,2,1,2024-01-03,2025-01-02,0.333,365,1,0,-2.453632939807358,-0.8261648424118809,Mainstream Buyers
C1117,Individual,Rebecca,Patterson,1955-02-23,F,Mexico,Mexico City,Home,5,Yes,Website,70,1,4,1149629.49,287407.3725,410756.82,1047.99,4191.96,4,3,1,2024-01-02,2025-01-09,0.25,373,1,0,0.06048765149187904,-1.3133051788518038,Mainstream Buyers
C1118,Company,Caldera,Co,1969-04-26,M,UK,Scotland,Investment,2,Yes,Website,56,1,3,859368.99,286456.33,401356.84,983.3166666666666,2949.95,3,3,0,2024-01-02,2024-01-09,0.0,7,3,0,-2.229972226925877,-0.13268282313959062,First-Time Buyers
C1119,Individual,Larry,Green,1941-03-14,M,USA,Oregon,Home,1,Yes,Website,84,1,3,938703.66,312901.22,394144.56,949.9033333333332,2849.71,3,3,0,2024-01-06,2025-01-01,0.0,361,1,0,-1.621606657216908,-0.38085474317761925,Mainstream Buyers
C1120,Individual,Kathleen,Carter,1979-07-16,F,USA,Arizona,Home,1,No,Website,45,0,4,1371211.29,342802.8225,436572.8,1123.6174999999998,4494.469999999999,4,4,0,2024-01-06,2025-01-02,0.0,362,1,1,0.5365500983918481,-0.4659637017972701,Mainstream Buyers
C1121,Individual,Carolyn,Gray,1985-02-06,F,USA,California,Home,1,No,Client,40,0,3,1014661.78,338220.5933333333,568008.79,1124.5,3373.5,3,2,1,2024-01-05,2024-01-12,0.333,7,3,0,-1.6252529750334788,0.8528644867870347,First-Time Buyers
C1122,Individual,Judith,Evans,1942-04-10,F,USA,California,Home,4,No,Website,83,0,4,1558949.2,389737.3,625903.82,1208.8775,4835.51,4,4,0,2024-01-01,2025-01-11,0.0,376,2,1,1.46314214752131,-0.06727191075589405,Premium / Global Investors
C1123,Individual,Robert,Pierce,1951-11-03,M,USA,Virginia,Home,5,No,Agency,73,0,3,1241771.44,413923.8133333333,581087.19,1283.7066666666667,3851.12,3,3,0,2024-01-02,2025-01-12,0.0,376,2,0,-0.1326541567528725,1.3264955245252017,Premium / Global Investors
C1124,Individual,Sharon,Murray,1976-04-02,F,USA,Oregon,Investment,5,Yes,Website,49,1,4,1272190.01,318047.5025,531100.09,1040.89,4163.56,4,4,0,2024-01-05,2025-01-03,0.0,364,1,0,0.2972697033758392,-1.054368109228263,Mainstream Buyers
C1125,Individual,Ronald,Price,1941-03-02,M,USA,Oregon,Home,3,No,Agency,84,0,3,1186907.08,395635.69333333336,440465.95,1332.34,3997.02,3,1,2,2024-01-10,2025-01-09,0.667,365,2,2,-0.2425953603039645,1.496279218150748,Premium / Global Investors
C1126,Company,Elara,Co,1983-02-16,M,USA,Virginia,Home,1,Yes,Website,42,1,3,893488.2,297829.4,440625.12,1015.94,3047.82,3,2,1,2024-01-03,2024-01-07,0.333,4,3,0,-2.1267910282315046,0.23690150319271605,First-Time Buyers
C1127,Individual,Ann,Cooper,1943-06-15,F,UK,England,Investment,1,No,Website,82,0,3,838728.4,279576.13333333336,309658.36,932.37,2797.11,3,2,1,2024-01-01,2025-01-10,0.333,375,1,0,-1.9929890808930426,-0.6503455452476915,Mainstream Buyers
C1128,Individual,Brian,Montgomery,1983-05-12,M,USA,California,Investment,1,No,Website,42,0,3,1186634.53,395544.8433333333,467492.04,1330.8533333333332,3992.56,3,3,0,2024-01-06,2025-01-07,0.0,367,2,2,-0.4609564955764558,1.473494794900899,Premium / Global Investors
C1129,Individual,Martha,Hansen,1945-03-09,F,USA,Colorado,Investment,5,No,Agency,80,0,4,1463125.26,365781.315,507394.76,1219.4375,4877.75,4,4,0,2024-01-01,2025-01-04,0.0,369,2,1,1.1555200339068312,-0.25749332598949265,Premium / Global Investors
C1130,Individual,Tiffany,Parker,1987-01-03,F,USA,Arizona,Home,5,No,Website,38,0,4,1326217.01,331554.2525,678504.41,1009.23,4036.92,4,2,2,2024-01-05,2025-01-10,0.5,371,1,0,0.41254663083350757,-0.8199489325194131,Mainstream Buyers
C1131,Individual,Cheryl,Kim,1984-05-28,F,USA,California,Investment,3,No,Website,41,0,3,1210500.79,403500.26333333337,581631.78,1317.7333333333331,3953.2,3,3,0,2024-01-03,2024-01-10,0.0,7,3,2,-0.685271322251892,1.7774807022735057,First-Time Buyers
C1132,Individual,Terry,Roberts,1982-01-21,M,USA,New York,Home,2,Yes,Website,43,1,3,1383901.27,461300.4233333333,574927.34,1448.82,4346.46,3,3,0,2025-01-04,2025-01-08,0.0,4,2,2,0.019088168809834646,2.7092024943909228,Premium / Global Investors
C1133,Individual,Jason,Hansen,1993-01-21,M,USA,Oregon,Investment,3,No,Website,32,0,4,1427019.92,356754.98,502325.67,1210.7375000000002,4842.950000000001,4,4,0,2024-01-08,2025-01-11,0.0,369,2,1,0.8623688591149672,-0.12916957209814722,Premium / Global Investors
C1134,Individual,Dorothy,Bennett,1943-10-10,F,USA,California,Investment,1,No,Website,81,0,4,1088583.78,272145.945,453416.1,905.0375,3620.15,4,2,2,2024-01-06,2025-01-12,0.5,372,1,0,-0.35957511249122215,-1.7196515162358137,Mainstream Buyers
C1135,Individual,Melissa,Phillips,1999-09-22,F,Russia,Moscow Oblast,Investment,5,Yes,Client,25,1,3,1186082.75,395360.9166666667,484226.87,1303.4733333333334,3910.42,3,3,0,2024-01-04,2024-01-10,0.0,6,3,2,-0.8362524081334057,1.7010290221411764,First-Time Buyers
C1136,Individual,Shirley,Weaver,1965-04-27,F,USA,California,Home,3,Yes,Agency,60,1,3,1016844.64,338948.2133333333,430426.11,1023.88,3071.6400000000003,3,2,1,2024-01-03,2025-01-10,0.333,373,1,0,-1.2965624792695813,0.13830760045206186,Mainstream Buyers
C1137,Individual,Carol,Price,1986-12-24,F,USA,Nevada,Home,4,Yes,Agency,38,1,3,1114902.43,371634.1433333333,554352.77,1140.1733333333334,3420.52,3,3,0,2024-01-02,2025-01-10,0.0,374,1,0,-0.919639293926241,0.7119942498503442,Mainstream Buyers
C1138,Individual,George,Green,1964-08-24,M,USA,Oregon,Home,1,No,Website,60,0,3,840602.9199999999,280200.9733333333,348889.77,952.0733333333334,2856.2200000000003,3,3,0,2024-01-02,2024-01-03,0.0,1,3,0,-2.3298366678170654,-0.2503548332544792,First-Time Buyers
C1139,Individual,Tiffany,Green,1996-03-03,F,USA,California,Home,4,Yes,Client,29,1,3,1297382.59,432460.8633333333,568773.25,1439.256666666667,4317.77,3,2,1,2024-01-08,2025-01-08,0.333,366,2,2,0.06897221743464685,2.145565276604055,Premium / Global Investors
C1140,Individual,Billy,Jackson,1976-01-07,M,USA,Florida,Home,1,Yes,Website,49,1,3,1275809.71,425269.9033333333,551828.54,1277.2733333333333,3831.82,3,2,1,2025-01-01,2025-01-12,0.333,11,3,2,-0.5364715446659287,2.029713680865123,First-Time Buyers
C1141,Individual,Kimberly,Montgomery,2000-01-26,F,USA,Arizona,Investment,3,No,Website,25,0,3,990242.33,330080.7766666667,436787.87,1101.55,3304.65,3,3,0,2024-01-02,2025-01-12,0.0,376,1,0,-1.4317805535760177,0.2966294471015633,Mainstream Buyers
C1142,Individual,Julia,Hughes,1948-10-03,F,USA,Colorado,Home,2,Yes,Agency,76,1,4,1492680.13,373170.0325,492869.13,1222.37,4889.48,4,4,0,2024-01-05,2024-01-12,0.0,7,3,0,0.8115481897898478,0.25878264242622295,First-Time Buyers
C1143,Individual,Michael,Garcia,1994-10-09,M,USA,Arizona,Home,2,Yes,Website,30,1,3,1108329.67,369443.2233333333,404667.67,1343.8166666666666,4031.45,3,2,1,2024-01-06,2025-01-10,0.333,370,2,0,-0.6960732453866827,1.4136448594789717,Premium / Global Investors
C1144,Individual,Diane,Young,1978-10-11,F,USA,Georgia,Investment,4,No,Client,46,0,4,1244666.12,311166.53,494178.87,1027.0725,4108.29,4,4,0,2024-01-04,2024-01-09,0.0,5,3,0,-0.1847212339505756,-0.7813224247727499,First-Time Buyers
C1145,Individual,Ethan,King,1993-04-04,M,USA,Nevada,Home,5,No,Website,32,0,3,1118850.31,372950.1033333333,568314.74,1267.4066666666668,3802.22,3,3,0,2024-01-05,2025-01-09,0.0,370,2,2,-0.6616568775231537,1.0589918276349222,Premium / Global Investors
C1146,Individual,Richard,Weaver,1991-03-14,M,USA,California,Investment,2,No,Website,34,0,3,1037824.43,345941.4766666667,565819.26,1136.0866666666668,3408.26,3,2,1,2024-01-10,2025-01-10,0.333,366,1,0,-1.165386006034409,0.6168323785381862,Mainstream Buyers
C1147,Individual,Brittany,Edwards,1978-09-02,F,USA,Utah,Home,3,No,Website,46,0,3,905314.84,301771.61333333334,555067.12,1010.53,3031.59,3,3,0,2024-01-09,2025-01-09,0.0,366,1,0,-1.7404180768433406,-0.2542296334882309,Mainstream Buyers
C1148,Individual,Joshua,Rogers,1991-07-15,M,Australia,New South Wales,Home,1,Yes,Agency,33,1,3,1083677.57,361225.8566666667,523867.62,1221.3833333333334,3664.15,3,3,0,2024-01-09,2025-01-01,0.0,358,1,0,-1.0417996557638447,0.9653320498213436,Mainstream Buyers
C1149,Individual,Kimberly,Thomas,1980-06-03,F,Russia,Tatarstan,Home,3,No,Agency,45,0,4,1277449.99,319362.4975,484921.76,1053.27,4213.08,4,4,0,2024-01-06,2025-01-03,0.0,363,1,1,0.21115029689559897,-0.9080847493703003,Mainstream Buyers
C1150,Individual,Tiffany,Cook,1992-08-11,F,USA,Nevada,Investment,4,No,Agency,32,0,3,1476970.3,492323.43333333335,523968.19,1550.1266666666668,4650.38,3,3,0,2024-01-02,2025-01-11,0.0,375,2,2,0.7372195605362688,2.8747324383644774,Premium / Global Investors
C1151,Individual,Tyler,Anderson,1963-12-14,M,USA,Arizona,Investment,2,No,Website,61,0,4,1760000.34,440000.085,545707.37,1350.2175,5400.87,4,4,0,2024-01-06,2024-01-12,0.0,6,2,0,1.7234800072605858,1.2659918634483511,Premium / Global Investors
C1152,Individual,Jason,Williams,1977-09-16,M,USA,Georgia,Home,1,No,Website,47,0,4,1654928.32,413732.08,585559.25,1374.585,5498.34,4,4,0,2024-01-03,2025-01-05,0.0,368,2,1,1.7082115423575377,0.8375200882176418,Premium / Global Investors
C1153,Individual,Scott,Sanders,1991-09-14,M,USA,California,Home,1,No,Website,33,0,3,1007630.0,335876.6666666667,492913.41,1170.3533333333332,3511.06,3,2,1,2024-01-02,2025-01-09,0.333,373,1,0,-1.2345721154637928,0.651052556997301,Mainstream Buyers
C1154,Individual,Jerry,Brown,1956-12-07,M,USA,Utah,Home,5,Yes,Agency,68,1,4,1373889.96,343472.49,518104.03,1135.325,4541.3,4,4,0,2024-01-04,2025-01-10,0.0,372,1,1,0.7964068688759878,-0.6151101785207785,Mainstream Buyers
C1155,Individual,William,Young,1977-03-03,M,USA,California,Home,5,No,Website,48,0,3,1577625.0,525875.0,589821.06,1679.1066666666666,5037.32,3,2,1,2024-01-06,2025-01-11,0.333,371,2,2,1.4377653963107182,3.520200511411149,Premium / Global Investors
C1156,Individual,Dorothy,Kim,1956-05-16,F,USA,Virginia,Home,4,No,Agency,69,0,3,859956.66,286652.22000000003,441602.33,1008.13,3024.39,3,3,0,2024-01-05,2025-01-11,0.0,372,1,0,-1.7905836835044635,-0.5017164534947773,Mainstream Buyers
C1157,Individual,Kenneth,Davis,1944-02-11,M,Canada,Alberta,Investment,2,No,Website,81,0,4,894080.38,223520.095,329573.31,716.4525,2865.81,4,4,0,2024-01-02,2025-01-09,0.0,373,1,0,-1.1648739944838775,-2.7873761648885105,Mainstream Buyers
C1158,Individual,Joan,Pierce,1955-05-19,F,USA,California,Investment,2,No,Website,70,0,3,941360.29,313786.76333333337,596516.36,972.0533333333332,2916.16,3,2,1,2024-01-04,2025-01-05,0.333,367,1,0,-1.5903132278574437,-0.2434100565960199,Mainstream Buyers
C1159,Individual,Gerald,Howard,1940-03-24,M,USA,Nevada,Investment,1,Yes,Website,85,1,3,1170550.92,390183.64,558548.42,1175.6833333333334,3527.05,3,2,1,2024-01-06,2025-01-09,0.333,369,2,2,-0.5714347273318885,0.9775133848307082,Premium / Global Investors
C1160,Individual,Walter,Griffin,1980-11-21,M,USA,Florida,Home,2,Yes,Website,44,1,4,1359425.86,339856.465,510079.55,1101.9875,4407.95,4,3,1,2024-01-06,2025-01-01,0.25,361,1,0,0.5558724901973136,-0.49043997982596166,Mainstream Buyers
C1161,Individual,Stephen,White,1994-12-02,M,Canada,Alberta,Investment,3,Yes,Website,30,1,4,2022416.31,505604.0775,724345.49,1486.3275,5945.31,4,3,1,2024-01-01,2024-01-11,0.25,10,2,0,2.5564543243844047,2.382650711122466,Premium / Global Investors
C1162,Individual,Charles,Nelson,1962-01-25,M,USA,California,Investment,2,No,Website,63,0,4,1116223.63,279055.9075,446838.6,872.6800000000001,3490.7200000000003,4,4,0,2024-01-02,2025-01-04,0.0,368,1,0,-0.35395107139526766,-1.8273479282493583,Mainstream Buyers
C1163,Individual,Noah,Morales,1998-10-26,M,USA,California,Home,3,Yes,Website,26,1,4,1202709.18,300677.295,498755.52,1059.8375,4239.35,4,2,2,2024-01-03,2025-01-07,0.5,370,1,0,0.08115413306280503,-0.8844241876744914,Mainstream Buyers
C1164,Individual,Emma,Watson,1968-11-04,F,Belgium,Wallonia,Home,3,Yes,Agency,56,1,4,1315287.03,328821.7575,411818.69,1169.615,4678.46,4,2,2,2024-01-07,2025-01-12,0.5,371,1,0,0.5458082479074573,-0.43012788933860235,Mainstream Buyers
C1165,Individual,Victoria,Alexander,1994-09-26,F,Russia,Moscow Oblast,Home,1,No,Website,30,0,3,970705.4,323568.4666666666,509155.44,1079.9266666666665,3239.78,3,3,0,2025-01-03,2025-01-12,0.0,9,3,0,-1.8999570464884252,0.5725335529976586,First-Time Buyers
C1166,Individual,Scott,Hall,1991-11-15,M,USA,New York,Investment,1,No,Website,33,0,4,1163601.79,290900.4475,408434.17,939.4875,3757.95,4,4,0,2024-01-02,2024-01-11,0.0,9,3,0,-0.6232584807196839,-1.0526550876352663,First-Time Buyers
C1167,Individual,Kevin,Alexander,1967-12-20,M,UK,Scotland,Home,3,No,Website,57,0,3,1163104.83,387701.61,662126.19,1193.7733333333333,3581.32,3,2,1,2024-01-01,2025-01-08,0.333,373,2,0,-0.593824824142245,1.0620433909217106,Premium / Global Investors
C1168,Individual,Brittany,Reyes,1998-12-25,F,Germany,Hamburg,Home,2,Yes,Agency,26,1,4,1081069.19,270267.2975,382048.18,901.245,3604.98,4,4,0,2024-01-01,2024-01-12,0.0,11,3,0,-0.962520021836448,-1.338936825670759,First-Time Buyers
C1169,Individual,Noah,Bryant,1994-05-01,M,Russia,Saint Petersburg,Home,5,Yes,Agency,31,1,4,900300.22,225075.055,269707.97,832.615,3330.46,4,3,1,2024-01-02,2025-01-02,0.25,366,1,0,-1.0680996133874952,-2.2773747165382097,Mainstream Buyers
C1170,Individual,Amanda,Collins,1990-09-02,F,USA,Nevada,Home,1,Yes,Website,34,1,4,1165955.62,291488.905,366328.69,1009.9325,4039.73,4,3,1,2024-01-03,2024-01-12,0.25,9,3,0,-0.5223636123616051,-0.8042121475098492,First-Time Buyers
C1171,Individual,Anna,Patterson,1984-08-21,F,USA,California,Investment,4,Yes,Website,40,1,4,1561809.25,390452.3125,527403.68,1276.9875,5107.95,4,4,0,2024-01-04,2025-01-11,0.0,373,2,1,1.388503403758214,0.2640882479123307,Premium / Global Investors
C1172,Individual,Victoria,Freeman,1942-05-11,F,USA,Nevada,Home,5,No,Website,83,0,4,1240274.79,310068.6975,454693.74,990.4475,3961.79,4,3,1,2024-01-01,2025-01-05,0.25,370,1,0,0.3005047102356232,-1.3028470535002172,Mainstream Buyers
C1173,Individual,Cheryl,Price,1984-02-11,F,Canada,Manitoba,Investment,1,No,Website,41,0,4,1261072.17,315268.0425,468922.65,1014.9825,4059.93,4,4,0,2024-01-07,2025-01-08,0.0,367,1,1,0.04101174150423051,-0.9966885495532352,Mainstream Buyers
C1174,Individual,Kenneth,White,1982-06-07,M,USA,Nevada,Home,2,No,Agency,43,0,4,1414798.99,353699.7475,446099.24,1244.8049999999998,4979.219999999999,4,3,1,2025-01-02,2025-01-10,0.25,8,3,0,0.5589403678781832,0.34364967121115814,First-Time Buyers
C1175,Individual,Evelyn,Long,1959-09-27,F,USA,California,Home,2,No,Website,65,0,4,1766232.62,441558.155,675388.05,1449.3775,5797.51,4,4,0,2024-01-02,2025-01-10,0.0,374,2,1,2.224502208977697,1.159712896923466,Premium / Global Investors
C1176,Individual,Lauren,Baker,1975-03-06,F,USA,California,Investment,4,Yes,Agency,50,1,3,1003328.89,334442.9633333333,441387.41,1170.3533333333332,3511.06,3,1,2,2024-01-01,2024-01-10,0.667,9,3,0,-1.4589891921048688,0.9069491565941399,First-Time Buyers
C1177,Individual,Larry,Sanders,1998-05-09,M,USA,California,Investment,2,No,Agency,27,0,4,1047224.27,261806.0675,321100.73,816.1600000000001,3264.6400000000003,4,2,2,2024-01-02,2024-01-08,0.5,6,3,0,-1.0731150922394173,-1.5217086947113658,First-Time Buyers
C1178,Individual,Jessica,Richardson,1950-07-16,F,USA,California,Home,1,No,Agency,74,0,3,744651.07,248217.0233333333,390678.42,801.46,2404.38,3,3,0,2024-01-05,2025-01-01,0.0,362,1,0,-2.499061859308529,-1.334990429747314,Mainstream Buyers
C1179,Individual,Melissa,Anderson,1991-09-02,F,USA,California,Home,4,No,Agency,33,0,3,848152.02,282717.34,361461.89,1045.8666666666668,3137.6000000000004,3,3,0,2024-01-08,2024-01-11,0.0,3,3,0,-2.2030710639717452,0.007556893064637487,First-Time Buyers
C1180,Individual,Deborah,Miller,1995-11-07,F,Belgium,Brussels,Home,2,Yes,Website,29,1,4,1111089.24,277772.31,413510.38,1050.5725,4202.29,4,3,1,2024-01-11,2025-01-12,0.25,367,1,0,-0.3024750713227242,-1.1626383076202775,Mainstream Buyers
C1181,Individual,Judith,Hansen,1956-03-23,F,USA,Nevada,Investment,5,No,Website,69,0,3,743723.3099999999,247907.77,352725.16,939.33,2817.99,3,3,0,2025-01-02,2025-01-06,0.0,4,3,0,-2.5172821199471476,-0.739220071639336,First-Time Buyers
C1182,Individual,Christopher,Murray,1961-11-03,M,Germany,Bavaria,Investment,3,Yes,Website,63,1,4,1522183.38,380545.845,539392.07,1269.065,5076.26,4,4,0,2024-01-02,2025-01-07,0.0,371,2,1,1.2975573076113502,0.14041709902037536,Premium / Global Investors
C1183,Individual,Carl,Rogers,1993-11-14,M,USA,Arizona,Investment,1,No,Website,31,0,4,1364593.88,341148.47,546764.12,1088.3825,4353.53,4,4,0,2024-01-06,2025-01-11,0.0,371,1,1,0.44746814243088884,-0.5282806601357276,Mainstream Buyers
C1184,Individual,David,Nelson,1953-04-14,M,France,Ile-De-France,Home,2,No,Website,72,0,3,500255.63,166751.87666666668,202634.18,624.2366666666667,1872.71,3,2,1,2024-01-03,2025-01-08,0.333,371,1,0,-3.432361322504374,-2.4297234771264535,Mainstream Buyers
C1185,Individual,Ronald,Peterson,2000-06-27,M,USA,California,Home,3,No,Website,25,0,4,1218570.99,304642.7475,388613.55,1029.9125,4119.65,4,4,0,2024-01-07,2025-01-06,0.0,365,1,1,0.05131117650362821,-1.0584457920808708,Mainstream Buyers
C1186,Individual,Victoria,Bennett,1978-06-27,F,USA,Nevada,Home,3,Yes,Website,47,1,3,1141153.96,380384.6533333333,585004.16,1221.6766666666665,3665.03,3,2,1,2024-01-03,2025-01-01,0.333,364,2,0,-0.6916384975862417,1.0937277573729327,Premium / Global Investors
C1187,Individual,Melissa,Pierce,1962-03-18,F,USA,Nevada,Home,4,No,Website,63,0,3,1097539.23,365846.41,564972.81,1092.506666666667,3277.52,3,3,0,2024-01-03,2025-01-03,0.0,366,1,0,-0.922891902794049,0.44562589381717094,Mainstream Buyers
C1188,Individual,Matthew,White,1995-01-11,M,Canada,Alberta,Home,1,No,Client,30,0,4,1437535.25,359383.8125,581530.71,1190.4075,4761.63,4,2,2,2024-01-02,2025-01-11,0.5,375,2,1,0.7872184323042721,0.06496124614441093,Premium / Global Investors
C1189,Individual,Peter,Alexander,1963-01-22,M,USA,Florida,Home,2,Yes,Client,62,1,4,1180295.09,295073.7725,382331.32,989.2175,3956.87,4,2,2,2024-01-01,2025-01-04,0.5,369,1,0,-0.029800709661588803,-1.1975804129173078,Mainstream Buyers
C1190,Individual,Sandra,Baker,1946-04-08,F,USA,Texas,Home,4,No,Client,79,0,4,1358669.02,339667.255,495056.58,1115.61,4462.44,4,4,0,2024-01-04,2025-01-09,0.0,371,1,0,0.7079888081699652,-0.7314370707346238,Mainstream Buyers
C1191,Individual,Mary,Cox,1950-04-17,F,USA,California,Investment,3,No,Website,75,0,3,1095538.81,365179.6033333333,409260.76,1357.1933333333334,4071.58,3,2,1,2024-01-04,2025-01-09,0.333,371,2,0,-0.531716353527065,1.1724438820519187,Premium / Global Investors
C1192,Individual,Adam,Jones,2000-05-01,M,USA,Florida,Home,5,No,Website,25,0,4,1111237.94,277809.485,462493.65,941.135,3764.54,4,2,2,2024-01-06,2025-01-11,0.5,371,1,0,-0.2875667819365457,-1.434360740981644,Mainstream Buyers
C1193,Individual,Amy,Owens,1975-04-20,F,UK,England,Home,1,No,Website,50,0,4,946796.24,236699.06,360341.5,716.4525,2865.81,4,2,2,2024-01-02,2025-01-02,0.5,366,1,0,-1.1523339938892827,-2.383265672736845,Mainstream Buyers
C1194,Individual,Melissa,Brooks,1943-06-17,F,USA,Colorado,Home,1,No,Website,82,0,3,1084957.53,361652.51,431485.71,1263.8633333333337,3791.59,3,2,1,2024-01-11,2025-01-12,0.333,367,1,0,-0.7568514263483059,0.9581464784226401,Mainstream Buyers
C1195,Individual,Anna,Pierce,1990-07-06,F,USA,California,Home,4,Yes,Agency,34,1,4,1118238.91,279559.7275,475030.73,910.925,3643.7,4,3,1,2024-01-07,2025-01-07,0.25,366,1,0,-0.368896692532096,-1.5961975858366648,Mainstream Buyers
C1196,Individual,William,Freeman,1955-03-09,M,USA,Nevada,Home,2,No,Agency,70,0,4,1731153.76,432788.44,588124.15,1356.32,5425.28,4,4,0,2024-01-03,2025-01-11,0.0,374,2,1,1.9971146414379717,0.8589361118045604,Premium / Global Investors
C1197,Individual,Deborah,Roberts,1959-10-04,F,USA,Arizona,Home,4,No,Website,65,0,3,1439595.57,479865.19,584272.04,1471.4466666666667,4414.34,3,3,0,2024-01-08,2024-01-09,0.0,1,2,2,0.3417702179220859,2.7889869860373926,Premium / Global Investors
C1198,Individual,Lisa,Young,1960-01-21,F,USA,New York,Home,1,No,Agency,65,0,3,1415391.59,471797.1966666666,674268.09,1493.243333333333,4479.73,3,2,1,2024-01-04,2025-01-04,0.333,366,2,2,0.49918004975948066,2.623262850740856,Premium / Global Investors
C1199,Individual,Justin,Campbell,1943-03-03,M,USA,Colorado,Home,2,No,Website,82,0,4,1013002.89,253250.7225,367400.47,910.2925,3641.17,4,3,1,2024-01-06,2025-01-04,0.25,364,1,0,-0.529065642363963,-1.9347325540124125,Mainstream Buyers
C1200,Individual,Henry,Taylor,1969-03-11,M,USA,Utah,Home,4,No,Agency,56,0,4,1789601.3299999998,447400.3325,635580.39,1422.9925,5691.97,4,3,1,2024-01-02,2025-01-10,0.25,374,2,1,2.279773951176198,1.2336351626981517,Premium / Global Investors
C1201,Individual,Timothy,Stewart,2000-03-22,M,USA,Oregon,Investment,1,Yes,Website,25,1,4,1063833.91,265958.4775,353358.62,896.2525,3585.01,4,4,0,2024-01-02,2025-01-09,0.0,373,1,0,-0.6675651385178318,-1.7100985948430107,Mainstream Buyers
C1202,Company,Telnox,Co,1985-09-05,M,Canada,Quebec,Investment,5,Yes,Website,39,1,4,1527115.16,381778.79,581236.54,1263.775,5055.1,4,4,0,2024-01-07,2025-01-08,0.0,367,2,1,1.2853651636107168,0.17178965723894235,Premium / Global Investors
C1203,Individual,Ashley,Green,1962-01-18,F,USA,Arizona,Home,2,Yes,Website,63,1,3,1083378.55,361126.18333333335,437211.33,1329.57,3988.71,3,2,1,2024-01-04,2024-01-10,0.333,6,3,0,-1.0281018766085663,1.5045435915584235,First-Time Buyers
C1204,Individual,William,Reed,1992-03-04,M,Mexico,Puebla,Investment,2,Yes,Website,33,1,3,1231356.24,410452.08,603910.96,1280.28,3840.84,3,3,0,2024-01-08,2025-01-03,0.0,361,2,2,-0.43750844705226133,1.5107619410688877,Premium / Global Investors
C1205,Individual,Patrick,Pierce,1959-05-15,M,Belgium,Flanders,Home,4,No,Website,66,0,3,968123.38,322707.79333333333,498260.56,1076.69,3230.07,3,3,0,2024-01-03,2025-01-12,0.0,375,1,0,-1.3176244507140624,0.013963173414568089,Mainstream Buyers
C1206,Individual,Melissa,Baker,1957-09-12,F,USA,California,Investment,5,No,Website,67,0,3,941726.19,313908.73,396440.12,1140.4,3421.2,3,3,0,2024-01-05,2025-01-10,0.0,371,1,0,-1.2820727151109286,0.026747507433274753,Mainstream Buyers
C1207,Individual,Lauren,Price,1973-10-24,F,USA,Texas,Home,5,Yes,Agency,51,1,4,1084392.98,271098.245,328706.37,1010.095,4040.38,4,3,1,2024-01-02,2025-01-09,0.25,373,1,0,-0.25842959070888577,-1.4912255071366833,Mainstream Buyers
C1208,Individual,Noah,Ward,1977-11-27,M,USA,Colorado,Home,1,No,Website,47,0,3,1277019.82,425673.2733333334,561711.27,1477.03,4431.09,3,2,1,2024-01-10,2025-01-07,0.333,363,2,2,0.03587968520792517,2.2317089452906234,Premium / Global Investors
C1209,Individual,Tiffany,Kim,1978-01-07,F,USA,California,Home,4,Yes,Website,47,1,4,1201633.01,300408.2525,401888.63,1123.3175,4493.27,4,4,0,2024-01-10,2025-01-09,0.0,365,1,1,0.20976028317915527,-0.9745895055834425,Mainstream Buyers
C1210,Individual,Dennis,Cox,1991-04-06,M,USA,California,Investment,1,No,Website,34,0,4,1146800.83,286700.2075,409323.23,897.47,3589.88,4,3,1,2024-01-06,2025-01-03,0.25,363,1,0,-0.3666389274831602,-1.484567491097755,Mainstream Buyers
C1211,Individual,Kathleen,Owens,1996-10-07,F,Canada,British Columbia,Home,5,Yes,Website,28,1,4,1447927.02,361981.755,457810.49,1167.105,4668.42,4,4,0,2024-01-03,2025-01-10,0.0,373,2,1,0.881678803457943,-0.2296039534364467,Premium / Global Investors
C1212,Individual,Lawrence,Gray,1957-11-07,M,USA,California,Home,1,No,Agency,67,0,4,1052290.76,263072.69,396779.8,904.01,3616.04,4,4,0,2024-01-06,2024-01-12,0.0,6,3,0,-0.8474146671229121,-1.528797662405353,First-Time Buyers
C1213,Individual,Ruth,Martin,1993-06-08,F,Canada,Manitoba,Home,5,No,Website,32,0,3,829461.56,276487.1866666667,351625.35,899.9899999999999,2699.97,3,3,0,2024-01-03,2025-01-08,0.0,371,1,0,-2.1210350937075315,-0.7681406305949677,Mainstream Buyers
C1214,Individual,Jennifer,Peterson,2000-10-08,F,USA,Florida,Home,1,No,Agency,24,0,4,1725018.41,431254.6025,563581.06,1446.1125,5784.45,4,4,0,2024-01-07,2025-01-11,0.0,370,2,1,1.8616731737346153,1.2656759266693576,Premium / Global Investors
C1215,Individual,Charles,Patterson,1994-07-24,M,USA,California,Home,3,No,Website,30,0,3,1140423.38,380141.1266666667,664530.42,1104.51,3313.53,3,1,2,2024-01-08,2024-01-12,0.667,4,3,0,-1.1500742986447816,1.2664897581680679,First-Time Buyers
C1216,Individual,Martha,Jordan,1997-10-07,F,France,Normandy,Home,4,No,Website,27,0,3,1191384.37,397128.12333333335,551096.05,1464.8466666666666,4394.54,3,3,0,2024-01-02,2025-01-12,0.0,376,2,2,-0.2705545357440357,1.825808020753905,Premium / Global Investors
C1217,Individual,William,Carter,1997-05-01,M,USA,California,Investment,4,Yes,Website,28,1,3,1007204.78,335734.9266666667,461132.81,1186.4366666666667,3559.31,3,3,0,2024-01-11,2025-01-09,0.0,364,1,2,-1.166912300651084,0.5302689904193785,Mainstream Buyers
C1218,Individual,Teresa,Smith,1941-12-28,F,USA,California,Home,1,Yes,Website,83,1,4,1308613.5699999998,327153.3925,449085.55,1121.525,4486.1,4,4,0,2024-01-04,2025-01-09,0.0,371,1,1,0.533441257611875,-0.7853873870811329,Mainstream Buyers
C1219,Individual,Danielle,Howard,1983-06-12,F,USA,Arizona,Home,1,Yes,Website,42,1,3,867409.27,289136.42333333334,430666.39,1074.6233333333332,3223.87,3,3,0,2024-01-05,2025-01-05,0.0,366,1,0,-1.862624752852806,-0.1281457564624738,Mainstream Buyers
C1220,Individual,Christina,Martin,1967-08-09,F,USA,Colorado,Investment,4,Yes,Website,57,1,4,1471199.75,367799.9375,508492.43,1254.045,5016.18,4,3,1,2024-01-01,2025-01-09,0.25,374,2,1,1.1512586990747273,0.020079906884895492,Premium / Global Investors
C1221,Individual,Cynthia,Thomas,1984-05-23,F,USA,Nevada,Investment,2,No,Agency,41,0,3,1354868.93,451622.9766666666,506860.65,1565.3233333333335,4695.97,3,3,0,2024-01-05,2025-01-07,0.0,368,2,2,0.3274858433660692,2.5779792673613517,Premium / Global Investors
C1222,Individual,Christopher,Taylor,1969-07-01,M,USA,Utah,Home,4,No,Website,56,0,3,1319349.86,439783.2866666666,626423.06,1362.3833333333334,4087.15,3,3,0,2024-01-01,2024-01-10,0.0,9,3,2,-0.17564181366030523,2.179726438877269,First-Time Buyers
C1223,Individual,Sharon,Stone,1952-09-17,F,USA,Washington,Home,4,No,Website,72,0,3,1072582.78,357527.5933333333,403699.08,1369.7300000000002,4109.1900000000005,3,3,0,2024-01-10,2025-01-05,0.0,361,2,0,-0.6099629995503337,1.0738452456435903,Premium / Global Investors
C1224,Individual,Paul,Carter,1942-06-13,M,USA,New York,Investment,5,Yes,Client,83,1,3,827238.27,275746.09,432388.36,964.2666666666664,2892.8,3,3,0,2024-01-01,2024-01-04,0.0,3,3,0,-2.165626409075682,-0.4549422972389906,First-Time Buyers
C1225,Individual,Larry,James,1990-10-11,M,USA,Oregon,Home,2,No,Website,34,0,3,1122587.7,374195.9,606790.94,1168.3366666666668,3505.01,3,2,1,2025-01-02,2025-01-09,0.333,7,3,0,-1.1863480954546952,1.3121880814661975,First-Time Buyers
C1226,Individual,Michael,Sanders,1989-01-05,M,USA,Utah,Home,4,No,Website,36,0,3,972596.13,324198.71,413286.53,1082.8966666666668,3248.69,3,3,0,2024-01-07,2024-01-10,0.0,3,3,0,-1.719387785807946,0.49132209435443697,First-Time Buyers
C1227,Individual,Alexander,Reyes,1987-03-13,M,USA,Colorado,Home,3,Yes,Agency,38,1,4,2151534.73,537883.6825,627385.67,1676.3825,6705.53,4,4,0,2024-01-07,2024-01-12,0.0,5,2,2,3.1866117395319375,3.0862942652637337,Premium / Global Investors
C1228,Individual,Joseph,Howard,1954-07-07,M,USA,California,Home,2,No,Website,70,0,3,1058718.77,352906.25666666665,508674.8,1124.5,3373.5,3,3,0,2024-01-06,2025-01-02,0.0,362,1,0,-0.9937313451800722,0.439171199912687,Mainstream Buyers
C1229,Individual,Madison,Reyes,1994-02-11,F,UK,Scotland,Home,1,Yes,Website,31,1,3,1185126.78,395042.26,556269.12,1303.4733333333334,3910.42,3,3,0,2024-01-04,2024-01-07,0.0,3,3,2,-0.9235509907285873,1.7960433064946193,First-Time Buyers
C1230,Individual,Lawrence,Parker,1985-02-18,M,USA,California,Home,5,No,Client,40,0,3,759973.15,253324.38333333333,341233.68,801.46,2404.38,3,1,2,2024-01-03,2025-01-10,0.667,373,1,0,-2.3415737356506128,-1.0911550986173106,Mainstream Buyers
C1231,Individual,Betty,Carter,1954-09-12,F,USA,California,Home,2,No,Agency,70,0,3,859705.1699999999,286568.39,372010.36,922.6666666666666,2768.0,3,1,2,2024-01-07,2025-01-08,0.667,367,1,0,-1.9110118796698041,-0.5040527792028172,Mainstream Buyers
C1232,Individual,Mary,Jackson,1989-09-23,F,Canada,British Columbia,Home,3,No,Website,35,0,4,1527373.03,381843.2575,516863.32,1173.8125,4695.25,4,4,0,2024-01-10,2025-01-09,0.0,365,2,1,1.06079905851523,0.008779247814700077,Premium / Global Investors
C1233,Individual,Brian,Scott,1979-05-08,M,USA,Utah,Home,4,No,Website,46,0,3,936287.8,312095.93333333335,421407.86,1078.7866666666666,3236.36,3,3,0,2024-01-02,2025-01-09,0.0,373,1,0,-1.476714094082197,-0.004696681509771037,Mainstream Buyers
C1234,Individual,Karen,King,1957-01-20,F,USA,Colorado,Investment,1,No,Website,68,0,4,1463190.28,365797.57,539693.29,1278.045,5112.18,4,4,0,2024-01-01,2025-01-12,0.0,377,2,1,1.0836786143744912,0.03419246148405344,Premium / Global Investors
C1235,Individual,Michael,Morales,1957-05-27,M,USA,Arizona,Home,2,No,Website,68,0,4,1271344.11,317836.0275,611112.1,1025.3225,4101.29,4,3,1,2024-01-01,2025-01-02,0.25,367,1,0,0.29671253909883033,-0.9842199491316006,Mainstream Buyers
C1236,Individual,Brandon,Cook,1972-08-24,M,USA,Arizona,Home,4,Yes,Website,52,1,4,1747766.02,436941.505,560683.85,1415.4825,5661.93,4,4,0,2024-01-04,2024-01-09,0.0,5,2,0,1.826455871087684,1.3962447610079942,Premium / Global Investors
C1237,Individual,Helen,Cook,1943-09-25,F,UK,Wales,Investment,4,Yes,Website,81,1,3,688233.74,229411.24666666667,340807.81,775.5666666666666,2326.7,3,2,1,2024-01-09,2025-01-05,0.333,362,1,0,-2.587275548031895,-1.575652951749518,Mainstream Buyers
C1238,Individual,Joshua,Bennett,1946-04-22,M,USA,Nevada,Home,1,Yes,Agency,79,1,4,1648873.57,412218.3925,524988.7,1343.6575,5374.63,4,4,0,2024-01-07,2025-01-06,0.0,365,2,1,1.7371312214233918,0.6390738287385367,Premium / Global Investors
C1239,Individual,Catherine,Adams,1953-07-02,F,USA,Oregon,Home,3,No,Agency,71,0,4,1457041.08,364260.27,555539.4,1114.2125,4456.85,4,4,0,2024-01-01,2025-01-09,0.0,374,1,1,0.913464616680604,-0.45193216075145576,Mainstream Buyers
C1240,Individual,Gloria,Wright,1984-12-11,F,USA,Nevada,Investment,4,Yes,Website,40,1,3,1018594.44,339531.48000000004,534650.14,1104.51,3313.53,3,2,1,2024-01-04,2025-01-02,0.333,364,1,0,-1.2372438511965305,0.40874158022059415,Mainstream Buyers
C1241,Individual,Danielle,Martin,1973-08-19,F,USA,California,Home,1,No,Agency,51,0,4,1157084.59,289271.1475,410171.8,948.835,3795.34,4,4,0,2024-01-04,2024-01-11,0.0,7,3,0,-0.5847449931736319,-1.1263201307569393,First-Time Buyers
C1242,Individual,Gerald,Collins,1961-09-22,M,USA,California,Home,3,Yes,Website,63,1,3,1055842.78,351947.5933333333,424910.39,1138.4233333333334,3415.27,3,3,0,2024-01-03,2024-01-12,0.0,9,3,0,-1.2870375556120905,0.7889920490924487,First-Time Buyers
C1243,Individual,Jeffrey,Edwards,1948-04-10,M,USA,Colorado,Home,1,No,Website,77,0,4,1419502.04,354875.51,541890.18,1246.6175,4986.47,4,4,0,2024-01-06,2025-01-06,0.0,366,2,1,0.9887086397428797,-0.14739606499949287,Premium / Global Investors
C1244,Individual,Joseph,Phillips,1992-10-06,M,USA,Utah,Investment,5,Yes,Website,32,1,3,1438309.93,479436.6433333333,598240.7,1513.17,4539.51,3,1,2,2024-01-03,2025-01-03,0.667,366,2,2,0.6868360474268833,2.8368760318305455,Premium / Global Investors
C1245,Individual,Edward,Reyes,1963-10-02,M,USA,California,Home,3,Yes,Agency,61,1,3,1422519.51,474173.17,500160.52,1529.4633333333334,4588.39,3,3,0,2024-01-01,2025-01-10,0.0,375,2,2,0.6770155563477915,2.5835738819693725,Premium / Global Investors
C1246,Individual,Joyce,Jackson,1943-10-05,F,Canada,Alberta,Home,2,No,Agency,81,0,3,859984.47,286661.49,360318.53,980.87,2942.61,3,2,1,2024-01-04,2025-01-03,0.333,365,1,0,-1.8646679871081855,-0.4546230662878585,Mainstream Buyers
C1247,Individual,Judy,Moore,1957-09-04,F,USA,Nevada,Investment,2,No,Website,67,0,4,1774416.3199999998,443604.08,544990.2,1489.73,5958.92,4,4,0,2024-01-01,2025-01-04,0.0,369,2,1,2.2646782809737833,1.2907812193879526,Premium / Global Investors
C1248,Individual,Sara,Scott,1976-04-07,F,USA,Arizona,Home,3,No,Agency,49,0,3,786895.89,262298.63,371938.81,899.62,2698.86,3,3,0,2024-01-08,2025-01-02,0.0,360,1,0,-2.2860191180031335,-0.8921752409079722,Mainstream Buyers
C1249,Individual,Janet,James,1971-07-14,F,USA,California,Investment,1,No,Website,53,0,4,1289938.64,322484.66000000003,465116.85,1146.015,4584.06,4,2,2,2024-01-08,2025-01-10,0.5,368,1,1,0.4198604013540361,-0.5222887455553539,Mainstream Buyers
C1250,Individual,Jordan,Stewart,1950-04-19,M,USA,Nevada,Home,5,No,Agency,75,0,3,1582661.61,527553.87,554882.17,1674.54,5023.62,3,2,1,2024-01-05,2025-01-01,0.333,362,2,2,1.4814901825053284,3.4618161388667583,Premium / Global Investors
C1251,Individual,Aaron,Thompson,1975-01-11,M,USA,Texas,Investment,5,No,Website,50,0,4,1246714.37,311678.5925,448815.67,967.0,3868.0,4,2,2,2024-01-07,2025-01-07,0.5,366,1,0,0.19210944173236827,-1.1531679680439766,Mainstream Buyers
C1252,Individual,Margaret,Cook,1962-02-27,F,USA,Arizona,Home,3,Yes,Website,63,1,3,1137673.55,379224.51666666666,513716.25,1221.6766666666665,3665.03,3,3,0,2024-01-10,2025-01-10,0.0,366,2,0,-0.6667860353736108,0.9329079996009222,Premium / Global Investors
C1253,Individual,Jason,Flores,1991-09-24,M,USA,California,Home,2,No,Agency,33,0,3,767162.2200000001,255720.74,378213.4,814.3533333333334,2443.06,3,2,1,2024-01-05,2025-01-01,0.333,362,1,0,-2.4718075054653803,-1.0063501022015582,Mainstream Buyers
C1254,Individual,Ethan,Freeman,1956-04-04,M,USA,California,Home,5,Yes,Agency,69,1,4,1604050.88,401012.72,471923.26,1279.9,5119.6,4,4,0,2024-01-07,2025-01-04,0.0,363,2,1,1.6586839924968164,0.27697417056978507,Premium / Global Investors
C1255,Individual,Mark,Patterson,1999-09-15,M,USA,California,Home,3,No,Agency,25,0,4,1105130.19,276282.5475,469476.95,942.035,3768.14,4,3,1,2024-01-03,2025-01-05,0.25,368,1,0,-0.3957340403672459,-1.473682085749311,Mainstream Buyers
C1256,Company,Triton,Co,1972-02-18,F,USA,California,Investment,4,No,Agency,53,0,3,1227293.02,409097.6733333333,483098.81,1357.1933333333334,4071.58,3,2,1,2025-01-04,2025-01-10,0.333,6,3,0,-0.5131721662306314,1.9620250010019125,First-Time Buyers
C1257,Individual,Michael,Scott,1991-12-22,M,USA,California,Home,5,Yes,Agency,33,1,3,850550.13,283516.71,426820.06,893.3766666666667,2680.13,3,3,0,2024-01-03,2025-01-09,0.0,372,1,0,-2.007666084585783,-0.7372845018077034,Mainstream Buyers
C1258,Individual,Betty,Stone,1969-06-22,F,USA,Nevada,Home,1,No,Website,56,0,4,1015636.19,253909.0475,364302.2,821.355,3285.42,4,3,1,2024-01-08,2025-01-04,0.25,362,1,0,-0.8010053768042731,-2.046353675284476,Mainstream Buyers
C1259,Individual,William,Edwards,1971-02-19,M,USA,California,Investment,3,Yes,Agency,54,1,4,1256766.51,314191.6275,464754.23,1004.1575,4016.63,4,3,1,2024-01-05,2025-01-12,0.25,373,1,0,0.20412503350958291,-1.0823912487854173,Mainstream Buyers
C1260,Individual,Elizabeth,Ward,1992-08-24,F,USA,California,Home,2,No,Agency,32,0,4,1633449.34,408362.335,541416.84,1423.1725,5692.69,4,3,1,2024-01-08,2025-01-12,0.25,370,2,1,1.6805072942773285,0.9863211921740686,Premium / Global Investors
C1261,Individual,Patrick,Kim,1976-03-09,M,USA,Utah,Home,3,No,Client,49,0,3,1491163.72,497054.5733333333,596435.43,1504.28,4512.84,3,3,0,2025-01-02,2025-01-08,0.0,6,2,2,0.47018414145776305,3.1211622684265996,Premium / Global Investors
C1262,Individual,Dorothy,Evans,1950-10-11,F,USA,California,Investment,4,No,Agency,74,0,3,961425.37,320475.1233333333,443089.55,1077.3233333333335,3231.9700000000003,3,3,0,2024-01-01,2025-01-02,0.0,367,1,0,-1.348318194410938,-0.06513309480547633,Mainstream Buyers
C1263,Individual,Lawrence,Alexander,1951-11-17,M,USA,California,Investment,3,No,Agency,73,0,4,1975384.2,493846.0500000001,599817.91,1602.67,6410.68,4,4,0,2024-01-01,2025-01-10,0.0,375,2,1,3.068438361975819,1.9942452534467305,Premium / Global Investors
C1264,Individual,Sarah,Garcia,1999-06-12,F,USA,California,Investment,1,No,Agency,26,0,3,1287173.46,429057.82,564663.44,1452.263333333333,4356.79,3,2,1,2024-01-01,2024-01-10,0.333,9,3,0,-0.3990822223353236,2.5667864219505363,First-Time Buyers
C1265,Individual,Gary,White,1943-03-24,M,USA,Washington,Home,1,Yes,Agency,82,1,3,1070432.96,356810.98666666663,421254.04,1325.71,3977.13,3,3,0,2024-01-04,2025-01-08,0.0,370,2,2,-0.7385882636747068,1.0111659314351937,Premium / Global Investors
C1266,Individual,Christopher,Hughes,1952-06-20,M,UK,England,Home,2,No,Website,73,0,4,1204291.73,301072.9325,444502.63,1101.9875,4407.95,4,4,0,2024-01-04,2025-01-10,0.0,372,1,0,0.21092808713362868,-1.029090827122908,Mainstream Buyers
C1267,Individual,Dorothy,Peterson,1965-07-04,F,USA,Colorado,Home,3,Yes,Website,59,1,3,1399933.88,466644.6266666667,555003.81,1529.4633333333334,4588.39,3,3,0,2024-01-01,2024-01-12,0.0,11,2,2,0.24439027806150487,2.854143603495715,Premium / Global Investors
C1268,Individual,Gloria,Green,1995-01-10,F,UK,Northern Ireland,Investment,1,Yes,Website,30,1,3,968928.25,322976.0833333333,396573.07,1003.3133333333334,3009.94,3,3,0,2024-01-01,2025-01-01,0.0,366,1,0,-1.704999348182932,0.028028344215007814,Mainstream Buyers
C1269,Individual,Jack,Bennett,1964-09-28,M,USA,California,Home,5,No,Website,60,0,3,1046535.0,348845.0,535553.54,1169.0466666666669,3507.1400000000003,3,3,0,2024-01-04,2025-01-11,0.0,373,1,0,-0.89108623619836,0.46205698092117914,Mainstream Buyers
C1270,Individual,Cheryl,Ward,1978-10-18,F,USA,Texas,Home,4,No,Agency,46,0,3,1310435.53,436811.8433333333,556733.5,1465.92,4397.76,3,3,0,2024-01-05,2025-01-01,0.0,362,2,2,0.1472373665046065,2.1286080326372976,Premium / Global Investors
C1271,Individual,Noah,Anderson,1992-10-09,M,USA,California,Home,2,Yes,Agency,32,1,4,1296911.85,324227.9625,477444.0,1040.5175,4162.07,4,3,1,2024-01-09,2025-01-06,0.25,363,1,0,0.25387739354709626,-0.768192058466952,Mainstream Buyers
C1272,Individual,Ryan,Collins,1941-05-13,M,France,Occitanie,Home,1,Yes,Website,84,1,3,778830.7999999999,259610.26666666663,361880.91,899.62,2698.86,3,3,0,2024-01-06,2025-01-04,0.0,364,1,0,-2.207631230279527,-0.9807910701328514,Mainstream Buyers
C1273,Individual,Gerald,Jordan,1968-05-13,M,Canada,Alberta,Home,5,No,Website,57,0,3,1462080.32,487360.1066666667,584971.87,1592.1233333333332,4776.37,3,3,0,2024-01-02,2025-01-12,0.0,376,2,0,0.924018184925715,2.8456584084116288,Premium / Global Investors
C1274,Individual,Linda,Jones,1979-09-07,F,USA,California,Investment,1,Yes,Website,45,1,3,1038831.85,346277.2833333334,514067.14,1193.7733333333333,3581.32,3,3,0,2024-01-01,2025-01-11,0.0,376,1,0,-1.125955087104896,0.6413512750921241,Mainstream Buyers
C1275,Individual,Jessica,Roberts,1969-02-26,F,USA,Georgia,Investment,1,No,Website,56,0,4,1737593.0,434398.25,567459.84,1312.8225,5251.29,4,3,1,2024-01-01,2025-01-10,0.25,375,2,1,1.8628525337297435,0.8753800942875885,Premium / Global Investors
C1276,Individual,Arthur,Griffin,1940-09-03,M,Australia,Victoria,Home,1,Yes,Agency,84,1,3,1635917.97,545305.99,569679.58,1754.9366666666667,5264.81,3,1,2,2024-01-07,2025-01-03,0.667,362,2,2,1.6398592174601034,4.008992892051467,Premium / Global Investors
C1277,Individual,Lauren,Griffin,1981-01-04,F,USA,California,Investment,2,No,Agency,44,0,3,1270250.68,423416.8933333333,534790.76,1267.4066666666668,3802.22,3,2,1,2024-01-12,2025-01-12,0.333,366,2,2,-0.28384190545624116,1.6131842773370426,Premium / Global Investors
C1278,Individual,Arthur,Griffin,1997-07-25,M,USA,Utah,Home,4,No,Website,27,0,3,685587.81,228529.27,366304.94,791.0400000000001,2373.1200000000003,3,3,0,2024-01-05,2025-01-05,0.0,366,1,0,-2.726271582047942,-1.429835413065304,Mainstream Buyers
C1279,Individual,Peter,Martin,1943-12-10,M,USA,California,Home,4,Yes,Website,81,1,3,1278123.59,426041.1966666667,498957.88,1366.5633333333335,4099.6900000000005,3,3,0,2024-01-05,2025-01-07,0.0,368,2,2,0.13605522506100884,1.6258264575229695,Premium / Global Investors
C1280,Individual,Jacob,Bennett,1953-09-19,M,USA,Texas,Home,2,Yes,Website,71,1,3,1295836.68,431945.56,522661.73,1445.2933333333333,4335.88,3,3,0,2024-01-07,2025-01-06,0.0,365,2,2,0.15503144630069074,1.9981824121230916,Premium / Global Investors
C1281,Individual,Deborah,Edwards,1998-12-06,F,Canada,Manitoba,Investment,2,Yes,Website,26,1,3,889312.14,296437.38,372974.76,899.9899999999999,2699.97,3,3,0,2024-01-02,2025-01-10,0.0,374,1,0,-2.075063208442135,-0.4982506130740466,Mainstream Buyers
C1282,Individual,Ashley,Taylor,1996-05-18,F,USA,Colorado,Investment,3,Yes,Agency,29,1,4,1302998.6,325749.65,387508.03,1155.47,4621.88,4,4,0,2024-01-03,2025-01-09,0.0,372,1,1,0.36732052460781045,-0.5571893782964079,Mainstream Buyers
C1283,Individual,Janice,Collins,1945-08-11,F,USA,New York,Home,3,No,Agency,79,0,4,1479050.94,369762.735,705490.95,1185.59,4742.36,4,2,2,2024-01-01,2025-01-05,0.5,370,2,1,1.1220641061982821,-0.09095074265249095,Premium / Global Investors
C1284,Individual,Patrick,Bennett,1955-10-16,M,USA,California,Home,2,No,Website,69,0,4,1443865.51,360966.3775,575967.88,1111.6475,4446.59,4,3,1,2024-01-08,2025-01-12,0.25,370,1,0,0.9308909305756536,-0.39121065182479564,Mainstream Buyers
C1285,Individual,Steven,Cox,1954-02-03,M,USA,Utah,Home,4,Yes,Website,71,1,3,1609592.58,536530.86,634786.2,1680.5266666666666,5041.58,3,2,1,2024-01-06,2025-01-11,0.333,371,2,2,1.554392410155523,3.5838646088579273,Premium / Global Investors
C1286,Individual,Stephen,Evans,1963-10-07,M,USA,California,Home,5,No,Agency,61,0,3,1203306.91,401102.3033333333,558250.19,1192.5933333333332,3577.78,3,3,0,2024-01-05,2025-01-03,0.0,364,2,0,-0.3998612975017907,1.0048887484409132,Premium / Global Investors
C1287,Individual,Diane,Hughes,1998-07-04,F,USA,California,Investment,4,No,Website,26,0,3,843581.37,281193.79,473066.31,901.6266666666668,2704.88,3,1,2,2025-01-05,2025-01-10,0.667,5,3,0,-2.380225334129963,-0.18825266973867696,First-Time Buyers
C1288,Individual,Sean,Cooper,1941-01-20,M,Belgium,Wallonia,Home,3,No,Agency,84,0,3,971136.69,323712.23000000004,408970.7,1155.4633333333334,3466.39,3,3,0,2024-01-06,2025-01-12,0.0,372,1,0,-1.2057468356574446,0.2012023841118544,Mainstream Buyers
C1289,Individual,Samuel,Freeman,1973-07-26,M,Mexico,Jalisco,Investment,1,Yes,Agency,51,1,4,1076161.86,269040.465,501437.39,854.58,3418.32,4,4,0,2024-01-05,2025-01-07,0.0,368,1,0,-0.6458457377560367,-1.8636968104127705,Mainstream Buyers
C1290,Individual,Teresa,Long,1973-10-24,F,USA,Washington,Home,3,Yes,Website,51,1,4,1332432.91,333108.22750000004,498675.17,1195.1875,4780.75,4,4,0,2024-01-08,2025-01-12,0.0,370,1,1,0.6200743273223792,-0.4485273626722031,Mainstream Buyers
C1291,Individual,Paul,Johnson,1983-09-11,M,USA,California,Investment,5,Yes,Website,41,1,3,1123403.46,374467.82,493844.01,1240.6066666666666,3721.82,3,3,0,2024-01-03,2025-01-04,0.0,367,2,2,-0.6428396945317358,0.9418836667532939,Premium / Global Investors
C1292,Individual,Jordan,Evans,1977-05-22,M,USA,Texas,Investment,5,Yes,Website,48,1,4,1099365.94,274841.485,398499.79,1000.415,4001.66,4,3,1,2024-01-09,2025-01-08,0.25,365,1,0,-0.19858695554329714,-1.4688422566106059,Mainstream Buyers
C1293,Individual,Anna,Wright,1972-01-08,F,USA,California,Home,1,No,Agency,53,0,4,1853570.08,463392.52,545279.84,1552.15,6208.6,4,3,1,2024-01-06,2025-01-04,0.25,364,2,1,2.5019043401209444,1.787382581879886,Premium / Global Investors
C1294,Individual,Henry,Davis,1963-09-02,M,Canada,Ontario,Investment,3,Yes,Agency,61,1,3,1220533.28,406844.4266666667,466941.91,1371.6133333333337,4114.84,3,3,0,2024-01-03,2024-01-08,0.0,5,3,2,-0.5594833062807034,1.9263025397033766,First-Time Buyers
C1295,Individual,Anna,Bryant,1992-04-21,F,USA,California,Investment,1,Yes,Website,33,1,4,1478836.57,369709.1425,555296.53,1202.265,4809.06,4,4,0,2024-01-02,2024-01-06,0.0,4,3,0,0.5983761522522968,0.32560930873603344,First-Time Buyers
C1296,Individual,Keith,Hughes,1963-02-06,M,USA,Virginia,Home,1,No,Website,62,0,3,1025127.71,341709.23666666663,398516.06,1089.46,3268.38,3,2,1,2024-01-03,2024-01-08,0.333,5,3,0,-1.5372951592442345,0.7498657841827109,First-Time Buyers
C1297,Company,Vertex,Co,1983-06-09,M,Germany,Berlin,Home,5,No,Website,42,0,3,1169866.19,389955.39666666667,475302.44,1267.4066666666668,3802.22,3,2,1,2024-01-01,2025-01-11,0.333,376,2,2,-0.4643092609022157,1.2727095792321053,Premium / Global Investors
C1298,Individual,Margaret,Taylor,1968-04-08,F,USA,California,Home,2,No,Agency,57,0,4,1571360.11,392840.0275,531754.05,1276.8225,5107.29,4,4,0,2024-01-03,2025-01-10,0.0,373,2,1,1.3904068871570747,0.29793855010186804,Premium / Global Investors
C1299,Individual,Karen,James,1944-05-05,F,USA,California,Investment,3,No,Website,81,0,3,1296600.42,432200.14,592203.73,1440.1933333333334,4320.58,3,3,0,2024-01-05,2024-01-07,0.0,2,3,2,-0.10994776684082289,2.214338677861698,First-Time Buyers
C1300,Individual,Judith,Collins,1961-06-01,F,USA,California,Home,2,No,Website,64,0,3,1428770.88,476256.96,608055.99,1451.5366666666669,4354.610000000001,3,1,2,2024-01-05,2025-01-05,0.667,366,2,2,0.5961343376558299,2.5925101862379787,Premium / Global Investors
C1301,Individual,Benjamin,Hayes,1955-12-17,M,USA,Virginia,Home,2,No,Agency,69,0,3,742139.88,247379.96,361857.17,851.8699999999999,2555.61,3,2,1,2024-01-01,2024-01-08,0.333,7,3,0,-2.71317912101084,-0.7634671600186052,First-Time Buyers
C1302,Individual,Jerry,Anderson,1996-04-19,M,USA,Arizona,Investment,5,No,Website,29,0,4,1709532.6,427383.15,562560.39,1486.3275,5945.31,4,3,1,2024-01-06,2024-01-09,0.25,3,2,0,1.768421072678529,1.6106011899155246,Premium / Global Investors
C1303,Individual,Christian,Miller,1962-08-22,M,USA,Arizona,Home,3,Yes,Website,62,1,3,979418.98,326472.99333333335,461029.16,1106.3533333333332,3319.06,3,3,0,2024-01-08,2025-01-07,0.0,365,1,0,-1.291357150622564,0.17620994877523036,Mainstream Buyers
C1304,Individual,Angela,Cook,1985-08-06,F,USA,California,Investment,1,No,Website,39,0,3,965747.81,321915.9366666667,399943.02,1049.38,3148.14,3,3,0,2024-01-01,2025-01-04,0.0,369,1,0,-1.575092955146709,0.07484366950732528,Mainstream Buyers
C1305,Individual,Catherine,Anderson,1978-09-17,F,USA,Georgia,Home,4,No,Website,46,0,4,1034190.9,258547.725,354247.08,853.07,3412.28,4,4,0,2024-01-11,2025-01-10,0.0,365,1,0,-0.6525140468079595,-2.0427787244911126,Mainstream Buyers
C1306,Individual,Kathleen,Morales,1948-03-18,F,USA,Washington,Home,5,No,Website,77,0,3,967094.76,322364.92,448817.69,1090.7733333333333,3272.32,3,2,1,2024-01-05,2025-01-05,0.333,366,1,0,-1.2383219668372047,0.07491701051896887,Mainstream Buyers
C1307,Individual,Rachel,Rogers,1993-02-14,F,USA,Colorado,Home,5,No,Agency,32,0,3,920439.02,306813.00666666665,357710.2,1012.96,3038.88,3,3,0,2024-01-08,2025-01-11,0.0,369,1,0,-1.6945148321966188,-0.20610756225762447,Mainstream Buyers
C1308,Individual,Timothy,Sanders,2000-04-03,M,USA,California,Investment,5,No,Agency,25,0,4,1363559.13,340889.7825,599958.23,1042.1975,4168.79,4,3,1,2024-01-10,2025-01-12,0.25,368,1,1,0.517722900931016,-0.6822623852599357,Mainstream Buyers
C1309,Individual,David,Reyes,1999-06-12,M,USA,California,Home,5,No,Website,26,0,3,1460171.41,486723.8033333334,541188.53,1674.54,5023.62,3,3,0,2024-01-05,2025-01-07,0.0,368,2,2,0.9607669223013917,3.144975336684978,Premium / Global Investors
C1310,Individual,Ann,Roberts,1955-04-05,F,USA,New York,Home,5,No,Agency,70,0,4,1244334.14,311083.53500000003,411257.15,1077.195,4308.78,4,4,0,2024-01-01,2024-01-12,0.0,11,3,0,0.01673490071933466,-0.7483667773766705,First-Time Buyers
C1311,Individual,Christopher,Ward,1940-08-14,M,UK,England,Home,4,Yes,Client,84,1,3,1352275.64,450758.5466666667,660723.3,1330.2166666666667,3990.65,3,3,0,2024-01-01,2025-01-08,0.0,373,2,2,0.27408590712838726,1.766138874191684,Premium / Global Investors
C1312,Individual,Timothy,Stone,1942-03-09,M,USA,New York,Home,5,No,Website,83,0,3,786877.06,262292.35333333333,375142.73,801.46,2404.38,3,3,0,2024-01-01,2025-01-05,0.0,370,1,0,-2.150053669128154,-1.3285722848361785,Mainstream Buyers
C1313,Individual,Heather,Reed,1972-03-17,F,Australia,Western Australia,Investment,3,No,Website,53,0,3,997579.61,332526.5366666667,408030.78,1138.4233333333334,3415.27,3,3,0,2024-01-07,2025-01-09,0.0,368,1,0,-1.283098321299684,0.3242865678509177,Mainstream Buyers
C1314,Individual,Rachel,Miller,1964-09-17,F,USA,Arizona,Home,3,No,Website,60,0,3,803329.23,267776.41,446138.39,1037.11,3111.33,3,3,0,2024-01-01,2024-01-12,0.0,11,3,0,-2.28859461327218,-0.21084651473575847,First-Time Buyers
C1315,Individual,Joshua,Garcia,1948-12-24,M,USA,Colorado,Home,3,No,Agency,76,0,3,1066308.48,355436.16,500985.77,1136.21,3408.63,3,3,0,2024-01-04,2025-01-09,0.0,371,1,0,-0.9484863274116506,0.45895261202577525,Mainstream Buyers
C1316,Individual,Emma,King,1993-09-05,F,USA,Colorado,Home,2,Yes,Website,31,1,4,1238162.97,309540.7425,476167.41,1052.8325,4211.33,4,4,0,2024-01-03,2025-01-12,0.0,375,1,1,0.06614985253990144,-0.953687336115992,Mainstream Buyers
C1317,Company,Atlas,Co,1973-11-27,M,USA,Utah,Home,2,Yes,Website,51,1,3,1315200.12,438400.04,510290.62,1460.493333333333,4381.48,3,3,0,2024-01-08,2025-01-03,0.0,361,2,2,0.15978586556675836,2.1717492561119762,Premium / Global Investors
C1318,Individual,William,Montgomery,1943-01-18,M,USA,Texas,Home,1,No,Website,82,0,4,1423923.98,355980.995,453584.44,1169.615,4678.46,4,3,1,2024-01-02,2025-01-04,0.25,368,1,1,0.9306880447808195,-0.283627046962561,Mainstream Buyers
C1319,Individual,Grace,James,1954-08-17,F,USA,Florida,Home,3,Yes,Client,70,1,4,1424704.13,356176.0325,477046.12,1227.645,4910.58,4,4,0,2024-01-05,2025-01-03,0.0,364,2,1,0.970758752270727,-0.21858261373204207,Premium / Global Investors
C1320,Individual,Peter,Reyes,1969-03-05,M,USA,California,Investment,1,No,Website,56,0,3,1077693.04,359231.01333333337,429318.55,1129.1766666666665,3387.53,3,3,0,2024-01-03,2024-01-11,0.0,8,3,0,-1.3399891248689053,0.9015883688520173,First-Time Buyers
C1321,Individual,Christopher,Reed,1990-11-09,M,USA,Colorado,Investment,5,No,Client,34,0,3,787847.37,262615.79,334266.66,853.8133333333334,2561.44,3,3,0,2024-01-02,2024-01-07,0.0,5,3,0,-2.6112596659924954,-0.6933732280228396,First-Time Buyers
C1322,Individual,Barbara,Reyes,1994-12-26,F,USA,California,Home,5,No,Agency,30,0,3,1094026.34,364675.4466666666,461651.6,1255.12,3765.36,3,3,0,2024-01-06,2025-01-04,0.0,364,2,2,-0.805141921241743,0.9398540151476535,Premium / Global Investors
C1323,Individual,Nicholas,Moore,1963-07-28,M,USA,Utah,Home,3,No,Website,61,0,4,1180654.6,295163.65,496038.87,975.4225,3901.69,4,4,0,2024-01-10,2025-01-10,0.0,366,1,0,-0.027327464434850672,-1.3987138477602645,Mainstream Buyers
C1324,Individual,Carl,Edwards,1992-04-21,M,USA,Arizona,Investment,2,Yes,Agency,33,1,3,1323306.51,441102.17,487388.83,1471.62,4414.860000000001,3,3,0,2024-01-06,2025-01-09,0.0,369,2,2,0.10007989524959421,2.28320736829528,Premium / Global Investors
C1325,Individual,George,Jones,1974-09-12,M,Canada,Alberta,Home,5,Yes,Agency,50,1,4,1380292.56,345073.14,448348.86,1098.1675,4392.67,4,4,0,2024-01-05,2025-01-06,0.0,367,1,1,0.6744129393643901,-0.6185830046964109,Mainstream Buyers
C1326,Individual,Brandon,Mitchell,1944-05-22,M,USA,Colorado,Investment,4,No,Website,81,0,4,1489578.01,372394.5025,578726.68,1239.145,4956.58,4,3,1,2024-01-08,2025-01-02,0.25,360,2,1,1.2918800336517962,-0.036842385977861755,Premium / Global Investors
C1327,Individual,Betty,Carter,1993-05-14,F,USA,California,Home,4,Yes,Website,32,1,3,664017.81,221339.27,294967.99,775.5666666666666,2326.7,3,3,0,2024-01-03,2025-01-06,0.0,369,1,0,-2.7979933241679955,-1.5891969950279148,Mainstream Buyers
C1328,Individual,Sandra,Cooper,1956-07-23,F,USA,Washington,Home,4,No,Website,68,0,4,1337283.29,334320.8225,477048.94,1173.8125,4695.25,4,4,0,2024-01-12,2025-01-12,0.0,366,1,1,0.7010706053045481,-0.5779904387901929,Mainstream Buyers
C1329,Individual,Scott,Parker,1968-04-28,M,USA,California,Investment,3,Yes,Agency,57,1,3,1041797.56,347265.85333333333,457406.52,1127.15,3381.45,3,3,0,2024-01-03,2024-01-12,0.0,9,3,0,-1.4112033201495746,0.7363217977593364,First-Time Buyers
C1330,Individual,Kelly,James,1975-02-05,F,USA,Colorado,Investment,2,No,Agency,50,0,4,835096.87,208774.2175,237035.97,699.545,2798.18,4,3,1,2024-01-04,2025-01-01,0.25,363,1,0,-1.4998703120521513,-2.7936517589821843,Mainstream Buyers
C1331,Individual,Christina,Bennett,1986-06-10,F,USA,California,Investment,1,No,Agency,39,0,3,1047958.11,349319.37,512206.73,1113.29,3339.87,3,0,3,2024-01-10,2025-01-11,1.0,367,1,0,-1.205762590303726,0.7793820875767807,Mainstream Buyers
C1332,Individual,Michael,Howard,1995-11-12,M,USA,Washington,Investment,5,Yes,Agency,29,1,3,1227353.63,409117.87666666665,463019.11,1350.493333333333,4051.48,3,3,0,2024-01-02,2024-01-08,0.0,6,3,2,-0.5936002379169703,1.9510842711263174,First-Time Buyers
C1333,Individual,Jack,Hansen,1988-03-27,M,USA,Nevada,Investment,2,Yes,Website,37,1,4,1364310.45,341077.6125,521531.29,1146.9925,4587.97,4,3,1,2024-01-04,2024-01-12,0.25,8,3,0,0.279579862174823,-0.024555396116319086,First-Time Buyers
C1334,Individual,Victoria,Nelson,1965-08-12,F,USA,California,Home,5,Yes,Agency,59,1,4,1906641.78,476660.445,586460.03,1552.15,6208.6,4,3,1,2024-01-04,2025-01-12,0.25,374,2,1,2.8221356653499265,1.7681273687347365,Premium / Global Investors
C1335,Individual,Elizabeth,Hall,1982-01-05,F,USA,Oregon,Investment,2,Yes,Website,43,1,3,1001510.58,333836.86000000004,565457.28,1070.1933333333334,3210.58,3,3,0,2024-01-04,2025-01-05,0.0,367,1,0,-1.4159754564856757,0.21222026924640128,Mainstream Buyers
C1336,Individual,Joyce,Thompson,1948-09-12,F,USA,California,Home,5,No,Client,76,0,4,1371591.4,342897.85,469331.42,1182.3725,4729.49,4,3,1,2024-01-06,2025-01-07,0.25,367,1,1,0.9005109160844262,-0.49014267024094793,Mainstream Buyers
C1337,Individual,Jennifer,Johnson,1953-09-20,F,USA,California,Investment,5,No,Website,71,0,4,1310989.71,327747.4275,472750.27,1073.905,4295.62,4,3,1,2024-01-07,2025-01-02,0.25,361,1,1,0.5707344877441463,-0.9012749636942355,Mainstream Buyers
C1338,Individual,Christine,James,1968-01-12,F,USA,California,Home,2,Yes,Website,57,1,3,1096818.64,365606.2133333333,596755.57,1169.0466666666669,3507.1400000000003,3,3,0,2024-01-03,2025-01-04,0.0,367,1,0,-0.8915664843785609,0.698300532618409,Mainstream Buyers
C1339,Company,Rexon,Co,1961-02-24,M,USA,Nevada,Home,4,Yes,Website,64,1,4,1532340.63,383085.1575,480760.06,1338.9,5355.6,4,3,1,2024-01-03,2025-01-08,0.25,371,2,1,1.5072262275816526,0.38669636861925866,Premium / Global Investors
C1340,Company,Forsyte,Co,1988-05-12,M,USA,Colorado,Home,5,No,Website,37,0,4,1746049.93,436512.4825,528732.35,1421.465,5685.860000000001,4,3,1,2024-01-06,2025-01-12,0.25,372,2,1,2.1510704048298965,1.1606626696300864,Premium / Global Investors
C1341,Individual,Julie,Cox,1952-09-23,F,USA,Colorado,Home,5,Yes,Website,72,1,3,756694.8300000001,252231.61,432814.05,952.2633333333332,2856.79,3,3,0,2024-01-02,2024-01-11,0.0,9,3,0,-2.4367582058337804,-0.6756803989535158,First-Time Buyers
C1342,Individual,Maria,Griffin,1964-02-21,F,USA,California,Home,1,Yes,Agency,61,1,3,922722.19,307574.0633333333,392025.92,1003.3133333333334,3009.94,3,3,0,2024-01-03,2025-01-01,0.0,364,1,0,-1.7155085781579829,-0.2312250404520154,Mainstream Buyers
C1343,Individual,Megan,Turner,1995-03-13,F,Canada,Ontario,Home,5,No,Agency,30,0,3,1005148.64,335049.54666666663,503297.17,1161.5433333333333,3484.63,3,3,0,2024-01-06,2025-01-10,0.0,370,1,0,-1.2543097580645177,0.4531350377237264,Mainstream Buyers
C1344,Individual,Carl,Phillips,1974-05-24,M,USA,Florida,Home,1,No,Agency,51,0,4,1319490.92,329872.73,531318.81,1139.4675,4557.87,4,4,0,2024-01-06,2025-01-10,0.0,370,1,1,0.45030400717869007,-0.5534947644959289,Mainstream Buyers
C1345,Individual,Mary,Parker,1956-04-25,F,USA,Texas,Home,5,No,Website,69,0,3,942467.41,314155.80333333334,476279.51,1049.3066666666666,3147.92,3,2,1,2024-01-01,2025-01-09,0.333,374,1,0,-1.391026692114261,-0.09376657923984767,Mainstream Buyers
C1346,Company,Triton,Co,1987-03-18,F,USA,Colorado,Investment,4,No,Agency,38,0,3,1037623.39,345874.4633333334,402065.13,1088.5866666666668,3265.76,3,1,2,2024-01-01,2024-01-04,0.667,3,3,0,-1.5383131080355077,0.8621729733000078,First-Time Buyers
C1347,Individual,Mark,James,1956-02-13,M,USA,Washington,Home,2,No,Client,69,0,3,1001705.48,333901.82666666666,375916.09,1090.9466666666667,3272.84,3,3,0,2024-01-04,2025-01-02,0.0,364,1,0,-1.275009892672408,0.21312500906157927,Mainstream Buyers
C1348,Individual,Peter,Harris,1998-07-16,M,USA,Oregon,Home,4,Yes,Client,26,1,3,1021309.93,340436.6433333333,398340.41,1186.05,3558.15,3,3,0,2025-01-04,2025-01-09,0.0,5,3,2,-1.482590072592126,0.9380555495017957,First-Time Buyers
C1349,Individual,Joyce,Johnson,1982-02-14,F,USA,Virginia,Investment,3,No,Website,43,0,3,773186.34,257728.78,313612.06,952.0733333333334,2856.2200000000003,3,2,1,2024-01-07,2025-01-01,0.333,360,1,0,-2.2444359110921503,-0.6989274526946536,Mainstream Buyers
C1350,Individual,Julia,King,1991-05-17,F,Germany,Hamburg,Home,5,No,Website,34,0,4,743296.88,185824.22,213732.45,632.215,2528.86,4,4,0,2024-01-09,2025-01-09,0.0,366,1,0,-1.7830817695862606,-3.2647088548401206,Mainstream Buyers
C1351,Individual,Judith,Long,1987-06-24,F,Australia,South Australia,Home,2,No,Client,38,0,4,1400457.41,350114.3525,482951.02,1234.8075,4939.2300000000005,4,4,0,2024-01-01,2025-01-11,0.0,376,2,1,0.7515487989655116,-0.11813568717660451,Premium / Global Investors
C1352,Individual,Benjamin,Gray,1989-03-16,M,USA,California,Home,2,Yes,Agency,36,1,3,1535963.18,511987.7266666666,629513.2,1635.6233333333332,4906.87,3,2,1,2024-01-03,2025-01-07,0.333,370,2,2,1.0643517520286945,3.416414770560028,Premium / Global Investors
C1353,Individual,Debra,Jackson,1997-10-15,F,Canada,Alberta,Home,1,No,Agency,27,0,3,532598.24,177532.74666666667,256968.41,564.01,1692.03,3,3,0,2024-01-06,2025-01-02,0.0,362,1,0,-3.706323205986421,-2.3894218413377684,Mainstream Buyers
C1354,Individual,Patrick,Johnson,1941-09-04,M,USA,Florida,Home,5,No,Website,83,0,3,1545799.94,515266.64666666667,693830.82,1685.2766666666666,5055.83,3,2,1,2025-01-01,2025-01-12,0.333,11,2,2,1.1288431883057404,3.6682750180545742,Premium / Global Investors
C1355,Individual,Shirley,Owens,1966-11-22,F,USA,California,Investment,2,Yes,Client,58,1,3,1245446.7799999998,415148.9266666666,565996.94,1523.6933333333334,4571.08,3,2,1,2025-01-05,2025-01-11,0.333,6,3,2,-0.279577966482053,2.4812950177941095,First-Time Buyers
C1356,Individual,Jonathan,Morales,1994-03-26,M,USA,Oregon,Investment,4,No,Agency,31,0,3,1490237.62,496745.87333333335,615554.68,1648.5966666666666,4945.79,3,3,0,2024-01-05,2025-01-06,0.0,367,2,2,0.9309735083644988,3.1915662631119557,Premium / Global Investors
C1357,Individual,Danielle,Patterson,1987-01-03,F,USA,California,Home,5,Yes,Website,38,1,3,1077383.54,359127.8466666667,617600.77,1104.51,3313.53,3,3,0,2024-01-07,2025-01-04,0.0,363,1,2,-1.00353645229682,0.4615287355501176,Mainstream Buyers
C1358,Individual,Gregory,Taylor,1943-05-01,M,USA,Texas,Home,4,No,Agency,82,0,3,965180.83,321726.9433333333,442609.68,1078.7866666666666,3236.36,3,2,1,2024-01-12,2025-01-12,0.333,366,1,0,-1.2730529375908426,0.05956011525023779,Mainstream Buyers
C1359,Individual,Gary,Owens,1975-07-25,M,USA,Virginia,Home,3,No,Agency,49,0,4,1381335.3,345333.825,558406.39,1093.05,4372.2,4,4,0,2024-01-03,2024-01-07,0.0,4,3,0,0.29869991943012086,-0.241992955432178,First-Time Buyers
C1360,Individual,Billy,Nelson,1990-11-27,M,USA,Virginia,Home,4,No,Agency,34,0,3,1001006.54,333668.8466666667,490050.27,1111.2966666666666,3333.89,3,3,0,2024-01-06,2025-01-11,0.0,371,1,0,-1.303085571627551,0.32972591932126216,Mainstream Buyers
C1361,Individual,Ashley,Owens,1943-07-21,F,USA,California,Home,3,No,Client,81,0,4,1529260.3,382315.075,425691.8,1296.5625,5186.25,4,3,1,2024-01-01,2024-01-07,0.25,6,3,0,1.1209480600841608,0.5404432804192106,First-Time Buyers
C1362,Individual,Laura,Jordan,1965-04-13,F,USA,California,Investment,1,Yes,Agency,60,1,4,993131.84,248282.96,443196.31,894.905,3579.62,4,4,0,2024-01-02,2025-01-07,0.0,371,1,0,-0.7762887878399445,-2.0234789704012317,Mainstream Buyers
C1363,Individual,James,Stone,1981-04-06,M,USA,Georgia,Home,5,Yes,Agency,44,1,4,1109919.36,277479.84,468875.36,942.035,3768.14,4,3,1,2024-01-01,2025-01-04,0.25,369,1,0,-0.2750347478511866,-1.5695249555137478,Mainstream Buyers
C1364,Individual,Andrea,Watson,1998-12-23,F,USA,California,Investment,1,No,Website,26,0,4,1201578.93,300394.7325,375792.14,1120.62,4482.48,4,4,0,2024-01-01,2024-01-09,0.0,8,3,0,-0.30398731796729495,-0.5046440933842766,First-Time Buyers
C1365,Individual,Tiffany,Sanders,1969-03-16,F,Belgium,Brussels,Investment,5,Yes,Website,56,1,4,1443894.02,360973.505,549656.89,1260.0625,5040.25,4,4,0,2025-01-04,2025-01-06,0.0,2,3,0,0.7623685442462698,0.22533485947283027,First-Time Buyers
C1366,Individual,George,Thompson,1995-07-27,M,USA,California,Home,1,No,Website,29,0,3,1488525.13,496175.0433333333,568157.47,1678.6133333333337,5035.84,3,3,0,2024-01-03,2024-01-11,0.0,8,2,2,0.6050157584162525,3.671256374772132,Premium / Global Investors
C1367,Individual,Stephanie,Jordan,1953-11-01,F,Germany,Berlin,Home,2,No,Client,71,0,3,1035889.5,345296.5,511596.53,1124.5,3373.5,3,2,1,2024-01-02,2025-01-04,0.333,368,1,0,-1.140357141038736,0.4735074882990033,Mainstream Buyers
C1368,Individual,Jose,Gray,1947-11-22,M,USA,California,Home,5,Yes,Client,77,1,4,1378979.49,344744.8725,508149.11,1042.6625,4170.65,4,2,2,2024-01-01,2025-01-05,0.5,370,1,0,0.7850025603967659,-0.7604045294285108,Mainstream Buyers
C1369,Individual,Peter,Garcia,1983-07-10,M,France,Brittany,Home,4,Yes,Agency,41,1,4,1615394.12,403848.53,581627.97,1338.9,5355.6,4,4,0,2024-01-03,2025-01-12,0.0,375,2,1,1.5985312993312493,0.6045730073364012,Premium / Global Investors
C1370,Individual,Frank,Evans,1965-04-06,M,USA,Colorado,Investment,1,No,Agency,60,0,4,834659.23,208664.8075,234080.49,700.7825,2803.13,4,4,0,2024-01-06,2025-01-08,0.0,368,1,0,-1.4762202929214323,-2.862246339877623,Mainstream Buyers
C1371,Individual,Timothy,Thomas,1989-06-19,M,UK,England,Home,2,Yes,Website,36,1,4,1036681.19,259170.2975,312372.65,948.835,3795.34,4,4,0,2024-01-11,2025-01-12,0.0,367,1,0,-0.6020244138566746,-1.6769064091069403,Mainstream Buyers
C1372,Individual,Lisa,Turner,1981-11-21,F,USA,Washington,Investment,2,No,Website,43,0,3,874872.8,291624.26666666666,394401.98,1049.3066666666666,3147.92,3,3,0,2024-01-07,2024-01-12,0.0,5,3,0,-2.1657195751059244,0.12411238002892125,First-Time Buyers
C1373,Individual,Melissa,Evans,1992-11-10,F,USA,California,Home,3,Yes,Website,32,1,3,1275663.27,425221.09,609943.05,1221.6766666666665,3665.03,3,3,0,2024-01-04,2025-01-03,0.0,365,2,2,-0.3141119359966488,1.4353627009268004,Premium / Global Investors
C1374,Company,Quasar,Co,1990-01-25,M,France,Ile-De-France,Home,3,Yes,Agency,35,1,3,1230590.28,410196.76,525078.29,1321.5233333333333,3964.57,3,2,1,2024-01-06,2025-01-11,0.333,371,2,0,-0.32989912983973313,1.6865719266542387,Premium / Global Investors
C1375,Individual,Carolyn,Flores,1972-11-22,F,USA,California,Investment,4,Yes,Agency,52,1,4,1097182.39,274295.59750000003,385581.71,987.505,3950.02,4,3,1,2024-01-06,2025-01-07,0.25,367,1,0,-0.27260024234177993,-1.5216936664182867,Mainstream Buyers
C1376,Individual,Carolyn,Edwards,1987-06-23,F,USA,Arizona,Investment,3,Yes,Agency,38,1,3,1272387.2999999998,424129.0999999999,540188.44,1493.243333333333,4479.73,3,2,1,2025-01-04,2025-01-08,0.333,4,3,2,-0.31316094970891367,2.5584845622080636,First-Time Buyers
C1377,Individual,Laura,Long,1984-04-01,F,USA,Utah,Investment,2,No,Website,41,0,3,828441.4099999999,276147.13666666666,333823.75,862.1066666666666,2586.32,3,3,0,2024-01-09,2025-01-10,0.0,367,1,0,-2.2477668560046764,-0.8369083170739817,Mainstream Buyers
C1378,Individual,Maria,Morales,1976-11-19,F,USA,California,Investment,1,No,Website,48,0,3,1399739.87,466579.9566666667,657622.51,1464.8466666666666,4394.54,3,3,0,2025-01-02,2025-01-08,0.0,6,2,2,0.06013449229976062,2.758071257577859,Premium / Global Investors
C1379,Individual,Kevin,Gray,1970-11-06,M,UK,Scotland,Home,2,No,Website,54,0,3,827767.69,275922.5633333333,353529.48,1077.3233333333335,3231.9700000000003,3,3,0,2024-01-01,2024-01-10,0.0,9,3,0,-2.1924104498682286,0.034224561090653624,First-Time Buyers
C1380,Individual,Michael,Hughes,1949-10-15,M,Canada,Alberta,Investment,4,No,Website,75,0,3,1012542.18,337514.06,349143.67,1052.4533333333334,3157.36,3,2,1,2024-01-02,2025-01-08,0.333,372,1,0,-1.1830850453442552,0.14347444529935555,Mainstream Buyers
C1381,Individual,Eric,Cox,1962-06-16,M,Germany,Hesse,Home,3,Yes,Website,63,1,3,1082639.91,360879.97,537510.16,1131.0966666666666,3393.29,3,3,0,2024-01-01,2025-01-01,0.0,366,1,0,-0.9449433246183501,0.549744307370085,Mainstream Buyers
C1382,Individual,Adam,James,1951-05-19,M,USA,Oregon,Home,2,No,Website,74,0,4,1176910.13,294227.5325,348186.07,1024.3375,4097.35,4,4,0,2024-01-05,2025-01-04,0.0,365,1,1,0.04103635166112943,-1.301881115686757,Mainstream Buyers
C1383,Individual,Noah,Moore,1992-11-11,M,USA,California,Home,2,No,Agency,32,0,3,864768.8300000001,288256.2766666667,340376.82,899.9899999999999,2699.97,3,2,1,2024-01-09,2025-01-11,0.333,368,1,0,-2.0481182195075243,-0.49293704953663,Mainstream Buyers
C1384,Individual,Mary,Young,1988-10-03,F,USA,California,Home,2,Yes,Agency,36,1,3,905480.04,301826.68,344081.34,1016.7633333333332,3050.29,3,3,0,2024-01-04,2025-01-09,0.0,371,1,0,-1.8001032040753977,-0.19143969398570226,Mainstream Buyers
C1385,Individual,Kenneth,Owens,1946-01-06,M,USA,California,Home,1,No,Agency,79,0,3,1182983.03,394327.6766666667,666248.73,1186.4366666666667,3559.31,3,2,1,2024-01-01,2025-01-03,0.333,368,2,0,-0.5285287911043848,1.063700546956463,Premium / Global Investors
C1386,Individual,Harold,Howard,1947-08-23,M,USA,Washington,Home,4,Yes,Website,77,1,3,1284366.78,428122.26,551266.41,1431.79,4295.37,3,2,1,2024-01-02,2025-01-09,0.333,373,2,2,0.21803270122420826,1.9469640230505352,Premium / Global Investors
C1387,Individual,Jose,Reed,1943-05-27,M,Germany,Hamburg,Investment,4,No,Website,82,0,3,804550.47,268183.49,463001.84,901.6266666666668,2704.88,3,3,0,2024-01-06,2024-01-10,0.0,4,3,0,-2.35531397726164,-0.6539692676421921,First-Time Buyers
C1388,Individual,Hannah,Stone,1999-04-20,F,USA,Washington,Home,3,No,Website,26,0,3,1183031.06,394343.6866666667,567781.4,1283.46,3850.38,3,3,0,2024-01-07,2025-01-12,0.0,371,2,2,-0.5710938186830969,1.3642471311882334,Premium / Global Investors
C1389,Individual,Jordan,Montgomery,1952-03-07,M,UK,Scotland,Home,2,No,Website,73,0,4,1742522.83,435630.7075,705388.85,1282.79,5131.16,4,3,1,2024-01-03,2025-01-07,0.25,370,2,1,1.968613324327848,0.7557846182963716,Premium / Global Investors
C1390,Individual,Lauren,Thomas,1979-07-21,F,USA,Nevada,Home,3,No,Website,45,0,3,906492.19,302164.0633333333,378139.97,971.19,2913.57,3,2,1,2024-01-10,2025-01-09,0.333,365,1,0,-1.77011398069007,-0.25469890297455494,Mainstream Buyers
C1391,Individual,Barbara,Campbell,1974-06-03,F,USA,Utah,Home,1,No,Website,51,0,4,1579627.98,394906.995,578903.12,1343.6575,5374.63,4,4,0,2024-01-04,2025-01-08,0.0,370,2,1,1.441296013935097,0.5559021945645369,Premium / Global Investors
C1392,Individual,Jose,Johnson,1990-05-06,M,USA,Colorado,Home,4,Yes,Agency,35,1,4,1434978.2000000002,358744.55000000005,520703.06,1125.515,4502.06,4,3,1,2024-01-02,2025-01-12,0.25,376,1,1,0.8168000966600559,-0.28967637397785295,Mainstream Buyers
C1393,Individual,Virginia,Miller,1981-09-07,F,Mexico,Baja California,Investment,1,No,Agency,43,0,4,1187799.99,296949.9975,459972.28,1027.325,4109.3,4,4,0,2024-01-03,2025-01-02,0.0,365,1,1,-0.16544320743571758,-1.1353809807400932,Mainstream Buyers
C1394,Individual,Debra,Hansen,1977-02-26,F,USA,Nevada,Home,4,No,Website,48,0,4,1325404.6,331351.15,439396.11,967.0,3868.0,4,4,0,2024-01-04,2025-01-07,0.0,369,1,1,0.32909364544530806,-1.083196385476284,Mainstream Buyers
C1395,Individual,Megan,Campbell,1988-09-27,F,Canada,Alberta,Investment,4,No,Website,36,0,4,1497964.92,374491.23,548965.53,1278.045,5112.18,4,3,1,2024-01-07,2025-01-07,0.25,366,2,1,1.155783105027694,0.2407090647712676,Premium / Global Investors
C1396,Individual,Steven,Foster,1971-02-06,M,Canada,Manitoba,Investment,3,Yes,Website,54,1,3,977070.12,325690.04,451060.97,1075.8333333333333,3227.5,3,3,0,2024-01-02,2024-01-09,0.0,7,3,0,-1.7171389533992996,0.4445860215004372,First-Time Buyers
C1397,Individual,Linda,Chavez,1983-10-03,F,USA,Nevada,Home,4,No,Website,41,0,4,1551369.83,387842.4575,583905.11,1175.235,4700.94,4,4,0,2024-01-12,2025-01-05,0.0,359,2,1,1.204024827845416,0.01520982177281229,Premium / Global Investors
C1398,Individual,Alexander,Jones,1966-12-13,M,USA,California,Home,5,Yes,Website,58,1,3,926545.71,308848.57,338606.44,1182.08,3546.24,3,3,0,2024-01-03,2025-01-05,0.0,368,1,0,-1.2653372234321818,0.14831234516486752,Mainstream Buyers
C1399,Individual,Lauren,Evans,1978-08-23,F,Canada,British Columbia,Home,5,No,Agency,46,0,4,1259614.96,314903.74,619157.65,1061.1325,4244.53,4,4,0,2024-01-06,2025-01-11,0.0,371,1,0,0.25031525843997227,-0.9953673229523414,Mainstream Buyers
C1400,Individual,Maria,Jones,1991-10-24,F,UK,Northern Ireland,Home,4,No,Client,33,0,4,1146194.54,286548.635,426811.39,939.4875,3757.95,4,4,0,2024-01-09,2025-01-04,0.0,361,1,0,-0.30511788830671965,-1.4962677233879915,Mainstream Buyers
C1401,Individual,Virginia,Brooks,1999-03-24,F,USA,Virginia,Investment,1,No,Website,26,0,4,1223523.71,305880.9275,368829.15,1005.5625,4022.25,4,2,2,2024-01-05,2025-01-12,0.5,373,1,0,-0.0765051643347901,-0.9250803926117539,Mainstream Buyers
C1402,Individual,Helen,Jordan,1968-09-28,F,USA,Utah,Home,3,No,Agency,56,0,4,1394159.93,348539.9825,491592.98,1132.7375,4530.95,4,4,0,2024-01-02,2025-01-08,0.0,372,1,1,0.7036630014214613,-0.4890994243674454,Mainstream Buyers
C1403,Individual,Pamela,Scott,1983-09-22,F,USA,Oregon,Home,2,No,Website,41,0,4,1463350.69,365837.6725,607483.38,1210.7375000000002,4842.950000000001,4,4,0,2024-01-03,2025-01-12,0.0,375,2,1,0.9463757297152351,-0.058285518518670996,Premium / Global Investors
C1404,Individual,Sharon,Williams,1950-07-22,F,USA,California,Home,4,No,Agency,74,0,4,1193678.04,298419.51,368901.23,1024.3375,4097.35,4,4,0,2024-01-04,2025-01-05,0.0,367,1,0,0.1269747914726176,-1.3423390161639828,Mainstream Buyers
C1405,Individual,Ryan,Williams,1955-08-06,M,USA,Oregon,Home,5,No,Agency,69,0,3,1306722.36,435574.12,556748.94,1438.2933333333333,4314.88,3,2,1,2024-01-08,2025-01-12,0.333,370,2,2,0.2797979753596353,2.0311030060481396,Premium / Global Investors
C1406,Individual,Sara,Wood,1970-01-09,F,USA,California,Home,3,No,Website,55,0,4,1364413.45,341103.3625,474806.32,1151.61,4606.4400000000005,4,3,1,2024-01-03,2025-01-10,0.25,373,1,0,0.7180169450089762,-0.46303964160241967,Mainstream Buyers
C1407,Individual,Sharon,Hansen,1956-03-22,F,USA,California,Home,1,No,Agency,69,0,4,1429717.09,357429.2725,517271.54,1123.3175,4493.27,4,2,2,2024-01-09,2025-01-09,0.5,366,1,1,0.8192676930707035,-0.2969264136077156,Mainstream Buyers
C1408,Company,Grandis,Co,1963-11-13,F,USA,California,Home,2,No,Agency,61,0,4,1345035.74,336258.935,595268.86,1103.3025,4413.21,4,4,0,2024-01-04,2025-01-08,0.0,370,1,1,0.5374821141555168,-0.6881768969635822,Mainstream Buyers
C1409,Individual,Katherine,Price,1957-01-08,F,USA,Oregon,Investment,2,No,Website,68,0,3,1072801.12,357600.3733333333,395005.44,1117.9399999999998,3353.82,3,2,1,2024-01-01,2025-01-02,0.333,367,1,0,-1.0162054303875832,0.5541483080499977,Mainstream Buyers
C1410,Individual,Jennifer,Edwards,1965-12-16,F,USA,Nevada,Home,2,No,Agency,59,0,4,1439196.49,359799.1225,577676.3,1164.015,4656.06,4,4,0,2024-01-02,2024-01-12,0.0,10,3,0,0.5317441887137824,0.04609441170818142,First-Time Buyers
C1411,Individual,Anthony,Watson,1987-04-04,M,USA,California,Home,2,No,Client,38,0,4,1318823.16,329705.79000000004,461367.86,1099.4925,4397.97,4,3,1,2024-01-07,2025-01-11,0.25,370,1,1,0.4323975562837385,-0.5975111656451672,Mainstream Buyers
C1412,Company,Optima,Co,1985-06-28,F,USA,Nevada,Home,2,No,Agency,40,0,4,1498125.2,374531.3,573336.74,1158.7275,4634.91,4,3,1,2024-01-01,2025-01-12,0.25,377,2,1,0.9569972663044237,-0.03034789260261836,Premium / Global Investors
C1413,Individual,Margaret,Rogers,1968-09-18,F,USA,California,Home,4,No,Agency,56,0,4,1489065.16,372266.29,530069.18,1425.7675,5703.07,4,4,0,2024-01-01,2025-01-10,0.0,375,2,1,1.4302309544811231,0.4428924638951113,Premium / Global Investors
C1414,Individual,Michelle,Wright,1975-01-05,F,USA,Florida,Home,4,No,Website,50,0,4,1188718.7,297179.675,479065.61,972.335,3889.34,4,2,2,2024-01-02,2025-01-07,0.5,371,1,0,-0.00787088497277217,-1.250087167216615,Mainstream Buyers
C1415,Individual,Tyler,Murray,1959-07-14,M,USA,California,Investment,1,No,Website,65,0,3,748797.26,249599.08666666667,318935.71,879.3433333333332,2638.03,3,2,1,2024-01-05,2025-01-07,0.333,368,1,0,-2.341326628844776,-1.0036495554240763,Mainstream Buyers
C1416,Individual,Bryan,Peterson,1954-01-07,M,USA,Oregon,Home,2,No,Agency,71,0,3,1418066.39,472688.7966666667,606381.67,1452.263333333333,4356.79,3,3,0,2024-01-03,2024-01-12,0.0,9,2,2,0.21135059320727625,2.7144372604547398,Premium / Global Investors
C1417,Individual,Dennis,Williams,1953-10-26,M,UK,Scotland,Home,5,No,Website,71,0,3,1023021.48,341007.16,575664.65,1066.59,3199.77,3,3,0,2024-01-04,2025-01-11,0.0,373,1,0,-1.1014384143020508,0.11145341413133912,Mainstream Buyers
C1418,Individual,Kyle,Cox,1954-06-04,M,USA,Ohio,Investment,2,No,Website,71,0,3,1443234.89,481078.2966666667,542134.93,1529.4633333333334,4588.39,3,3,0,2024-01-06,2025-01-08,0.0,368,2,2,0.7239984423681629,2.6454964761805706,Premium / Global Investors
C1419,Individual,Jason,Peterson,1971-08-08,M,Germany,Hamburg,Investment,4,Yes,Website,53,1,4,1143605.72,285901.43,451642.29,928.745,3714.98,4,2,2,2024-01-09,2025-01-02,0.5,359,1,0,-0.19763440729561613,-1.4599265717221734,Mainstream Buyers
C1420,Company,Terova,Co,1981-10-20,M,UK,Wales,Home,5,No,Website,43,0,4,1196856.69,299214.1725,431727.12,929.6975,3718.79,4,1,3,2024-01-08,2025-01-02,0.75,360,1,0,-0.011586682585302346,-1.245441893453694,Mainstream Buyers
C1421,Individual,James,Jones,1957-11-14,M,USA,Colorado,Home,1,No,Website,67,0,3,938557.19,312852.39666666667,396446.03,1098.0666666666666,3294.2,3,3,0,2024-01-03,2024-01-09,0.0,6,3,0,-1.7985759017135259,0.39320622742856837,First-Time Buyers
C1422,Individual,Billy,Hansen,1955-01-15,M,USA,Florida,Investment,1,Yes,Website,70,1,4,2032565.11,508141.2775,649524.31,1555.2975,6221.1900000000005,4,4,0,2024-01-03,2024-01-11,0.0,8,2,2,2.759617454848914,2.4209060670118627,Premium / Global Investors
C1423,Individual,Jack,Brooks,1955-09-21,M,UK,Northern Ireland,Home,4,Yes,Website,69,1,4,1822778.36,455694.59,588224.19,1504.0975,6016.389999999999,4,3,1,2024-01-12,2025-01-10,0.25,364,2,1,2.5367327930698536,1.48434155906637,Premium / Global Investors
C1424,Individual,Judy,Harris,1954-12-03,F,USA,Utah,Home,2,Yes,Agency,70,1,3,1382756.57,460918.8566666667,602654.49,1465.1466666666663,4395.44,3,3,0,2024-01-10,2025-01-11,0.0,367,2,2,0.3915463145962737,2.306639687777317,Premium / Global Investors
C1425,Individual,Raymond,Taylor,1971-12-16,M,Belgium,Flanders,Home,3,No,Website,53,0,3,1449563.3199999998,483187.77333333326,576814.21,1521.64,4564.92,3,2,1,2024-01-05,2025-01-11,0.333,372,2,2,0.7272656270411058,2.785941471417468,Premium / Global Investors
C1426,Individual,Christina,Campbell,1964-05-20,F,USA,Washington,Home,2,No,Website,61,0,4,1709098.18,427274.545,507717.69,1510.65,6042.6,4,4,0,2024-01-02,2025-01-12,0.0,376,2,1,2.100728226625133,1.2287634180382132,Premium / Global Investors
C1427,Individual,Julia,Richardson,1955-10-05,F,Australia,Victoria,Home,5,No,Website,69,0,4,1378636.21,344659.0525,487252.76,1184.9475,4739.79,4,3,1,2024-01-08,2025-01-08,0.25,366,1,1,0.8702877808565477,-0.4160310249101709,Mainstream Buyers
C1428,Individual,Nicole,Allen,1953-05-12,F,USA,Oregon,Home,4,Yes,Agency,72,1,4,1136052.54,284013.135,474549.83,946.6525,3786.61,4,3,1,2024-01-11,2025-01-11,0.25,366,1,0,-0.16180965502095437,-1.5826372288696957,Mainstream Buyers
C1429,Individual,Jesse,Stewart,1991-01-10,M,USA,Nevada,Investment,5,No,Agency,34,0,4,1697550.01,424387.5025,499234.71,1421.465,5685.860000000001,4,2,2,2024-01-05,2024-01-08,0.5,3,2,0,1.6557102013100538,1.4707054762472425,Premium / Global Investors
C1430,Individual,Patrick,Allen,1963-11-09,M,USA,Nevada,Home,4,No,Website,61,0,3,928463.2,309487.73333333334,438596.72,1022.67,3068.01,3,3,0,2024-01-07,2025-01-09,0.0,368,1,0,-1.5216359583505952,-0.22405999001383728,Mainstream Buyers
C1431,Individual,Melissa,Griffin,1943-01-07,F,Germany,Hesse,Home,3,Yes,Website,82,1,4,1620159.73,405039.9325,567788.73,1365.9450000000002,5463.780000000001,4,3,1,2024-01-06,2025-01-10,0.25,370,2,1,1.7637992975291825,0.6183649157011197,Premium / Global Investors
C1432,Individual,Larry,Weaver,1951-12-26,M,USA,Utah,Home,3,No,Agency,73,0,3,863383.74,287794.58,301035.57,1033.62,3100.86,3,2,1,2024-01-07,2025-01-12,0.333,371,1,0,-1.7177649063268288,-0.3071236844104445,Mainstream Buyers
C1433,Individual,Christian,Mitchell,1953-12-04,M,Germany,Hamburg,Home,4,No,Website,71,0,3,1358111.0699999998,452703.69,626692.98,1493.243333333333,4479.73,3,3,0,2024-01-04,2025-01-03,0.0,365,2,2,0.4719344913108851,2.2627678972156717,Premium / Global Investors
C1434,Company,Terova,Co,1985-06-25,F,USA,California,Investment,5,No,Agency,40,0,4,1038640.05,259660.0125,531069.6,894.905,3579.62,4,4,0,2024-01-08,2025-01-12,0.0,370,1,0,-0.5777152788724647,-1.955401445545147,Mainstream Buyers
C1435,Individual,Zachary,Morales,1967-08-04,M,USA,Texas,Investment,2,No,Agency,57,0,3,903765.87,301255.29,410695.68,945.65,2836.95,3,2,1,2024-01-01,2025-01-07,0.333,372,1,0,-1.8151396578391925,-0.3417273566684231,Mainstream Buyers
C1436,Individual,Kyle,Wright,1998-09-10,M,USA,California,Home,2,No,Website,26,0,3,969917.19,323305.73,363203.22,992.22,2976.66,3,2,1,2024-01-06,2025-01-10,0.333,370,1,0,-1.5837646936439467,0.07440483175093988,Mainstream Buyers
C1437,Individual,Gerald,Stewart,1997-08-04,M,USA,Arizona,Investment,5,No,Agency,27,0,4,1668948.58,417237.145,614304.54,1332.2825,5329.13,4,3,1,2024-01-05,2025-01-07,0.25,368,2,1,1.7340423505871203,0.7944455618153683,Premium / Global Investors
C1438,Individual,Benjamin,Taylor,1988-04-08,M,USA,California,Home,2,Yes,Agency,37,1,3,1255115.0,418371.6666666667,574838.1,1321.503333333333,3964.51,3,2,1,2024-01-02,2025-01-06,0.333,370,2,0,-0.23693900781298038,1.7535720562761692,Premium / Global Investors
C1439,Individual,Helen,Morales,2000-10-14,F,USA,Virginia,Home,2,No,Agency,24,0,3,1040682.81,346894.27,420285.34,1138.4233333333334,3415.27,3,3,0,2024-01-04,2025-01-07,0.0,369,1,0,-1.284342409903211,0.5993679579364283,Mainstream Buyers
C1440,Individual,Mary,Phillips,1952-07-20,F,USA,Colorado,Investment,2,No,Agency,72,0,3,901013.42,300337.80666666664,472362.72,1010.53,3031.59,3,2,1,2024-01-10,2025-01-04,0.333,360,1,0,-1.7247483949157836,-0.2405701316727581,Mainstream Buyers
C1441,Individual,Helen,Campbell,1945-08-09,F,USA,California,Investment,5,No,Website,79,0,3,1201777.78,400592.5933333333,424676.81,1334.84,4004.52,3,3,0,2024-01-04,2025-01-10,0.0,372,2,0,-0.15855419177092178,1.2675260953758452,Premium / Global Investors
C1442,Individual,Timothy,Foster,2000-06-17,M,USA,Colorado,Home,2,Yes,Client,25,1,3,1007348.75,335782.9166666667,534107.07,1110.6233333333332,3331.87,3,3,0,2024-01-02,2025-01-12,0.0,376,1,2,-1.3781549396297363,0.41688459141629836,Mainstream Buyers
C1443,Individual,Betty,Hughes,1979-11-22,F,USA,Florida,Home,2,No,Website,45,0,3,1045348.11,348449.37000000005,618238.68,1072.4833333333331,3217.45,3,3,0,2024-01-03,2025-01-03,0.0,366,1,0,-1.2510386866527927,0.3597791983061036,Mainstream Buyers
C1444,Individual,Frank,Alexander,1981-06-25,M,USA,Colorado,Home,3,No,Website,44,0,3,1089631.7,363210.56666666665,387724.0,1186.05,3558.15,3,3,0,2024-01-03,2025-01-08,0.0,371,1,2,-0.8943677723052408,0.7667418461493566,Mainstream Buyers
C1445,Individual,Gregory,Hall,1988-07-26,M,USA,Florida,Home,5,No,Website,36,0,4,1249138.91,312284.7275,404402.26,976.9675,3907.87,4,4,0,2024-01-03,2025-01-03,0.0,366,1,0,0.15229233932613365,-1.1993099495702038,Mainstream Buyers
C1446,Individual,Amber,Gray,1951-09-12,F,USA,Ohio,Home,4,No,Website,73,0,4,1550820.49,387705.1225,605564.38,1385.6475,5542.59,4,4,0,2024-01-01,2025-01-01,0.0,366,2,1,1.60134564239255,0.43974992958302705,Premium / Global Investors
C1447,Individual,Janet,Rogers,1972-05-14,F,USA,Nevada,Investment,4,Yes,Client,53,1,4,1372408.9,343102.225,470911.04,1151.37,4605.48,4,4,0,2024-01-09,2025-01-09,0.0,366,1,1,0.6855417809277295,-0.5187924992680456,Mainstream Buyers
C1448,Individual,Henry,Ward,1959-03-15,M,Russia,Tatarstan,Home,1,No,Website,66,0,4,1221304.62,305326.155,456799.28,984.9525,3939.81,4,3,1,2024-01-07,2025-01-09,0.25,368,1,1,0.048008762451556414,-1.1649492295536032,Mainstream Buyers
C1449,Individual,Nicole,Cox,1999-06-14,F,USA,California,Investment,5,No,Website,26,0,3,1110557.49,370185.83,543452.8,1221.6766666666665,3665.03,3,3,0,2024-01-01,2025-01-01,0.0,366,2,2,-0.7942841232261406,0.8966856445447006,Premium / Global Investors
C1450,Individual,Pamela,White,1996-06-04,F,USA,Virginia,Home,5,No,Website,29,0,3,1028509.6,342836.5333333333,374768.98,1037.5833333333333,3112.75,3,3,0,2024-01-03,2025-01-08,0.0,371,1,2,-1.3002314160657154,0.18985986775608504,Mainstream Buyers
C1451,Individual,Hannah,Turner,1983-10-19,F,USA,California,Home,1,No,Website,41,0,4,1529673.3199999998,382418.33,483688.37,1259.875,5039.5,4,4,0,2024-01-04,2025-01-12,0.0,374,2,1,1.188190006299419,0.2345417702519517,Premium / Global Investors
C1452,Individual,Kelly,Edwards,1993-05-08,F,Belgium,Wallonia,Home,3,No,Client,32,0,3,1320005.77,440001.9233333333,545747.26,1487.66,4462.98,3,3,0,2024-01-01,2025-01-07,0.0,372,2,2,0.12524970796455098,2.280276577705815,Premium / Global Investors
C1453,Individual,Kenneth,Stone,1981-07-10,M,USA,California,Home,2,No,Agency,43,0,3,1145044.9,381681.6333333333,526401.55,1243.8233333333333,3731.47,3,3,0,2025-01-01,2025-01-06,0.0,5,3,2,-1.0044022886152688,1.4422292522728346,First-Time Buyers
C1454,Individual,Ann,Kim,1948-05-23,F,USA,California,Investment,1,No,Client,77,0,3,1188825.44,396275.14666666667,478984.35,1321.503333333333,3964.51,3,3,0,2024-01-06,2024-01-10,0.0,4,3,2,-0.714108427795177,1.6519779468326299,First-Time Buyers
C1455,Individual,Christina,Nelson,1989-06-15,F,USA,Colorado,Home,3,Yes,Agency,36,1,3,985992.43,328664.1433333333,472251.6,983.4266666666668,2950.28,3,2,1,2024-01-02,2025-01-06,0.333,370,1,0,-1.5675444840199424,0.04658034531674107,Mainstream Buyers
C1456,Company,Quasar,Co,1992-06-26,F,USA,Oregon,Investment,1,Yes,Website,33,1,4,1598853.55,399713.3875,586824.88,1313.38,5253.52,4,4,0,2024-01-07,2025-01-09,0.0,368,2,1,1.3739587083365776,0.5736128609243349,Premium / Global Investors
C1457,Individual,Julie,Foster,1949-01-27,F,USA,California,Home,3,Yes,Agency,76,1,4,1537205.06,384301.265,538355.66,1227.17,4908.68,4,2,2,2024-01-04,2025-01-10,0.5,372,2,0,1.3584782324972393,0.13523760534096857,Premium / Global Investors
C1458,Individual,Keith,Reed,1950-09-16,M,USA,Arizona,Home,1,No,Website,74,0,3,917921.54,305973.8466666667,344813.48,979.0866666666668,2937.26,3,2,1,2024-01-01,2025-01-07,0.333,372,1,0,-1.6567740297216538,-0.23968030644168872,Mainstream Buyers
C1459,Individual,Terry,Hall,1949-09-28,M,USA,Arizona,Home,5,No,Website,75,0,4,1556253.48,389063.37,530674.29,1385.6475,5542.59,4,4,0,2024-01-01,2025-01-12,0.0,377,2,1,1.7016864412894839,0.4241114272208512,Premium / Global Investors
C1460,Individual,Pamela,Long,1972-05-12,F,UK,England,Home,1,Yes,Agency,53,1,4,1569390.69,392347.6725,517417.7,1294.645,5178.58,4,4,0,2024-01-04,2025-01-07,0.0,369,2,1,1.311812733812076,0.4119692968501189,Premium / Global Investors
C1461,Individual,Gloria,Reyes,1944-01-13,F,USA,California,Home,5,No,Website,81,0,4,1507966.87,376991.7175,538246.86,1294.645,5178.58,4,4,0,2024-01-02,2025-01-05,0.0,369,2,1,1.458253451307182,0.024741313949182546,Premium / Global Investors
C1462,Individual,Virginia,Allen,1984-04-19,F,Germany,Hamburg,Investment,3,No,Agency,41,0,4,1220331.12,305082.78,563520.95,956.6725,3826.69,4,2,2,2024-01-11,2025-01-12,0.5,367,1,0,-0.07873501020724916,-1.1515406670165473,Mainstream Buyers
C1463,Individual,Lawrence,Ward,1943-12-28,M,USA,California,Home,2,Yes,Website,81,1,4,1639044.0,409761.0,560165.35,1386.5875,5546.35,4,4,0,2024-01-02,2025-01-06,0.0,370,2,1,1.8705079268836398,0.6611044047775967,Premium / Global Investors
C1464,Individual,Terry,Weaver,1940-01-25,M,USA,Arizona,Home,1,No,Website,85,0,3,1094818.68,364939.56,516866.8,1086.24,3258.7200000000003,3,3,0,2024-01-01,2025-01-07,0.0,372,1,0,-0.9352255779194834,0.43519561756732567,Mainstream Buyers
C1465,Individual,Edward,Stewart,1990-09-07,M,USA,Ohio,Home,3,Yes,Website,34,1,3,1312191.47,437397.1566666667,561841.89,1457.8333333333333,4373.5,3,3,0,2025-01-07,2025-01-08,0.0,1,3,2,-0.19487076296142486,2.520596696032703,First-Time Buyers
C1466,Individual,Ashley,Howard,1999-08-28,F,Belgium,Flanders,Investment,2,No,Website,25,0,4,1387827.15,346956.7875,536046.25,1053.27,4213.08,4,4,0,2024-01-08,2025-01-09,0.0,367,1,1,0.43094099956809107,-0.5816919593758649,Mainstream Buyers
C1467,Individual,Rebecca,Adams,1951-07-19,F,USA,California,Home,5,No,Client,73,0,3,761353.26,253784.42,375027.09,849.6366666666667,2548.91,3,3,0,2024-01-02,2024-01-10,0.0,8,3,0,-2.5455956939089033,-0.9462687468305485,First-Time Buyers
C1468,Individual,Jason,Martin,1940-08-24,M,Canada,Manitoba,Home,3,No,Website,84,0,3,1072452.07,357484.0233333334,438900.24,1185.3533333333332,3556.06,3,1,2,2024-01-02,2024-01-06,0.667,4,3,0,-1.1111189435765774,1.109177226307287,First-Time Buyers
C1469,Individual,Keith,Richardson,1970-05-17,M,USA,Colorado,Home,1,No,Website,55,0,3,1512121.64,504040.5466666667,581837.55,1538.7766666666666,4616.33,3,3,0,2024-01-10,2025-01-09,0.0,365,2,2,0.8708780055422294,2.9714562735002903,Premium / Global Investors
C1470,Individual,Alexander,Richardson,1940-05-27,M,USA,Colorado,Investment,3,Yes,Agency,85,1,3,1440682.21,480227.4033333333,555106.11,1590.8633333333337,4772.59,3,3,0,2024-01-01,2024-01-05,0.0,4,2,2,0.532297509913984,3.0586121633343875,Premium / Global Investors
C1471,Individual,Judith,Williams,1940-05-24,F,UK,Northern Ireland,Home,1,Yes,Website,85,1,4,1048588.76,262147.19,354725.76,801.0649999999999,3204.26,4,3,1,2024-01-02,2025-01-12,0.25,376,1,0,-0.6360227101533436,-2.132685667715784,Mainstream Buyers
C1472,Individual,Paul,Flores,1991-03-23,M,USA,Washington,Home,1,No,Website,34,0,4,1610320.87,402580.2175,566227.62,1237.1025,4948.41,4,4,0,2024-01-05,2025-01-07,0.0,368,2,1,1.351069468338857,0.4335379348875481,Premium / Global Investors
C1473,Individual,Maria,Freeman,1974-03-14,F,USA,California,Home,2,No,Agency,51,0,4,1415300.74,353825.185,736652.27,1009.23,4036.92,4,4,0,2024-01-01,2025-01-02,0.0,367,1,1,0.5699156010696751,-0.732206252405507,Mainstream Buyers
C1474,Individual,Kevin,Brown,1969-10-04,M,USA,Oregon,Home,3,No,Website,55,0,4,1563434.47,390858.6175,517206.46,1307.3,5229.2,4,4,0,2024-01-06,2025-01-11,0.0,371,2,1,1.470554678111555,0.36268087820503964,Premium / Global Investors
C1475,Individual,Raymond,Brown,1944-02-08,M,Mexico,Jalisco,Home,4,Yes,Agency,81,1,4,1579186.25,394796.5625,661652.26,1287.055,5148.22,4,4,0,2024-01-02,2025-01-10,0.0,374,2,1,1.5713540397412553,0.23745515011028992,Premium / Global Investors
C1476,Individual,Kevin,Jackson,2000-08-06,M,USA,Nevada,Home,1,No,Agency,24,0,4,1505369.42,376342.355,610193.44,1141.225,4564.9,4,3,1,2024-01-02,2025-01-10,0.25,374,2,1,0.8911240270016356,0.042069672530489224,Premium / Global Investors
C1477,Company,Zynex,Co,1968-10-04,F,USA,California,Investment,1,No,Agency,56,0,4,1051466.92,262866.73,458559.81,920.7075,3682.83,4,3,1,2024-01-07,2025-01-11,0.25,370,1,0,-0.5792576977197494,-1.7354203341023633,Mainstream Buyers
C1478,Individual,Emily,Reed,1958-12-09,F,Canada,British Columbia,Investment,1,No,Agency,66,0,3,965772.74,321924.24666666664,398549.19,1082.8966666666668,3248.69,3,3,0,2024-01-04,2025-01-02,0.0,364,1,0,-1.5146687385306685,0.10590000779953815,Mainstream Buyers
C1479,Individual,Paul,Carter,1968-03-26,M,USA,California,Investment,1,No,Website,57,0,4,1275455.51,318863.8775,612698.53,1018.5225,4074.09,4,4,0,2024-01-05,2025-01-12,0.0,373,1,0,0.23220343402818333,-1.0353006251782542,Mainstream Buyers
C1480,Individual,Danielle,White,1985-09-04,F,USA,Virginia,Investment,3,No,Client,39,0,4,1466467.79,366616.9475,573332.74,1220.42,4881.68,4,3,1,2024-01-03,2025-01-09,0.25,372,2,1,0.9714793685809939,0.025101790001333654,Premium / Global Investors
C1481,Company,Caldera,Co,1984-04-12,F,USA,Arizona,Investment,3,No,Website,41,0,4,1059700.88,264925.22000000003,367368.12,901.245,3604.98,4,1,3,2024-01-02,2025-01-05,0.75,369,1,0,-0.5387874743032315,-1.6099960959507578,Mainstream Buyers
C1482,Individual,Kimberly,Murray,1953-01-24,F,USA,Oregon,Home,2,Yes,Website,72,1,4,1665015.1700000002,416253.7925,610377.15,1312.8225,5251.29,4,3,1,2024-01-03,2025-01-10,0.25,373,2,1,1.7678714153384165,0.6329083555250142,Premium / Global Investors
C1483,Individual,Gary,Hall,1975-01-06,M,USA,Colorado,Home,3,Yes,Agency,50,1,4,1831769.62,457942.405,623318.65,1486.3275,5945.31,4,4,0,2024-01-06,2025-01-11,0.0,371,2,1,2.4064301751994797,1.473233714669948,Premium / Global Investors
C1484,Individual,Christina,Nelson,1971-09-10,F,USA,Colorado,Home,3,No,Client,53,0,4,1117191.81,279297.9525,452777.15,995.0275,3980.11,4,4,0,2024-01-05,2025-01-11,0.0,372,1,1,-0.2549199758242774,-1.4855654813414905,Mainstream Buyers
C1485,Individual,Rachel,Scott,1984-06-26,F,USA,Washington,Investment,4,No,Website,41,0,4,1604885.52,401221.38,526180.38,1350.2175,5400.87,4,3,1,2024-01-01,2024-01-07,0.25,6,2,0,1.2691491540276,0.9879812373797654,Premium / Global Investors
C1486,Individual,Madison,Campbell,1996-06-14,F,UK,Wales,Home,5,Yes,Website,29,1,3,1019385.69,339795.23,416556.23,1156.5633333333333,3469.69,3,2,1,2024-01-03,2024-01-07,0.333,4,3,0,-1.4888878259660017,0.9087741614572459,First-Time Buyers
C1487,Individual,Sandra,Martin,1965-10-12,F,USA,New York,Home,3,No,Agency,59,0,4,1553533.51,388383.3775,506031.7,1294.645,5178.58,4,4,0,2024-01-01,2025-01-10,0.0,375,2,1,1.379702415983938,0.2915087201732033,Premium / Global Investors
C1488,Individual,Keith,Scott,1975-07-09,M,USA,Florida,Investment,2,No,Website,49,0,3,1029238.79,343079.5966666667,554297.11,1140.1866666666667,3420.5600000000004,3,3,0,2024-01-01,2024-01-12,0.0,11,3,0,-1.4905808901203423,0.8026887892331747,First-Time Buyers
C1489,Individual,Gloria,Montgomery,1951-03-19,F,USA,Arizona,Home,5,No,Agency,74,0,3,1056549.47,352183.1566666667,416649.42,1240.6066666666666,3721.82,3,2,1,2024-01-04,2024-01-07,0.333,3,3,0,-1.1142022485284955,1.080616339148818,First-Time Buyers
C1490,Individual,Dennis,Hall,1994-06-11,M,UK,Wales,Investment,5,Yes,Client,31,1,3,861119.76,287039.92,357655.99,939.33,2817.99,3,3,0,2024-01-03,2025-01-02,0.0,365,1,0,-1.973220307007151,-0.5603848206949582,Mainstream Buyers
C1491,Individual,Rebecca,Evans,1997-10-07,F,USA,Georgia,Home,4,No,Agency,27,0,4,1056750.03,264187.5075,415532.62,901.245,3604.98,4,4,0,2024-01-06,2025-01-05,0.0,365,1,0,-0.6235262627581852,-1.7889293801485444,Mainstream Buyers
C1492,Individual,Mary,Taylor,1984-12-18,F,Germany,Bavaria,Home,2,No,Agency,40,0,3,1309655.49,436551.83,472764.91,1579.3133333333335,4737.9400000000005,3,3,0,2024-01-11,2025-01-11,0.0,366,2,2,0.18997340769291615,2.5040286159644287,Premium / Global Investors
C1493,Individual,Thomas,Bennett,1992-03-16,M,USA,Washington,Home,4,Yes,Agency,33,1,3,864605.61,288201.87,449252.81,1037.11,3111.33,3,3,0,2024-01-05,2025-01-12,0.0,373,1,0,-1.8397914897745056,-0.26542305403037164,Mainstream Buyers
C1494,Individual,Nicholas,Cooper,1996-09-04,M,USA,New York,Home,1,No,Client,28,0,3,913338.07,304446.0233333333,424747.54,934.8733333333332,2804.62,3,3,0,2024-01-03,2025-01-11,0.0,374,1,0,-1.9337134821109518,-0.2951479962944586,Mainstream Buyers
C1495,Individual,Jason,Hughes,1991-09-11,M,Denmark,Capital Region,Home,1,No,Website,33,0,4,2059292.68,514823.17,650190.52,1591.4725,6365.889999999999,4,3,1,2024-01-04,2025-01-08,0.25,370,2,1,3.082116868591417,2.4673948375709887,Premium / Global Investors
C1496,Individual,Bryan,Patterson,1986-11-15,M,USA,Florida,Home,5,No,Agency,38,0,3,1119013.61,373004.5366666666,617811.07,1151.5466666666669,3454.6400000000003,3,2,1,2024-01-06,2025-01-01,0.333,361,1,2,-0.8133478434319263,0.8480751204923842,Mainstream Buyers
C1497,Individual,Samuel,Parker,1940-01-13,M,USA,California,Investment,4,No,Agency,85,0,3,794765.34,264921.78,355085.18,880.66,2641.98,3,2,1,2024-01-05,2025-01-12,0.333,373,1,0,-2.0398843068576604,-1.0147216324897832,Mainstream Buyers
C1498,Individual,Nicole,Carter,1967-03-02,F,Mexico,Puebla,Investment,5,No,Website,58,0,4,1142631.83,285657.9575,431607.68,889.8725000000001,3559.49,4,4,0,2024-01-01,2025-01-05,0.0,370,1,0,-0.24406558859096147,-1.7759682547300792,Mainstream Buyers
C1499,Individual,Lauren,Gray,1997-04-11,F,Russia,Saint Petersburg,Home,3,Yes,Agency,28,1,3,1321905.54,440635.18,565905.82,1523.6933333333334,4571.08,3,3,0,2024-01-01,2025-01-08,0.0,373,2,2,0.1544299858382537,2.404927756795289,Premium / Global Investors
C1500,Individual,Shirley,Ward,1995-04-01,F,Australia,Victoria,Home,2,No,Agency,30,0,4,1020299.92,255074.98,363010.65,841.385,3365.54,4,4,0,2024-01-02,2024-01-11,0.0,9,3,0,-1.1967718519264101,-1.6487117269101217,First-Time Buyers
C1501,Individual,Brenda,White,1951-12-16,F,USA,Oregon,Investment,4,No,Agency,73,0,3,761279.08,253759.69333333333,340778.92,851.4266666666667,2554.28,3,1,2,2024-01-02,2025-01-03,0.667,367,1,0,-2.274888047448533,-1.0441312559694498,Mainstream Buyers
C1502,Individual,Elizabeth,Weaver,1994-10-27,F,UK,Wales,Home,5,Yes,Website,30,1,4,1045772.34,261443.085,352637.6,911.0425,3644.17,4,4,0,2024-01-03,2025-01-01,0.0,364,1,0,-0.5774848373025765,-1.8243382588379076,Mainstream Buyers
C1503,Company,Triton,Co,1986-08-21,M,USA,Arizona,Investment,5,No,Website,38,0,4,1299971.48,324992.87,570156.97,1050.5725,4202.29,4,2,2,2024-01-04,2025-01-07,0.5,369,1,0,0.4109960897022322,-0.7686105274548811,Mainstream Buyers
C1504,Individual,Patrick,Hughes,1946-08-19,M,USA,California,Home,4,No,Website,78,0,3,871805.96,290601.98666666663,384006.83,979.0866666666668,2937.26,3,3,0,2024-01-09,2025-01-06,0.0,363,1,0,-1.6752822129359182,-0.5842480178949413,Mainstream Buyers
C1505,Individual,William,Cook,1994-05-14,M,USA,Virginia,Home,3,No,Agency,31,0,4,1012922.06,253230.515,380365.78,799.9225,3199.69,4,2,2,2025-01-07,2025-01-12,0.5,5,3,0,-1.1574213321900666,-1.6503070215981233,First-Time Buyers
C1506,Individual,Larry,Price,1950-11-01,M,USA,Utah,Investment,3,No,Website,74,0,3,1010109.4,336703.13333333336,369810.4,1155.4633333333334,3466.39,3,2,1,2024-01-04,2024-01-08,0.333,4,3,0,-1.3964307351209457,0.765578570308667,First-Time Buyers
C1507,Individual,Joyce,Cooper,1951-03-28,F,USA,Florida,Home,3,No,Agency,74,0,4,1499666.44,374916.61,572514.83,1220.915,4883.66,4,4,0,2024-01-02,2025-01-07,0.0,371,2,1,1.1852467662170931,-0.0778565622493014,Premium / Global Investors
C1508,Individual,Benjamin,Morris,1994-03-12,M,UK,Scotland,Home,3,No,Agency,31,0,4,965283.79,241320.9475,288985.79,783.64,3134.56,4,3,1,2024-01-01,2025-01-06,0.25,371,1,0,-1.0124659804561076,-2.206946269275405,Mainstream Buyers
C1509,Individual,Rebecca,Campbell,1946-12-16,F,USA,California,Home,3,No,Website,78,0,4,1821912.87,455478.2175,601608.38,1482.5875,5930.35,4,4,0,2024-01-01,2024-01-09,0.0,8,2,2,2.1844282421483134,1.6369201633542572,Premium / Global Investors
C1510,Company,Altira,Co,1962-01-12,M,USA,California,Home,5,No,Agency,63,0,3,804243.22,268081.0733333333,356271.34,842.68,2528.04,3,3,0,2024-01-05,2025-01-12,0.0,373,1,0,-2.1109428347220347,-1.1171138656173163,Mainstream Buyers
C1511,Individual,Ann,Hansen,1989-07-20,F,France,Provence,Home,2,Yes,Website,35,1,3,1093080.86,364360.2866666666,556945.98,1152.6466666666668,3457.94,3,2,1,2024-01-06,2025-01-03,0.333,363,1,0,-1.0356469867640863,0.8484212165206002,Mainstream Buyers
C1512,Individual,Anna,Young,1955-06-18,F,USA,Nevada,Home,4,Yes,Client,70,1,4,1209056.95,302264.2375,387618.51,1046.42,4185.68,4,3,1,2024-01-02,2024-01-12,0.25,10,3,0,-0.13561076026065388,-0.8217888605716824,First-Time Buyers
C1513,Individual,Danielle,Morales,1995-08-06,F,USA,Florida,Home,2,No,Website,29,0,3,1452266.37,484088.79,552490.44,1538.7766666666666,4616.33,3,3,0,2025-01-03,2025-01-12,0.0,9,2,2,0.2818188260647882,3.179286921102933,Premium / Global Investors
C1514,Individual,Linda,Bryant,1986-08-12,F,USA,New York,Home,4,No,Website,38,0,3,1211908.53,403969.51,458308.65,1386.32,4158.96,3,2,1,2024-01-09,2025-01-04,0.333,361,2,2,-0.24927098638787082,1.7474279062389466,Premium / Global Investors
C1515,Individual,Angela,Williams,1946-10-16,F,USA,Nevada,Investment,5,No,Website,78,0,4,1433703.52,358425.88,499781.62,1227.17,4908.68,4,3,1,2024-01-01,2025-01-07,0.25,372,2,1,1.1271727191672047,-0.23404022509993666,Premium / Global Investors
C1516,Individual,Grace,Wood,1953-05-23,F,USA,Texas,Home,4,No,Website,72,0,3,690456.91,230152.30333333332,355876.81,801.46,2404.38,3,2,1,2024-01-04,2025-01-09,0.333,371,1,0,-2.5441642284570753,-1.4744569359595685,Mainstream Buyers
C1517,Individual,Benjamin,Chavez,1978-02-23,M,USA,California,Investment,2,No,Agency,47,0,4,1328693.42,332173.355,442491.43,1076.59,4306.36,4,3,1,2024-01-02,2025-01-08,0.25,372,1,1,0.4417264895509389,-0.673484831448241,Mainstream Buyers
C1518,Individual,Teresa,Rogers,1994-08-10,F,Australia,Victoria,Home,5,Yes,Agency,30,1,4,961942.88,240485.72,280586.67,886.4275,3545.71,4,4,0,2024-01-02,2025-01-06,0.0,370,1,0,-0.8751676381373528,-2.081320843186078,Mainstream Buyers
C1519,Individual,Kyle,Freeman,1972-08-19,M,USA,California,Home,1,No,Agency,52,0,4,1366990.13,341747.53250000003,630466.93,1072.985,4291.9400000000005,4,4,0,2024-01-07,2025-01-12,0.0,371,1,1,0.524340615652753,-0.64421210943533,Mainstream Buyers
C1520,Individual,Patrick,Griffin,1945-05-12,M,USA,Utah,Home,1,No,Website,80,0,4,1425469.02,356367.255,556062.8,1187.8925,4751.57,4,4,0,2024-01-03,2025-01-05,0.0,368,2,1,0.9385705476991502,-0.29564063790213135,Premium / Global Investors
C1521,Individual,Bryan,Foster,1973-12-25,M,USA,Nevada,Home,4,No,Agency,51,0,3,913579.41,304526.47,346864.73,1032.28,3096.84,3,3,0,2024-01-01,2025-01-12,0.0,377,1,0,-1.6135799395106594,-0.20811412210501315,Mainstream Buyers
C1522,Individual,Debra,Mitchell,1964-09-14,F,USA,Washington,Home,5,No,Website,60,0,4,1598304.98,399576.245,568937.95,1378.985,5515.94,4,3,1,2024-01-04,2025-01-10,0.25,372,2,1,1.7302363350171504,0.6252201613190591,Premium / Global Investors
C1523,Company,Horizon,Co,1981-07-22,M,Australia,Victoria,Investment,3,No,Website,43,0,4,1652083.92,413020.98,563972.46,1334.8775,5339.51,4,4,0,2025-01-05,2025-01-12,0.0,7,2,0,1.3551963725874665,1.0166314553471778,Premium / Global Investors
C1524,Individual,Jordan,Wilson,1967-07-24,M,USA,Virginia,Home,2,No,Client,57,0,4,1434208.3,358552.075,582397.59,1164.015,4656.06,4,2,2,2024-01-02,2025-01-06,0.5,370,2,1,0.8935859113678255,-0.13782142394545244,Premium / Global Investors
C1525,Individual,Timothy,Brown,1959-08-24,M,USA,California,Home,1,No,Agency,65,0,3,1336757.18,445585.7266666666,544081.2,1511.63,4534.89,3,3,0,2025-01-02,2025-01-12,0.0,10,2,2,0.005826269068840692,2.657437725022128,Premium / Global Investors
C1526,Individual,Victoria,Howard,1956-05-08,F,USA,California,Home,3,No,Website,69,0,3,1429330.15,476443.3833333333,559747.82,1600.9133333333332,4802.74,3,3,0,2024-01-03,2025-01-05,0.0,368,2,2,0.8160372016092723,2.747554333423776,Premium / Global Investors
C1527,Individual,Martha,Thomas,1989-05-13,F,USA,California,Home,1,No,Agency,36,0,3,993447.06,331149.02,403651.55,1200.35,3601.05,3,3,0,2024-01-03,2025-01-06,0.0,369,1,0,-1.3129113098199279,0.5801517944777315,Mainstream Buyers
C1528,Individual,Jennifer,Weaver,1997-02-09,F,Germany,Hamburg,Home,1,Yes,Website,28,1,3,1058452.68,352817.56,522641.04,1125.17,3375.51,3,2,1,2024-01-10,2025-01-12,0.333,368,1,0,-1.2412390969624192,0.7227562938239531,Mainstream Buyers
C1529,Company,Helios,Co,1989-04-19,M,USA,California,Home,4,No,Website,36,0,4,1614522.9,403630.725,559177.67,1350.98,5403.92,4,4,0,2024-01-01,2025-01-11,0.0,376,2,1,1.6699090361480102,0.6139635360492274,Premium / Global Investors
C1530,Individual,Sarah,Wright,1988-11-20,F,USA,California,Home,2,No,Website,36,0,3,1011087.75,337029.25,506418.4,1107.81,3323.43,3,3,0,2024-01-01,2025-01-06,0.0,371,1,0,-1.3137894242363928,0.3547615825575535,Mainstream Buyers
C1531,Individual,Bryan,Cox,1964-03-15,M,France,Brittany,Investment,2,No,Website,61,0,4,1272471.05,318117.7625,509367.59,1065.415,4261.66,4,2,2,2024-01-04,2024-01-12,0.5,8,3,0,-0.0008285515643283448,-0.454975310756539,First-Time Buyers
C1532,Individual,Linda,Freeman,1998-09-26,F,USA,Texas,Home,3,Yes,Website,26,1,4,1446462.79,361615.6975,553937.2,1164.015,4656.06,4,4,0,2024-01-05,2025-01-06,0.0,367,2,1,0.8056254309739703,-0.1820828290318589,Premium / Global Investors
C1533,Individual,Anthony,Bryant,1988-05-10,M,Canada,British Columbia,Home,4,No,Agency,37,0,4,1019127.09,254781.7725,479088.84,727.265,2909.06,4,2,2,2024-01-09,2025-01-07,0.5,364,1,0,-0.8812420625829396,-2.1993971110079307,Mainstream Buyers
C1534,Individual,Sandra,Pierce,1996-08-06,F,USA,California,Home,4,Yes,Website,28,1,3,1195359.88,398453.2933333333,552866.95,1303.4733333333334,3910.42,3,3,0,2024-01-04,2025-01-10,0.0,372,2,2,-0.4298808394210925,1.3886203962881134,Premium / Global Investors
C1535,Individual,Jeremy,Stone,1994-03-09,M,UK,England,Investment,3,No,Agency,31,0,4,1967005.46,491751.365,621748.81,1591.4725,6365.889999999999,4,4,0,2024-01-08,2025-01-09,0.0,367,2,1,2.8302683668730957,2.131730258949099,Premium / Global Investors
C1536,Individual,Sara,Baker,1982-05-06,F,USA,Washington,Home,3,No,Website,43,0,3,1076884.84,358961.61333333334,687894.92,1050.6433333333332,3151.93,3,2,1,2024-01-05,2025-01-06,0.333,367,1,0,-1.140262382566693,0.47609311668535886,Mainstream Buyers
C1537,Individual,Lisa,Foster,1999-04-08,F,USA,Arizona,Home,5,No,Website,26,0,3,1637300.41,545766.8033333333,581950.52,1579.3133333333335,4737.9400000000005,3,2,1,2024-01-11,2025-01-06,0.333,361,2,2,1.3399754406042292,3.5380065516357964,Premium / Global Investors
C1538,Individual,Jessica,Kim,1947-07-01,F,USA,California,Investment,5,No,Website,78,0,3,775544.78,258514.92666666667,394524.62,941.38,2824.14,3,2,1,2024-01-05,2025-01-09,0.333,370,1,0,-2.014136593801382,-0.934082589069568,Mainstream Buyers
C1539,Individual,Terry,Brown,1997-05-13,M,USA,Nevada,Home,1,No,Agency,28,0,3,811448.36,270482.7866666667,281239.32,995.51,2986.53,3,3,0,2024-01-05,2025-01-06,0.0,367,1,0,-2.1843119102121125,-0.43450740020416007,Mainstream Buyers
C1540,Individual,Roger,Cox,1957-02-12,M,USA,California,Home,2,Yes,Client,68,1,3,842510.7,280836.9,433230.74,908.2333333333332,2724.7,3,3,0,2024-01-10,2025-01-06,0.0,362,1,0,-1.9947649897162776,-0.7630165293085864,Mainstream Buyers
C1541,Individual,Carl,Adams,1964-11-20,M,USA,California,Home,2,No,Website,60,0,4,1173616.46,293404.115,412683.22,995.0275,3980.11,4,3,1,2024-01-10,2025-01-03,0.25,359,1,0,-0.021355165698324675,-1.2758331264337701,Mainstream Buyers
C1542,Individual,Gary,Cook,1989-07-27,M,USA,Nevada,Home,1,Yes,Website,35,1,3,1261648.92,420549.64,589311.2,1356.746666666667,4070.24,3,3,0,2024-01-02,2025-01-01,0.0,365,2,2,-0.2318961075075848,1.8229225057915097,Premium / Global Investors
C1543,Individual,Virginia,Peterson,1955-10-11,F,USA,New York,Investment,3,No,Agency,69,0,3,1199490.31,399830.1033333333,586216.96,1267.4066666666668,3802.22,3,2,1,2024-01-07,2025-01-02,0.333,361,2,2,-0.4145053640715096,1.312941067681749,Premium / Global Investors
C1544,Individual,Heather,Evans,1947-04-27,F,Russia,Tatarstan,Home,3,No,Website,78,0,3,1551623.3,517207.76666666666,596353.18,1679.1066666666666,5037.32,3,3,0,2024-01-02,2025-01-02,0.0,366,2,2,1.2927517837160702,3.316195684355894,Premium / Global Investors
C1545,Individual,Elizabeth,Price,1992-11-23,F,USA,California,Investment,1,Yes,Website,32,1,3,1101811.15,367270.3833333333,494550.09,1254.503333333333,3763.51,3,3,0,2024-01-01,2024-01-04,0.0,3,3,2,-1.222349561010562,1.3783629300487525,First-Time Buyers
C1546,Individual,Sarah,Scott,1966-06-06,F,Mexico,Puebla,Home,4,Yes,Agency,59,1,4,1161022.51,290255.6275,519316.1,874.9925000000001,3499.9700000000003,4,3,1,2024-01-06,2024-01-12,0.25,6,3,0,-0.5704069386986184,-1.3250723172109193,First-Time Buyers
C1547,Individual,Margaret,Martin,1975-03-04,F,USA,Florida,Home,2,Yes,Agency,50,1,4,1199337.46,299834.365,455404.07,997.415,3989.66,4,3,1,2024-01-01,2025-01-12,0.25,377,1,0,-0.05724508020639602,-1.1740327846458474,Mainstream Buyers
C1548,Company,Telnox,Co,1967-12-26,M,USA,California,Home,2,Yes,Website,57,1,3,615223.03,205074.34333333332,249761.11,678.9699999999999,2036.91,3,3,0,2024-01-12,2025-01-12,0.0,366,1,0,-3.0335412475230012,-2.006604148451479,Mainstream Buyers
C1549,Individual,Gary,Reyes,1961-06-15,M,Mexico,Nuevo Leon,Home,4,No,Client,64,0,3,837044.35,279014.7833333333,334152.7,983.4266666666668,2950.28,3,3,0,2024-01-03,2024-01-11,0.0,8,3,0,-2.2087931846008853,-0.27154308397307125,First-Time Buyers
C1550,Individual,Jason,Rogers,1998-01-10,M,USA,California,Home,2,No,Agency,27,0,4,1368767.79,342191.9475,579944.58,1164.015,4656.06,4,4,0,2024-01-02,2025-01-06,0.0,370,1,1,0.5957825000009849,-0.33917144267612637,Mainstream Buyers
C1551,Individual,Aaron,Howard,1991-05-17,M,USA,California,Home,2,No,Agency,34,0,3,1252240.69,417413.5633333333,487577.71,1438.2933333333333,4314.88,3,2,1,2024-01-02,2024-01-10,0.333,8,3,0,-0.41766960564480565,2.3937338720613313,First-Time Buyers
C1552,Individual,Peter,Wilson,1947-04-20,M,USA,California,Investment,2,Yes,Agency,78,1,4,1356450.7000000002,339112.67500000005,570187.06,1074.0525,4296.21,4,3,1,2024-01-10,2025-01-09,0.25,365,1,0,0.6195537689669821,-0.7221073815172644,Mainstream Buyers
C1553,Company,Horizon,Co,1990-03-27,M,USA,Utah,Home,4,No,Agency,35,0,3,979536.36,326512.12,505829.79,1038.7166666666667,3116.15,3,3,0,2024-01-02,2025-01-08,0.0,372,1,0,-1.4656425457747242,0.06841840005694513,Mainstream Buyers
C1554,Individual,Gregory,Cox,1998-04-03,M,Germany,Bavaria,Home,1,No,Website,27,0,3,742034.24,247344.74666666667,293555.19,678.9699999999999,2036.91,3,3,0,2024-01-06,2025-01-08,0.0,368,1,0,-2.8215124491144654,-1.4631775628255879,Mainstream Buyers
C1555,Individual,Julia,Martin,1946-04-25,F,UK,England,Home,5,No,Website,79,0,4,1233852.38,308463.095,488976.07,1012.5575,4050.23,4,4,0,2024-01-07,2025-01-08,0.0,367,1,0,0.2661780340281743,-1.3068099571401868,Mainstream Buyers
C1556,Individual,Grace,Wood,1982-11-20,F,USA,Colorado,Investment,2,No,Agency,42,0,4,1215734.71,303933.6775,410418.36,1020.3875,4081.55,4,4,0,2024-01-01,2025-01-05,0.0,370,1,1,-0.045448823871208466,-1.1276630689400804,Mainstream Buyers
C1557,Individual,Joan,Griffin,1942-03-15,F,USA,New York,Home,2,Yes,Website,83,1,3,955054.18,318351.3933333333,528144.96,1072.4833333333331,3217.45,3,3,0,2024-01-05,2025-01-10,0.0,371,1,0,-1.399485685281182,-0.05042526110127881,Mainstream Buyers
C1558,Individual,Tyler,Phillips,1944-12-03,M,Mexico,Baja California,Home,4,No,Website,80,0,3,1482069.56,494023.1866666667,578692.29,1680.5266666666666,5041.58,3,1,2,2024-01-06,2024-01-10,0.667,4,2,2,0.8687993706372779,3.608491180658784,Premium / Global Investors
C1559,Individual,Sara,Mitchell,1975-03-27,F,UK,England,Home,2,No,Website,50,0,3,1345808.87,448602.9566666667,527049.84,1445.2933333333333,4335.88,3,3,0,2024-01-01,2025-01-01,0.0,366,2,2,0.19743587670526333,2.2169249615071784,Premium / Global Investors
C1560,Individual,Christina,Hughes,1940-07-15,F,USA,California,Home,4,Yes,Client,84,1,3,1052677.5699999998,350892.52333333326,415366.42,1148.0433333333333,3444.13,3,2,1,2024-01-10,2025-01-03,0.333,359,1,0,-0.8986944629695315,0.46184110105926024,Mainstream Buyers
C1561,Individual,Jeffrey,Green,1964-04-28,M,Mexico,Nuevo Leon,Investment,5,No,Agency,61,0,3,1135294.51,378431.50333333336,661640.07,1193.7733333333333,3581.32,3,3,0,2024-01-05,2025-01-06,0.0,367,2,0,-0.6680837253395258,0.8175255335929603,Premium / Global Investors
C1562,Individual,Maria,Morris,1987-05-07,F,USA,California,Home,4,No,Client,38,0,3,1179775.32,393258.44,534178.9,1268.0466666666669,3804.14,3,3,0,2024-01-02,2024-01-11,0.0,9,3,2,-0.8295004385743978,1.5497013240041673,First-Time Buyers
C1563,Individual,Susan,Baker,1987-06-18,F,USA,Utah,Home,5,No,Website,38,0,3,979729.05,326576.35000000003,428024.76,1090.7733333333333,3272.32,3,2,1,2025-01-07,2025-01-11,0.333,4,3,0,-1.6562243565611428,0.5785579292945571,First-Time Buyers
C1564,Individual,Jason,Wood,1964-06-11,M,USA,Washington,Investment,5,No,Website,61,0,3,1595925.43,531975.1433333333,634070.07,1635.6233333333332,4906.87,3,3,0,2024-01-10,2025-01-12,0.0,368,2,2,1.4156806301455371,3.341348912817325,Premium / Global Investors
C1565,Individual,Kenneth,Bennett,1980-08-08,M,Mexico,Jalisco,Home,4,No,Agency,44,0,4,1140899.22,285224.805,422684.36,994.0725,3976.29,4,3,1,2024-01-02,2025-01-01,0.25,365,1,1,-0.1689673309187766,-1.3239742978155988,Mainstream Buyers
C1566,Individual,Anthony,Wilson,1995-01-01,M,USA,California,Home,3,No,Website,30,0,4,1450240.65,362560.1625,530764.64,1175.235,4700.94,4,4,0,2024-01-12,2025-01-08,0.0,362,2,1,0.907531840635841,-0.16066246997304673,Premium / Global Investors
C1567,Individual,Frank,Wilson,1977-11-10,M,USA,Georgia,Home,4,No,Client,47,0,4,1594452.62,398613.155,537350.96,1276.9875,5107.95,4,3,1,2024-01-01,2025-01-05,0.25,370,2,1,1.5113210432648496,0.43142393623723313,Premium / Global Investors
C1568,Individual,Betty,Owens,1990-06-03,F,USA,California,Home,5,No,Website,35,0,3,1373808.09,457936.03,570859.46,1357.1933333333334,4071.58,3,2,1,2024-01-12,2025-01-06,0.333,360,2,2,0.2756284042725647,2.115355925805292,Premium / Global Investors
C1569,Individual,Pamela,Turner,1993-05-11,F,USA,California,Investment,1,Yes,Website,32,1,3,1175242.5499999998,391747.5166666666,624932.71,1258.29,3774.87,3,3,0,2024-01-02,2025-01-09,0.0,373,2,0,-0.6596651303449452,1.2675212365058548,Premium / Global Investors
C1570,Individual,Amanda,Williams,1963-12-27,F,USA,Ohio,Home,5,No,Website,61,0,4,1469638.4,367409.6,493931.35,1333.5625,5334.25,4,4,0,2024-01-01,2024-01-03,0.0,2,3,0,0.9766533406557247,0.46751087242814565,First-Time Buyers
C1571,Individual,Ethan,Morales,1978-03-06,M,USA,California,Home,2,No,Website,47,0,4,1243439.96,310859.99,396729.97,1092.085,4368.34,4,4,0,2024-01-12,2025-01-11,0.0,365,1,1,0.24751596569399803,-0.8909861922874899,Mainstream Buyers
C1572,Individual,Donald,Baker,1960-10-06,M,Australia,Queensland,Home,3,No,Agency,64,0,4,886149.52,221537.38,284177.91,748.33,2993.32,4,4,0,2024-01-01,2025-01-05,0.0,370,1,0,-1.1863676994199541,-2.671489831036027,Mainstream Buyers
C1573,Individual,Amanda,Richardson,1946-07-05,F,USA,California,Home,1,No,Website,78,0,4,1175839.94,293959.985,410772.92,1059.9375,4239.75,4,2,2,2025-01-01,2025-01-05,0.5,4,3,0,-0.23084077284581375,-0.754675978717261,First-Time Buyers
C1574,Individual,Gary,Morris,1984-08-14,M,USA,California,Home,4,No,Website,40,0,3,1195224.9,398408.3,488398.75,1255.6333333333334,3766.9,3,3,0,2024-01-02,2025-01-03,0.0,367,2,2,-0.42050488806904646,1.238151085641881,Premium / Global Investors
C1575,Individual,Paul,Freeman,2000-12-19,M,USA,California,Home,2,No,Website,24,0,4,1395067.16,348766.79000000004,494892.28,1158.7275,4634.91,4,4,0,2024-01-05,2025-01-10,0.0,371,1,1,0.6818047675533048,-0.2899483057614632,Mainstream Buyers
C1576,Individual,Heather,Cook,1977-09-28,F,USA,Nevada,Investment,3,Yes,Website,47,1,4,1359536.24,339884.06,516417.01,1098.1675,4392.67,4,3,1,2024-01-02,2025-01-07,0.25,371,1,1,0.5605406282553427,-0.5735736496003416,Mainstream Buyers
C1577,Individual,Ethan,Edwards,1983-02-15,M,Germany,Bavaria,Home,3,No,Website,42,0,3,1427933.58,475977.86,574268.12,1471.9,4415.7,3,2,1,2024-01-07,2025-01-11,0.333,370,2,2,0.5465720112918591,2.639058451727876,Premium / Global Investors
C1578,Individual,Mark,Turner,1996-12-03,M,USA,California,Investment,2,No,Website,28,0,3,765431.01,255143.67,334041.57,934.8733333333332,2804.62,3,3,0,2024-01-09,2025-01-12,0.0,369,1,0,-2.3303733482809577,-0.7979800983621811,Mainstream Buyers
C1579,Individual,Robert,Bell,1945-03-10,M,USA,Arizona,Investment,4,No,Website,80,0,4,1101753.59,275438.3975,300464.18,952.0525,3808.21,4,3,1,2024-01-10,2025-01-10,0.25,366,1,0,-0.17346790777914356,-1.674505814877041,Mainstream Buyers
C1580,Individual,Jordan,Martin,1997-05-12,M,USA,Georgia,Investment,1,Yes,Website,28,1,4,1008834.66,252208.665,458458.71,872.2,3488.8,4,3,1,2024-01-01,2025-01-12,0.25,377,1,0,-0.8288668790216362,-1.8419555971062134,Mainstream Buyers
C1581,Individual,James,Reyes,1950-08-11,M,USA,California,Investment,1,No,Website,74,0,3,1123364.22,374454.74,518409.3,1023.9266666666666,3071.78,3,1,2,2025-01-01,2025-01-04,0.667,3,3,0,-1.2387402781787125,0.8919440856477063,First-Time Buyers
C1582,Individual,Harold,Baker,1955-08-20,M,France,Ile-De-France,Home,4,Yes,Client,69,1,3,1030269.01,343423.00333333336,446919.96,1050.08,3150.24,3,2,1,2024-01-04,2024-01-10,0.333,6,3,0,-1.4775310174493286,0.5592956573165284,First-Time Buyers
C1583,Individual,Peter,Scott,1968-03-01,M,USA,California,Home,2,No,Agency,57,0,4,1378030.61,344507.6525,456061.7,1170.135,4680.54,4,3,1,2024-01-03,2025-01-05,0.25,368,1,1,0.7506436082895098,-0.3378339642179136,Mainstream Buyers
C1584,Company,Nexus,Co,1985-12-08,M,France,Brittany,Investment,1,Yes,Website,39,1,3,1199226.44,399742.14666666667,491267.17,1361.743333333333,4085.23,3,3,0,2025-01-05,2025-01-08,0.0,3,3,2,-0.759284824977803,1.96682997589171,First-Time Buyers
C1585,Individual,Kevin,Watson,1960-10-10,M,Canada,Ontario,Home,5,No,Website,64,0,4,1480011.91,370002.9775,478106.01,1276.8225,5107.29,4,4,0,2024-01-06,2025-01-02,0.0,362,2,1,1.272119986936394,0.023369446883269283,Premium / Global Investors
C1586,Individual,Carolyn,Roberts,1967-01-21,F,Germany,Berlin,Home,3,No,Website,58,0,3,1116579.83,372193.2766666667,419816.08,1224.68,3674.04,3,3,0,2024-01-01,2025-01-04,0.0,369,2,0,-0.75982874376713,0.8987716316183749,Premium / Global Investors
C1587,Individual,Carl,Cooper,1943-02-12,M,Canada,Quebec,Investment,4,Yes,Agency,82,1,3,743057.13,247685.71,358380.74,850.2466666666668,2550.74,3,3,0,2024-01-09,2024-01-10,0.0,1,3,0,-2.6505844400456775,-0.9622599913172103,First-Time Buyers
C1588,Individual,Patricia,Thomas,1980-10-25,F,USA,Utah,Investment,5,No,Website,44,0,3,957201.31,319067.10333333333,503642.95,1104.51,3313.53,3,3,0,2024-01-01,2025-01-02,0.0,367,1,0,-1.3991127653794553,0.08660064289911668,Mainstream Buyers
C1589,Individual,Christina,Ward,1953-12-08,F,USA,California,Investment,4,No,Agency,71,0,3,1380536.7000000002,460178.9000000001,593745.43,1396.87,4190.61,3,2,1,2024-01-04,2024-01-06,0.333,2,2,0,0.08526381118408592,2.4628623196163777,Premium / Global Investors
C1590,Company,Elara,Co,1979-06-19,F,USA,Oregon,Home,1,No,Website,46,0,4,1470403.6,367600.9,497116.96,1228.8325,4915.33,4,3,1,2024-01-07,2025-01-07,0.25,366,2,1,0.9774117951681405,0.09340295915667908,Premium / Global Investors
C1591,Individual,Christine,Brooks,1971-08-15,F,USA,California,Investment,4,No,Website,53,0,4,1676312.98,419078.245,523585.37,1341.715,5366.86,4,4,0,2024-01-05,2025-01-10,0.0,371,2,1,1.8419784113812563,0.6521545391432929,Premium / Global Investors
C1592,Individual,Heather,Allen,1975-01-06,F,USA,Texas,Investment,2,Yes,Agency,50,1,4,878452.1900000001,219613.0475,273978.28,735.11,2940.44,4,3,1,2024-01-04,2025-01-08,0.25,370,1,0,-1.3285420443396039,-2.6042784765199465,Mainstream Buyers
C1593,Individual,Anthony,Williams,1975-05-08,M,USA,California,Home,1,No,Website,50,0,4,825960.49,206490.1225,280450.33,666.135,2664.54,4,4,0,2024-01-04,2024-01-09,0.0,5,3,0,-1.8298410623088055,-2.615997581379165,First-Time Buyers
C1594,Individual,Kathleen,Green,1969-10-24,F,USA,Colorado,Home,2,No,Agency,55,0,4,1522994.53,380748.6325,524785.88,1259.875,5039.5,4,3,1,2024-01-07,2025-01-05,0.25,364,2,1,1.2014915995507367,0.24487551013765887,Premium / Global Investors
C1595,Individual,Charles,Reed,1955-08-20,M,USA,California,Home,5,No,Website,69,0,4,1310147.86,327536.965,583134.02,1186.5225,4746.09,4,4,0,2024-01-07,2025-01-07,0.0,366,1,1,0.7483195102878051,-0.6542147884506282,Mainstream Buyers
C1596,Individual,Frank,Hall,1979-10-11,M,Germany,Berlin,Investment,4,No,Website,45,0,3,1642954.44,547651.48,634487.77,1649.26,4947.78,3,3,0,2024-01-04,2025-01-05,0.0,367,2,2,1.4725751690109388,3.6044280677390312,Premium / Global Investors
C1597,Individual,Rachel,Cox,1949-12-28,F,USA,Nevada,Investment,4,Yes,Website,75,1,4,1155778.2,288944.55,356644.67,947.7475,3790.99,4,4,0,2024-01-04,2025-01-07,0.0,369,1,0,-0.08782355694292307,-1.6331639952776296,Mainstream Buyers
C1598,Individual,Angela,Adams,1940-06-23,F,USA,Georgia,Home,4,Yes,Agency,85,1,3,1163931.67,387977.2233333333,523992.65,1310.3966666666663,3931.19,3,3,0,2024-01-07,2025-01-09,0.0,368,2,2,-0.3786718192530843,1.1361287638360713,Premium / Global Investors
C1599,Individual,Stephanie,Thompson,1980-11-19,F,USA,Virginia,Investment,5,Yes,Website,44,1,3,1321031.17,440343.7233333333,584321.85,1337.1733333333334,4011.52,3,3,0,2024-01-10,2025-01-11,0.0,367,2,2,0.05711646597435352,1.7846775750278916,Premium / Global Investors
C1600,Individual,Jennifer,Rogers,1968-02-13,F,Belgium,Wallonia,Home,5,No,Website,57,0,4,1237164.36,309291.09,430028.88,984.6475,3938.59,4,4,0,2024-01-06,2025-01-02,0.0,362,1,0,0.1515865103541244,-1.2913097709316999,Mainstream Buyers
C1601,Individual,Tiffany,Parker,1996-08-13,F,Russia,Krasnodar Krai,Home,3,No,Website,28,0,3,829078.01,276359.33666666667,324581.41,913.67,2741.01,3,3,0,2024-01-04,2025-01-12,0.0,374,1,0,-2.1821719272214386,-0.6689238982125786,Mainstream Buyers
C1602,Individual,Harold,Turner,1986-01-11,M,USA,Nevada,Investment,4,No,Website,39,0,4,1676863.99,419215.9975,534260.23,1425.28,5701.12,4,4,0,2024-01-10,2025-01-12,0.0,368,2,1,1.908709175901094,0.9577303170950984,Premium / Global Investors
C1603,Individual,Hannah,Rogers,1962-07-09,F,UK,England,Home,5,No,Website,62,0,4,1077719.71,269429.9275,371548.46,976.205,3904.82,4,2,2,2024-01-06,2025-01-08,0.5,368,1,0,-0.25046723480253136,-1.5598988069202413,Mainstream Buyers
C1604,Individual,Ronald,Kim,1949-10-09,M,USA,Texas,Home,4,No,Website,75,0,3,1050264.24,350088.08,539529.66,1243.8233333333333,3731.47,3,2,1,2024-01-03,2025-01-06,0.333,369,1,0,-0.7771829457572896,0.7592899472377612,Mainstream Buyers
C1605,Individual,Joshua,Collins,1999-01-21,M,UK,England,Investment,4,Yes,Website,26,1,4,1170783.34,292695.835,573983.92,874.9925000000001,3499.9700000000003,4,2,2,2024-01-05,2025-01-08,0.5,369,1,0,-0.27451596592198346,-1.4501846896093378,Mainstream Buyers
C1606,Individual,Zachary,Howard,1965-03-20,M,USA,Washington,Home,1,Yes,Agency,60,1,3,917562.71,305854.23666666663,396586.67,1033.4833333333331,3100.45,3,2,1,2025-01-02,2025-01-12,0.333,10,3,0,-1.9894856027085115,0.2969166845616272,First-Time Buyers
C1607,Individual,Emma,Hall,1963-11-03,F,USA,California,Home,3,No,Agency,61,0,3,829294.5700000001,276431.5233333334,345524.63,927.6066666666666,2782.82,3,3,0,2024-01-05,2025-01-07,0.0,368,1,0,-2.0334748003985865,-0.766602137369438,Mainstream Buyers
C1608,Individual,Heather,Pierce,1999-11-14,F,UK,England,Home,4,Yes,Website,25,1,3,1431381.65,477127.2166666666,609069.59,1447.82,4343.46,3,2,1,2025-01-09,2025-01-11,0.333,2,2,2,0.14734600254032096,2.9434410734737875,Premium / Global Investors
C1609,Individual,Justin,Reed,1964-02-10,M,USA,California,Investment,2,No,Website,61,0,3,804844.43,268281.4766666667,327614.46,900.46,2701.38,3,3,0,2024-01-09,2025-01-01,0.0,358,1,0,-2.1426490925175967,-0.878868825766991,Mainstream Buyers
C1610,Individual,Kenneth,White,1967-03-23,M,USA,California,Investment,3,No,Website,58,0,4,1249167.74,312291.935,464148.93,1114.2125,4456.85,4,3,1,2024-01-03,2025-01-11,0.25,374,1,0,0.3774330525641132,-0.8356392262344476,Mainstream Buyers
C1611,Individual,Sarah,Bryant,1975-02-09,F,USA,Nevada,Investment,4,No,Website,50,0,4,1072189.52,268047.38,300261.31,842.75,3371.0,4,4,0,2024-01-03,2025-01-02,0.0,365,1,0,-0.5533269121141764,-2.005141664207818,Mainstream Buyers
C1612,Individual,Jason,Price,1990-02-25,M,USA,California,Home,1,No,Agency,35,0,3,766554.56,255518.18666666668,389142.71,839.1433333333334,2517.4300000000003,3,3,0,2024-01-03,2024-01-09,0.0,6,3,0,-2.802032381146333,-0.6896678498424558,First-Time Buyers
C1613,Individual,Ryan,Griffin,1998-08-01,M,Denmark,Southern Denmark,Home,2,Yes,Agency,26,1,4,1608368.22,402092.055,536339.3,1400.6975,5602.79,4,3,1,2024-01-03,2025-01-02,0.25,365,2,1,1.5427046570891578,0.9392507253499464,Premium / Global Investors
C1614,Individual,Julie,Williams,1968-05-16,F,USA,Utah,Investment,4,No,Website,57,0,3,822155.05,274051.68333333335,375800.81,1059.3466666666666,3178.04,3,3,0,2025-01-03,2025-01-10,0.0,7,3,0,-2.1913370863518375,-0.12340947808168178,First-Time Buyers
C1615,Individual,Jason,Mitchell,1963-01-08,M,USA,Utah,Home,5,No,Agency,62,0,3,857125.52,285708.50666666665,475179.93,903.87,2711.61,3,3,0,2024-01-01,2025-01-09,0.0,374,1,0,-1.8951251982671853,-0.7762578071439113,Mainstream Buyers
C1616,Individual,Aaron,Nelson,1991-01-09,M,UK,Wales,Investment,5,Yes,Website,34,1,4,1344053.71,336013.4275,542250.95,1128.1275,4512.51,4,4,0,2024-01-01,2025-01-12,0.0,377,1,1,0.5903375374518431,-0.5945434517206969,Mainstream Buyers
C1617,Individual,Michelle,Baker,1952-09-10,F,USA,California,Home,3,No,Website,72,0,3,776005.5,258668.5,389944.98,839.1433333333334,2517.4300000000003,3,3,0,2024-01-02,2025-01-03,0.0,367,1,0,-2.2510951373134835,-1.203071118816221,Mainstream Buyers
C1618,Individual,Linda,Price,1962-11-22,F,USA,Washington,Home,2,Yes,Website,62,1,4,1356655.6800000002,339163.92000000004,567758.66,1103.3025,4413.21,4,3,1,2024-01-02,2025-01-10,0.25,374,1,0,0.5861178062903509,-0.5773534125844526,Mainstream Buyers
C1619,Individual,Jason,Baker,1952-10-24,M,Belgium,Wallonia,Home,2,No,Website,72,0,4,1390206.46,347551.615,466648.29,1164.015,4656.06,4,2,2,2024-01-04,2025-01-11,0.5,373,1,1,0.8355325665865996,-0.2981945381042882,Mainstream Buyers
C1620,Individual,Jacob,Morales,1944-07-05,M,USA,California,Home,1,Yes,Website,80,1,3,788250.3500000001,262750.1166666667,306030.71,979.0866666666668,2937.26,3,2,1,2024-01-03,2024-01-12,0.333,9,3,0,-2.3346954311426455,-0.3393662262123677,First-Time Buyers
C1621,Individual,Carl,Wood,1954-06-15,M,USA,Oregon,Investment,2,No,Agency,71,0,3,739739.97,246579.99,330239.65,973.09,2919.27,3,3,0,2024-01-07,2025-01-08,0.0,367,1,0,-2.263940108300252,-0.9045651553256198,Mainstream Buyers
C1622,Individual,Angela,Taylor,1961-01-02,F,USA,Oregon,Home,1,Yes,Website,64,1,3,1054193.36,351397.7866666666,466599.16,1107.81,3323.43,3,3,0,2024-01-10,2025-01-03,0.0,359,1,0,-1.1533259501128454,0.43749976809987157,Mainstream Buyers
C1623,Individual,Julia,Hall,1994-12-01,F,USA,Oregon,Home,4,No,Website,30,0,3,1060233.46,353411.1533333333,508317.94,1111.2966666666666,3333.89,3,3,0,2024-01-08,2024-01-10,0.0,2,3,0,-1.457476350433434,0.8337397040355035,First-Time Buyers
C1624,Individual,Jennifer,Stewart,1951-04-01,F,USA,California,Home,4,Yes,Website,74,1,4,1943363.94,485840.985,663848.64,1602.67,6410.68,4,4,0,2024-01-03,2025-01-11,0.0,374,2,1,3.0261069104687075,1.8796549062703065,Premium / Global Investors
C1625,Individual,Harold,Wright,2000-03-02,M,Australia,Western Australia,Home,4,No,Agency,25,0,3,910587.85,303529.2833333333,437096.17,1094.84,3284.52,3,3,0,2024-01-09,2025-01-08,0.0,365,1,0,-1.6669456385872026,0.05779883872891978,Mainstream Buyers
C1626,Individual,Jennifer,Morales,1970-02-24,F,France,Provence,Home,2,Yes,Website,55,1,3,1225657.22,408552.4066666667,506351.81,1464.8466666666666,4394.54,3,3,0,2024-01-08,2024-01-11,0.0,3,3,2,-0.46423133080668666,2.2237888227815152,First-Time Buyers
C1627,Individual,David,Bryant,1973-08-14,M,USA,California,Investment,1,No,Website,51,0,3,1275226.77,425075.59,487397.65,1527.8633333333337,4583.59,3,3,0,2024-01-05,2025-01-11,0.0,372,2,2,0.1186903693231044,2.214959706775019,Premium / Global Investors
C1628,Company,Lumina,Co,1993-10-13,F,France,Normandy,Home,4,Yes,Website,31,1,3,800299.08,266766.36,369992.93,842.73,2528.19,3,2,1,2024-01-04,2025-01-04,0.333,366,1,0,-2.3137425903312026,-0.8778158484749636,Mainstream Buyers
C1629,Individual,Stephanie,Roberts,1956-08-26,F,USA,Utah,Home,5,No,Agency,68,0,3,789150.05,263050.01666666666,370439.82,1008.13,3024.39,3,2,1,2024-01-09,2025-01-11,0.333,368,1,0,-1.9671687105807605,-0.6430548712026728,Mainstream Buyers
C1630,Company,Grandis,Co,1994-06-05,F,USA,Virginia,Investment,1,Yes,Website,31,1,3,1206881.92,402293.9733333333,466289.68,1338.1466666666668,4014.44,3,2,1,2024-01-01,2024-01-08,0.333,7,3,2,-0.7918209259477111,2.028117769759446,First-Time Buyers
C1631,Individual,Joan,Patterson,1966-12-03,F,UK,Northern Ireland,Home,5,No,Website,58,0,4,1683720.2,420930.05,605216.52,1267.07,5068.28,4,3,1,2024-01-01,2025-01-02,0.25,367,2,1,1.7998684890705952,0.5427135139367161,Premium / Global Investors
C1632,Individual,Victoria,Wright,1963-12-07,F,USA,California,Investment,3,Yes,Agency,61,1,4,1425130.6800000002,356282.67000000004,587752.9,1152.755,4611.02,4,4,0,2024-01-01,2025-01-11,0.0,376,1,1,0.8538887863156586,-0.41844055988220275,Mainstream Buyers
C1633,Individual,Sara,Bennett,1977-03-07,F,Canada,Ontario,Home,2,No,Website,48,0,3,847190.3300000001,282396.7766666667,430268.83,976.8166666666666,2930.45,3,2,1,2024-01-07,2025-01-05,0.333,364,1,0,-1.9985996225670795,-0.39134617411676187,Mainstream Buyers
C1634,Individual,Sara,King,1944-11-01,F,USA,Georgia,Investment,2,No,Website,80,0,4,1044217.01,261054.2525,444069.92,872.2,3488.8,4,4,0,2024-01-01,2025-01-10,0.0,375,1,0,-0.5524965919106142,-2.057244541720556,Mainstream Buyers
C1635,Individual,Lawrence,Moore,1948-04-27,M,France,Brittany,Home,1,No,Website,77,0,4,1104480.44,276120.11,557253.35,919.7425,3678.97,4,4,0,2024-01-02,2025-01-08,0.0,372,1,1,-0.33618922352824443,-1.7180460722135857,Mainstream Buyers
C1636,Company,Zynex,Co,1987-10-01,F,USA,Arizona,Home,5,Yes,Website,37,1,3,1171439.72,390479.9066666667,480665.23,1308.513333333333,3925.54,3,2,1,2024-01-01,2024-01-08,0.333,7,3,0,-0.7653780916382433,1.7233633998355553,First-Time Buyers
C1637,Individual,Jacob,Cook,1969-11-02,M,Mexico,Nuevo Leon,Home,5,No,Agency,55,0,3,1333020.46,444340.1533333333,558806.02,1525.18,4575.54,3,3,0,2024-01-04,2025-01-02,0.0,364,2,0,0.38727214205266725,2.307994871828998,Premium / Global Investors
C1638,Individual,Cynthia,Peterson,1978-12-14,F,France,Occitanie,Investment,1,Yes,Agency,46,1,3,1047895.71,349298.57,487075.17,1175.6833333333334,3527.05,3,1,2,2024-01-08,2025-01-06,0.667,364,1,0,-1.1664449229846596,0.8538615166234295,Mainstream Buyers
C1639,Individual,Ronald,Smith,1943-09-26,M,USA,Colorado,Home,1,No,Website,81,0,4,1088561.44,272140.36,434288.76,975.4225,3901.69,4,4,0,2024-01-01,2025-01-01,0.0,366,1,1,-0.28300630008317035,-1.6319725631158608,Mainstream Buyers
C1640,Individual,Helen,Adams,1966-04-11,F,USA,California,Home,1,Yes,Website,59,1,4,1172146.65,293036.6625,383671.53,1047.99,4191.96,4,4,0,2024-01-02,2024-01-08,0.0,6,3,0,-0.35442542069581173,-0.8691590704471747,First-Time Buyers
C1641,Individual,Charles,Phillips,1972-02-14,M,USA,Utah,Home,1,No,Agency,53,0,4,1898878.08,474719.52,649429.33,1504.0975,6016.389999999999,4,2,2,2024-01-02,2025-01-11,0.5,375,2,1,2.5894272884070704,1.8603823702125128,Premium / Global Investors
C1642,Individual,Maria,Adams,1981-07-20,F,Canada,British Columbia,Home,5,No,Website,43,0,4,1441785.62,360446.405,590849.87,1167.16,4668.639999999999,4,2,2,2024-01-05,2025-01-07,0.5,368,2,1,0.9447973615701406,-0.15157933770045584,Premium / Global Investors
C1643,Individual,Carl,Rogers,1978-09-01,M,France,Ile-De-France,Home,4,No,Agency,46,0,3,1182889.92,394296.64,522875.6,1468.6933333333334,4406.08,3,3,0,2024-01-11,2025-01-11,0.0,366,2,0,-0.22729294953935258,1.7711118940201085,Premium / Global Investors
C1644,Individual,Megan,Freeman,1944-06-22,F,USA,California,Home,1,No,Client,81,0,4,1312822.17,328205.5425,406698.29,1024.3375,4097.35,4,4,0,2024-01-02,2024-01-09,0.0,7,3,0,0.0676993927583315,-0.6846171973442836,First-Time Buyers
C1645,Individual,Shirley,Chavez,1995-08-02,F,Australia,New South Wales,Investment,1,No,Website,29,0,4,1503973.21,375993.3025,503034.95,1238.115,4952.46,4,3,1,2024-01-03,2025-01-08,0.25,371,2,1,0.990796024393312,0.25157356473257914,Premium / Global Investors
C1646,Individual,Billy,Patterson,1998-10-06,M,USA,Washington,Investment,4,Yes,Agency,26,1,3,972186.46,324062.1533333333,356950.7,1052.4533333333334,3157.36,3,3,0,2024-01-05,2024-01-08,0.0,3,3,2,-1.8455585966071377,0.4518217246053021,First-Time Buyers
C1647,Individual,Paul,Stone,1945-11-25,M,USA,Ohio,Home,4,Yes,Agency,79,1,3,1316368.95,438789.65,474177.38,1471.9,4415.7,3,3,0,2024-01-08,2025-01-05,0.0,363,2,2,0.3254234373247649,2.0539593995459002,Premium / Global Investors
C1648,Individual,Julia,Wood,1949-09-21,F,Australia,New South Wales,Home,3,No,Website,75,0,3,1282946.7,427648.9,515026.76,1476.9433333333334,4430.83,3,2,1,2024-01-07,2025-01-04,0.333,363,2,2,0.17398570684952747,2.0901091098286564,Premium / Global Investors
C1649,Individual,Melissa,Price,1982-02-03,F,USA,Oregon,Home,4,Yes,Agency,43,1,4,1540887.81,385221.9525,440680.26,1254.045,5016.18,4,3,1,2024-01-02,2025-01-07,0.25,371,2,1,1.2784820085815598,0.25248713260026545,Premium / Global Investors
C1650,Individual,Edward,Griffin,1969-01-04,M,USA,Washington,Investment,2,No,Website,56,0,3,1065238.5,355079.5,573660.29,1057.95,3173.8500000000004,3,2,1,2024-01-04,2025-01-01,0.333,363,1,0,-1.1403898518830238,0.44700789465142104,Mainstream Buyers
C1651,Individual,Ryan,Bell,1945-11-19,M,USA,California,Investment,4,No,Website,79,0,3,962066.42,320688.80666666664,453763.04,880.66,2641.98,3,3,0,2024-01-08,2025-01-12,0.0,370,1,0,-1.5264022794768886,-0.591197556461001,Mainstream Buyers
C1652,Individual,Paul,Weaver,1964-01-15,M,USA,Nevada,Investment,4,Yes,Client,61,1,3,1078933.8,359644.60000000003,468522.56,1168.3833333333334,3505.15,3,2,1,2024-01-01,2025-01-12,0.333,377,1,0,-0.8629009310674114,0.6826391911686993,Mainstream Buyers
C1653,Individual,Sara,White,1974-02-08,F,USA,Colorado,Investment,4,Yes,Website,51,1,4,957106.48,239276.62,394592.34,860.9325,3443.73,4,4,0,2024-01-09,2025-01-08,0.0,365,1,0,-0.8527610193541917,-2.2308834174929086,Mainstream Buyers
C1654,Individual,Judith,Brooks,1968-05-04,F,USA,California,Home,1,No,Website,57,0,4,1250065.38,312516.34500000003,579412.56,951.6375,3806.55,4,3,1,2024-01-11,2025-01-11,0.25,366,1,0,0.06053341107399754,-1.193562640469958,Mainstream Buyers
C1655,Individual,Sara,Cox,1965-05-16,F,USA,Texas,Investment,2,No,Website,60,0,3,974749.8,324916.60000000003,398928.35,1088.5866666666668,3265.76,3,2,1,2024-01-05,2025-01-01,0.333,362,1,0,-1.4012266879421025,0.22104785371852706,Mainstream Buyers
C1656,Individual,Jacob,Baker,1991-05-05,M,Belgium,Wallonia,Investment,4,Yes,Website,34,1,4,1401657.84,350414.46,531573.93,1182.3725,4729.49,4,3,1,2024-01-09,2025-01-10,0.25,367,1,1,0.7915324203737226,-0.2178006654365893,Mainstream Buyers
C1657,Individual,Donald,Kim,1958-05-19,M,USA,California,Home,2,No,Website,67,0,4,1316624.69,329156.1725,487604.6,1023.9675,4095.87,4,3,1,2024-01-04,2025-01-05,0.25,367,1,0,0.4486999244010799,-0.9032187975071295,Mainstream Buyers
C1658,Individual,Ronald,Patterson,1970-07-08,M,USA,California,Home,5,No,Agency,54,0,4,1243178.6,310794.65,488058.16,984.12,3936.48,4,4,0,2024-01-03,2024-01-10,0.0,7,3,0,-0.11000127378556157,-0.944010989190339,First-Time Buyers
C1659,Individual,Joshua,Thompson,1946-05-09,M,Denmark,Zealand,Home,4,No,Website,79,0,4,1576416.87,394104.2175,536988.38,1307.3,5229.2,4,4,0,2024-01-01,2025-01-07,0.0,372,2,1,1.615641547559399,0.28987457708590075,Premium / Global Investors
C1660,Individual,Henry,Richardson,1940-04-27,M,USA,Nevada,Home,4,Yes,Website,85,1,4,1330046.48,332511.62,529448.55,1068.57,4274.28,4,4,0,2024-01-06,2025-01-06,0.0,366,1,0,0.6396782993419525,-0.9262085700612663,Mainstream Buyers
C1661,Individual,Ronald,Cox,1975-08-20,M,USA,Washington,Home,4,No,Agency,49,0,3,1511063.27,503687.75666666665,626977.89,1599.3433333333332,4798.03,3,2,1,2024-01-06,2025-01-07,0.333,367,2,2,1.022128361197552,3.1768710982057224,Premium / Global Investors
C1662,Individual,Gary,Montgomery,1967-05-16,M,Russia,Tatarstan,Home,4,No,Website,58,0,4,1505862.74,376465.685,536177.39,1320.35,5281.4,4,3,1,2024-01-07,2025-01-07,0.25,366,2,1,1.3678894829312664,0.31349615441943096,Premium / Global Investors
C1663,Individual,Joshua,Garcia,1977-05-13,M,USA,Colorado,Investment,3,No,Agency,48,0,3,926064.21,308688.07,399712.39,1042.71,3128.13,3,2,1,2024-01-07,2024-01-10,0.333,3,3,0,-1.9358470064927114,0.3189380649317297,First-Time Buyers
C1664,Individual,Judith,Hayes,1969-07-25,F,France,Occitanie,Investment,5,No,Agency,55,0,3,1390001.73,463333.91,559963.06,1445.2933333333333,4335.88,3,2,1,2024-01-10,2025-01-06,0.333,362,2,2,0.42975885417876253,2.345440477752099,Premium / Global Investors
C1665,Individual,Harold,Bell,1995-12-16,M,USA,Arizona,Home,5,No,Website,29,0,4,966971.19,241742.7975,324550.9,827.2,3308.8,4,4,0,2024-01-06,2025-01-10,0.0,370,1,0,-0.8621930930345376,-2.2177970841977053,Mainstream Buyers
C1666,Individual,Brenda,Edwards,1962-08-09,F,USA,Ohio,Home,2,No,Website,62,0,3,706503.5900000001,235501.19666666668,272425.15,736.0433333333334,2208.13,3,3,0,2024-01-02,2025-01-07,0.0,371,1,0,-2.7072812974181,-1.6000036045257664,Mainstream Buyers
C1667,Individual,Stephanie,Cook,1967-11-14,F,USA,California,Investment,4,No,Agency,57,0,3,831811.52,277270.50666666665,312521.87,862.11,2586.33,3,3,0,2024-01-06,2025-01-06,0.0,366,1,0,-2.106927296416483,-0.951578949754305,Mainstream Buyers
C1668,Individual,Scott,Green,1957-12-11,M,Australia,Victoria,Home,5,No,Website,67,0,4,1046863.21,261715.8025,439078.0,872.2,3488.8,4,4,0,2024-01-12,2025-01-05,0.0,359,1,0,-0.46864848997162845,-2.040341949098265,Mainstream Buyers
C1669,Individual,Steven,Collins,1960-07-04,M,Canada,Alberta,Investment,3,Yes,Agency,64,1,4,948271.34,237067.835,330897.08,837.5225,3350.09,4,2,2,2024-01-02,2025-01-02,0.5,366,1,0,-0.8870541363932025,-2.158132680547737,Mainstream Buyers
C1670,Individual,Angela,Watson,1970-09-12,F,USA,Colorado,Home,3,Yes,Website,54,1,4,1356021.03,339005.2575,441253.62,1076.59,4306.36,4,3,1,2024-01-04,2025-01-10,0.25,372,1,0,0.5573168608297079,-0.6572684979859054,Mainstream Buyers
C1671,Individual,Ashley,Howard,1948-09-13,F,USA,California,Home,3,No,Agency,76,0,4,1329236.75,332309.1875,442394.76,1120.62,4482.48,4,3,1,2024-01-02,2025-01-11,0.25,375,1,0,0.6264267278106979,-0.6951113619747318,Mainstream Buyers
C1672,Individual,Jacqueline,Morales,1974-09-04,F,USA,Nevada,Investment,4,No,Website,50,0,3,728363.1699999999,242787.7233333333,361228.37,889.9166666666666,2669.75,3,3,0,2024-01-02,2025-01-04,0.0,368,1,0,-2.4154043414119437,-1.1526699498873163,Mainstream Buyers
C1673,Individual,Katherine,Martin,1992-04-03,F,USA,Washington,Home,1,Yes,Website,33,1,4,1803634.76,450908.69,726903.51,1422.9925,5691.97,4,3,1,2024-01-01,2025-01-05,0.25,370,2,1,2.116543702344858,1.4228998849602792,Premium / Global Investors
C1674,Individual,Emily,Jackson,1941-12-22,F,USA,California,Home,5,Yes,Website,83,1,4,1614623.53,403655.8825,551658.47,1268.7075,5074.83,4,3,1,2024-01-04,2025-01-11,0.25,373,2,1,1.7437664522341823,0.26245121678436695,Premium / Global Investors
C1675,Individual,Emma,Reyes,1985-08-04,F,Canada,Alberta,Investment,5,No,Website,39,0,3,918037.68,306012.56,362023.29,1012.96,3038.88,3,3,0,2024-01-01,2024-01-12,0.0,11,3,0,-1.997682186882383,0.0853996585743537,First-Time Buyers
C1676,Individual,Amy,Allen,1999-09-19,F,USA,Washington,Home,2,No,Website,25,0,4,1251637.0,312909.25,474039.53,1019.1225,4076.49,4,4,0,2024-01-02,2025-01-10,0.0,374,1,1,0.03473164046257641,-0.9754352963162821,Mainstream Buyers
C1677,Individual,Kevin,Thomas,1964-12-20,M,USA,Texas,Home,1,Yes,Website,60,1,3,942915.18,314305.06,380233.97,975.9433333333332,2927.83,3,3,0,2024-01-01,2025-01-07,0.0,372,1,0,-1.6541846640065707,-0.22040653335982127,Mainstream Buyers
C1678,Individual,Gary,Sanders,1961-06-03,M,USA,California,Home,1,Yes,Agency,64,1,3,1377654.29,459218.0966666667,501738.52,1650.4733333333334,4951.42,3,2,1,2024-01-09,2025-01-09,0.333,366,2,2,0.6474444173350444,2.911358046063955,Premium / Global Investors
C1679,Individual,Christina,Nelson,1986-02-28,F,USA,Nevada,Investment,4,No,Website,39,0,3,1194618.9,398206.3,587797.99,1268.0466666666669,3804.14,3,2,1,2025-01-03,2025-01-05,0.333,2,3,2,-0.7847574334864738,1.6989451816359473,First-Time Buyers
C1680,Individual,Danielle,Howard,1999-09-25,F,USA,California,Investment,4,No,Agency,25,0,3,665078.77,221692.9233333333,278456.63,692.13,2076.39,3,3,0,2024-01-02,2024-01-10,0.0,8,3,0,-3.291038722046458,-1.4484868211931847,First-Time Buyers
C1681,Individual,Carl,Alexander,1961-07-27,M,USA,Oregon,Home,3,Yes,Client,63,1,4,1408304.94,352076.235,484626.56,1156.7625,4627.05,4,3,1,2024-01-04,2025-01-08,0.25,370,1,0,0.8550226035341315,-0.34351509040026507,Mainstream Buyers
C1682,Individual,Amanda,Brooks,1987-11-04,F,USA,Nevada,Home,2,No,Website,37,0,4,1469905.41,367476.3525,492569.41,1257.0925,5028.37,4,4,0,2024-01-03,2025-01-11,0.0,374,2,1,1.013176405921571,0.09647867116194032,Premium / Global Investors
C1683,Individual,Amber,Patterson,1999-11-19,F,USA,Oregon,Investment,1,No,Client,25,0,4,1410114.6,352528.65,533570.63,1144.74,4578.96,4,2,2,2025-01-05,2025-01-12,0.5,7,3,0,0.2845788766435954,0.2034604657323153,First-Time Buyers
C1684,Individual,Grace,Cooper,1977-01-07,F,USA,Colorado,Investment,4,No,Website,48,0,4,1109440.17,277360.0425,357429.62,883.4825000000001,3533.9300000000003,4,4,0,2024-01-05,2025-01-12,0.0,373,1,0,-0.39925200434768565,-1.8168483760651795,Mainstream Buyers
C1685,Individual,Kathleen,Parker,1977-05-16,F,USA,California,Home,5,No,Agency,48,0,3,1109623.75,369874.5833333333,496154.56,1274.52,3823.56,3,3,0,2024-01-06,2025-01-04,0.0,364,2,2,-0.6649511830381571,0.9720307506733059,Premium / Global Investors
C1686,Individual,David,Howard,1977-01-25,M,USA,California,Investment,2,Yes,Agency,48,1,4,1214377.82,303594.455,407908.02,1073.905,4295.62,4,3,1,2024-01-06,2025-01-10,0.25,370,1,0,0.11892134338469915,-0.9463490198392606,Mainstream Buyers
C1687,Individual,Eric,Anderson,1967-05-15,M,USA,California,Home,4,Yes,Website,58,1,4,1026117.62,256529.405,420273.62,935.37,3741.48,4,3,1,2024-01-07,2025-01-11,0.25,370,1,0,-0.4404581154727523,-1.8300161090394793,Mainstream Buyers
C1688,Individual,Amanda,Flores,1996-04-28,F,USA,Oregon,Home,5,No,Client,29,0,3,1314384.27,438128.09,578952.08,1281.9566666666667,3845.87,3,3,0,2024-01-02,2024-01-12,0.0,10,3,2,-0.41053260365102096,2.0095796316720382,First-Time Buyers
C1689,Individual,Virginia,King,1985-01-26,F,USA,Oregon,Investment,1,Yes,Client,40,1,3,896100.8,298700.26666666666,441341.34,973.09,2919.27,3,2,1,2024-01-07,2025-01-11,0.333,370,1,0,-1.924578920518471,-0.2248549432936127,Mainstream Buyers
C1690,Individual,Terry,Martin,1951-08-18,M,Denmark,North Denmark,Home,2,Yes,Agency,73,1,3,1662639.06,554213.02,598512.98,1754.9366666666667,5264.81,3,3,0,2024-01-02,2025-01-07,0.0,371,2,2,1.696950591904386,3.9082163869786632,Premium / Global Investors
C1691,Individual,Robert,Reed,1946-03-25,M,USA,Arizona,Home,5,No,Website,79,0,4,1212731.6,303182.9,450265.88,984.9525,3939.81,4,4,0,2024-01-02,2025-01-08,0.0,372,1,1,0.21714283628332626,-1.4223839666535023,Mainstream Buyers
C1692,Individual,Joseph,Patterson,1991-08-03,M,Canada,Ontario,Home,5,Yes,Agency,33,1,4,1165619.91,291404.97750000004,504544.59,984.9525,3939.81,4,4,0,2024-01-05,2024-01-11,0.0,6,3,0,-0.4535580391115932,-1.0156313190752422,First-Time Buyers
C1693,Individual,Donald,Turner,1990-11-20,M,Belgium,Flanders,Home,1,No,Website,34,0,4,1557035.08,389258.77,464582.73,1342.1525,5368.610000000001,4,2,2,2024-01-02,2025-01-12,0.5,376,2,1,1.3684425299367788,0.7129989875536289,Premium / Global Investors
C1694,Individual,Gloria,Foster,1957-07-18,F,USA,Virginia,Home,5,No,Agency,67,0,4,1457395.73,364348.9325,522366.74,1202.695,4810.78,4,4,0,2024-01-02,2025-01-02,0.0,366,2,1,1.0812646292728894,-0.24714772675342386,Premium / Global Investors
C1695,Individual,Tiffany,Peterson,1955-12-13,F,Belgium,Flanders,Home,5,No,Website,69,0,3,975866.19,325288.73,491123.63,1111.2966666666666,3333.89,3,3,0,2024-01-01,2024-01-10,0.0,9,3,0,-1.5556201257673,0.4127287070000276,First-Time Buyers
C1696,Individual,Emily,Jones,1987-02-20,F,USA,Florida,Home,1,No,Website,38,0,4,1316025.35,329006.3375,382303.57,1092.085,4368.34,4,4,0,2024-01-06,2025-01-04,0.0,364,1,1,0.3219323152420262,-0.6530178296667347,Mainstream Buyers
C1697,Individual,Maria,Brown,1980-07-08,F,Belgium,Brussels,Home,2,No,Client,44,0,4,802813.26,200703.315,234850.32,700.7825,2803.13,4,4,0,2024-01-03,2025-01-12,0.0,375,1,0,-1.6025110994100356,-2.9153664935827206,Mainstream Buyers
C1698,Individual,Zachary,Stone,1950-05-12,M,UK,Northern Ireland,Home,4,Yes,Website,75,1,3,764529.97,254843.32333333333,362728.99,901.6266666666668,2704.88,3,3,0,2024-01-01,2024-01-11,0.0,10,3,0,-2.482084720273253,-0.7430784477831901,First-Time Buyers
C1699,Individual,Peter,Phillips,1969-07-15,M,Australia,Western Australia,Home,3,Yes,Agency,55,1,4,1161971.24,290492.81,480048.34,946.6525,3786.61,4,3,1,2024-01-02,2025-01-09,0.25,373,1,0,-0.1693208301264862,-1.4170276285344103,Mainstream Buyers
C1700,Individual,Nicholas,Young,1943-04-11,M,USA,Nevada,Home,3,No,Website,82,0,4,1293648.37,323412.0925,564037.73,1050.5725,4202.29,4,2,2,2024-01-03,2025-01-04,0.5,367,1,1,0.49846307145898044,-0.877886291604345,Mainstream Buyers
C1701,Individual,Karen,Montgomery,1982-06-27,F,USA,Arizona,Home,1,No,Website,43,0,3,916043.72,305347.9066666667,417201.93,979.0866666666668,2937.26,3,2,1,2024-01-03,2025-01-08,0.333,371,1,0,-1.8083704641763119,-0.14529609913500482,Mainstream Buyers
C1702,Individual,Frank,Alexander,1990-04-01,M,USA,Washington,Investment,5,Yes,Website,35,1,3,1259181.49,419727.1633333333,505472.65,1477.03,4431.09,3,1,2,2024-01-10,2025-01-12,0.667,368,2,2,0.08427607314039232,2.202152443874838,Premium / Global Investors
C1703,Individual,Gerald,Cox,1999-08-13,M,USA,Texas,Investment,4,No,Agency,25,0,3,868665.77,289555.25666666665,358849.76,980.87,2942.61,3,3,0,2024-01-08,2024-01-10,0.0,2,3,0,-2.267495243756408,-0.04808236475524475,First-Time Buyers
C1704,Individual,Susan,Flores,1963-02-15,F,Denmark,Capital Region,Home,4,No,Agency,62,0,3,1131490.64,377163.5466666667,441154.94,1251.25,3753.75,3,2,1,2024-01-02,2025-01-02,0.333,366,2,0,-0.6336667224291124,1.076901033245281,Premium / Global Investors
C1705,Individual,Kenneth,Howard,1979-11-23,M,USA,Virginia,Investment,3,Yes,Website,45,1,3,1031987.68,343995.8933333333,482341.23,1049.3066666666666,3147.92,3,3,0,2024-01-09,2025-01-06,0.0,363,1,0,-1.277606931299215,0.23756240986618551,Mainstream Buyers
C1706,Individual,Matthew,Jordan,1976-05-13,M,USA,California,Home,3,Yes,Website,49,1,4,1417221.48,354305.37,590931.68,1128.9675,4515.87,4,4,0,2024-01-01,2024-01-10,0.0,9,3,0,0.5086968674572874,-0.10165688807402763,First-Time Buyers
C1707,Individual,Adam,Allen,1973-09-19,M,USA,Georgia,Home,1,Yes,Website,51,1,3,770609.62,256869.8733333333,272169.11,899.7566666666667,2699.27,3,3,0,2024-01-04,2024-01-06,0.0,2,3,0,-2.6582669497343936,-0.56340714256013,First-Time Buyers
C1708,Individual,Andrea,Wilson,1986-06-08,F,Germany,Hesse,Home,1,Yes,Agency,39,1,3,854426.52,284808.84,399400.23,897.3100000000001,2691.9300000000003,3,3,0,2024-01-06,2025-01-07,0.0,367,1,0,-2.19677682151949,-0.6069627264299479,Mainstream Buyers
C1709,Individual,Danielle,Cox,1946-09-08,F,USA,Arizona,Investment,3,No,Agency,78,0,3,1336416.16,445472.0533333334,502269.25,1513.17,4539.51,3,3,0,2024-01-01,2025-01-06,0.0,371,2,2,0.3669385963170697,2.2260785506567684,Premium / Global Investors
C1710,Individual,Joe,Flores,1957-05-26,M,Canada,Alberta,Investment,2,Yes,Website,68,1,3,1027918.12,342639.3733333333,455861.82,1156.0800000000002,3468.24,3,2,1,2024-01-01,2024-01-09,0.333,8,3,0,-1.4164164198316178,0.8745992057490766,First-Time Buyers
C1711,Individual,Debra,Hayes,1981-08-24,F,USA,California,Investment,3,Yes,Website,43,1,4,1015613.11,253903.2775,330207.8,836.9425,3347.77,4,3,1,2024-01-03,2025-01-11,0.25,374,1,0,-0.7342943037079719,-2.0561317062230904,Mainstream Buyers
C1712,Individual,Ryan,Turner,1971-04-03,M,France,Occitanie,Home,5,No,Website,54,0,4,1280242.15,320060.5375,465704.47,1102.08,4408.32,4,3,1,2024-01-08,2025-01-09,0.25,367,1,1,0.4668512318793497,-0.790249912149079,Mainstream Buyers
C1713,Individual,Julia,Cook,1981-08-02,F,USA,Oregon,Home,1,No,Website,43,0,4,1401670.4500000002,350417.61250000005,537445.29,1186.5225,4746.09,4,4,0,2024-01-05,2025-01-03,0.0,364,1,1,0.7034756957285488,-0.23318009066757164,Mainstream Buyers
C1714,Individual,Nathan,Brooks,1948-05-07,M,USA,Colorado,Home,3,No,Website,77,0,4,1054289.58,263572.395,413091.69,823.6625,3294.65,4,3,1,2024-01-03,2025-01-06,0.25,369,1,0,-0.5075532066983457,-2.079393420903428,Mainstream Buyers
C1715,Individual,Hannah,Watson,1963-04-13,F,USA,Florida,Home,3,Yes,Agency,62,1,4,987214.18,246803.545,315841.36,900.39,3601.56,4,3,1,2024-01-01,2025-01-09,0.25,374,1,0,-0.7021478691841048,-1.9843789956546607,Mainstream Buyers
C1716,Individual,Michelle,Montgomery,1980-10-13,F,USA,California,Home,1,No,Website,44,0,3,1027286.48,342428.82666666666,420929.08,1129.1766666666665,3387.53,3,3,0,2024-01-07,2025-01-08,0.0,367,1,0,-1.244723941867288,0.4612823795124222,Mainstream Buyers
C1717,Individual,Martha,Thomas,1941-12-21,F,USA,California,Home,4,Yes,Website,83,1,3,915606.07,305202.0233333334,370077.4,980.87,2942.61,3,3,0,2024-01-09,2025-01-01,0.0,358,1,0,-1.5561152205370183,-0.4753705963257015,Mainstream Buyers
C1718,Individual,Janet,Peterson,1995-06-01,F,USA,California,Home,1,No,Website,30,0,4,1362121.47,340530.3675,577483.25,1150.74,4602.96,4,4,0,2024-01-12,2025-01-10,0.0,364,1,1,0.5261026515037552,-0.38738706595689343,Mainstream Buyers
C1719,Company,Halcyon,Co,1960-10-05,M,USA,Florida,Home,2,No,Agency,64,0,3,1178759.88,392919.96,557392.74,1263.8633333333337,3791.59,3,2,1,2024-01-06,2025-01-06,0.333,366,2,0,-0.4854113798867864,1.3036353254420143,Premium / Global Investors
C1720,Individual,Danielle,Kim,1996-10-10,F,USA,California,Home,5,Yes,Website,28,1,4,1396671.77,349167.9425,659880.36,1122.0925,4488.37,4,4,0,2024-01-01,2025-01-08,0.0,373,1,1,0.7265065944914637,-0.4941851194821134,Mainstream Buyers
C1721,Individual,Carl,Weaver,1986-10-12,M,USA,Nevada,Home,2,No,Agency,38,0,4,1282729.71,320682.4275,379081.98,1034.0675,4136.27,4,4,0,2024-01-02,2025-01-05,0.0,369,1,1,0.1947051521038642,-0.894954756760369,Mainstream Buyers
C1722,Individual,Jacqueline,Morris,1982-11-23,F,USA,Nevada,Home,3,No,Website,42,0,4,1676365.72,419091.43,605522.07,1307.3,5229.2,4,4,0,2024-01-02,2024-01-08,0.0,6,2,0,1.3857810425399186,0.9965261822932917,Premium / Global Investors
C1723,Individual,Carol,Allen,1998-02-02,F,Canada,Quebec,Home,2,Yes,Agency,27,1,4,1084602.42,271150.605,399164.03,900.39,3601.56,4,4,0,2024-01-03,2025-01-12,0.0,375,1,0,-0.6274614604163882,-1.6718605272440819,Mainstream Buyers
C1724,Individual,Justin,Cook,1956-06-19,M,USA,Virginia,Home,4,No,Website,69,0,4,1646338.36,411584.59,570262.07,1358.9675,5435.87,4,4,0,2024-01-03,2025-01-07,0.0,370,2,1,1.8546926103380343,0.6180057148289325,Premium / Global Investors
C1725,Individual,Sharon,Patterson,1959-12-01,F,USA,Nevada,Home,3,Yes,Website,65,1,4,1352500.23,338125.0575,460172.3,1167.3975,4669.59,4,4,0,2024-01-08,2025-01-11,0.0,369,1,1,0.696263671334425,-0.5327041157225549,Mainstream Buyers
C1726,Individual,Diane,Scott,1948-08-15,F,UK,Northern Ireland,Home,3,No,Website,76,0,3,1141107.24,380369.08,669506.11,1193.7733333333333,3581.32,3,2,1,2024-01-07,2025-01-06,0.333,365,2,0,-0.6360661487380208,0.9242037859568547,Premium / Global Investors
C1727,Individual,Katherine,Morales,1945-06-12,F,USA,New York,Home,3,No,Website,80,0,4,1563834.42,390958.605,619055.13,1210.7375,4842.95,4,4,0,2024-01-06,2025-01-12,0.0,372,2,1,1.399147625991454,0.01585871294990855,Premium / Global Investors
C1728,Individual,Kimberly,Garcia,1944-08-03,F,USA,Oregon,Home,3,Yes,Client,80,1,4,1436312.58,359078.145,429908.37,1225.265,4901.06,4,4,0,2024-01-01,2025-01-10,0.0,375,2,1,1.0439712263404672,-0.25003533324756183,Premium / Global Investors
C1729,Individual,Robert,Richardson,1955-06-26,M,Canada,British Columbia,Home,3,Yes,Website,70,1,3,956356.54,318785.51333333337,404268.31,1090.7733333333333,3272.32,3,3,0,2024-01-06,2025-01-04,0.0,364,1,0,-1.373746603445068,0.044104784800837606,Mainstream Buyers
C1730,Individual,Jeffrey,Young,1979-11-22,M,Mexico,Puebla,Investment,5,Yes,Agency,45,1,3,796432.48,265477.49333333335,385425.29,922.69,2768.07,3,2,1,2024-01-11,2025-01-08,0.333,363,1,0,-2.14374406495785,-0.7492358228709383,Mainstream Buyers
C1731,Individual,Nathan,Garcia,1971-12-19,M,USA,California,Home,4,Yes,Website,53,1,4,1172220.11,293055.0275,389967.22,966.56,3866.24,4,3,1,2024-01-04,2025-01-08,0.25,370,1,0,-0.00921868443525244,-1.3936615188200467,Mainstream Buyers
C1732,Individual,Megan,Wilson,1970-07-15,F,Canada,Alberta,Investment,2,No,Agency,54,0,3,1551003.84,517001.28,597681.88,1654.4733333333334,4963.42,3,3,0,2024-01-02,2025-01-04,0.0,368,2,2,1.0859306100961326,3.359361725222246,Premium / Global Investors
C1733,Individual,Helen,Jones,1948-04-22,F,USA,California,Home,3,Yes,Agency,77,1,4,1179975.09,294993.7725,432544.27,1009.9325,4039.73,4,3,1,2024-01-03,2025-01-10,0.25,373,1,0,0.06158434784572067,-1.3300549048968038,Mainstream Buyers
C1734,Individual,Zachary,Roberts,1975-01-14,M,USA,California,Home,5,No,Website,50,0,3,1078504.94,359501.64666666667,462160.46,1254.503333333333,3763.51,3,3,0,2024-01-01,2025-01-10,0.0,375,2,0,-0.7104321536075087,0.8147654408919061,Premium / Global Investors
C1735,Individual,Amber,Miller,1969-07-10,F,USA,Utah,Investment,3,No,Website,55,0,3,1139995.98,379998.66,492594.19,1258.4,3775.2,3,3,0,2024-01-06,2025-01-11,0.0,371,2,0,-0.6460552326514353,1.0465041021744887,Premium / Global Investors
C1736,Individual,Ann,Cook,1989-09-21,F,USA,California,Investment,4,Yes,Website,35,1,4,1482243.88,370560.97,606491.63,1122.0925,4488.37,4,4,0,2024-01-02,2024-01-12,0.0,10,3,0,0.6209682097426441,0.029003018525750553,First-Time Buyers
C1737,Individual,Jennifer,Jackson,1992-12-24,F,USA,California,Investment,3,No,Website,32,0,3,1060946.57,353648.8566666667,520101.47,1090.7733333333333,3272.32,3,3,0,2024-01-10,2025-01-12,0.0,368,1,0,-1.1741688633279805,0.43869403756931274,Mainstream Buyers
C1738,Individual,Sharon,Hall,1977-02-25,F,USA,California,Home,5,No,Website,48,0,3,861195.69,287065.23,347283.41,1016.7633333333332,3050.29,3,3,0,2024-01-10,2025-01-11,0.0,367,1,0,-1.759973339587795,-0.45361368514617467,Mainstream Buyers
C1739,Individual,Steven,Smith,1985-02-25,M,Russia,Novosibirsk,Investment,3,Yes,Website,40,1,4,998344.48,249586.12,442624.97,872.2,3488.8,4,4,0,2024-01-04,2025-01-03,0.0,365,1,0,-0.7800374227607438,-2.014984577409544,Mainstream Buyers
C1740,Individual,Ashley,Alexander,1951-09-15,F,USA,California,Home,5,Yes,Website,73,1,4,1439013.34,359753.335,561035.94,1164.015,4656.06,4,4,0,2024-01-02,2024-01-10,0.0,8,3,0,0.7415511501886249,-0.11404095251071242,First-Time Buyers
C1741,Individual,Alexander,Wright,1976-04-18,M,USA,Virginia,Home,5,No,Website,49,0,4,1310713.04,327678.26,454264.31,1140.38,4561.52,4,3,1,2024-01-02,2024-01-09,0.25,7,3,0,0.28337398161565625,-0.27643411227718806,First-Time Buyers
C1742,Company,Crestwood,Co,1988-08-14,F,USA,California,Home,5,No,Agency,36,0,3,1177856.21,392618.7366666666,524488.63,1431.79,4295.37,3,2,1,2024-01-08,2024-01-11,0.333,3,3,0,-0.5837651009097944,2.0556190823195206,First-Time Buyers
C1743,Individual,Linda,Bell,1946-07-26,F,Belgium,Flanders,Home,1,No,Client,78,0,3,839069.28,279689.76,283283.47,881.7833333333333,2645.35,3,3,0,2024-01-08,2025-01-02,0.0,360,1,0,-2.1165632170062487,-0.8382962458843847,Mainstream Buyers
C1744,Individual,Brian,Green,1961-11-16,M,Russia,Krasnodar Krai,Investment,1,No,Website,63,0,4,1320002.42,330000.605,415154.19,1092.085,4368.34,4,4,0,2024-01-04,2025-01-12,0.0,374,1,1,0.43251556216022613,-0.7349787074305189,Mainstream Buyers
C1745,Individual,Ann,Sanders,1976-06-21,F,USA,California,Home,1,No,Website,49,0,3,1261495.5,420498.5,563558.93,1487.66,4462.98,3,3,0,2024-01-03,2025-01-10,0.0,373,2,2,-0.0039483584717249325,2.07294371351649,Premium / Global Investors
C1746,Individual,Jennifer,Cox,1959-06-14,F,Belgium,Flanders,Home,3,No,Website,66,0,3,793835.85,264611.95,389328.46,874.19,2622.57,3,3,0,2024-01-01,2025-01-05,0.0,370,1,0,-2.2105839193402974,-1.0162109873520484,Mainstream Buyers
C1747,Individual,Bryan,Flores,1965-02-19,M,USA,Colorado,Home,5,No,Client,60,0,3,1016661.44,338887.14666666667,468372.55,1059.15,3177.45,3,2,1,2024-01-01,2025-01-09,0.333,374,1,0,-1.1641033055318877,0.19765097646185972,Mainstream Buyers
C1748,Individual,Albert,Jones,1950-11-11,M,USA,California,Home,4,Yes,Website,74,1,3,1112272.46,370757.4866666666,566107.2,1274.52,3823.56,3,2,1,2024-01-06,2025-01-12,0.333,372,2,2,-0.5124865609481883,1.0052503985697316,Premium / Global Investors
C1749,Individual,Brandon,Moore,1956-05-27,M,USA,California,Home,3,No,Website,69,0,3,832665.62,277555.20666666667,388898.15,862.1066666666666,2586.32,3,3,0,2024-01-01,2025-01-12,0.0,377,1,0,-2.0112713347552433,-0.9590259345783574,Mainstream Buyers
C1750,Company,Stratos,Co,1991-12-01,M,USA,Colorado,Home,3,No,Website,33,0,4,1497163.73,374290.9325,509429.47,1150.2,4600.8,4,4,0,2024-01-04,2025-01-05,0.0,367,2,1,0.9888269375779051,-0.11675866967890568,Premium / Global Investors
C1751,Individual,Christine,Scott,1955-02-28,F,USA,Ohio,Home,5,No,Website,70,0,4,873120.47,218280.1175,231620.61,700.7825,2803.13,4,3,1,2025-01-06,2025-01-11,0.25,5,3,0,-1.485060080276852,-2.5222010555407888,First-Time Buyers
C1752,Individual,Jonathan,Cook,1980-06-02,M,USA,California,Investment,1,Yes,Website,45,1,3,1119600.47,373200.1566666667,421157.07,1152.5966666666666,3457.79,3,3,0,2024-01-07,2025-01-07,0.0,366,1,0,-0.9028387163183691,0.7979527364075667,Mainstream Buyers
C1753,Individual,Arthur,Peterson,1945-12-18,M,USA,Georgia,Investment,3,Yes,Website,79,1,3,770077.48,256692.4933333333,425499.05,964.2666666666668,2892.8,3,3,0,2024-01-04,2024-01-08,0.0,4,3,0,-2.4121004932351364,-0.5656326415558726,First-Time Buyers
C1754,Individual,Frank,Gray,1995-11-11,M,USA,Virginia,Home,2,Yes,Website,29,1,3,1361555.24,453851.7466666666,506527.22,1471.9,4415.7,3,3,0,2024-01-08,2024-01-09,0.0,1,2,2,-0.07376489563791708,2.754385141937305,Premium / Global Investors
C1755,Individual,Mark,Griffin,1998-08-26,M,USA,Nevada,Home,1,Yes,Website,26,1,3,672116.9199999999,224038.9733333333,285197.86,776.2433333333333,2328.73,3,3,0,2024-01-06,2024-01-10,0.0,4,3,0,-3.216453691631038,-1.089694298451012,First-Time Buyers
C1756,Individual,Daniel,Cook,1990-03-21,M,USA,Utah,Home,1,No,Website,35,0,4,1481404.39,370351.0975,529820.54,1146.015,4584.06,4,3,1,2024-01-02,2025-01-12,0.25,376,2,1,0.8969475453083846,-0.04983458397997031,Premium / Global Investors
C1757,Individual,Brian,Hayes,1985-01-07,M,Germany,Bavaria,Home,3,No,Client,40,0,3,1125366.62,375122.2066666667,477602.23,1182.08,3546.24,3,3,0,2024-01-01,2025-01-06,0.0,371,1,0,-0.8406021752343689,0.8921302704170659,Mainstream Buyers
C1758,Individual,Carl,Pierce,1985-01-14,M,USA,Oregon,Investment,4,Yes,Agency,40,1,4,1006481.18,251620.295,321342.19,801.065,3204.26,4,3,1,2024-01-03,2025-01-06,0.25,369,1,0,-0.8119845287513874,-2.145565932749882,Mainstream Buyers
C1759,Individual,Jose,Stone,1974-10-10,M,USA,California,Investment,1,No,Website,50,0,4,1031917.22,257979.305,386654.16,831.47,3325.88,4,4,0,2024-01-05,2025-01-02,0.0,363,1,0,-0.7316779780334683,-2.0500229373715917,Mainstream Buyers
C1760,Individual,Mary,Harris,1975-07-10,F,Belgium,Brussels,Home,2,No,Website,49,0,4,1454358.32,363589.58,484534.28,1265.3825,5061.53,4,2,2,2024-01-02,2024-01-11,0.5,9,3,0,0.7154509011111292,0.5171587352108615,First-Time Buyers
C1761,Individual,Nicholas,Thompson,1955-08-01,M,USA,Washington,Home,1,No,Website,69,0,4,1181772.43,295443.1075,541585.04,972.335,3889.34,4,4,0,2024-01-01,2025-01-05,0.0,370,1,1,-0.07045020432192561,-1.3733240484258529,Mainstream Buyers
C1762,Individual,Larry,Harris,1964-01-21,M,USA,Virginia,Home,1,No,Website,61,0,3,1023352.22,341117.4066666667,399439.17,1090.9466666666667,3272.84,3,3,0,2024-01-02,2024-01-10,0.0,8,3,0,-1.560631920806423,0.6552075232530225,First-Time Buyers
C1763,Individual,Kimberly,Young,1954-11-26,F,USA,New York,Home,3,No,Website,70,0,4,1789381.67,447345.4175,654120.74,1374.585,5498.34,4,2,2,2024-01-05,2025-01-12,0.5,373,2,1,2.240531228797229,1.1395910590090874,Premium / Global Investors
C1764,Individual,Kelly,Baker,1946-05-11,F,USA,Nevada,Home,2,No,Agency,79,0,4,1668335.18,417083.795,575177.72,1338.9,5355.599999999999,4,2,2,2024-01-01,2025-01-02,0.5,367,2,1,1.8204313211604364,0.7708270504228144,Premium / Global Investors
C1765,Individual,Pamela,Reyes,1997-01-05,F,USA,Colorado,Home,1,Yes,Client,28,1,4,1734167.51,433541.8775,550819.24,1577.2325,6308.93,4,4,0,2024-01-02,2024-01-12,0.0,10,2,2,1.7616725241615756,1.9331176393183098,Premium / Global Investors
C1766,Individual,Sharon,Bennett,1993-05-05,F,USA,California,Home,4,No,Website,32,0,4,1371247.08,342811.77,562229.33,1071.3925,4285.57,4,4,0,2024-01-01,2025-01-04,0.0,369,1,1,0.564869085632987,-0.6677334233227071,Mainstream Buyers
C1767,Individual,Joe,Sanders,1978-05-21,M,USA,Colorado,Home,3,No,Website,47,0,4,1455838.91,363959.7275,564116.06,1123.3175,4493.27,4,2,2,2024-01-07,2025-01-09,0.5,368,2,1,0.9183939764780316,-0.19225213670035998,Premium / Global Investors
C1768,Individual,Cynthia,Hughes,1943-01-03,F,Russia,Saint Petersburg,Home,4,No,Website,82,0,4,985105.21,246276.3025,377838.86,834.6575,3338.63,4,4,0,2024-01-02,2025-01-07,0.0,371,1,0,-0.6907722839777792,-2.3285728680932647,Mainstream Buyers
C1769,Company,Forsyte,Co,1985-10-22,M,USA,Oregon,Home,1,Yes,Client,39,1,3,985909.0,328636.3333333333,484144.21,1101.55,3304.65,3,2,1,2024-01-04,2025-01-12,0.333,374,1,0,-1.4249174464197685,0.40199862278688464,Mainstream Buyers
C1770,Individual,Betty,Parker,1945-11-17,F,USA,Washington,Home,1,Yes,Agency,79,1,3,1334771.42,444923.8066666666,616403.86,1469.18,4407.54,3,3,0,2024-01-03,2024-01-10,0.0,7,2,2,-0.07777797859808547,2.5081536577788177,Premium / Global Investors
C1771,Company,Atlas,Co,1975-06-22,M,USA,Georgia,Home,3,Yes,Client,50,1,3,1280895.97,426965.3233333333,556838.33,1435.6633333333332,4306.99,3,3,0,2024-01-04,2024-01-11,0.0,7,3,2,-0.28364621476639895,2.3059503106646866,First-Time Buyers
C1772,Company,Forsyte,Co,1975-01-13,F,Canada,Alberta,Investment,5,Yes,Agency,50,1,4,1105281.92,276320.48,401863.68,1015.8675,4063.47,4,3,1,2024-01-06,2025-01-07,0.25,367,1,0,-0.23609691776531527,-1.4204336237287571,Mainstream Buyers
C1773,Individual,Kenneth,Williams,1980-12-25,M,USA,Nevada,Investment,3,Yes,Agency,44,1,4,1284141.19,321035.2975,445068.24,984.6475,3938.59,4,3,1,2024-01-04,2025-01-03,0.25,365,1,0,0.18511210833167602,-1.0064091444901724,Mainstream Buyers
C1774,Individual,Frank,James,1984-12-26,M,USA,Oregon,Home,4,No,Agency,40,0,4,1169335.49,292333.8725,399457.77,1008.6625,4034.65,4,4,0,2024-01-06,2025-01-01,0.0,361,1,0,-0.08536871065622859,-1.2812193730262087,Mainstream Buyers
C1775,Individual,Betty,Howard,1970-07-10,F,USA,California,Home,3,No,Agency,54,0,4,1414776.99,353694.2475,496847.34,1102.9725,4411.889999999999,4,4,0,2024-01-05,2025-01-07,0.0,368,1,1,0.7416047556285941,-0.5284588987826423,Mainstream Buyers
C1776,Individual,Martha,Mitchell,1973-01-09,F,France,Occitanie,Home,1,No,Website,52,0,3,1071718.4,357239.4666666666,439467.59,1196.1733333333334,3588.52,3,3,0,2024-01-01,2024-01-06,0.0,5,3,0,-1.3512266544168001,1.102171182065059,First-Time Buyers
C1777,Individual,Jason,Long,1974-09-24,M,USA,California,Investment,5,No,Client,50,0,3,784629.95,261543.31666666665,341503.87,900.46,2701.38,3,3,0,2024-01-04,2025-01-04,0.0,366,1,0,-2.152452206618325,-0.9880030988225772,Mainstream Buyers
C1778,Individual,Jeffrey,Cox,1994-09-01,M,USA,Georgia,Investment,4,Yes,Website,30,1,3,1216664.8199999998,405554.94,514358.91,1339.73,4019.19,3,3,0,2024-01-11,2025-01-07,0.0,362,2,2,-0.32862246358140257,1.5696092478282637,Premium / Global Investors
C1779,Individual,Sharon,Thomas,1979-04-20,F,USA,California,Home,5,No,Client,46,0,4,1563236.5499999998,390809.1375,595227.23,1287.1,5148.4,4,4,0,2024-01-01,2025-01-06,0.0,371,2,1,1.4562400297115106,0.2589740836146563,Premium / Global Investors
C1780,Individual,Richard,Patterson,1956-05-18,M,USA,Utah,Investment,1,No,Website,69,0,4,1735557.15,433889.2875,543401.76,1341.715,5366.86,4,2,2,2024-01-01,2025-01-11,0.5,376,2,1,1.9914944477995433,0.9836130277325396,Premium / Global Investors
C1781,Individual,Betty,Thomas,1968-08-10,F,USA,California,Home,4,No,Website,56,0,4,1383316.42,345829.105,524713.99,1164.015,4656.06,4,4,0,2024-01-03,2025-01-08,0.0,371,1,1,0.8110727021898654,-0.4870987779266338,Mainstream Buyers
C1782,Individual,Ann,King,1999-04-12,F,UK,England,Investment,1,No,Website,26,0,4,897646.55,224411.6375,281637.63,783.64,3134.56,4,4,0,2024-01-02,2025-01-03,0.0,367,1,0,-1.3270631493482359,-2.3874686934695557,Mainstream Buyers
C1783,Individual,Jacob,Garcia,1954-07-03,M,USA,California,Home,3,No,Website,70,0,4,1136482.92,284120.73,387708.89,883.805,3535.22,4,3,1,2024-01-05,2025-01-06,0.25,367,1,0,-0.19462503333923323,-1.722449733101664,Mainstream Buyers
C1784,Individual,Albert,Moore,1998-02-24,M,Australia,Western Australia,Home,3,No,Client,27,0,4,1352274.53,338068.6325,441900.44,1106.8725,4427.49,4,4,0,2024-01-04,2024-01-12,0.0,8,3,0,0.1492848994889785,-0.19947086438687842,First-Time Buyers
C1785,Individual,Lauren,Allen,1956-02-27,F,USA,Colorado,Home,1,Yes,Website,69,1,3,1006568.23,335522.74333333335,370207.67,1156.5633333333333,3469.69,3,2,1,2024-01-06,2025-01-08,0.333,368,1,0,-1.195634474119262,0.4895403654461575,Mainstream Buyers
C1786,Individual,Adam,White,1995-07-03,M,USA,California,Home,1,No,Website,29,0,4,1247095.22,311773.805,581591.93,1102.2725,4409.09,4,3,1,2024-01-09,2025-01-12,0.25,369,1,1,0.18790484024876467,-0.6964042776306579,Mainstream Buyers
C1787,Individual,Stephen,Flores,1955-09-22,M,USA,Georgia,Investment,5,No,Agency,69,0,4,1289585.42,322396.355,528523.4,1029.38,4117.52,4,1,3,2024-01-03,2024-01-10,0.75,7,3,0,0.13109485096786375,-0.5535757411566682,First-Time Buyers
C1788,Individual,Zachary,James,1989-10-27,M,USA,California,Home,3,No,Website,35,0,3,1116876.81,372292.27,495478.74,1155.6966666666667,3467.09,3,3,0,2024-01-01,2025-01-08,0.0,373,1,2,-0.8497518879578447,0.7833458997197295,Mainstream Buyers
C1789,Individual,Edward,Brooks,1982-07-25,M,USA,Colorado,Home,5,Yes,Agency,42,1,3,1359605.1,453201.7,470652.98,1526.9566666666667,4580.87,3,2,1,2024-01-02,2025-01-11,0.333,375,2,2,0.4672478669127545,2.512838986694715,Premium / Global Investors
C1790,Individual,Jacob,Hansen,1940-02-18,M,USA,Nevada,Investment,5,No,Client,85,0,4,1335521.08,333880.27,402189.34,1159.9675,4639.87,4,4,0,2024-01-05,2025-01-01,0.0,362,1,1,0.7771465367999262,-0.7076611576314775,Mainstream Buyers
C1791,Individual,Gerald,Scott,1966-04-26,M,USA,California,Home,5,No,Agency,59,0,3,894512.8,298170.93333333335,358882.77,1050.08,3150.24,3,3,0,2024-01-02,2024-01-07,0.0,5,3,0,-1.886990649939153,0.04685370400576941,First-Time Buyers
C1792,Individual,Terry,Pierce,1995-06-17,M,USA,California,Home,3,No,Agency,30,0,4,1948563.24,487140.81,566173.43,1676.3825,6705.53,4,3,1,2024-01-02,2025-01-03,0.25,367,2,2,2.9572184241094597,2.3684352226256435,Premium / Global Investors
C1793,Individual,Richard,James,1969-05-04,M,USA,Utah,Investment,1,No,Website,56,0,4,1317525.03,329381.2575,538098.62,1102.08,4408.32,4,4,0,2024-01-01,2024-01-06,0.0,5,3,0,0.1021638104164152,-0.35798364836735097,First-Time Buyers
C1794,Individual,Douglas,Chavez,1995-12-25,M,USA,Colorado,Home,3,No,Website,29,0,4,1378476.06,344619.015,460529.82,1137.5875,4550.35,4,4,0,2024-01-11,2025-01-12,0.0,367,1,1,0.6275144801259112,-0.40876806876269983,Mainstream Buyers
C1795,Individual,William,Brown,1945-01-12,M,USA,California,Home,5,Yes,Website,80,1,4,1058019.94,264504.985,334197.72,827.2,3308.8,4,1,3,2024-01-06,2025-01-11,0.75,371,1,0,-0.3516516662575863,-2.005127274001285,Mainstream Buyers
C1796,Individual,Betty,Hughes,1950-09-21,F,USA,California,Investment,5,Yes,Client,74,1,3,1158919.94,386306.64666666667,425005.86,1286.4833333333331,3859.45,3,3,0,2024-01-07,2025-01-11,0.0,370,2,2,-0.40153073686434654,1.0344616107712443,Premium / Global Investors
C1797,Individual,Katherine,Howard,1957-02-26,F,USA,Oregon,Home,3,Yes,Website,68,1,3,910545.92,303515.30666666664,337603.6,1033.62,3100.86,3,3,0,2024-01-04,2025-01-12,0.0,374,1,0,-1.6054131052298746,-0.269230187754115,Mainstream Buyers
C1798,Individual,Bryan,Peterson,1966-10-08,M,USA,Arizona,Investment,1,Yes,Website,58,1,4,1601121.79,400280.4475,575322.53,1263.96,5055.84,4,2,2,2024-01-02,2025-01-10,0.5,374,2,0,1.4686126543209586,0.5153457616715545,Premium / Global Investors
C1799,Individual,Cheryl,Freeman,1950-11-01,F,USA,Colorado,Home,5,No,Agency,74,0,4,1022792.49,255698.1225,365006.8,823.6625,3294.65,4,4,0,2024-01-03,2025-01-03,0.0,366,1,0,-0.6134732609815021,-2.269635715074816,Mainstream Buyers
C1800,Individual,James,Campbell,1944-04-13,M,USA,Oregon,Home,1,No,Client,81,0,3,1120963.1,373654.3666666667,539648.88,1301.65,3904.95,3,2,1,2024-01-08,2024-01-08,0.333,0,3,0,-0.9064475205652178,1.5206387941118378,First-Time Buyers
C1801,Individual,Jose,Howard,1964-08-02,M,USA,California,Home,5,Yes,Website,60,1,3,1473065.73,491021.91,734629.38,1422.97,4268.91,3,2,1,2024-01-08,2025-01-09,0.333,367,2,2,0.8033750531179635,2.499604359887698,Premium / Global Investors
C1802,Individual,Jack,Morris,1948-03-26,M,USA,Nevada,Investment,1,No,Client,77,0,4,1155979.49,288994.8725,386196.25,1011.5875,4046.35,4,4,0,2024-01-01,2025-01-04,0.0,369,1,1,-0.088884341407369,-1.3756527446115576,Mainstream Buyers
C1803,Individual,Susan,Bennett,1987-04-14,F,Canada,Quebec,Investment,5,No,Agency,38,0,3,1329728.19,443242.73,588353.61,1443.9800000000002,4331.9400000000005,3,2,1,2024-01-04,2025-01-10,0.333,372,2,2,0.18399624950222376,2.212580268800402,Premium / Global Investors
C1804,Individual,Albert,Kim,1989-03-03,M,USA,California,Home,1,No,Website,36,0,4,1735376.55,433844.1375,563448.9,1504.0975,6016.389999999999,4,4,0,2024-01-04,2025-01-06,0.0,368,2,1,2.098200372629922,1.3820658236063101,Premium / Global Investors
C1805,Individual,Austin,Kim,1953-09-01,M,UK,Northern Ireland,Investment,3,No,Website,71,0,4,1871670.17,467917.5425,553251.13,1699.3675,6797.47,4,3,1,2024-01-05,2025-01-11,0.25,372,2,1,2.9015256230311515,2.1089147430095405,Premium / Global Investors
C1806,Individual,Martha,Turner,1967-04-13,F,Australia,New South Wales,Investment,2,No,Agency,58,0,3,974821.86,324940.62,463318.62,1049.3066666666666,3147.92,3,3,0,2024-01-10,2024-01-12,0.0,2,3,0,-1.8465186817654404,0.37763165930525217,First-Time Buyers
C1807,Individual,Angela,Allen,1957-05-02,F,France,Brittany,Home,5,No,Website,68,0,3,1520931.78,506977.26,720719.85,1469.18,4407.54,3,2,1,2024-01-07,2025-01-12,0.333,371,2,2,0.9737975507214798,2.748051301574727,Premium / Global Investors
C1808,Individual,Victoria,Stewart,1990-08-01,F,USA,Washington,Investment,2,No,Client,34,0,4,1102931.4500000002,275732.86250000005,411172.03,989.46,3957.84,4,4,0,2024-01-02,2025-01-08,0.0,372,1,0,-0.423736713295042,-1.4352179344212794,Mainstream Buyers
C1809,Individual,Laura,White,1981-03-05,F,USA,New York,Home,4,Yes,Agency,44,1,4,1221253.05,305313.2625,435031.56,1104.2925,4417.17,4,4,0,2024-01-01,2024-01-09,0.0,8,3,0,-0.14618669739876522,-0.6070653244185632,First-Time Buyers
C1810,Individual,Maria,Collins,1945-06-01,F,USA,Texas,Home,3,No,Agency,80,0,3,991862.87,330620.95666666667,445150.57,1138.4233333333334,3415.27,3,3,0,2024-01-02,2024-01-11,0.0,9,3,0,-1.5187206111322733,0.551142258527503,First-Time Buyers
C1811,Individual,Stephanie,Williams,1958-02-16,F,USA,California,Home,3,Yes,Agency,67,1,4,1189519.9,297379.975,503113.61,1029.73,4118.92,4,4,0,2024-01-02,2025-01-10,0.0,374,1,0,0.0653339800446258,-1.2918410601318329,Mainstream Buyers
C1812,Individual,Ryan,White,1977-04-18,M,France,Provence,Home,5,Yes,Website,48,1,4,1080880.0,270220.0,406648.6,955.7625,3823.05,4,3,1,2024-01-05,2025-01-06,0.25,367,1,0,-0.30927994777782497,-1.6124682177266172,Mainstream Buyers
C1813,Individual,Walter,Jordan,1947-02-12,M,Germany,Hamburg,Investment,3,Yes,Website,78,1,4,1552316.39,388079.0975,520934.42,1294.645,5178.58,4,2,2,2024-01-01,2025-01-04,0.5,369,2,0,1.4955422509514547,0.36440876152413654,Premium / Global Investors
C1814,Individual,Scott,Roberts,1987-07-04,M,Denmark,North Denmark,Home,2,No,Website,37,0,4,1303261.99,325815.4975,392801.93,1153.0825,4612.33,4,4,0,2024-01-01,2025-01-08,0.0,373,1,1,0.4249455568522843,-0.5347964002666498,Mainstream Buyers
C1815,Individual,Aaron,Carter,1949-03-26,M,USA,California,Home,5,No,Agency,76,0,4,1182628.3,295657.075,549102.55,942.035,3768.14,4,3,1,2024-01-03,2025-01-07,0.25,370,1,0,0.07859503422157636,-1.536302504163945,Mainstream Buyers
C1816,Individual,Sean,Miller,1962-08-04,M,Canada,Quebec,Home,2,No,Website,62,0,4,1078876.87,269719.2175,390892.15,909.9825,3639.93,4,4,0,2024-01-03,2025-01-09,0.0,372,1,0,-0.4421128228163505,-1.778014720279974,Mainstream Buyers
C1817,Individual,Cynthia,Garcia,1944-07-28,F,USA,Virginia,Home,1,No,Agency,80,0,3,1240667.65,413555.8833333333,559209.89,1412.0199999999998,4236.06,3,3,0,2024-01-11,2025-01-12,0.0,367,2,2,-0.1235111279637247,1.7379651223705073,Premium / Global Investors
C1818,Individual,Christine,Wood,1994-08-17,F,USA,Washington,Investment,5,Yes,Website,30,1,3,814797.06,271599.02,309389.23,851.4266666666667,2554.28,3,3,0,2024-01-12,2025-01-11,0.0,365,1,0,-2.24354353657008,-0.9388865662883276,Mainstream Buyers
C1819,Individual,William,Brown,1963-11-02,M,Russia,Krasnodar Krai,Home,1,No,Website,61,0,3,1067644.33,355881.44333333336,405297.57,1339.746666666667,4019.24,3,3,0,2024-01-02,2024-01-08,0.0,6,3,0,-1.1050482011973393,1.4430499347388337,First-Time Buyers
C1820,Individual,Nicholas,Howard,1979-08-21,M,France,Provence,Home,3,No,Website,45,0,4,970434.94,242608.735,338313.48,840.8725,3363.49,4,4,0,2024-01-08,2025-01-06,0.0,364,1,0,-0.8684856686105762,-2.1680637564888237,Mainstream Buyers
C1821,Individual,Adam,Smith,1944-10-22,M,USA,Nevada,Home,5,No,Website,80,0,4,1733692.62,433423.155,662403.71,1244.8049999999998,4979.219999999999,4,2,2,2024-01-06,2025-01-05,0.5,365,2,1,2.0489152248801585,0.5971965226321044,Premium / Global Investors
C1822,Individual,Frank,Weaver,1996-02-28,M,USA,Oregon,Investment,5,Yes,Website,29,1,4,1388147.75,347036.9375,488803.45,1184.81,4739.24,4,4,0,2024-01-03,2024-01-12,0.0,9,3,0,0.46059085649765535,0.0001320944887206795,First-Time Buyers
C1823,Individual,Jacob,Watson,1967-11-08,M,USA,Oregon,Home,4,Yes,Website,57,1,3,993925.86,331308.62,454589.3,994.8266666666668,2984.48,3,2,1,2024-01-07,2025-01-09,0.333,368,1,0,-1.3524224601887838,0.003962634236742989,Mainstream Buyers
C1824,Individual,Jeffrey,Weaver,1962-05-09,M,USA,California,Home,3,No,Website,63,0,4,945036.97,236259.2425,301253.43,857.7574999999999,3431.03,4,3,1,2024-01-02,2025-01-10,0.25,374,1,0,-0.7827041986901482,-2.213053712662887,Mainstream Buyers
C1825,Individual,Eric,Jones,1956-12-28,M,Mexico,Nuevo Leon,Home,2,No,Agency,68,0,4,948769.93,237192.4825,359484.97,802.7125,3210.85,4,4,0,2024-01-02,2024-01-12,0.0,10,3,0,-1.2734904124425188,-2.0400546743613894,First-Time Buyers
C1826,Individual,Jack,Williams,1951-08-06,M,USA,Ohio,Home,4,No,Client,73,0,4,1300035.21,325008.8025,402845.37,1159.5325,4638.13,4,3,1,2024-01-03,2025-01-05,0.25,368,1,1,0.6263603471205883,-0.6445022693291353,Mainstream Buyers
C1827,Individual,Donald,Thompson,1973-02-01,M,USA,New York,Home,5,Yes,Website,52,1,4,1221529.77,305382.4425,483612.33,988.7175,3954.87,4,3,1,2024-01-08,2025-01-04,0.25,362,1,0,0.1534966020501169,-1.2138931219028153,Mainstream Buyers
C1828,Individual,William,Wood,1991-11-15,M,USA,California,Investment,2,Yes,Website,33,1,4,1199213.25,299803.3125,500475.25,1114.2125,4456.85,4,3,1,2025-01-05,2025-01-07,0.25,2,3,0,-0.21857858691838328,-0.4909895066997421,First-Time Buyers
C1829,Individual,Rachel,Ward,1997-07-17,F,USA,California,Home,5,Yes,Agency,27,1,3,1194095.83,398031.94333333336,544862.08,1394.21,4182.63,3,2,1,2024-01-06,2025-01-12,0.333,372,2,2,-0.2910207796240563,1.6989927415728558,Premium / Global Investors
C1830,Individual,Virginia,Owens,1959-03-20,F,USA,Arizona,Home,3,No,Website,66,0,3,1363309.64,454436.5466666666,518130.19,1487.66,4462.98,3,2,1,2024-01-04,2025-01-10,0.333,372,2,2,0.4368800399604755,2.3795579189605625,Premium / Global Investors
C1831,Individual,Janice,Smith,1950-09-15,F,Russia,Tatarstan,Home,3,No,Website,74,0,4,1004720.27,251180.0675,416215.94,972.335,3889.34,4,4,0,2024-01-02,2025-01-10,0.0,374,1,0,-0.513708366146677,-1.8706160429942664,Mainstream Buyers
C1832,Individual,Henry,Garcia,1987-04-21,M,USA,Oregon,Investment,1,Yes,Website,38,1,4,1282390.94,320597.735,582747.93,1103.3225,4413.29,4,4,0,2024-01-02,2025-01-08,0.0,372,1,0,0.2654165120980619,-0.7123937536100484,Mainstream Buyers
C1833,Individual,Jennifer,Weaver,1948-01-17,F,USA,Arizona,Investment,1,Yes,Website,77,1,3,1132086.83,377362.2766666667,454723.5,1357.1933333333334,4071.58,3,3,0,2024-01-09,2025-01-12,0.0,369,2,2,-0.5350750252490479,1.2606575667785205,Premium / Global Investors
C1834,Individual,Zachary,Phillips,1963-03-13,M,Belgium,Flanders,Investment,5,No,Agency,62,0,4,1222274.6,305568.65,484614.3,948.835,3795.34,4,3,1,2024-01-01,2025-01-12,0.25,377,1,1,0.09689857263678688,-1.370263766849301,Mainstream Buyers
C1835,Individual,Nicole,Pierce,1959-10-25,F,Canada,Alberta,Investment,4,Yes,Agency,65,1,3,739211.6,246403.86666666667,362373.17,849.7466666666668,2549.24,3,3,0,2024-01-05,2025-01-02,0.0,363,1,0,-2.4426120114008523,-1.25834162159793,Mainstream Buyers
C1836,Individual,Judy,Wood,1960-08-10,F,USA,California,Investment,1,Yes,Website,64,1,4,1213775.31,303443.8275,433286.92,958.755,3835.02,4,3,1,2024-01-02,2025-01-11,0.25,375,1,0,-0.013523991478086219,-1.3032438631331942,Mainstream Buyers
C1837,Individual,Julia,Freeman,1950-06-04,F,USA,California,Home,2,Yes,Client,75,1,4,1507583.69,376895.9225,523732.73,1333.2775,5333.11,4,4,0,2024-01-06,2025-01-05,0.0,365,2,1,1.352364728929736,0.23400097497047026,Premium / Global Investors
C1838,Individual,Joyce,Morales,1965-01-14,F,Canada,Alberta,Investment,1,No,Agency,60,0,4,1266344.58,316586.145,394185.4,1030.83,4123.32,4,3,1,2024-01-04,2025-01-11,0.25,373,1,1,0.1341838557348602,-0.9406684185582833,Mainstream Buyers
C1839,Individual,Kyle,Gray,1943-01-21,M,USA,California,Investment,2,No,Agency,82,0,4,967894.54,241973.635,328156.51,821.355,3285.42,4,4,0,2024-01-01,2025-01-11,0.0,376,1,0,-0.7903582468268531,-2.3717008176764898,Mainstream Buyers
C1840,Individual,Gerald,Weaver,1986-06-22,M,UK,England,Investment,3,No,Website,39,0,3,911506.03,303835.3433333333,490529.51,1064.7333333333331,3194.2,3,2,1,2024-01-04,2025-01-02,0.333,364,1,0,-1.6472764686582577,0.03579144122275422,Mainstream Buyers
C1841,Individual,Austin,Williams,1947-05-27,M,USA,New York,Home,4,No,Website,78,0,4,1612088.13,403022.0325,556524.23,1374.585,5498.34,4,4,0,2024-01-01,2025-01-11,0.0,376,2,1,1.8179762203633885,0.5431075503594337,Premium / Global Investors
C1842,Company,Rexon,Co,1978-08-10,M,Canada,Alberta,Home,3,Yes,Agency,46,1,3,1252827.37,417609.12333333335,592554.14,1407.513333333333,4222.54,3,3,0,2024-01-02,2024-01-09,0.0,7,3,2,-0.4522387044496102,2.1797554459181607,First-Time Buyers
C1843,Individual,Jose,Stone,1952-06-18,M,Germany,Hesse,Home,4,No,Website,73,0,4,1487849.65,371962.4125,564487.75,1218.84,4875.36,4,3,1,2024-01-01,2025-01-01,0.25,366,2,1,1.232523797820849,-0.04818400206891765,Premium / Global Investors
C1844,Individual,Grace,Howard,1978-07-21,F,USA,Ohio,Home,1,No,Agency,46,0,4,1033138.51,258284.6275,364629.72,837.88,3351.52,4,3,1,2024-01-01,2025-01-11,0.25,376,1,0,-0.788257998659901,-1.9325218613582829,Mainstream Buyers
C1845,Individual,Joshua,Green,1949-11-09,M,USA,California,Investment,1,Yes,Website,75,1,3,889124.6799999999,296374.8933333333,561305.34,972.0533333333332,2916.16,3,3,0,2024-01-05,2025-01-07,0.0,368,1,0,-1.7600573930652015,-0.4726701034106531,Mainstream Buyers
C1846,Individual,Sara,Allen,1985-10-26,F,Russia,Novosibirsk,Home,5,Yes,Agency,39,1,3,886017.55,295339.18333333335,359371.65,980.87,2942.61,3,3,0,2024-01-08,2025-01-04,0.0,362,1,0,-1.8432199458427267,-0.4009519708139742,Mainstream Buyers
C1847,Individual,Brian,Griffin,1952-01-04,M,USA,Utah,Home,4,No,Website,73,0,4,1080850.85,270212.7125,539787.73,859.7125,3438.85,4,4,0,2024-01-02,2025-01-05,0.0,369,1,0,-0.3786097821321335,-2.004206520134598,Mainstream Buyers
C1848,Individual,Sarah,Davis,1993-07-17,F,USA,California,Home,2,No,Website,31,0,4,1595352.82,398838.205,598972.24,1295.0975,5180.389999999999,4,3,1,2024-01-06,2024-01-12,0.25,6,3,0,1.107838755195712,0.8956634360907614,First-Time Buyers
C1849,Individual,Joseph,Wilson,1976-02-09,M,Canada,Alberta,Investment,3,Yes,Website,49,1,3,1019239.08,339746.36,386163.72,1016.7633333333332,3050.29,3,2,1,2024-01-04,2025-01-02,0.333,364,1,0,-1.3489706496342593,0.19902299480942529,Mainstream Buyers
C1850,Individual,Gregory,Miller,1971-07-25,M,USA,New York,Investment,5,Yes,Agency,53,1,4,1380990.75,345247.6875,514705.32,1176.685,4706.74,4,4,0,2024-01-06,2025-01-08,0.0,368,1,1,0.8015941437503098,-0.4389124039724912,Mainstream Buyers
C1851,Individual,Kimberly,Miller,1954-08-06,F,UK,England,Home,3,Yes,Agency,70,1,4,1552543.97,388135.9925,568142.17,1153.5575,4614.23,4,1,3,2024-01-05,2025-01-03,0.75,364,2,0,1.2472330604041935,0.10525711906652079,Premium / Global Investors
C1852,Individual,Julie,Hall,1997-12-15,F,USA,Virginia,Home,4,No,Website,27,0,3,1674072.07,558024.0233333333,662938.18,1733.68,5201.04,3,2,1,2024-01-10,2025-01-04,0.333,360,2,2,1.6304012187984704,4.075187582896407,Premium / Global Investors
C1853,Individual,Jennifer,Owens,1949-02-24,F,USA,Virginia,Investment,4,No,Website,76,0,4,1207329.15,301832.2875,474524.95,1012.5575,4050.23,4,4,0,2024-01-02,2025-01-09,0.0,373,1,0,0.14821190301015755,-1.3489634604950649,Mainstream Buyers
C1854,Company,Rexon,Co,1960-03-23,M,France,Ile-De-France,Investment,1,No,Client,65,0,4,1387997.02,346999.255,585205.19,1104.2925,4417.17,4,4,0,2024-01-03,2025-01-03,0.0,366,1,1,0.6170878369005219,-0.545293781242223,Mainstream Buyers
C1855,Individual,Gloria,Hansen,1984-07-02,F,USA,California,Home,2,Yes,Website,40,1,4,1117305.86,279326.465,409255.12,874.6275,3498.51,4,4,0,2024-01-06,2025-01-10,0.0,370,1,0,-0.45114468959716947,-1.7413441166932158,Mainstream Buyers
C1856,Company,Altira,Co,1994-05-24,M,USA,Virginia,Home,2,No,Website,31,0,3,1216231.4300000002,405410.47666666674,586091.18,1334.1,4002.3,3,3,0,2024-01-02,2024-01-11,0.0,9,3,2,-0.7005588613468119,1.9459647520578667,First-Time Buyers
C1857,Individual,Walter,Johnson,1987-03-22,M,USA,California,Investment,2,Yes,Website,38,1,3,919814.94,306604.98,372884.46,932.37,2797.11,3,2,1,2024-01-09,2025-01-10,0.333,367,1,0,-1.796502948689644,-0.28308694912085575,Mainstream Buyers
C1858,Individual,Amy,Hayes,1958-05-06,F,USA,Colorado,Home,5,No,Website,67,0,3,1161958.29,387319.43,516468.06,1267.5866666666668,3802.76,3,3,0,2024-01-03,2024-01-06,0.0,3,3,0,-0.7596270364122326,1.383068538668146,First-Time Buyers
C1859,Individual,Zachary,Taylor,1943-11-18,M,USA,California,Home,5,Yes,Client,81,1,4,1087561.59,271890.3975,380297.96,862.28,3449.12,4,2,2,2024-01-06,2025-01-10,0.5,370,1,0,-0.2549145839460688,-1.9171456669363036,Mainstream Buyers
C1860,Company,Caldera,Co,1970-07-17,F,USA,California,Home,4,Yes,Agency,54,1,4,1661197.49,415299.3725,496217.67,1338.9,5355.599999999999,4,4,0,2024-01-01,2024-01-07,0.0,6,2,0,1.4581614701288992,0.9597530878633012,Premium / Global Investors
C1861,Individual,Nathan,Evans,1982-08-01,M,USA,California,Investment,3,Yes,Website,42,1,4,1475178.95,368794.7375,508804.43,1239.9025,4959.610000000001,4,4,0,2024-01-07,2025-01-05,0.0,364,2,1,1.0932164054926257,0.009236709118520722,Premium / Global Investors
C1862,Individual,Joshua,Long,1953-08-22,M,USA,California,Home,1,Yes,Website,71,1,3,988771.17,329590.39,462577.28,1076.69,3230.07,3,3,0,2024-01-01,2025-01-06,0.0,371,1,0,-1.304569199686033,0.12049403131358773,Mainstream Buyers
C1863,Individual,Megan,Hansen,1948-04-03,F,UK,Scotland,Home,3,No,Website,77,0,4,1281313.02,320328.255,462169.28,1039.19,4156.76,4,4,0,2024-01-10,2025-01-02,0.0,358,1,0,0.34902701265534064,-1.057494041768708,Mainstream Buyers
C1864,Individual,Hannah,Weaver,1972-04-25,F,USA,New York,Home,5,Yes,Website,53,1,4,1131730.6,282932.65,494313.18,1027.325,4109.3,4,3,1,2024-01-02,2025-01-06,0.25,370,1,0,-0.06734655555719055,-1.3443524770069097,Mainstream Buyers
C1865,Individual,Sean,Rogers,1974-11-01,M,USA,Arizona,Investment,4,No,Website,50,0,3,1092253.24,364084.4133333333,423654.2,1196.1733333333334,3588.52,3,2,1,2024-01-06,2025-01-12,0.333,372,1,0,-0.8095791540513642,0.8413201805694143,Mainstream Buyers
C1866,Individual,Joyce,Martin,1971-08-23,F,USA,Nevada,Home,2,No,Agency,53,0,4,1620195.43,405048.8575,490055.89,1380.26,5521.04,4,4,0,2024-01-07,2025-01-09,0.0,368,2,1,1.6201607625164922,0.7193951165010405,Premium / Global Investors
C1867,Individual,Robert,Richardson,1952-01-13,M,USA,California,Home,2,Yes,Website,73,1,3,761781.8,253927.2666666667,423673.58,791.0400000000001,2373.1200000000003,3,2,1,2024-01-02,2025-01-07,0.333,371,1,0,-2.3397998768467625,-1.2440841963382074,Mainstream Buyers
C1868,Individual,Michelle,Thomas,1975-11-28,F,UK,Wales,Home,1,No,Website,49,0,4,1469394.43,367348.6075,537563.89,1198.3725,4793.49,4,3,1,2024-01-01,2025-01-07,0.25,372,2,1,0.9370525933004188,0.0069647511274696944,Premium / Global Investors
C1869,Individual,Margaret,Campbell,1975-05-10,F,Mexico,Nuevo Leon,Home,5,No,Client,50,0,4,1335399.36,333849.84,457748.53,1132.7375,4530.95,4,3,1,2024-01-01,2025-01-06,0.25,371,1,1,0.5977951973670372,-0.5862709360289611,Mainstream Buyers
C1870,Individual,Lawrence,Moore,1980-10-13,M,USA,Washington,Investment,1,No,Agency,44,0,3,680865.94,226955.31333333327,295517.69,842.68,2528.04,3,2,1,2024-01-03,2025-01-06,0.333,369,1,0,-2.7428000564851436,-1.1914178525036576,Mainstream Buyers
C1871,Individual,Amy,Reyes,1961-10-18,F,USA,Texas,Home,1,Yes,Website,63,1,4,1096466.77,274116.6925,361953.92,1000.415,4001.66,4,3,1,2024-01-02,2025-01-12,0.25,376,1,0,-0.30576994662519574,-1.4319639397211854,Mainstream Buyers
C1872,Individual,Raymond,Jones,1940-10-23,M,Mexico,Mexico City,Home,5,No,Client,84,0,3,1284121.27,428040.4233333333,542533.89,1452.263333333333,4356.79,3,3,0,2024-01-02,2025-01-02,0.0,366,2,0,0.2519031154409992,1.8577043692482906,Premium / Global Investors
C1873,Individual,Cheryl,Collins,1959-10-03,F,Canada,British Columbia,Home,5,No,Agency,65,0,4,841611.53,210402.8825,357647.97,727.265,2909.06,4,3,1,2024-01-03,2024-01-11,0.25,8,3,0,-1.5999963291347445,-2.493643999392984,First-Time Buyers
C1874,Individual,Justin,Cooper,1972-11-18,M,USA,Colorado,Investment,1,No,Agency,52,0,3,1058361.99,352787.33,463077.47,1125.17,3375.51,3,3,0,2024-01-02,2024-01-10,0.0,8,3,0,-1.4806238221041712,0.8718559344712603,First-Time Buyers
C1875,Individual,Melissa,Roberts,1943-09-13,F,USA,Nevada,Home,2,No,Client,81,0,3,1220153.86,406717.9533333333,492821.75,1339.73,4019.19,3,2,1,2024-01-09,2025-01-02,0.333,359,2,0,-0.22134084542538637,1.5492842402464038,Premium / Global Investors
C1876,Company,Bravada,Co,1981-03-17,M,USA,Ohio,Investment,4,Yes,Website,44,1,3,1543986.34,514662.1133333333,676167.22,1523.6933333333334,4571.08,3,3,0,2024-01-07,2025-01-11,0.0,370,2,2,1.0062990174995121,2.9720058155453137,Premium / Global Investors
C1877,Individual,Walter,Bryant,1961-09-16,M,USA,Arizona,Home,5,No,Agency,63,0,3,905899.79,301966.5966666667,470763.27,1008.13,3024.39,3,2,1,2024-01-03,2025-01-11,0.333,374,1,0,-1.5796698971412089,-0.2648254730769411,Mainstream Buyers
C1878,Individual,Paul,Rogers,1967-07-10,M,USA,Washington,Home,5,No,Agency,57,0,3,958603.36,319534.4533333333,508552.39,1097.4366666666667,3292.31,3,3,0,2024-01-01,2025-01-02,0.0,367,1,0,-1.343390269304128,0.06472636810371364,Mainstream Buyers
C1879,Individual,Deborah,Roberts,1977-01-23,F,USA,New York,Home,3,No,Website,48,0,3,1536294.68,512098.2266666666,584091.39,1504.28,4512.84,3,2,1,2024-01-05,2025-01-09,0.333,370,2,2,0.938369637553,3.0088956059514773,Premium / Global Investors
C1880,Individual,Joan,Morales,1998-01-22,F,USA,California,Home,5,Yes,Client,27,1,4,1319939.53,329984.8825,543500.27,1053.27,4213.08,4,4,0,2024-01-01,2025-01-03,0.0,368,1,1,0.39103691838684757,-0.8405835287944097,Mainstream Buyers
C1881,Individual,Brenda,Phillips,1989-09-13,F,USA,Oregon,Home,2,Yes,Website,35,1,3,972731.09,324243.6966666667,392351.64,1127.15,3381.45,3,2,1,2024-01-05,2025-01-01,0.333,362,1,0,-1.4315220442535685,0.4126387010014248,Mainstream Buyers
C1882,Individual,Deborah,Turner,1960-03-22,F,USA,Virginia,Investment,3,No,Website,65,0,3,884144.1,294714.7,437974.4,934.4333333333334,2803.3,3,3,0,2024-01-04,2024-01-08,0.0,4,3,0,-2.1717957444426528,-0.2587977519900781,First-Time Buyers
C1883,Individual,Sean,Peterson,1941-11-02,M,USA,California,Home,1,No,Agency,83,0,4,1877399.32,469349.83,597724.45,1489.11,5956.44,4,4,0,2024-01-02,2024-01-09,0.0,7,2,2,2.2962177587903856,1.8404838702808843,Premium / Global Investors
C1884,Individual,Terry,Bell,1954-06-08,M,USA,Nevada,Home,5,Yes,Website,71,1,3,930994.21,310331.4033333334,528465.5,997.4133333333332,2992.24,3,3,0,2024-01-01,2024-01-08,0.0,7,3,0,-1.7959205025829736,-0.014255599004793137,First-Time Buyers
C1885,Individual,Ryan,Bell,1967-10-26,M,Germany,Hamburg,Home,1,Yes,Agency,57,1,4,1740983.97,435245.9925,519657.03,1564.0775,6256.31,4,4,0,2024-01-03,2024-01-11,0.0,8,2,2,1.8717578375064379,1.841924006952438,Premium / Global Investors
C1886,Individual,Maria,Richardson,1999-11-16,F,USA,California,Home,5,No,Website,25,0,3,774293.9299999999,258097.97666666663,317660.44,842.68,2528.04,3,3,0,2024-01-05,2025-01-06,0.0,367,1,0,-2.3498379129166493,-1.0842622637972903,Mainstream Buyers
C1887,Individual,Emma,Campbell,1986-07-01,F,USA,Oregon,Investment,1,No,Agency,39,0,3,822999.76,274333.25333333336,414588.69,941.21,2823.63,3,3,0,2024-01-05,2025-01-06,0.0,367,1,0,-2.2287634151480273,-0.6081660006855867,Mainstream Buyers
C1888,Individual,Donald,Griffin,1962-06-08,M,USA,California,Home,3,No,Website,63,0,4,981962.01,245490.5025,317102.87,820.9224999999999,3283.69,4,4,0,2024-01-02,2025-01-04,0.0,368,1,0,-0.748373724143623,-2.2889864997790696,Mainstream Buyers
C1889,Individual,Matthew,Richardson,1987-10-07,M,USA,California,Home,4,Yes,Website,37,1,3,1193609.3,397869.76666666666,425609.69,1205.9633333333334,3617.89,3,2,1,2024-01-03,2024-01-11,0.333,8,3,2,-0.8029686549255841,1.5387336755656853,First-Time Buyers
C1890,Individual,Mark,Nelson,1954-12-03,M,Canada,Ontario,Home,4,No,Client,70,0,4,1209659.27,302414.8175,483647.09,1042.1725,4168.6900000000005,4,3,1,2024-01-05,2024-01-12,0.25,7,3,0,-0.13069197280023032,-0.8068059589945946,First-Time Buyers
C1891,Individual,Gary,James,1972-02-06,M,USA,Oregon,Home,2,No,Agency,53,0,4,1466482.7999999998,366620.7,460945.04,1244.8049999999998,4979.219999999999,4,3,1,2024-01-01,2025-01-09,0.25,374,2,1,1.060292553691497,0.08644879364740028,Premium / Global Investors
C1892,Individual,Nancy,Jones,1951-06-06,F,USA,Nevada,Investment,5,Yes,Agency,74,1,3,978638.94,326212.98,448573.99,1033.4833333333331,3100.45,3,3,0,2024-01-02,2025-01-09,0.0,373,1,0,-1.3397372971856871,-0.1412187536294486,Mainstream Buyers
C1893,Individual,Ann,Davis,1962-12-27,F,USA,Washington,Home,1,Yes,Website,62,1,4,1458732.84,364683.21,554107.09,1146.015,4584.06,4,3,1,2025-01-04,2025-01-10,0.25,6,3,0,0.5675026326698518,0.13564903445456736,First-Time Buyers
C1894,Individual,Joyce,Hall,1944-11-03,F,USA,Texas,Investment,4,No,Website,80,0,4,1284918.37,321229.5925,396878.27,1027.81,4111.24,4,3,1,2024-01-07,2025-01-11,0.25,370,1,1,0.4093906537000123,-1.074699549637828,Mainstream Buyers
C1895,Company,Caldera,Co,1969-07-01,M,USA,Nevada,Investment,4,No,Agency,56,0,3,1170571.86,390190.62000000005,564033.78,1308.513333333333,3925.54,3,2,1,2024-01-03,2025-01-08,0.333,371,2,2,-0.4175319991841187,1.3518096417560412,Premium / Global Investors
C1896,Individual,Andrew,Bryant,1955-06-17,M,USA,Virginia,Investment,3,No,Agency,70,0,3,1158311.0,386103.6666666667,572824.93,1139.1533333333334,3417.46,3,3,0,2024-01-03,2025-01-04,0.0,367,1,0,-0.6931090005467093,0.7637509082511955,Mainstream Buyers
C1897,Individual,Catherine,Rogers,1950-12-27,F,Canada,Ontario,Home,2,No,Website,74,0,4,1108918.34,277229.585,444913.24,941.61,3766.44,4,4,0,2024-01-04,2025-01-07,0.0,369,1,0,-0.30995241064774637,-1.6789974377360062,Mainstream Buyers
C1898,Individual,Daniel,James,1979-05-01,M,USA,New York,Home,1,Yes,Website,46,1,4,1159717.54,289929.385,403626.01,951.82,3807.28,4,3,1,2024-01-04,2025-01-08,0.25,370,1,0,-0.22678443052176495,-1.3279411520337172,Mainstream Buyers
C1899,Individual,Joe,Mitchell,1996-05-04,M,UK,England,Home,3,No,Website,29,0,3,1001627.28,333875.76,453922.16,1221.3833333333334,3664.15,3,3,0,2024-01-05,2025-01-04,0.0,365,1,0,-1.1944024505869573,0.6654592602098652,Mainstream Buyers
C1900,Individual,Rachel,Griffin,1998-07-09,F,UK,England,Investment,4,No,Client,26,0,4,1185889.79,296472.4475,459585.99,1210.7375000000002,4842.950000000001,4,3,1,2024-01-01,2024-01-10,0.25,9,3,0,-0.16642838784600972,-0.29048642607251923,First-Time Buyers
C1901,Individual,Justin,Stewart,1982-09-17,M,Canada,British Columbia,Home,4,No,Agency,42,0,4,1357680.7,339420.175,478845.33,1151.37,4605.48,4,3,1,2024-01-10,2025-01-12,0.25,368,1,1,0.6383560984712973,-0.40558858422831906,Mainstream Buyers
C1902,Company,Grandis,Co,1980-09-11,M,USA,Colorado,Investment,2,No,Agency,44,0,4,1127600.93,281900.2325,323302.12,885.395,3541.58,4,3,1,2024-01-01,2025-01-05,0.25,370,1,0,-0.4191248323502478,-1.6065562805861606,Mainstream Buyers
C1903,Individual,Nicole,Bennett,1991-01-12,F,USA,Nevada,Home,2,No,Website,34,0,4,1453139.0699999998,363284.7675,452279.2,1192.72,4770.88,4,4,0,2024-01-03,2025-01-06,0.0,369,2,1,0.8649876492633917,-0.09451481658993859,Premium / Global Investors
C1904,Individual,Christian,Nelson,1949-03-23,M,USA,Texas,Home,2,Yes,Website,76,1,4,1337265.67,334316.4175,406088.62,1073.7375,4294.95,4,4,0,2024-01-05,2025-01-10,0.0,371,1,0,0.5612695752500518,-0.8130878682261569,Mainstream Buyers
C1905,Individual,James,Morris,1961-02-02,M,USA,Virginia,Home,1,No,Website,64,0,3,1180529.35,393509.7833333334,503790.55,1354.2933333333333,4062.88,3,2,1,2024-01-08,2025-01-06,0.333,364,2,2,-0.36954421243239394,1.5675880235141437,Premium / Global Investors
C1906,Individual,Michelle,Adams,1955-09-15,F,USA,California,Home,2,No,Agency,69,0,4,1487182.67,371795.6675,405665.29,1158.6325,4634.53,4,2,2,2024-01-02,2025-01-09,0.5,373,2,1,1.0689718569663855,-0.1063731603392722,Premium / Global Investors
C1907,Individual,Kyle,Wright,1950-12-03,M,USA,Colorado,Home,3,No,Website,74,0,4,1751481.15,437870.2875,545190.41,1349.2,5396.8,4,1,3,2024-01-06,2025-01-10,0.75,370,2,1,2.158967057835499,1.0495406616238,Premium / Global Investors
C1908,Individual,Andrea,Moore,1976-03-28,F,USA,California,Home,2,No,Website,49,0,4,1543714.5,385928.625,465488.76,1324.385,5297.54,4,3,1,2024-01-01,2025-01-02,0.25,367,2,1,1.3865016914051844,0.4556120370677151,Premium / Global Investors
C1909,Individual,Heather,Pierce,1985-04-12,F,USA,California,Investment,2,No,Agency,40,0,3,1238663.76,412887.92,579919.91,1313.16,3939.48,3,2,1,2024-01-04,2025-01-02,0.333,364,2,2,-0.338316910027882,1.654186295931366,Premium / Global Investors
C1910,Company,Telnox,Co,1985-04-10,M,USA,California,Home,2,Yes,Agency,40,1,4,816793.9099999999,204198.4775,270241.73,735.11,2940.44,4,4,0,2024-01-05,2025-01-03,0.0,364,1,0,-1.4796585969181761,-2.7721853283440905,Mainstream Buyers
C1911,Individual,Noah,Murray,1989-11-01,M,USA,California,Home,5,No,Agency,35,0,3,1195691.95,398563.9833333333,540051.95,1268.0466666666669,3804.14,3,3,0,2024-01-03,2025-01-01,0.0,364,2,2,-0.41689735306284303,1.2727266794989969,Premium / Global Investors
C1912,Individual,Amanda,Jackson,1954-07-26,F,USA,Utah,Investment,1,No,Website,70,0,3,863871.21,287957.07,354725.86,952.0733333333334,2856.2200000000003,3,1,2,2024-01-03,2025-01-03,0.667,366,1,0,-1.9101372047543836,-0.38428801777048477,Mainstream Buyers
C1913,Individual,Gary,King,1980-12-11,M,France,Provence,Home,5,No,Website,44,0,4,1210353.53,302588.3825,410180.27,972.245,3888.98,4,4,0,2024-01-05,2025-01-08,0.0,369,1,0,0.049339578426612046,-1.3284634931896133,Mainstream Buyers
C1914,Individual,Brenda,Gray,1993-08-24,F,UK,Scotland,Home,4,Yes,Website,31,1,3,1553786.78,517928.9266666667,608153.01,1584.7333333333331,4754.2,3,2,1,2024-01-08,2025-01-01,0.333,359,2,2,1.0545608505847794,3.316147938864563,Premium / Global Investors
C1915,Individual,Angela,Williams,1964-09-06,F,USA,Arizona,Investment,4,No,Client,60,0,3,1015184.58,338394.86,498329.2,1076.6899999999998,3230.07,3,2,1,2025-01-04,2025-01-11,0.333,7,3,0,-1.5519358087571025,0.5877631164844193,First-Time Buyers
C1916,Individual,Zachary,Weaver,1948-10-15,M,USA,California,Investment,2,No,Website,76,0,3,1257058.52,419019.50666666665,485832.54,1303.7766666666666,3911.33,3,3,0,2024-01-09,2025-01-12,0.0,369,2,2,-0.1147117565302555,1.4613728651718745,Premium / Global Investors
C1917,Individual,Angela,Montgomery,1971-09-16,F,Australia,New South Wales,Home,2,No,Client,53,0,4,1007433.23,251858.3075,371637.67,820.9224999999999,3283.69,4,4,0,2024-01-12,2025-01-11,0.0,365,1,0,-0.8572077529393665,-2.148192887852012,Mainstream Buyers
C1918,Individual,Dorothy,Murray,1940-09-17,F,USA,California,Home,1,No,Client,84,0,4,1019401.51,254850.3775,345383.67,765.6675,3062.67,4,2,2,2024-01-11,2025-01-09,0.5,364,1,0,-0.7431388438567861,-2.233670306961349,Mainstream Buyers
C1919,Company,Vantage,Co,1968-01-19,F,USA,Nevada,Investment,1,No,Website,57,0,4,1083015.76,270753.94,498317.73,929.2725,3717.09,4,4,0,2024-01-06,2025-01-12,0.0,372,1,0,-0.4848311244296243,-1.7038137066284609,Mainstream Buyers
C1920,Individual,Jonathan,Pierce,1969-10-26,M,Germany,North Rhine-Westphalia,Home,5,No,Agency,55,0,4,1523588.92,380897.23,577630.33,1278.045,5112.18,4,4,0,2024-01-05,2025-01-10,0.0,371,2,1,1.344575846669335,0.15773715279830502,Premium / Global Investors
C1921,Individual,Carolyn,Adams,1956-12-24,F,France,Provence,Home,5,No,Website,68,0,3,980793.68,326931.2266666666,366009.11,1089.46,3268.38,3,1,2,2024-01-12,2025-01-10,0.667,364,1,0,-1.2247664827278237,0.2394654947404545,Mainstream Buyers
C1922,Individual,Jessica,Garcia,1988-09-01,F,USA,California,Home,1,No,Agency,36,0,3,1549836.17,516612.0566666666,654336.12,1592.1233333333332,4776.37,3,3,0,2024-01-02,2024-01-12,0.0,10,2,2,0.6470549514164934,3.5968145562637996,Premium / Global Investors
C1923,Individual,Sarah,Cooper,1947-07-03,F,Mexico,Jalisco,Investment,1,Yes,Client,77,1,4,1302917.16,325729.29,414731.61,1140.38,4561.52,4,3,1,2024-01-06,2025-01-05,0.25,365,1,0,0.450471053488751,-0.6352424618019056,Mainstream Buyers
C1924,Individual,Joe,Cooper,1958-03-01,M,USA,California,Home,3,No,Client,67,0,4,1453954.37,363488.5925,486561.68,1253.3075,5013.23,4,4,0,2024-01-01,2025-01-07,0.0,372,2,1,1.1437553465308143,-0.08983756941591627,Premium / Global Investors
C1925,Individual,Jordan,Baker,1942-01-19,M,USA,Colorado,Home,2,No,Agency,83,0,4,1165252.94,291313.235,407382.75,1093.05,4372.2,4,3,1,2024-01-01,2024-01-12,0.25,11,3,0,-0.19717952819407192,-0.7784472832879308,First-Time Buyers
C1926,Individual,Joshua,Watson,1997-05-11,M,Mexico,Puebla,Home,1,Yes,Website,28,1,4,1238034.03,309508.5075,458341.23,1014.73,4058.92,4,3,1,2024-01-05,2025-01-01,0.25,362,1,0,-0.012150046257110999,-0.9106449007407591,Mainstream Buyers
C1927,Individual,Victoria,Long,1952-05-11,F,USA,California,Investment,1,Yes,Website,73,1,4,1325474.94,331368.735,496630.54,1280.6875,5122.75,4,4,0,2024-01-11,2025-01-09,0.0,364,1,1,0.7377143589291355,-0.2996228802822735,Mainstream Buyers
C1928,Individual,Paul,Scott,1998-02-20,M,Australia,New South Wales,Home,4,Yes,Client,27,1,3,741930.22,247310.07333333333,278982.99,736.0433333333334,2208.13,3,3,0,2024-01-01,2025-01-09,0.0,374,1,0,-2.6589581175753523,-1.404046943617843,Mainstream Buyers
C1929,Individual,Angela,Baker,1941-10-24,F,Mexico,Jalisco,Home,1,Yes,Agency,83,1,4,1329874.96,332468.74,437806.03,1127.175,4508.7,4,4,0,2024-01-02,2025-01-08,0.0,372,1,1,0.5268043356736649,-0.6898649325534353,Mainstream Buyers
C1930,Individual,Rachel,Adams,1966-01-22,F,USA,Colorado,Investment,3,No,Agency,59,0,4,1184992.23,296248.0575,507885.52,990.9875,3963.95,4,4,0,2024-01-09,2025-01-12,0.0,369,1,1,-0.07399983460446605,-1.3633152134214739,Mainstream Buyers
C1931,Individual,Melissa,Jackson,1995-01-05,F,USA,Utah,Home,5,Yes,Website,30,1,4,1323884.11,330971.0275,526514.11,1047.99,4191.96,4,4,0,2024-01-06,2025-01-08,0.0,368,1,1,0.39607247039464333,-0.8375756609441659,Mainstream Buyers
C1932,Individual,Dorothy,Allen,1962-05-13,F,USA,California,Investment,2,No,Website,63,0,4,1713149.19,428287.2975,551780.87,1342.1525,5368.610000000001,4,4,0,2024-01-01,2025-01-07,0.0,372,2,1,1.910468105714512,0.7563717621940464,Premium / Global Investors
C1933,Company,Oasis,Co,1994-05-04,F,Australia,Queensland,Home,1,No,Client,31,0,3,822428.05,274142.68333333335,413006.8,851.87,2555.61,3,2,1,2024-01-02,2025-01-10,0.333,374,1,0,-2.3547634298894167,-0.7128124814303366,Mainstream Buyers
C1934,Individual,Noah,Montgomery,1978-03-25,M,France,Ile-De-France,Investment,4,Yes,Client,47,1,4,1719384.46,429846.115,639415.77,1422.9925,5691.97,4,3,1,2024-01-01,2024-01-11,0.25,10,2,0,1.7099132826261867,1.429933172705962,Premium / Global Investors
C1935,Individual,Ashley,Young,1983-04-14,F,USA,Arizona,Home,5,No,Website,42,0,3,1205890.37,401963.4566666667,460353.21,1357.1933333333334,4071.58,3,2,1,2024-01-02,2025-01-10,0.333,374,2,2,-0.24663898489501204,1.5981187425777656,Premium / Global Investors
C1936,Individual,Jeffrey,Brown,1984-02-24,M,Russia,Krasnodar Krai,Home,1,Yes,Agency,41,1,3,965899.1,321966.3666666667,373735.42,992.22,2976.66,3,3,0,2024-01-08,2025-01-09,0.0,367,1,0,-1.6763886358784748,-0.019936382262170343,Mainstream Buyers
C1937,Individual,Ashley,Richardson,1961-03-16,F,USA,Arizona,Home,3,Yes,Website,64,1,4,1707838.06,426959.515,553235.72,1419.32,5677.28,4,3,1,2024-01-07,2025-01-11,0.25,370,2,1,2.0310082112271464,1.020125822993507,Premium / Global Investors
C1938,Individual,Peter,Anderson,1973-07-28,M,Canada,Quebec,Home,4,Yes,Website,51,1,3,1154671.2,384890.4,452275.63,1205.9633333333334,3617.89,3,2,1,2025-01-02,2025-01-09,0.333,7,3,2,-0.9230991211712569,1.4003074688574042,First-Time Buyers
C1939,Individual,Gloria,White,1979-09-06,F,USA,Florida,Investment,1,Yes,Agency,45,1,3,674304.95,224768.31666666665,327053.12,839.1433333333334,2517.4300000000003,3,3,0,2024-01-02,2024-01-11,0.0,9,3,0,-3.12803326434487,-1.0061152051327826,First-Time Buyers
C1940,Individual,Barbara,Turner,1997-01-02,F,Canada,Manitoba,Home,4,No,Agency,28,0,4,1403901.14,350975.28500000003,537290.74,1216.595,4866.38,4,4,0,2024-01-01,2024-01-11,0.0,10,3,0,0.4389909525958962,0.16904683807605644,First-Time Buyers
C1941,Individual,Maria,James,1943-05-20,F,USA,Nevada,Home,5,No,Client,82,0,4,1368615.25,342153.8125,446979.46,1140.38,4561.52,4,4,0,2024-01-03,2024-01-07,0.0,4,3,0,0.49739848165024686,-0.3445359473982987,First-Time Buyers
C1942,Company,Stratos,Co,1984-10-11,F,USA,Nevada,Home,2,Yes,Agency,40,1,3,1133984.52,377994.84,543673.09,1313.16,3939.48,3,3,0,2024-01-03,2025-01-01,0.0,364,2,0,-0.702651523631675,1.2769325430974063,Premium / Global Investors
C1943,Individual,Eric,Long,1973-04-01,M,USA,Arizona,Home,1,No,Website,52,0,3,967521.23,322507.07666666666,400543.99,1042.71,3128.13,3,3,0,2024-01-06,2025-01-09,0.0,369,1,0,-1.516395688468491,0.06279775111610182,Mainstream Buyers
C1944,Individual,Henry,Pierce,1986-02-15,M,USA,California,Investment,1,No,Website,39,0,4,1971083.93,492770.9825,607539.65,1602.67,6410.68,4,4,0,2024-01-03,2025-01-12,0.0,375,2,1,2.891260069149058,2.154827252831678,Premium / Global Investors
C1945,Individual,Sean,Johnson,1967-02-26,M,Mexico,Mexico City,Investment,3,No,Website,58,0,4,1112541.88,278135.47,404942.23,939.4875,3757.95,4,4,0,2024-01-04,2025-01-11,0.0,373,1,0,-0.2961963518196225,-1.6508276232121157,Mainstream Buyers
C1946,Individual,Mark,Bell,1955-01-15,M,USA,California,Home,1,No,Agency,70,0,3,1056227.37,352075.79000000004,450915.03,1111.25,3333.75,3,2,1,2024-01-02,2025-01-12,0.333,376,1,0,-1.0538535011937358,0.5135438811606093,Mainstream Buyers
C1947,Individual,Walter,Mitchell,1979-02-02,M,USA,Nevada,Home,3,No,Website,46,0,3,1247905.56,415968.52,470318.22,1328.47,3985.41,3,3,0,2024-01-04,2025-01-12,0.0,374,2,2,-0.19123162596296914,1.6052865339814515,Premium / Global Investors
C1948,Individual,Melissa,Harris,1955-01-04,F,USA,Arizona,Home,2,No,Agency,70,0,3,1530233.0,510077.6666666667,591831.53,1527.8633333333337,4583.59,3,3,0,2024-01-02,2025-01-07,0.0,371,2,2,0.9455574987416013,2.911494117560001,Premium / Global Investors
C1949,Individual,Christina,James,1955-07-20,F,USA,Colorado,Home,2,Yes,Agency,69,1,3,1020270.72,340090.24,489550.72,1274.52,3823.56,3,3,0,2024-01-05,2025-01-11,0.0,372,1,0,-1.0035914820894674,0.7202062055077857,Mainstream Buyers
C1950,Individual,Edward,Weaver,1975-03-27,M,USA,Ohio,Home,4,No,Agency,50,0,4,1033306.43,258326.6075,377128.4,933.355,3733.42,4,4,0,2024-01-06,2025-01-10,0.0,370,1,0,-0.5243801086128344,-1.8326685816628312,Mainstream Buyers
C1951,Individual,Alexander,Murray,1996-08-09,M,USA,Utah,Home,1,Yes,Website,28,1,4,1128864.17,282216.0425,454474.49,972.335,3889.34,4,3,1,2024-01-04,2025-01-10,0.25,372,1,0,-0.349985053841628,-1.2870631739438396,Mainstream Buyers
C1952,Company,Optima,Co,1992-06-05,M,USA,Nevada,Home,3,No,Agency,33,0,3,1235262.65,411754.2166666666,575463.2,1451.5366666666669,4354.610000000001,3,2,1,2024-01-01,2025-01-07,0.333,372,2,2,-0.12719527842369724,2.0385059635019234,Premium / Global Investors
C1953,Individual,Donald,Miller,1972-10-16,M,Germany,Bavaria,Home,1,Yes,Website,52,1,4,1199064.43,299766.1075,494656.28,946.6525,3786.61,4,2,2,2024-01-02,2025-01-04,0.5,368,1,0,-0.10807778476790508,-1.1956641866621716,Mainstream Buyers
C1954,Individual,Judy,Roberts,1966-03-09,F,Australia,Western Australia,Investment,3,No,Website,59,0,3,809731.0700000001,269910.3566666667,334529.95,899.9899999999999,2699.97,3,3,0,2024-01-02,2025-01-07,0.0,371,1,0,-2.1694705092025917,-0.8837911334225178,Mainstream Buyers
C1955,Individual,Benjamin,Wright,1998-05-20,M,Canada,Quebec,Home,1,No,Website,27,0,4,1707150.06,426787.515,462288.76,1380.26,5521.04,4,4,0,2024-01-05,2025-01-07,0.0,368,2,1,1.7739087608305184,1.0545511488600272,Premium / Global Investors
C1956,Individual,Julie,Weaver,1967-08-21,F,USA,Oregon,Home,2,No,Agency,57,0,4,1224023.79,306005.9475,608146.84,920.7075,3682.83,4,2,2,2024-01-01,2025-01-07,0.5,372,1,0,-0.05574428386464095,-1.2724214810683214,Mainstream Buyers
C1957,Individual,Adam,Howard,1962-09-24,M,USA,California,Home,4,Yes,Website,62,1,4,1318838.26,329709.565,430163.14,1150.2,4600.8,4,3,1,2024-01-04,2024-01-11,0.25,7,3,0,0.35795280961167597,-0.275364183944344,First-Time Buyers
C1958,Individual,Susan,Foster,1970-09-10,F,USA,California,Home,3,No,Website,54,0,4,1567012.19,391753.0475,640625.73,1287.0549999999998,5148.219999999999,4,4,0,2024-01-03,2025-01-01,0.0,364,2,1,1.4388383528247564,0.298532216168712,Premium / Global Investors
C1959,Individual,Judy,Morales,1942-02-20,F,USA,Texas,Home,1,No,Website,83,0,3,626084.02,208694.6733333333,304533.78,753.3133333333334,2259.94,3,3,0,2024-01-07,2024-01-12,0.0,5,3,0,-3.221003115287622,-1.5068596138199242,First-Time Buyers
C1960,Individual,Dorothy,Brown,1987-02-08,F,USA,Colorado,Home,2,Yes,Website,38,1,3,1196488.96,398829.6533333333,529520.87,1350.493333333333,4051.48,3,3,0,2024-01-05,2024-01-09,0.0,4,3,2,-0.753946524233547,1.8887499998443789,First-Time Buyers
C1961,Individual,William,Campbell,1994-09-26,M,USA,California,Home,5,No,Agency,30,0,4,1289265.38,322316.345,501471.56,1138.4975,4553.99,4,4,0,2024-01-10,2025-01-10,0.0,366,1,0,0.4550285555718498,-0.6789852606143928,Mainstream Buyers
C1962,Individual,Kimberly,Harris,1995-01-08,F,Mexico,Puebla,Home,5,No,Agency,30,0,3,971475.24,323825.08,398527.61,1108.1033333333332,3324.31,3,3,0,2024-01-06,2025-01-07,0.0,367,1,0,-1.4308795287182883,0.21231918389471396,Mainstream Buyers
C1963,Company,Terova,Co,1968-01-03,M,USA,Texas,Home,5,No,Website,57,0,3,983925.13,327975.04333333333,435919.77,1090.7733333333333,3272.32,3,3,0,2024-01-06,2025-01-06,0.0,366,1,0,-1.2426455802007061,0.10786369719329171,Mainstream Buyers
C1964,Individual,Kevin,Martin,1972-06-17,M,USA,Virginia,Home,5,No,Agency,53,0,3,1149434.67,383144.89,501520.52,1359.24,4077.72,3,2,1,2024-01-06,2025-01-05,0.333,365,2,2,-0.3856403985779352,1.4234778276361697,Premium / Global Investors
C1965,Individual,Sean,Wright,1997-09-01,M,USA,California,Home,4,No,Agency,27,0,3,1489053.39,496351.13,517834.79,1579.3133333333335,4737.9400000000005,3,2,1,2024-01-04,2024-01-09,0.333,5,2,2,0.5608236783729432,3.442918136501597,Premium / Global Investors
C1966,Individual,Ronald,Howard,1964-10-02,M,Canada,British Columbia,Home,1,No,Agency,60,0,4,1210176.2,302544.05,487865.86,1111.6475,4446.59,4,2,2,2024-01-10,2025-01-11,0.5,367,1,1,0.14414815040293597,-0.7600905963299517,Mainstream Buyers
C1967,Individual,Roger,Bryant,1957-09-10,M,USA,Oregon,Investment,4,No,Agency,67,0,3,747143.37,249047.79,340611.95,859.2633333333333,2577.79,3,3,0,2024-01-01,2024-01-06,0.0,5,3,0,-2.654824743238889,-0.88665361269885,First-Time Buyers
C1968,Individual,Judy,Griffin,1958-02-11,F,USA,California,Investment,3,Yes,Client,67,1,3,987718.99,329239.66333333333,421709.56,1072.7266666666667,3218.1800000000003,3,3,0,2024-01-01,2025-01-06,0.0,371,1,0,-1.3231385664905657,0.04453453081470936,Mainstream Buyers
C1969,Individual,Jesse,James,1993-06-14,M,USA,Colorado,Investment,2,Yes,Agency,32,1,4,1030940.43,257735.1075,462830.35,854.58,3418.32,4,3,1,2024-01-01,2025-01-10,0.25,375,1,0,-0.7700354063377053,-1.8712974952356216,Mainstream Buyers
C1970,Individual,Raymond,Howard,1978-02-25,M,USA,Arizona,Investment,4,Yes,Website,47,1,3,1346312.7000000002,448770.9000000001,576990.75,1361.743333333333,4085.23,3,2,1,2025-01-02,2025-01-11,0.333,9,3,2,-0.12104627814409197,2.3776967857135034,First-Time Buyers
C1971,Individual,Emma,Jordan,1976-07-18,F,USA,Virginia,Home,5,No,Website,48,0,3,673422.3200000001,224474.1066666667,274917.87,775.5666666666666,2326.7,3,3,0,2024-01-06,2025-01-07,0.0,367,1,0,-2.704018304252454,-1.6207734384747887,Mainstream Buyers
C1972,Individual,Carol,Wilson,1972-05-01,F,USA,California,Home,4,Yes,Website,53,1,3,943260.84,314420.28,478022.04,1077.3333333333333,3232.0,3,2,1,2024-01-01,2025-01-09,0.333,374,1,0,-1.4155453795677733,0.046593007898878096,Mainstream Buyers
C1973,Company,Oasis,Co,1993-09-13,M,USA,Washington,Home,4,Yes,Agency,31,1,4,1450499.68,362624.92,413926.08,1214.7825,4859.13,4,3,1,2024-01-01,2025-01-11,0.25,376,2,1,0.9605039479899966,0.005071560044555137,Premium / Global Investors
C1974,Individual,Keith,Peterson,1950-09-04,M,USA,Nevada,Home,5,Yes,Agency,74,1,4,968686.85,242171.7125,431287.44,809.6575,3238.63,4,3,1,2024-01-04,2025-01-09,0.25,371,1,0,-0.7299601186025522,-2.3487004934969615,Mainstream Buyers
C1975,Individual,Dorothy,Campbell,1975-05-08,F,Belgium,Wallonia,Home,4,No,Agency,50,0,3,985031.21,328343.73666666663,454364.35,1023.88,3071.6400000000003,3,2,1,2024-01-01,2025-01-05,0.333,370,1,0,-1.4407939227894784,0.07811005075531603,Mainstream Buyers
C1976,Individual,Albert,Wilson,1995-03-05,M,USA,Florida,Home,5,No,Client,30,0,4,1146120.65,286530.1625,503445.63,1030.29,4121.16,4,4,0,2024-01-06,2025-01-04,0.0,364,1,0,-0.10846849683084847,-1.2726932485151743,Mainstream Buyers
C1977,Individual,Jason,Bennett,1994-07-04,M,USA,Virginia,Home,1,No,Website,30,0,4,2001430.43,500357.6075,608264.77,1577.2325,6308.93,4,3,1,2024-01-01,2025-01-07,0.25,372,2,1,2.904339460743283,2.298415967562748,Premium / Global Investors
C1978,Company,Summit,Co,1967-06-02,F,USA,California,Investment,5,Yes,Website,58,1,3,1205900.67,401966.89,433524.31,1290.0866666666668,3870.26,3,2,1,2024-01-05,2025-01-07,0.333,368,2,2,-0.2694822907659548,1.3363158947693168,Premium / Global Investors
C1979,Individual,Brian,Richardson,1942-05-25,M,USA,Colorado,Home,3,Yes,Agency,83,1,4,1287568.79,321892.1975,430285.43,1014.73,4058.92,4,3,1,2024-01-02,2025-01-03,0.25,367,1,0,0.3870201345306888,-1.0560477194883096,Mainstream Buyers
C1980,Individual,Barbara,Green,1956-09-05,F,USA,Texas,Investment,4,No,Website,68,0,4,1579565.09,394891.2725,588343.01,1228.8325,4915.33,4,4,0,2024-01-03,2025-01-08,0.0,371,2,1,1.4437991932768381,0.10065338961370364,Premium / Global Investors
C1981,Individual,Sarah,Flores,1992-09-12,F,Canada,Quebec,Home,5,No,Agency,32,0,4,1440160.68,360040.17,498028.07,1245.935,4983.74,4,3,1,2024-01-01,2025-01-07,0.25,372,2,1,0.9664531880857437,0.021767149954383183,Premium / Global Investors
C1982,Individual,Jose,Long,1947-05-09,M,USA,California,Home,4,Yes,Website,78,1,3,1545398.56,515132.8533333333,553675.21,1669.3466666666666,5008.04,3,2,1,2024-01-01,2024-01-11,0.333,10,2,2,1.075186986266067,3.649248218409882,Premium / Global Investors
C1983,Individual,Ryan,Reed,1961-03-13,M,UK,Northern Ireland,Home,3,No,Website,64,0,4,1317304.52,329326.13,411125.74,1070.475,4281.9,4,3,1,2024-01-07,2025-01-10,0.25,369,1,1,0.4987991230432444,-0.7701831013262295,Mainstream Buyers
C1984,Individual,Jesse,Watson,1956-10-18,M,USA,California,Home,4,No,Website,68,0,3,846287.21,282095.73666666663,315840.76,994.52,2983.56,3,3,0,2024-01-01,2024-01-10,0.0,9,3,0,-2.083404634321654,-0.25848983567902234,First-Time Buyers
C1985,Individual,Gregory,Bell,1963-11-05,M,UK,Scotland,Home,1,Yes,Agency,61,1,4,1149379.86,287344.965,344251.82,1014.73,4058.92,4,2,2,2024-01-05,2025-01-12,0.5,373,1,0,-0.13931935210374105,-1.1649503717387468,Mainstream Buyers
C1986,Individual,Thomas,Griffin,1977-04-23,M,USA,New York,Investment,1,No,Website,48,0,4,1442798.93,360699.7325,524650.21,1153.5575,4614.23,4,4,0,2024-01-05,2025-01-10,0.0,371,2,1,0.8156719386579261,-0.23811427603760038,Premium / Global Investors
C1987,Individual,Douglas,Davis,1986-10-18,M,Belgium,Wallonia,Investment,5,No,Website,38,0,4,1316082.96,329020.74,515152.93,1104.1725,4416.69,4,3,1,2024-01-04,2025-01-12,0.25,374,1,1,0.506899971793906,-0.6670617288264571,Mainstream Buyers
C1988,Individual,Henry,Thompson,1994-09-19,M,USA,California,Home,5,Yes,Website,30,1,4,1301018.95,325254.7375,409994.99,972.245,3888.98,4,4,0,2024-01-11,2025-01-12,0.0,367,1,0,0.2937303398324471,-1.0940781072117218,Mainstream Buyers
C1989,Individual,William,Montgomery,1959-11-19,M,USA,Texas,Home,3,No,Agency,65,0,4,1380788.86,345197.215,505173.86,1135.325,4541.3,4,3,1,2024-01-08,2025-01-10,0.25,368,1,1,0.7451818332237778,-0.4586338842859912,Mainstream Buyers
C1990,Individual,Scott,Howard,1976-11-28,M,USA,Texas,Investment,5,No,Agency,48,0,3,1253745.81,417915.27,566711.76,1303.4733333333334,3910.42,3,3,0,2024-01-08,2025-01-03,0.0,361,2,2,-0.187174949794285,1.5041221949256498,Premium / Global Investors
C1991,Individual,Susan,Reed,1950-09-07,F,USA,California,Home,3,No,Website,74,0,4,1134341.88,283585.47,405445.85,900.39,3601.56,4,3,1,2024-01-02,2024-01-12,0.25,10,3,0,-0.5114972710285397,-1.3830713487605726,First-Time Buyers
C1992,Individual,Rachel,Hansen,1943-01-19,F,USA,Texas,Home,3,Yes,Website,82,1,3,1266058.76,422019.5866666666,471352.97,1445.08,4335.24,3,1,2,2024-01-11,2025-01-07,0.667,362,2,2,0.13896577674027683,2.0193640087399696,Premium / Global Investors
C1993,Individual,Douglas,Thompson,1985-09-06,M,USA,New York,Home,2,No,Website,39,0,3,1385369.38,461789.7933333333,549422.32,1454.41,4363.23,3,2,1,2025-01-04,2025-01-08,0.333,4,2,2,0.037649869630551835,2.8371137519279546,Premium / Global Investors
C1994,Individual,Nicole,Miller,1994-07-21,F,USA,Oregon,Investment,3,Yes,Website,30,1,3,1257875.21,419291.7366666666,498128.56,1454.41,4363.23,3,3,0,2024-01-09,2025-01-06,0.0,363,2,2,-0.1089529766480796,2.003937053551849,Premium / Global Investors
C1995,Individual,Michelle,Scott,1993-05-03,F,USA,California,Investment,4,No,Agency,32,0,4,1044043.64,261010.91,348872.01,905.7525,3623.01,4,3,1,2024-01-05,2025-01-07,0.25,368,1,0,-0.5995525418951786,-1.7855311846366728,Mainstream Buyers
C1996,Individual,Samantha,Brooks,1992-06-20,F,USA,Nevada,Home,1,Yes,Website,33,1,4,1151831.48,287957.87,568415.25,1027.325,4109.3,4,4,0,2024-01-01,2024-01-11,0.0,10,3,0,-0.5553096265576356,-0.8593929737956969,First-Time Buyers
C1997,Individual,Matthew,Cox,1942-09-27,M,USA,Arizona,Home,4,Yes,Website,82,1,4,1101825.4,275456.35,484864.24,910.42,3641.68,4,2,2,2024-01-09,2025-01-09,0.5,366,1,0,-0.1963849153145121,-1.7093398917575606,Mainstream Buyers
C1998,Individual,Mark,Patterson,1963-09-13,M,USA,Virginia,Home,5,Yes,Website,61,1,3,1023688.56,341229.52,431674.94,1140.4,3421.2,3,3,0,2024-01-02,2025-01-10,0.0,374,1,0,-1.0289031005342424,0.33751310489716724,Mainstream Buyers
C1999,Individual,Lawrence,Montgomery,1944-06-15,M,USA,Ohio,Home,4,Yes,Client,81,1,3,838587.38,279529.12666666665,455786.14,919.0466666666666,2757.14,3,3,0,2024-01-05,2025-01-07,0.0,368,1,0,-1.8991452855558715,-0.8345450824128283,Mainstream Buyers
C2000,Individual,Amanda,James,1996-03-24,F,USA,Georgia,Home,1,Yes,Agency,29,1,3,913528.5,304509.5,364977.97,1033.4833333333331,3100.45,3,3,0,2024-01-05,2024-01-06,0.0,1,3,0,-2.172016196526555,0.287916041959707,First-Time Buyers
