listing_id,tower_number,transaction_date,unit_category,unit_number,floor_area_sqft,sale_price,listing_status,client_ref,sale_price_clean
1012,1,2024-01-01,Apartment,12,1160.36,"$300,385.62",Sold,C0027,300385.62
1015,1,2024-01-01,Apartment,15,782.25,"$208,930.81",Sold,C0097,208930.81
1021,1,2024-01-01,Apartment,21,756.21,"$218,585.92",Sold,C0113,218585.92
1030,1,2024-01-01,Apartment,30,743.09,"$246,172.68",Sold,C0141,246172.68
2016,2,2024-01-01,Apartment,16,701.66,"$212,265.67",Sold,C0146,212265.67
2018,2,2024-01-01,Apartment,18,927.83,"$275,394.25",Sold,C0023,275394.25
2029,2,2024-01-01,Apartment,29,1109.25,"$310,223.29",Sold,C0040,310223.29
3006,3,2024-01-01,Apartment,6,1132.06,"$356,506.37",Sold,C0007,356506.37
3026,3,2024-01-01,Apartment,26,670.89,"$212,520.83",Sold,C0082,212520.83
3031,3,2024-01-01,Apartment,31,1596.35,"$407,214.29",Sold,C0038,407214.29
3035,3,2024-01-01,Apartment,35,781.07,"$269,278.57",Sold,C0107,269278.57
4039,4,2024-01-01,Apartment,39,785.48,"$216,826.00",Available,,216826.0
5015,5,2024-01-01,Apartment,15,798.5,"$237,680.88",Available,,237680.88
5033,5,2024-01-01,Apartment,33,798.28,"$240,539.35",Sold,C0049,240539.35
5046,5,2024-01-01,Apartment,46,798.28,"$230,216.22",Sold,C0161,230216.22
10005,1,2024-01-01,Apartment,1,748.06,"$222,435.93",Sold,C0396,222435.93
10012,1,2024-01-01,Apartment,2,715.67,"$199,315.51",Sold,C1809,199315.51
10021,1,2024-01-01,Apartment,3,788.73,"$285,972.38",Sold,C1508,285972.38
10032,1,2024-01-01,Apartment,4,633.61,"$179,987.43",Sold,C1572,179987.43
10035,1,2024-01-01,Apartment,4,633.61,"$166,623.12",Available,,166623.12
10052,1,2024-01-01,Apartment,6,740.75,"$233,361.41",Available,,233361.41
10105,1,2024-01-01,Office,13,719.47,"$211,336.04",Sold,C0628,211336.04
10108,1,2024-01-01,Apartment,14,1181.69,"$347,613.48",Sold,C0674,347613.48
10155,1,2024-01-01,Apartment,20,1146.24,"$336,600.53",Sold,C0909,336600.53
10168,1,2024-01-01,Apartment,21,1957.16,"$487,767.54",Sold,C0732,487767.54
10179,1,2024-01-01,Office,22,740.83,"$232,423.05",Sold,C1956,232423.05
10184,1,2024-01-01,Apartment,23,1201.5,"$322,459.21",Sold,C0760,322459.21
10186,1,2024-01-01,Office,23,1201.5,"$399,122.68",Available,,399122.68
10199,1,2024-01-01,Apartment,24,1146.11,"$328,475.64",Sold,C0661,328475.64
10208,1,2024-01-01,Office,24,1146.11,"$347,062.19",Sold,C1813,347062.19
10220,1,2024-01-01,Apartment,25,1154.92,"$372,242.47",Sold,C0431,372242.47
10222,1,2024-01-01,Apartment,25,1154.92,"$384,462.57",Sold,C0054,384462.57
10264,1,2024-01-01,Apartment,29,757.2,"$237,620.45",Sold,C1363,237620.45
10284,1,2024-01-01,Apartment,30,753.29,"$261,991.10",Available,,261991.1
10297,1,2024-01-01,Apartment,31,619.78,"$231,461.08",Sold,C1547,231461.08
10333,1,2024-01-01,Apartment,35,1168.59,"$339,117.71",Sold,C0442,339117.71
10335,1,2024-01-01,Apartment,36,613.59,"$165,522.54",Available,,165522.54
20016,2,2024-01-01,Apartment,2,788.72,"$251,478.61",Sold,C1969,251478.61
20040,2,2024-01-01,Apartment,4,1281.85,"$392,174.20",Available,,392174.2
20061,2,2024-01-01,Apartment,8,715.54,"$188,979.30",Sold,C0429,188979.3
20064,2,2024-01-01,Apartment,8,715.54,"$212,960.69",Sold,C1841,212960.69
20067,2,2024-01-01,Apartment,8,715.54,"$184,000.39",Sold,C0116,184000.39
20076,2,2024-01-01,Apartment,9,584.19,"$194,033.05",Sold,C1634,194033.05
20079,2,2024-01-01,Apartment,9,584.19,"$184,956.85",Sold,C1632,184956.85
20086,2,2024-01-01,Office,10,788.79,"$274,454.31",Available,,274454.31
20087,2,2024-01-01,Office,10,788.79,"$227,511.01",Sold,C1189,227511.01
20100,2,2024-01-01,Apartment,11,1625.05,"$523,288.27",Sold,C0962,523288.27
20102,2,2024-01-01,Apartment,11,1625.05,"$507,842.87",Sold,C0040,507842.87
20143,2,2024-01-01,Apartment,17,1397.4,"$418,864.27",Sold,C0102,418864.27
20174,2,2024-01-01,Apartment,20,727.55,"$223,964.08",Sold,C1168,223964.08
20225,2,2024-01-01,Apartment,25,943.48,"$313,123.78",Sold,C1924,313123.78
20231,2,2024-01-01,Apartment,26,1577.79,"$465,488.76",Sold,C1908,465488.76
20232,2,2024-01-01,Apartment,26,1577.79,"$483,760.31",Sold,C0502,483760.31
20234,2,2024-01-01,Apartment,26,1577.79,"$496,217.67",Sold,C1860,496217.67
20250,2,2024-01-01,Apartment,28,650.67,"$201,554.99",Sold,C0533,201554.99
20256,2,2024-01-01,Apartment,29,1107.33,"$362,974.97",Sold,C0791,362974.97
20282,2,2024-01-01,Apartment,33,931.4,"$340,373.72",Sold,C0738,340373.72
20286,2,2024-01-01,Apartment,33,931.4,"$344,306.60",Sold,C0173,344306.6
20367,2,2024-01-01,Apartment,43,1118.94,"$337,252.59",Available,,337252.59
20368,2,2024-01-01,Apartment,43,1118.94,"$311,723.42",Sold,C1310,311723.42
20384,2,2024-01-01,Apartment,46,697.74,"$191,398.42",Sold,C1996,191398.42
20392,2,2024-01-01,Apartment,46,697.74,"$221,686.72",Available,,221686.72
20421,2,2024-01-01,Apartment,47,708.32,"$199,377.29",Sold,C1839,199377.29
20428,2,2024-01-01,Apartment,49,1617.9,"$485,657.59",Sold,C0427,485657.59
20433,2,2024-01-01,Office,50,1604.8,"$535,383.27",Available,,535383.27
20484,2,2024-01-01,Apartment,56,722.22,"$197,039.82",Sold,C0046,197039.82
30016,3,2024-01-01,Apartment,1,689.75,"$231,937.37",Sold,C0374,231937.37
30057,3,2024-01-01,Apartment,6,668.89,"$203,633.01",Sold,C0570,203633.01
30066,3,2024-01-01,Apartment,7,744.01,"$163,682.20",Available,,163682.2
30088,3,2024-01-01,Apartment,9,1125.84,"$314,372.82",Sold,C1977,314372.82
30091,3,2024-01-01,Apartment,9,1125.84,"$361,782.84",Sold,C0182,361782.84
30119,3,2024-01-01,Apartment,10,784.09,"$245,282.25",Sold,C1570,245282.25
30190,3,2024-01-01,Apartment,20,802.97,"$227,392.48",Sold,C0532,227392.48
30203,3,2024-01-01,Apartment,21,1122.15,"$375,891.04",Sold,C1932,375891.04
30214,3,2024-01-01,Apartment,24,776.04,"$237,580.39",Sold,C0866,237580.39
30223,3,2024-01-01,Apartment,25,765.56,"$208,271.84",Sold,C1802,208271.84
30238,3,2024-01-01,Apartment,27,1117.14,"$331,813.63",Sold,C0006,331813.63
30257,3,2024-01-01,Apartment,28,679.93,"$199,964.39",Available,,199964.39
30298,3,2024-01-01,Apartment,36,733.45,"$255,632.56",Available,,255632.56
30344,3,2024-01-01,Office,42,1343.96,"$384,762.61",Sold,C1567,384762.61
30382,3,2024-01-01,Apartment,47,691.09,"$194,477.80",Sold,C0529,194477.8
30388,3,2024-01-01,Apartment,47,691.09,"$223,528.63",Sold,C1639,223528.63
30415,3,2024-01-01,Apartment,49,1174.48,"$337,065.29",Sold,C0778,337065.29
30427,3,2024-01-01,Apartment,49,1174.48,"$376,083.68",Sold,C1001,376083.68
30439,3,2024-01-01,Apartment,51,693.85,"$221,020.03",Sold,C1698,221020.03
30471,3,2024-01-01,Apartment,56,1179.42,"$375,142.73",Sold,C1312,375142.73
30474,3,2024-01-01,Apartment,56,1179.42,"$353,361.50",Sold,C0437,353361.5
30488,3,2024-01-01,Office,57,1607.94,"$532,909.35",Sold,C1012,532909.35
30505,3,2024-01-01,Apartment,58,1588.14,"$442,306.09",Sold,C1652,442306.09
30506,3,2024-01-01,Apartment,58,1588.14,"$495,478.74",Sold,C1788,495478.74
30508,3,2024-01-01,Apartment,59,1353.02,"$353,529.48",Sold,C1379,353529.48
30511,3,2024-01-01,Apartment,59,1353.02,"$443,089.55",Sold,C1262,443089.55
40008,4,2024-01-01,Apartment,1,1615.98,"$470,821.82",Sold,C1267,470821.82
40030,4,2024-01-01,Apartment,3,1630.82,"$495,465.48",Sold,C0699,495465.48
40052,4,2024-01-01,Apartment,5,786.98,"$242,144.72",Sold,C0391,242144.72
40092,4,2024-01-01,Office,12,789.38,"$253,171.59",Sold,C1972,253171.59
40102,4,2024-01-01,Apartment,13,809.06,"$241,164.92",Sold,C0979,241164.92
40126,4,2024-01-01,Apartment,15,760.39,"$202,489.60",Sold,C1314,202489.6
40142,4,2024-01-01,Apartment,17,780.68,"$242,054.22",Available,,242054.22
40154,4,2024-01-01,Apartment,18,1294.91,"$330,997.32",Sold,C0195,330997.32
40173,4,2024-01-01,Office,21,801.66,"$256,392.52",Sold,C0912,256392.52
40186,4,2024-01-01,Apartment,23,1110.99,"$363,974.20",Sold,C1488,363974.2
40255,4,2024-01-01,Apartment,30,1307.35,"$399,943.02",Sold,C1304,399943.02
40286,4,2024-01-01,Apartment,33,734.73,"$207,033.36",Sold,C1064,207033.36
40347,4,2024-01-01,Apartment,41,779.87,"$198,773.78",Available,,198773.78
40376,4,2024-01-01,Apartment,45,1160.48,"$373,889.70",Sold,C0490,373889.7
40408,4,2024-01-01,Office,46,800.23,"$248,776.66",Sold,C1127,248776.66
40410,4,2024-01-01,Apartment,47,805.88,"$216,571.38",Sold,C0036,216571.38
40437,4,2024-01-01,Apartment,51,802.11,"$217,380.34",Sold,C0552,217380.34
40439,4,2024-01-01,Office,51,802.11,"$232,641.21",Available,,232641.21
50017,5,2024-01-01,Apartment,4,799.1,"$259,367.12",Sold,C1746,259367.12
50023,5,2024-01-01,Apartment,4,799.1,"$266,288.33",Sold,C0454,266288.33
50028,5,2024-01-01,Apartment,6,775.85,"$208,908.94",Available,,208908.94
50064,5,2024-01-01,Apartment,9,793.56,"$227,070.24",Available,,227070.24
50076,5,2024-01-01,Apartment,10,629.27,"$194,958.35",Sold,C1749,194958.35
50114,5,2024-01-01,Apartment,14,624.96,"$211,361.79",Sold,C1677,211361.79
50154,5,2024-01-01,Apartment,20,804.84,"$231,233.66",Available,,231233.66
50173,5,2024-01-01,Apartment,23,1006.65,"$269,137.96",Sold,C0642,269137.96
50203,5,2024-01-01,Apartment,27,1278.6,"$366,303.84",Sold,C1862,366303.84
50204,5,2024-01-01,Apartment,27,1278.6,"$396,653.03",Sold,C0250,396653.03
50219,5,2024-01-01,Apartment,29,786.28,"$246,088.40",Available,,246088.4
50247,5,2024-01-01,Apartment,32,1051.39,"$340,611.95",Sold,C1967,340611.95
50249,5,2024-01-01,Apartment,33,1787.13,"$503,642.95",Sold,C1588,503642.95
50250,5,2024-01-01,Apartment,33,1787.13,"$499,753.60",Sold,C0227,499753.6
50272,5,2024-01-01,Apartment,36,627.56,"$184,648.29",Available,,184648.29
50293,5,2024-01-01,Apartment,39,591.14,"$165,812.56",Available,,165812.56
50314,5,2024-01-01,Apartment,41,630.83,"$168,855.20",Sold,C0999,168855.2
50330,5,2024-01-01,Apartment,42,791.2,"$212,618.56",Sold,C0290,212618.56
50357,5,2024-01-01,Apartment,44,806.03,"$237,203.75",Available,,237203.75
50358,5,2024-01-01,Apartment,44,806.03,"$261,814.63",Sold,C0919,261814.63
50370,5,2024-01-01,Apartment,45,608.89,"$192,992.54",Sold,C0780,192992.54
60019,6,2024-01-01,Office,1,1720.95,"$580,829.46",Available,,580829.46
60028,6,2024-01-01,Apartment,3,605.21,"$185,007.22",Sold,C1928,185007.22
60039,6,2024-01-01,Apartment,4,1925.28,"$514,067.14",Sold,C1274,514067.14
60054,6,2024-01-01,Apartment,5,1617.43,"$447,068.49",Sold,C0613,447068.49
60058,6,2024-01-01,Apartment,5,1617.43,"$466,754.91",Available,,466754.91
60080,6,2024-01-01,Apartment,7,1075.42,"$342,584.50",Available,,342584.5
60088,6,2024-01-01,Apartment,7,1075.42,"$315,829.36",Sold,C1975,315829.36
60131,6,2024-01-01,Apartment,10,942.08,"$255,614.83",Sold,C1695,255614.83
60141,6,2024-01-01,Apartment,12,1678.17,"$455,861.82",Sold,C1710,455861.82
60164,6,2024-01-01,Apartment,14,1890.0,"$494,576.31",Sold,C1470,494576.31
60174,6,2024-01-01,Apartment,15,1392.45,"$407,106.37",Sold,C0715,407106.37
60204,6,2024-01-01,Apartment,19,1542.71,"$451,237.67",Sold,C0159,451237.67
60243,6,2024-01-01,Apartment,24,1159.75,"$343,592.86",Sold,C1452,343592.86
60288,6,2024-01-01,Apartment,32,793.11,"$276,441.24",Sold,C1381,276441.24
60416,6,2024-01-01,Apartment,50,1579.99,"$530,260.93",Available,,530260.93
60469,6,2024-01-01,Apartment,55,562.37,"$166,043.13",Available,,166043.13
70003,7,2024-01-01,Apartment,1,759.04,"$227,804.43",Sold,C1572,227804.43
70062,7,2024-01-01,Apartment,10,1495.37,"$432,295.29",Sold,C1616,432295.29
70079,7,2024-01-01,Apartment,12,804.65,"$250,417.22",Available,,250417.22
70104,7,2024-01-01,Apartment,14,714.65,"$214,564.09",Sold,C0282,214564.09
70138,7,2024-01-01,Apartment,16,1239.87,"$421,526.61",Sold,C0501,421526.61
70157,7,2024-01-01,Apartment,19,751.07,"$223,691.45",Sold,C0200,223691.45
70217,7,2024-01-01,Apartment,24,852.99,"$260,906.28",Sold,C1459,260906.28
70229,7,2024-01-01,Apartment,25,573.8,"$163,464.75",Sold,C0294,163464.75
70231,7,2024-01-01,Apartment,25,573.8,"$159,778.30",Available,,159778.3
70241,7,2024-01-01,Apartment,27,768.05,"$238,610.14",Available,,238610.14
70249,7,2024-01-01,Office,28,694.55,"$222,809.93",Sold,C0950,222809.93
70277,7,2024-01-01,Apartment,32,1910.67,"$625,903.82",Sold,C1122,625903.82
70361,7,2024-01-01,Apartment,42,702.08,"$190,215.58",Sold,C0179,190215.58
70364,7,2024-01-01,Apartment,42,702.08,"$230,011.45",Available,,230011.45
70498,7,2024-01-01,Apartment,58,1629.83,"$450,994.89",Sold,C0962,450994.89
80028,8,2024-01-01,Apartment,4,1934.75,"$592,274.66",Sold,C0580,592274.66
80047,8,2024-01-01,Apartment,5,887.23,"$252,418.74",Sold,C1761,252418.74
80059,8,2024-01-01,Apartment,6,1370.17,"$382,048.18",Sold,C1168,382048.18
80089,8,2024-01-01,Apartment,9,1869.81,"$589,033.68",Sold,C0974,589033.68
80099,8,2024-01-01,Apartment,12,1430.46,"$365,031.27",Available,,365031.27
80111,8,2024-01-01,Apartment,14,685.93,"$227,037.75",Sold,C1891,227037.75
80124,8,2024-01-01,Apartment,14,685.93,"$182,975.25",Sold,C1764,182975.25
80147,8,2024-01-01,Office,18,1328.53,"$413,926.08",Sold,C1973,413926.08
80156,8,2024-01-01,Office,20,774.16,"$195,608.73",Sold,C1925,195608.73
80173,8,2024-01-01,Apartment,23,1114.67,"$355,617.53",Available,,355617.53
80179,8,2024-01-01,Apartment,25,1833.58,"$521,184.68",Sold,C0173,521184.68
80188,8,2024-01-01,Apartment,26,1625.38,"$453,762.41",Sold,C0813,453762.41
80271,8,2024-01-01,Apartment,33,1809.87,"$495,423.92",Available,,495423.92
80282,8,2024-01-01,Apartment,33,1809.87,"$499,781.62",Sold,C1515,499781.62
80303,8,2024-01-01,Apartment,35,529.26,"$151,756.68",Available,,151756.68
80307,8,2024-01-01,Apartment,36,673.86,"$212,527.02",Sold,C1235,212527.02
80312,8,2024-01-01,Apartment,36,673.86,"$204,867.41",Sold,C0848,204867.41
80327,8,2024-01-01,Apartment,37,890.65,"$276,605.41",Sold,C0942,276605.41
80339,8,2024-01-01,Apartment,37,890.65,"$195,943.00",Sold,C1940,195943.0
80378,8,2024-01-01,Office,45,1185.72,"$342,306.80",Available,,342306.8
80379,8,2024-01-01,Apartment,45,1185.72,"$364,629.72",Sold,C1844,364629.72
80396,8,2024-01-01,Apartment,46,1175.51,"$296,772.64",Sold,C0863,296772.64
80402,8,2024-01-01,Apartment,46,1175.51,"$283,442.68",Sold,C1556,283442.68
80418,8,2024-01-01,Apartment,48,480.99,"$140,920.90",Sold,C0071,140920.9
80450,8,2024-01-01,Apartment,53,1891.72,"$543,193.60",Sold,C0806,543193.6
80456,8,2024-01-01,Apartment,54,1699.02,"$543,500.27",Sold,C1880,543500.27
80457,8,2024-01-01,Apartment,54,1699.02,"$503,618.69",Sold,C0998,503618.69
80462,8,2024-01-01,Apartment,55,1300.05,"$369,856.38",Available,,369856.38
80465,8,2024-01-01,Apartment,55,1300.05,"$484,614.30",Sold,C1834,484614.3
80468,8,2024-01-01,Apartment,55,1300.05,"$434,169.98",Sold,C0436,434169.98
80469,8,2024-01-01,Office,55,1300.05,"$488,331.39",Sold,C0141,488331.39
80476,8,2024-01-01,Apartment,56,1874.7,"$526,682.25",Sold,C0570,526682.25
80484,8,2024-01-01,Apartment,56,1874.7,"$726,903.51",Sold,C1673,726903.51
80491,8,2024-01-01,Apartment,57,1949.35,"$609,563.43",Available,,609563.43
90042,9,2024-01-01,Apartment,8,1315.55,"$455,857.85",Available,,455857.85
90065,9,2024-01-01,Apartment,11,559.6,"$184,748.10",Available,,184748.1
90068,9,2024-01-01,Apartment,12,952.38,"$306,226.35",Sold,C0272,306226.35
90094,9,2024-01-01,Office,16,924.6,"$238,207.62",Sold,C1485,238207.62
90129,9,2024-01-01,Apartment,20,1664.76,"$467,860.91",Sold,C0866,467860.91
90145,9,2024-01-01,Apartment,22,1115.88,"$352,235.90",Sold,C0694,352235.9
90157,9,2024-01-01,Apartment,24,914.61,"$261,048.14",Sold,C0191,261048.14
90166,9,2024-01-01,Apartment,26,1038.39,"$309,260.78",Sold,C0466,309260.78
90172,9,2024-01-01,Apartment,26,1038.39,"$289,396.65",Available,,289396.65
90178,9,2024-01-01,Apartment,27,1207.33,"$381,557.37",Available,,381557.37
90184,9,2024-01-01,Office,27,1207.33,"$380,937.24",Sold,C0084,380937.24
90186,9,2024-01-01,Apartment,27,1207.33,"$355,852.39",Sold,C0201,355852.39
90195,9,2024-01-01,Apartment,29,1426.22,"$426,817.45",Available,,426817.45
90198,9,2024-01-01,Apartment,29,1426.22,"$353,758.33",Sold,C1814,353758.33
90226,9,2024-01-01,Apartment,33,973.52,"$286,269.59",Sold,C0109,286269.59
90240,9,2024-01-01,Apartment,34,1577.36,"$411,333.06",Sold,C1361,411333.06
90260,9,2024-01-01,Apartment,34,1577.36,"$455,434.65",Available,,455434.65
90276,9,2024-01-01,Apartment,35,1376.88,"$366,792.19",Sold,C0767,366792.19
90359,9,2024-01-01,Apartment,42,605.78,"$197,381.31",Sold,C1884,197381.31
90376,9,2024-01-01,Apartment,44,1351.57,"$364,019.33",Available,,364019.33
90396,9,2024-01-01,Apartment,47,1262.78,"$383,070.84",Sold,C1268,383070.84
90427,9,2024-01-01,Apartment,53,599.72,"$178,627.91",Sold,C0276,178627.91
90428,9,2024-01-01,Apartment,54,1693.18,"$500,160.52",Sold,C1245,500160.52
90430,9,2024-01-01,Apartment,54,1693.18,"$555,003.81",Sold,C1267,555003.81
90440,9,2024-01-01,Apartment,56,1516.4,"$453,127.52",Sold,C1070,453127.52
90444,9,2024-01-01,Apartment,56,1516.4,"$429,681.10",Available,,429681.1
90488,9,2024-01-01,Apartment,58,838.34,"$195,149.33",Available,,195149.33
90501,9,2024-01-01,Apartment,58,838.34,"$236,365.70",Sold,C1345,236365.7
90511,9,2024-01-01,Apartment,58,838.34,"$191,641.45",Sold,C1952,191641.45
100053,10,2024-01-01,Apartment,5,1741.96,"$500,277.62",Sold,C0822,500277.62
100077,10,2024-01-01,Apartment,9,1849.4,"$539,103.37",Sold,C0224,539103.37
100086,10,2024-01-01,Apartment,11,1675.44,"$521,136.09",Sold,C1068,521136.09
100110,10,2024-01-01,Apartment,14,1318.01,"$344,813.48",Sold,C1458,344813.48
100139,10,2024-01-01,Apartment,18,1244.03,"$349,877.50",Sold,C0876,349877.5
100145,10,2024-01-01,Apartment,19,948.04,"$337,939.26",Available,,337939.26
100154,10,2024-01-01,Apartment,19,948.04,"$246,873.77",Available,,246873.77
100170,10,2024-01-01,Apartment,22,1116.68,"$330,051.37",Available,,330051.37
100217,10,2024-01-01,Apartment,27,777.35,"$225,796.07",Sold,C0206,225796.07
100230,10,2024-01-01,Apartment,28,1606.58,"$532,017.08",Sold,C0878,532017.08
100231,10,2024-01-01,Apartment,28,1606.58,"$425,307.32",Available,,425307.32
100260,10,2024-01-01,Office,31,1499.0,"$449,151.55",Sold,C0568,449151.55
100311,10,2024-01-01,Apartment,37,1177.85,"$413,750.47",Sold,C1776,413750.47
100318,10,2024-01-01,Apartment,38,476.64,"$159,970.07",Sold,C0938,159970.07
100319,10,2024-01-01,Apartment,38,476.64,"$143,209.81",Sold,C1301,143209.81
100320,10,2024-01-01,Apartment,38,476.64,"$156,338.43",Sold,C0797,156338.43
100327,10,2024-01-01,Apartment,39,1188.51,"$335,208.16",Available,,335208.16
100330,10,2024-01-01,Apartment,39,1188.51,"$365,737.57",Available,,365737.57
100340,10,2024-01-01,Apartment,41,1750.64,"$555,908.57",Available,,555908.57
100355,10,2024-01-01,Apartment,43,1093.67,"$366,202.32",Sold,C0520,366202.32
100366,10,2024-01-01,Apartment,43,1093.67,"$338,104.13",Sold,C0869,338104.13
100374,10,2024-01-01,Apartment,43,1093.67,"$307,958.64",Sold,C1984,307958.64
100375,10,2024-01-01,Apartment,44,1224.71,"$332,253.48",Sold,C0772,332253.48
100392,10,2024-01-01,Apartment,45,1119.1,"$284,280.68",Sold,C1530,284280.68
100406,10,2024-01-01,Office,47,1047.27,"$289,433.18",Available,,289433.18
110009,11,2024-01-01,Apartment,1,1902.88,"$623,754.36",Sold,C0274,623754.36
110049,11,2024-01-01,Apartment,6,1724.08,"$576,648.23",Available,,576648.23
110054,11,2024-01-01,Apartment,6,1724.08,"$501,939.76",Sold,C0594,501939.76
110061,11,2024-01-01,Apartment,7,1734.79,"$512,135.16",Sold,C0642,512135.16
110100,11,2024-01-01,Apartment,11,1581.88,"$508,552.39",Sold,C1878,508552.39
110130,11,2024-01-01,Apartment,14,524.68,"$136,179.62",Sold,C0207,136179.62
110173,11,2024-01-01,Apartment,18,1562.55,"$470,855.22",Available,,470855.22
110200,11,2024-01-01,Apartment,23,1098.83,"$324,271.22",Sold,C0769,324271.22
110205,11,2024-01-01,Apartment,24,1481.82,"$460,231.54",Sold,C0985,460231.54
110226,11,2024-01-01,Apartment,27,1638.1,"$432,388.36",Sold,C1224,432388.36
110233,11,2024-01-01,Office,29,993.51,"$312,573.06",Sold,C0471,312573.06
110246,11,2024-01-01,Apartment,29,993.51,"$340,093.67",Sold,C1521,340093.67
110255,11,2024-01-01,Apartment,30,642.72,"$178,243.97",Sold,C0604,178243.97
110290,11,2024-01-01,Apartment,35,540.82,"$143,000.82",Sold,C0149,143000.82
110299,11,2024-01-01,Office,37,1368.16,"$451,844.69",Sold,C1297,451844.69
110332,11,2024-01-01,Apartment,40,638.97,"$167,129.85",Sold,C1222,167129.85
110338,11,2024-01-01,Apartment,42,808.59,"$275,616.80",Available,,275616.8
110351,11,2024-01-01,Apartment,42,808.59,"$234,472.30",Available,,234472.3
110371,11,2024-01-01,Apartment,44,434.38,"$108,921.54",Sold,C0993,108921.54
110380,11,2024-01-01,Apartment,44,434.38,"$144,762.45",Sold,C1167,144762.45
110402,11,2024-01-01,Apartment,48,661.7,"$189,978.51",Available,,189978.51
110440,11,2024-01-01,Apartment,52,1397.58,"$458,054.04",Sold,C0448,458054.04
110447,11,2024-01-01,Apartment,52,1397.58,"$362,828.72",Sold,C0212,362828.72
110452,11,2024-01-01,Apartment,52,1397.58,"$418,331.00",Sold,C0320,418331.0
110478,11,2024-01-01,Apartment,56,724.8,"$221,884.06",Sold,C0180,221884.06
110494,11,2024-01-01,Apartment,58,1159.31,"$317,901.09",Sold,C1385,317901.09
110514,11,2024-01-01,Office,61,1299.46,"$407,363.80",Sold,C0056,407363.8
110518,11,2024-01-01,Office,61,1299.46,"$349,404.33",Sold,C0534,349404.33
110525,11,2024-01-01,Office,62,1938.82,"$656,172.49",Available,,656172.49
110551,11,2024-01-01,Apartment,64,1916.26,"$593,841.38",Available,,593841.38
110558,11,2024-01-01,Apartment,65,1427.09,"$500,988.76",Sold,C0861,500988.76
120015,12,2024-01-01,Apartment,2,1285.87,"$370,422.47",Available,,370422.47
120034,12,2024-01-01,Apartment,3,1469.27,"$546,898.19",Available,,546898.19
120056,12,2024-01-01,Apartment,6,1347.8,"$420,572.80",Available,,420572.8
120071,12,2024-01-01,Apartment,8,1803.36,"$500,097.39",Available,,500097.39
120094,12,2024-01-01,Office,12,959.05,"$288,890.05",Sold,C0858,288890.05
120120,12,2024-01-01,Apartment,14,1369.96,"$445,754.21",Sold,C1076,445754.21
120197,12,2024-01-01,Apartment,22,892.67,"$269,005.90",Sold,C0728,269005.9
120237,12,2024-01-01,Apartment,25,1540.51,"$480,266.48",Sold,C0078,480266.48
120271,12,2024-01-01,Apartment,29,688.73,"$165,789.68",Sold,C0615,165789.68
120315,12,2024-01-01,Office,34,1817.64,"$630,134.29",Available,,630134.29
120320,12,2024-01-01,Apartment,35,1690.62,"$489,195.22",Available,,489195.22
120326,12,2024-01-01,Apartment,35,1690.62,"$371,936.40",Sold,C0145,371936.4
120331,12,2024-01-01,Apartment,35,1690.62,"$530,746.82",Available,,530746.82
120351,12,2024-01-01,Apartment,38,1157.23,"$343,865.15",Sold,C0264,343865.15
120373,12,2024-01-01,Apartment,39,1653.93,"$596,471.37",Sold,C0203,596471.37
120383,12,2024-01-01,Office,43,1893.23,"$595,281.62",Sold,C0909,595281.62
120384,12,2024-01-01,Apartment,44,635.36,"$222,895.04",Sold,C1101,222895.04
130031,13,2024-01-01,Apartment,2,1651.02,"$520,934.42",Sold,C1813,520934.42
130033,13,2024-01-01,Apartment,2,1651.02,"$506,031.70",Sold,C1487,506031.7
130039,13,2024-01-01,Apartment,3,979.64,"$277,095.12",Sold,C0696,277095.12
130046,13,2024-01-01,Apartment,4,1629.74,"$508,492.43",Sold,C1220,508492.43
130114,13,2024-01-01,Apartment,14,777.75,"$202,719.39",Sold,C0225,202719.39
130129,13,2024-01-01,Apartment,15,458.29,"$148,440.79",Sold,C1368,148440.79
130145,13,2024-01-01,Apartment,17,1278.95,"$377,532.64",Available,,377532.64
130153,13,2024-01-01,Apartment,17,1278.95,"$355,143.03",Sold,C1529,355143.03
130175,13,2024-01-01,Apartment,20,516.72,"$136,913.45",Sold,C1364,136913.45
130184,13,2024-01-01,Apartment,20,516.72,"$174,535.33",Available,,174535.33
130199,13,2024-01-01,Apartment,22,1811.36,"$536,988.38",Sold,C1659,536988.38
130251,13,2024-01-01,Apartment,29,568.7,"$150,790.34",Sold,C0280,150790.34
130293,13,2024-01-01,Apartment,33,1445.84,"$443,358.25",Sold,C0062,443358.25
130326,13,2024-01-01,Apartment,37,1555.67,"$500,885.96",Sold,C0782,500885.96
130327,13,2024-01-01,Apartment,37,1555.67,"$546,737.23",Available,,546737.23
130333,13,2024-01-01,Apartment,37,1555.67,"$458,458.71",Sold,C1580,458458.71
130359,13,2024-01-01,Office,40,571.5,"$209,522.60",Available,,209522.6
130365,13,2024-01-01,Apartment,40,571.5,"$197,250.40",Sold,C1239,197250.4
130385,13,2024-01-01,Apartment,43,1875.83,"$599,817.91",Sold,C1263,599817.91
130445,13,2024-01-01,Apartment,49,572.01,"$163,367.50",Sold,C0726,163367.5
130454,13,2024-01-01,Apartment,51,1253.03,"$394,529.19",Available,,394529.19
130461,13,2024-01-01,Apartment,53,968.77,"$263,567.44",Sold,C1720,263567.44
130503,13,2024-01-01,Apartment,58,1115.72,"$332,388.13",Available,,332388.13
130514,13,2024-01-01,Apartment,59,1434.04,"$484,604.41",Sold,C0316,484604.41
130579,13,2024-01-01,Apartment,67,524.97,"$187,112.07",Available,,187112.07
130590,13,2024-01-01,Apartment,68,1590.69,"$429,908.37",Sold,C1728,429908.37
130597,13,2024-01-01,Apartment,70,750.41,"$229,357.30",Sold,C0562,229357.3
130598,13,2024-01-01,Apartment,70,750.41,"$226,404.55",Sold,C0859,226404.55
130605,13,2024-01-01,Apartment,70,750.41,"$214,317.33",Available,,214317.33
140010,14,2024-01-01,Apartment,2,922.7,"$288,742.14",Sold,C1902,288742.14
140020,14,2024-01-01,Apartment,4,1797.81,"$562,346.60",Available,,562346.6
140038,14,2024-01-01,Apartment,6,1733.36,"$470,883.03",Sold,C0605,470883.03
140039,14,2024-01-01,Office,6,1733.36,"$605,216.52",Sold,C1631,605216.52
140047,14,2024-01-01,Apartment,8,618.89,"$201,483.41",Sold,C0232,201483.41
140065,14,2024-01-01,Apartment,9,803.5,"$230,797.14",Available,,230797.14
140097,14,2024-01-01,Apartment,12,459.44,"$152,649.29",Sold,C1473,152649.29
140110,14,2024-01-01,Apartment,12,459.44,"$146,928.09",Sold,C0283,146928.09
140115,14,2024-01-01,Apartment,13,442.74,"$134,160.06",Sold,C1766,134160.06
140129,14,2024-01-01,Apartment,14,1628.68,"$417,246.26",Sold,C0364,417246.26
140135,14,2024-01-01,Office,15,784.04,"$217,519.47",Sold,C1844,217519.47
140138,14,2024-01-01,Apartment,15,784.04,"$268,602.42",Sold,C0495,268602.42
140147,14,2024-01-01,Office,16,915.37,"$282,820.55",Sold,C0140,282820.55
140173,14,2024-01-01,Apartment,18,500.17,"$135,280.40",Sold,C0131,135280.4
140178,14,2024-01-01,Office,18,500.17,"$174,301.38",Sold,C0374,174301.38
140195,14,2024-01-01,Apartment,22,1148.66,"$332,434.49",Sold,C1880,332434.49
140212,14,2024-01-01,Apartment,23,1610.37,"$479,775.72",Sold,C0436,479775.72
140239,14,2024-01-01,Apartment,27,1866.49,"$605,282.42",Sold,C0182,605282.42
140261,14,2024-01-01,Apartment,29,1618.34,"$478,344.13",Sold,C1981,478344.13
140278,14,2024-01-01,Apartment,33,1894.96,"$566,261.62",Sold,C1095,566261.62
140349,14,2024-01-01,Office,42,1350.7,"$373,273.49",Available,,373273.49
140359,14,2024-01-01,Apartment,43,520.49,"$159,253.52",Sold,C1868,159253.52
140388,14,2024-01-01,Apartment,47,917.53,"$291,377.40",Sold,C0191,291377.4
140397,14,2024-01-01,Apartment,48,1941.78,"$551,576.91",Available,,551576.91
140420,14,2024-01-01,Apartment,51,1346.3,"$336,483.03",Sold,C1413,336483.03
140445,14,2024-01-01,Apartment,52,571.74,"$155,288.67",Available,,155288.67
140460,14,2024-01-01,Apartment,55,1415.9,"$438,730.04",Available,,438730.04
150002,15,2024-01-01,Office,1,1596.51,"$481,918.59",Sold,C1780,481918.59
150020,15,2024-01-01,Apartment,2,1522.89,"$451,659.51",Sold,C1412,451659.51
150039,15,2024-01-01,Apartment,6,938.57,"$251,588.73",Sold,C1793,251588.73
150044,15,2024-01-01,Apartment,6,938.57,"$299,245.20",Sold,C0002,299245.2
150046,15,2024-01-01,Apartment,7,1113.85,"$352,782.33",Available,,352782.33
150054,15,2024-01-01,Apartment,9,565.48,"$192,609.64",Sold,C0103,192609.64
150135,15,2024-01-01,Apartment,17,562.64,"$150,397.94",Sold,C0897,150397.94
150214,15,2024-01-01,Apartment,24,924.36,"$295,445.16",Available,,295445.16
150278,15,2024-01-01,Apartment,34,1304.22,"$429,339.15",Available,,429339.15
150311,15,2024-01-01,Apartment,35,745.49,"$251,330.42",Sold,C1346,251330.42
150322,15,2024-01-01,Apartment,38,585.57,"$171,414.44",Available,,171414.44
150365,15,2024-01-01,Apartment,44,1713.09,"$506,373.41",Sold,C0907,506373.41
150377,15,2024-01-01,Apartment,48,1403.33,"$491,342.08",Sold,C1311,491342.08
150396,15,2024-01-01,Apartment,50,1841.5,"$466,293.15",Sold,C0882,466293.15
150411,15,2024-01-01,Apartment,52,829.2,"$274,212.09",Sold,C0114,274212.09
150446,15,2024-01-01,Apartment,55,892.75,"$273,200.87",Sold,C1029,273200.87
150454,15,2024-01-01,Apartment,55,892.75,"$260,820.76",Available,,260820.76
150482,15,2024-01-01,Apartment,57,429.34,"$146,531.33",Sold,C1615,146531.33
150487,15,2024-01-01,Apartment,58,1750.89,"$502,145.17",Sold,C0895,502145.17
150499,15,2024-01-01,Apartment,59,1286.47,"$377,298.62",Available,,377298.62
150510,15,2024-01-01,Apartment,60,1033.2,"$265,735.20",Available,,265735.2
160032,16,2024-01-01,Office,5,749.15,"$244,913.49",Sold,C1636,244913.49
160045,16,2024-01-01,Apartment,6,1062.34,"$340,711.24",Sold,C0903,340711.24
160055,16,2024-01-01,Apartment,7,941.57,"$281,344.37",Sold,C1545,281344.37
160056,16,2024-01-01,Apartment,7,941.57,"$267,559.14",Sold,C1734,267559.14
160092,16,2024-01-01,Apartment,10,1608.56,"$402,014.83",Sold,C0092,402014.83
160113,16,2024-01-01,Apartment,12,549.98,"$164,788.04",Available,,164788.04
160152,16,2024-01-01,Apartment,19,1163.06,"$362,023.29",Sold,C1675,362023.29
160169,16,2024-01-01,Apartment,21,837.95,"$278,052.48",Available,,278052.48
160179,16,2024-01-01,Apartment,22,1575.06,"$506,852.64",Sold,C0575,506852.64
160182,16,2024-01-01,Apartment,22,1575.06,"$494,969.30",Sold,C0535,494969.3
160224,16,2024-01-01,Office,27,1164.55,"$395,005.44",Sold,C1409,395005.44
160240,16,2024-01-01,Apartment,28,1440.71,"$434,559.42",Sold,C0867,434559.42
160245,16,2024-01-01,Apartment,28,1440.71,"$468,372.55",Sold,C1747,468372.55
160258,16,2024-01-01,Apartment,30,1024.75,"$324,503.53",Sold,C1464,324503.53
160273,16,2024-01-01,Office,33,881.17,"$314,026.20",Sold,C0935,314026.2
160279,16,2024-01-01,Apartment,33,881.17,"$260,142.62",Sold,C1449,260142.62
160297,16,2024-01-01,Office,35,629.97,"$191,185.49",Available,,191185.49
160383,16,2024-01-01,Apartment,44,1695.03,"$489,696.05",Available,,489696.05
170043,17,2024-01-01,Apartment,5,1829.38,"$527,700.01",Sold,C0252,527700.01
170054,17,2024-01-01,Apartment,7,1300.91,"$350,173.43",Sold,C0181,350173.43
170141,17,2024-01-01,Office,16,1693.0,"$441,387.41",Sold,C1176,441387.41
170154,17,2024-01-01,Apartment,16,1693.0,"$502,269.25",Sold,C1709,502269.25
170160,17,2024-01-01,Apartment,17,1827.25,"$443,019.30",Sold,C1264,443019.3
170202,17,2024-01-01,Apartment,23,1025.52,"$282,702.48",Available,,282702.48
170208,17,2024-01-01,Apartment,23,1025.52,"$337,329.51",Sold,C0220,337329.51
170232,17,2024-01-01,Office,27,677.24,"$202,422.00",Sold,C1093,202422.0
170248,17,2024-01-01,Apartment,28,1201.04,"$366,605.62",Sold,C1586,366605.62
170260,17,2024-01-01,Office,31,1806.06,"$569,841.56",Sold,C0320,569841.56
170265,17,2024-01-01,Apartment,32,954.54,"$259,309.56",Sold,C1757,259309.56
170293,17,2024-01-01,Apartment,35,1667.01,"$458,755.73",Sold,C0889,458755.73
170306,17,2024-01-01,Apartment,38,721.83,"$225,181.51",Sold,C0548,225181.51
170321,17,2024-01-01,Apartment,39,1341.67,"$421,709.56",Sold,C1968,421709.56
170324,17,2024-01-01,Apartment,39,1341.67,"$423,674.34",Available,,423674.34
170343,17,2024-01-01,Apartment,42,691.03,"$184,522.13",Available,,184522.13
170360,17,2024-01-01,Apartment,46,1582.61,"$485,985.10",Available,,485985.1
170377,17,2024-01-01,Apartment,47,1106.83,"$351,467.32",Available,,351467.32
170387,17,2024-01-01,Apartment,48,1833.96,"$516,604.40",Sold,C1499,516604.4
170396,17,2024-01-01,Apartment,48,1833.96,"$496,119.12",Available,,496119.12
170400,17,2024-01-01,Office,48,1833.96,"$489,522.49",Available,,489522.49
170415,17,2024-01-01,Apartment,48,1833.96,"$550,183.44",Available,,550183.44
180039,18,2024-01-01,Apartment,4,1096.58,"$339,363.31",Available,,339363.31
180062,18,2024-01-01,Apartment,7,505.94,"$158,877.31",Available,,158877.31
180074,18,2024-01-01,Apartment,9,894.92,"$259,035.41",Available,,259035.41
180086,18,2024-01-01,Apartment,12,1692.5,"$496,160.88",Sold,C1559,496160.88
180092,18,2024-01-01,Office,12,1692.5,"$439,842.21",Sold,C1630,439842.21
180100,18,2024-01-01,Office,14,1742.3,"$537,075.78",Sold,C0644,537075.78
180104,18,2024-01-01,Apartment,14,1742.3,"$486,547.76",Available,,486547.76
180115,18,2024-01-01,Apartment,15,1728.6,"$539,864.09",Sold,C1982,539864.09
180140,18,2024-01-01,Apartment,18,1127.95,"$407,937.44",Available,,407937.44
180153,18,2024-01-01,Apartment,20,1631.48,"$528,510.90",Sold,C0686,528510.9
180157,18,2024-01-01,Apartment,21,1790.69,"$537,494.24",Available,,537494.24
180161,18,2024-01-01,Office,21,1790.69,"$575,175.80",Sold,C0560,575175.8
180165,18,2024-01-01,Apartment,22,1108.09,"$352,780.59",Sold,C1435,352780.59
180185,18,2024-01-01,Apartment,25,911.94,"$234,310.70",Sold,C1508,234310.7
180192,18,2024-01-01,Apartment,25,911.94,"$284,149.74",Sold,C0615,284149.74
180201,18,2024-01-01,Apartment,26,1147.71,"$338,232.19",Sold,C0401,338232.19
180262,18,2024-01-01,Apartment,30,1795.66,"$482,951.02",Sold,C1351,482951.02
180313,18,2024-01-01,Apartment,36,1089.77,"$333,059.43",Available,,333059.43
180323,18,2024-01-01,Apartment,38,1219.8,"$342,597.24",Sold,C0172,342597.24
180348,18,2024-01-01,Office,40,990.46,"$258,292.30",Sold,C1900,258292.3
180352,18,2024-01-01,Apartment,40,990.46,"$286,888.50",Sold,C1039,286888.5
180378,18,2024-01-01,Apartment,42,1045.42,"$272,247.83",Sold,C0588,272247.83
180381,18,2024-01-01,Apartment,42,1045.42,"$303,555.82",Available,,303555.82
180395,18,2024-01-01,Apartment,45,1627.52,"$488,081.56",Sold,C0325,488081.56
180398,18,2024-01-01,Office,45,1627.52,"$490,429.65",Sold,C0032,490429.65
180402,18,2024-01-01,Apartment,45,1627.52,"$368,888.52",Sold,C1446,368888.52
180406,18,2024-01-01,Apartment,45,1627.52,"$518,136.39",Sold,C0445,518136.39
180414,18,2024-01-01,Apartment,47,520.85,"$168,344.73",Sold,C0294,168344.73
180428,18,2024-01-01,Apartment,48,564.59,"$146,766.78",Sold,C1113,146766.78
180453,18,2024-01-01,Apartment,51,1527.31,"$416,655.75",Sold,C0173,416655.75
180484,18,2024-01-01,Apartment,54,1756.12,"$544,990.20",Sold,C1247,544990.2
180491,18,2024-01-01,Apartment,54,1756.12,"$585,515.42",Sold,C1161,585515.42
180498,18,2024-01-01,Apartment,55,930.04,"$300,267.48",Available,,300267.48
180524,18,2024-01-01,Apartment,58,955.23,"$277,619.99",Sold,C0493,277619.99
180536,18,2024-01-01,Apartment,61,1019.7,"$278,150.04",Sold,C0585,278150.04
180545,18,2024-01-01,Apartment,62,1330.41,"$481,595.93",Available,,481595.93
180558,18,2024-01-01,Apartment,65,996.32,"$302,341.10",Sold,C1706,302341.1
180560,18,2024-01-01,Apartment,66,1631.24,"$548,635.70",Sold,C1100,548635.7
180572,18,2024-01-01,Office,66,1631.24,"$522,844.12",Sold,C1109,522844.12
190065,19,2024-01-01,Apartment,10,747.71,"$235,714.90",Sold,C0782,235714.9
190080,19,2024-01-01,Apartment,12,1163.99,"$351,508.85",Sold,C1046,351508.85
190083,19,2024-01-01,Apartment,13,766.61,"$253,393.14",Sold,C1498,253393.14
190112,19,2024-01-01,Apartment,16,1711.98,"$393,988.35",Sold,C0807,393988.35
190132,19,2024-01-01,Apartment,18,1599.44,"$465,791.79",Sold,C0289,465791.79
190139,19,2024-01-01,Apartment,18,1599.44,"$351,876.80",Available,,351876.8
190195,19,2024-01-01,Apartment,24,620.51,"$163,296.22",Sold,C1283,163296.22
190198,19,2024-01-01,Apartment,24,620.51,"$188,692.55",Sold,C0299,188692.55
190209,19,2024-01-01,Apartment,25,996.38,"$335,632.91",Sold,C1275,335632.91
190213,19,2024-01-01,Apartment,26,668.24,"$194,986.69",Sold,C0865,194986.69
190228,19,2024-01-01,Apartment,26,668.24,"$224,209.55",Sold,C0690,224209.55
190229,19,2024-01-01,Apartment,27,1691.96,"$598,112.26",Sold,C0255,598112.26
190260,19,2024-01-01,Office,30,673.27,"$193,435.91",Available,,193435.91
190278,19,2024-01-01,Apartment,32,1048.61,"$291,311.69",Sold,C0399,291311.69
190293,19,2024-01-01,Apartment,35,1099.62,"$285,903.69",Sold,C1779,285903.69
190320,19,2024-01-01,Apartment,39,1237.04,"$350,962.27",Sold,C0851,350962.27
190327,19,2024-01-01,Apartment,39,1237.04,"$326,382.27",Sold,C0859,326382.27
190356,19,2024-01-01,Apartment,42,1137.59,"$315,841.36",Sold,C1715,315841.36
190386,19,2024-01-01,Apartment,43,1697.72,"$481,623.94",Sold,C1515,481623.94
190396,19,2024-01-01,Apartment,44,982.8,"$330,860.72",Sold,C0025,330860.72
190400,19,2024-01-01,Apartment,46,1926.19,"$539,693.29",Sold,C1234,539693.29
190411,19,2024-01-01,Apartment,46,1926.19,"$479,620.30",Sold,C0400,479620.3
200005,20,2024-01-01,Apartment,1,1898.39,"$563,544.96",Sold,C0427,563544.96
200039,20,2024-01-01,Apartment,3,1645.93,"$564,487.75",Sold,C1843,564487.75
200064,20,2024-01-01,Apartment,8,1268.45,"$329,467.14",Sold,C0863,329467.14
200106,20,2024-01-01,Apartment,14,837.37,"$280,575.86",Available,,280575.86
200113,20,2024-01-01,Apartment,15,1805.12,"$534,868.97",Sold,C1509,534868.97
200146,20,2024-01-01,Office,18,1868.01,"$639,415.77",Sold,C1934,639415.77
200156,20,2024-01-01,Apartment,18,1868.01,"$633,040.56",Sold,C0612,633040.56
200175,20,2024-01-01,Apartment,19,759.72,"$205,245.22",Available,,205245.22
200222,20,2024-01-01,Apartment,27,993.62,"$280,418.97",Available,,280418.97
200258,20,2024-01-01,Apartment,30,1703.94,"$448,863.27",Available,,448863.27
200282,20,2024-01-01,Apartment,31,1414.44,"$454,693.74",Sold,C1172,454693.74
200283,20,2024-01-01,Office,31,1414.44,"$419,691.92",Sold,C0419,419691.92
200296,20,2024-01-01,Apartment,33,630.53,"$171,217.68",Available,,171217.68
200331,20,2024-01-01,Apartment,36,1484.99,"$481,326.38",Sold,C0766,481326.38
200342,20,2024-01-01,Apartment,37,632.35,"$177,452.66",Sold,C0751,177452.66
200369,20,2024-01-01,Apartment,40,428.03,"$134,931.87",Available,,134931.87
200382,20,2024-01-01,Apartment,42,811.56,"$224,917.93",Sold,C1869,224917.93
200385,20,2024-01-01,Apartment,42,811.56,"$292,923.09",Available,,292923.09
200387,20,2024-01-01,Apartment,42,811.56,"$182,390.99",Sold,C1129,182390.99
200391,20,2024-01-01,Apartment,43,1697.49,"$572,810.16",Sold,C0693,572810.16
200406,20,2024-01-01,Office,46,1227.49,"$377,643.05",Sold,C1361,377643.05
200453,20,2024-01-01,Apartment,51,1062.33,"$286,231.25",Sold,C0123,286231.25
200462,20,2024-01-01,Apartment,51,1062.33,"$283,430.39",Sold,C1639,283430.39
200468,20,2024-01-01,Apartment,52,1634.67,"$454,584.32",Available,,454584.32
990004,1,2024-01-01,Apartment,19,798.5,"$244,624.87",Available,,244624.87
990012,3,2024-01-01,Apartment,49,1273.88,"$427,236.10",Available,,427236.1
1019,1,2024-01-02,Apartment,19,827.87,"$239,341.58",Sold,C0005,239341.58
1023,1,2024-01-02,Apartment,23,782.25,"$261,579.89",Sold,C0134,261579.89
1027,1,2024-01-02,Apartment,27,827.87,"$276,759.18",Sold,C0089,276759.18
1045,1,2024-01-02,Apartment,45,756.21,"$248,525.12",Sold,C0002,248525.12
2034,2,2024-01-02,Apartment,34,785.48,"$252,927.84",Sold,C0157,252927.84
2053,2,2024-01-02,Apartment,53,784.19,"$275,812.49",Available,,275812.49
3001,3,2024-01-02,Apartment,1,579.75,"$171,262.65",Sold,C0024,171262.65
3007,3,2024-01-02,Apartment,7,720.7,"$231,552.33",Sold,C0076,231552.33
3020,3,2024-01-02,Apartment,20,781.07,"$258,572.48",Sold,C0017,258572.48
3025,3,2024-01-02,Apartment,25,923.21,"$296,483.14",Sold,C0044,296483.14
3032,3,2024-01-02,Apartment,32,923.21,"$242,740.66",Sold,C0079,242740.66
4011,4,2024-01-02,Apartment,11,794.52,"$201,518.89",Sold,C0004,201518.89
4022,4,2024-01-02,Apartment,22,794.52,"$263,790.81",Sold,C0123,263790.81
5004,5,2024-01-02,Apartment,4,798.5,"$250,415.38",Available,,250415.38
5007,5,2024-01-02,Apartment,7,618.16,"$211,406.87",Available,,211406.87
5016,5,2024-01-02,Apartment,16,798.5,"$278,575.87",Sold,C0052,278575.87
5040,5,2024-01-02,Apartment,40,798.28,"$228,410.05",Sold,C0069,228410.05
10001,1,2024-01-02,Apartment,1,748.06,"$231,594.74",Available,,231594.74
10007,1,2024-01-02,Apartment,2,715.67,"$229,028.48",Available,,229028.48
10031,1,2024-01-02,Apartment,4,633.61,"$207,447.24",Sold,C0192,207447.24
10036,1,2024-01-02,Apartment,4,633.61,"$223,287.36",Sold,C0615,223287.36
10058,1,2024-01-02,Apartment,7,758.88,"$211,877.66",Sold,C0171,211877.66
10066,1,2024-01-02,Apartment,8,763.88,"$250,556.69",Sold,C0138,250556.69
10073,1,2024-01-02,Apartment,9,777.56,"$207,500.42",Available,,207500.42
10087,1,2024-01-02,Apartment,12,621.14,"$163,621.66",Available,,163621.66
10092,1,2024-01-02,Apartment,13,719.47,"$194,530.88",Available,,194530.88
10148,1,2024-01-02,Apartment,19,773.17,"$221,601.42",Available,,221601.42
10159,1,2024-01-02,Apartment,20,1146.24,"$360,664.73",Sold,C0753,360664.73
10189,1,2024-01-02,Office,23,1201.5,"$368,692.59",Available,,368692.59
10192,1,2024-01-02,Apartment,23,1201.5,"$340,382.71",Available,,340382.71
10207,1,2024-01-02,Apartment,24,1146.11,"$383,398.48",Available,,383398.48
10214,1,2024-01-02,Apartment,24,1146.11,"$398,853.42",Sold,C0961,398853.42
10224,1,2024-01-02,Apartment,26,828.98,"$239,287.16",Sold,C1220,239287.16
10232,1,2024-01-02,Apartment,26,828.98,"$228,918.45",Sold,C0325,228918.45
10273,1,2024-01-02,Apartment,30,753.29,"$190,139.44",Available,,190139.44
10285,1,2024-01-02,Apartment,30,753.29,"$220,767.06",Sold,C1824,220767.06
10298,1,2024-01-02,Apartment,31,619.78,"$187,245.99",Available,,187245.99
10308,1,2024-01-02,Apartment,32,800.77,"$242,998.88",Sold,C1635,242998.88
10343,1,2024-01-02,Apartment,36,613.59,"$175,243.75",Sold,C1507,175243.75
10353,1,2024-01-02,Apartment,38,1355.85,"$415,465.29",Sold,C1671,415465.29
10359,1,2024-01-02,Apartment,39,742.93,"$225,611.33",Sold,C0480,225611.33
10382,1,2024-01-02,Apartment,44,779.24,"$256,541.20",Sold,C0585,256541.2
10385,1,2024-01-02,Apartment,45,767.46,"$216,966.30",Available,,216966.3
10395,1,2024-01-02,Apartment,46,1153.16,"$314,519.35",Sold,C0198,314519.35
10398,1,2024-01-02,Apartment,46,1153.16,"$432,586.78",Available,,432586.78
10408,1,2024-01-02,Apartment,47,771.08,"$216,275.25",Sold,C1699,216275.25
10412,1,2024-01-02,Apartment,48,1170.93,"$412,010.00",Sold,C0571,412010.0
10418,1,2024-01-02,Apartment,48,1170.93,"$299,618.30",Sold,C0906,299618.3
20010,2,2024-01-02,Apartment,2,788.72,"$261,773.41",Available,,261773.41
20034,2,2024-01-02,Apartment,4,1281.85,"$442,491.43",Sold,C1517,442491.43
20036,2,2024-01-02,Apartment,4,1281.85,"$395,263.42",Available,,395263.42
20046,2,2024-01-02,Apartment,5,933.95,"$240,226.27",Sold,C1871,240226.27
20099,2,2024-01-02,Apartment,11,1625.05,"$415,188.09",Sold,C0151,415188.09
20132,2,2024-01-02,Apartment,15,1603.33,"$490,688.71",Sold,C0990,490688.71
20148,2,2024-01-02,Apartment,17,1397.4,"$424,589.45",Sold,C1792,424589.45
20159,2,2024-01-02,Office,18,784.76,"$246,731.07",Available,,246731.07
20167,2,2024-01-02,Office,19,795.52,"$272,400.92",Sold,C1414,272400.92
20168,2,2024-01-02,Apartment,19,795.52,"$203,418.93",Sold,C1831,203418.93
20179,2,2024-01-02,Apartment,20,727.55,"$229,804.98",Available,,229804.98
20187,2,2024-01-02,Apartment,21,921.38,"$242,967.26",Available,,242967.26
20238,2,2024-01-02,Apartment,26,1577.79,"$471,446.09",Sold,C0823,471446.09
20265,2,2024-01-02,Apartment,31,629.92,"$186,157.43",Sold,C1676,186157.43
20292,2,2024-01-02,Apartment,34,800.26,"$246,812.55",Sold,C1853,246812.55
20318,2,2024-01-02,Apartment,37,780.46,"$246,714.08",Sold,C0859,246714.08
20328,2,2024-01-02,Apartment,39,788.77,"$222,138.43",Available,,222138.43
20336,2,2024-01-02,Office,41,654.93,"$247,881.98",Sold,C1177,247881.98
20374,2,2024-01-02,Office,45,782.2,"$246,500.19",Sold,C1035,246500.19
20386,2,2024-01-02,Apartment,46,697.74,"$181,636.85",Sold,C1864,181636.85
20407,2,2024-01-02,Apartment,47,708.32,"$175,899.44",Available,,175899.44
20422,2,2024-01-02,Apartment,48,788.44,"$259,070.50",Sold,C1500,259070.5
20429,2,2024-01-02,Apartment,49,1617.9,"$535,928.28",Sold,C1940,535928.28
20464,2,2024-01-02,Apartment,55,579.26,"$193,601.25",Available,,193601.25
20472,2,2024-01-02,Office,55,579.26,"$160,912.37",Sold,C0191,160912.37
30004,3,2024-01-02,Apartment,1,689.75,"$215,437.17",Available,,215437.17
30009,3,2024-01-02,Apartment,1,689.75,"$241,026.20",Sold,C0971,241026.2
30068,3,2024-01-02,Apartment,7,744.01,"$260,942.91",Available,,260942.91
30074,3,2024-01-02,Apartment,7,744.01,"$229,899.09",Available,,229899.09
30085,3,2024-01-02,Apartment,8,1152.39,"$395,030.38",Sold,C1798,395030.38
30089,3,2024-01-02,Apartment,9,1125.84,"$260,798.04",Sold,C1765,260798.04
30111,3,2024-01-02,Apartment,10,784.09,"$245,109.97",Available,,245109.97
30176,3,2024-01-02,Apartment,19,1602.22,"$599,096.70",Available,,599096.7
30206,3,2024-01-02,Apartment,22,1165.89,"$335,996.76",Sold,C0419,335996.76
30213,3,2024-01-02,Apartment,24,776.04,"$222,919.64",Sold,C0288,222919.64
30249,3,2024-01-02,Apartment,28,679.93,"$218,529.92",Sold,C0530,218529.92
30268,3,2024-01-02,Office,29,666.0,"$202,901.68",Sold,C0147,202901.68
30287,3,2024-01-02,Apartment,34,768.76,"$266,737.65",Available,,266737.65
30393,3,2024-01-02,Apartment,48,783.39,"$258,311.50",Sold,C0633,258311.5
30408,3,2024-01-02,Apartment,49,1174.48,"$406,698.29",Sold,C1644,406698.29
30410,3,2024-01-02,Apartment,49,1174.48,"$333,111.95",Sold,C0379,333111.95
30444,3,2024-01-02,Apartment,51,693.85,"$196,234.42",Sold,C0478,196234.42
30467,3,2024-01-02,Apartment,56,1179.42,"$364,650.23",Sold,C0897,364650.23
30470,3,2024-01-02,Apartment,56,1179.42,"$342,855.34",Available,,342855.34
30472,3,2024-01-02,Apartment,56,1179.42,"$341,971.22",Sold,C0273,341971.22
30484,3,2024-01-02,Apartment,57,1607.94,"$626,247.03",Sold,C0039,626247.03
30500,3,2024-01-02,Apartment,58,1588.14,"$485,910.88",Sold,C0964,485910.88
40005,4,2024-01-02,Apartment,1,1615.98,"$421,094.20",Available,,421094.2
40027,4,2024-01-02,Apartment,3,1630.82,"$449,305.80",Sold,C1935,449305.8
40053,4,2024-01-02,Office,5,786.98,"$276,785.44",Sold,C1367,276785.44
40103,4,2024-01-02,Apartment,13,809.06,"$238,462.47",Sold,C0838,238462.47
40125,4,2024-01-02,Apartment,14,1322.66,"$406,088.42",Sold,C1123,406088.42
40146,4,2024-01-02,Apartment,18,1294.91,"$330,128.52",Sold,C1819,330128.52
40159,4,2024-01-02,Apartment,19,1063.07,"$273,344.88",Available,,273344.88
40170,4,2024-01-02,Apartment,21,801.66,"$234,238.08",Sold,C1053,234238.08
40204,4,2024-01-02,Apartment,26,790.05,"$262,773.49",Sold,C0737,262773.49
40232,4,2024-01-02,Apartment,27,1130.51,"$337,265.88",Sold,C1569,337265.88
40239,4,2024-01-02,Apartment,29,776.79,"$204,741.22",Sold,C1015,204741.22
40244,4,2024-01-02,Apartment,29,776.79,"$235,315.07",Sold,C1009,235315.07
40322,4,2024-01-02,Apartment,39,743.73,"$249,775.93",Available,,249775.93
40325,4,2024-01-02,Office,39,743.73,"$188,265.35",Sold,C1501,188265.35
40341,4,2024-01-02,Apartment,40,780.74,"$226,025.07",Sold,C0446,226025.07
40381,4,2024-01-02,Apartment,45,1160.48,"$385,102.00",Available,,385102.0
40396,4,2024-01-02,Apartment,45,1160.48,"$348,106.05",Sold,C1380,348106.05
40400,4,2024-01-02,Apartment,46,800.23,"$217,297.00",Sold,C0546,217297.0
40403,4,2024-01-02,Apartment,46,800.23,"$252,741.45",Sold,C0650,252741.45
40413,4,2024-01-02,Office,48,1621.39,"$432,946.60",Sold,C1789,432946.6
40419,4,2024-01-02,Office,49,739.7,"$200,232.66",Available,,200232.66
40423,4,2024-01-02,Office,49,739.7,"$271,334.13",Available,,271334.13
50016,5,2024-01-02,Apartment,4,799.1,"$224,492.48",Sold,C0440,224492.48
50041,5,2024-01-02,Apartment,8,782.15,"$250,802.41",Available,,250802.41
50042,5,2024-01-02,Apartment,8,782.15,"$251,843.70",Sold,C0402,251843.7
50069,5,2024-01-02,Apartment,10,629.27,"$167,605.40",Sold,C0524,167605.4
50088,5,2024-01-02,Apartment,11,1058.56,"$322,270.39",Available,,322270.39
50092,5,2024-01-02,Apartment,11,1058.56,"$366,010.60",Sold,C1281,366010.6
50131,5,2024-01-02,Apartment,17,798.74,"$247,494.01",Sold,C0354,247494.01
50137,5,2024-01-02,Apartment,18,1267.03,"$348,464.51",Sold,C0055,348464.51
50177,5,2024-01-02,Office,23,1006.65,"$312,643.26",Sold,C0936,312643.26
50209,5,2024-01-02,Apartment,27,1278.6,"$339,394.02",Available,,339394.02
50226,5,2024-01-02,Apartment,30,794.93,"$216,358.57",Available,,216358.57
50275,5,2024-01-02,Apartment,36,627.56,"$192,979.14",Sold,C1542,192979.14
50280,5,2024-01-02,Apartment,36,627.56,"$179,866.96",Sold,C0505,179866.96
50316,5,2024-01-02,Apartment,41,630.83,"$194,865.61",Available,,194865.61
50320,5,2024-01-02,Apartment,42,791.2,"$237,927.19",Available,,237927.19
50345,5,2024-01-02,Apartment,44,806.03,"$260,008.44",Sold,C1224,260008.44
50369,5,2024-01-02,Apartment,45,608.89,"$152,795.03",Available,,152795.03
50373,5,2024-01-02,Apartment,45,608.89,"$175,491.09",Sold,C0617,175491.09
50399,5,2024-01-02,Apartment,47,1241.14,"$344,983.80",Sold,C0465,344983.8
50404,5,2024-01-02,Office,47,1241.14,"$423,673.58",Sold,C1867,423673.58
50430,5,2024-01-02,Apartment,50,1261.07,"$314,928.35",Sold,C1810,314928.35
50440,5,2024-01-02,Apartment,52,1755.18,"$578,028.54",Sold,C0309,578028.54
60004,6,2024-01-02,Apartment,1,1720.95,"$445,409.00",Sold,C1842,445409.0
60034,6,2024-01-02,Apartment,3,605.21,"$168,558.20",Sold,C0228,168558.2
60060,6,2024-01-02,Apartment,5,1617.43,"$436,787.87",Sold,C1141,436787.87
60075,6,2024-01-02,Apartment,7,1075.42,"$300,722.76",Available,,300722.76
60085,6,2024-01-02,Apartment,7,1075.42,"$301,361.61",Available,,301361.61
60108,6,2024-01-02,Apartment,9,1194.12,"$329,559.53",Sold,C0320,329559.53
60170,6,2024-01-02,Apartment,15,1392.45,"$377,789.49",Sold,C0534,377789.49
60187,6,2024-01-02,Apartment,17,1502.18,"$409,549.01",Sold,C0885,409549.01
60196,6,2024-01-02,Apartment,19,1542.71,"$481,017.54",Available,,481017.54
60216,6,2024-01-02,Apartment,20,1897.17,"$616,363.69",Available,,616363.69
60232,6,2024-01-02,Apartment,22,1656.54,"$518,178.17",Sold,C1273,518178.17
60247,6,2024-01-02,Apartment,25,1086.43,"$309,997.56",Sold,C0873,309997.56
60255,6,2024-01-02,Apartment,26,1538.47,"$522,654.07",Sold,C0569,522654.07
60262,6,2024-01-02,Apartment,27,830.65,"$303,119.09",Sold,C0174,303119.09
60295,6,2024-01-02,Apartment,33,1131.0,"$344,027.61",Sold,C0864,344027.61
60333,6,2024-01-02,Apartment,37,1721.96,"$450,279.00",Sold,C0610,450279.0
60365,6,2024-01-02,Apartment,41,940.72,"$260,940.86",Sold,C0657,260940.86
60391,6,2024-01-02,Apartment,46,1870.54,"$625,384.45",Sold,C0670,625384.45
60412,6,2024-01-02,Office,50,1579.99,"$503,351.90",Sold,C0125,503351.9
60414,6,2024-01-02,Apartment,50,1579.99,"$443,496.60",Sold,C1098,443496.6
60418,6,2024-01-02,Apartment,51,1476.63,"$488,398.75",Sold,C1574,488398.75
60436,6,2024-01-02,Apartment,51,1476.63,"$387,086.20",Sold,C1332,387086.2
70009,7,2024-01-02,Apartment,2,1478.43,"$498,858.03",Sold,C0835,498858.03
70018,7,2024-01-02,Apartment,3,888.5,"$220,771.71",Sold,C1207,220771.71
70038,7,2024-01-02,Apartment,6,1232.31,"$364,484.54",Sold,C0590,364484.54
70052,7,2024-01-02,Office,9,926.11,"$247,542.10",Sold,C1188,247542.1
70073,7,2024-01-02,Office,11,834.5,"$238,056.63",Sold,C0765,238056.63
70081,7,2024-01-02,Apartment,12,804.65,"$234,661.19",Available,,234661.19
70102,7,2024-01-02,Apartment,13,604.6,"$173,890.35",Sold,C1825,173890.35
70107,7,2024-01-02,Apartment,14,714.65,"$199,934.81",Sold,C1888,199934.81
70129,7,2024-01-02,Office,15,602.92,"$171,413.40",Available,,171413.4
70149,7,2024-01-02,Office,18,703.28,"$202,165.96",Sold,C1117,202165.96
70205,7,2024-01-02,Office,23,1222.69,"$423,809.45",Sold,C1649,423809.45
70221,7,2024-01-02,Apartment,24,852.99,"$230,863.47",Available,,230863.47
70244,7,2024-01-02,Apartment,27,768.05,"$231,142.92",Available,,231142.92
70255,7,2024-01-02,Apartment,28,694.55,"$212,583.80",Sold,C1756,212583.8
70279,7,2024-01-02,Apartment,33,1266.64,"$372,583.37",Available,,372583.37
70303,7,2024-01-02,Apartment,36,1748.75,"$539,246.07",Sold,C0589,539246.07
70330,7,2024-01-02,Apartment,39,1298.32,"$432,044.48",Sold,C0746,432044.48
70360,7,2024-01-02,Apartment,42,702.08,"$201,870.11",Available,,201870.11
70367,7,2024-01-02,Apartment,43,498.61,"$134,300.91",Sold,C1169,134300.91
70382,7,2024-01-02,Office,43,498.61,"$177,534.71",Sold,C1953,177534.71
70407,7,2024-01-02,Apartment,48,533.35,"$172,251.51",Sold,C0368,172251.51
70408,7,2024-01-02,Apartment,48,533.35,"$155,737.30",Sold,C0932,155737.3
70419,7,2024-01-02,Apartment,49,1383.05,"$427,566.10",Sold,C0235,427566.1
70441,7,2024-01-02,Apartment,52,1281.14,"$405,665.29",Sold,C1906,405665.29
70508,7,2024-01-02,Apartment,58,1629.83,"$503,113.61",Sold,C1811,503113.61
70514,7,2024-01-02,Apartment,59,765.3,"$200,421.60",Sold,C1883,200421.6
80067,8,2024-01-02,Office,7,1352.74,"$449,983.92",Sold,C1318,449983.92
80083,8,2024-01-02,Apartment,9,1869.81,"$582,311.86",Sold,C0311,582311.86
80154,8,2024-01-02,Apartment,20,774.16,"$209,735.82",Sold,C0217,209735.82
80162,8,2024-01-02,Apartment,21,1501.64,"$468,640.92",Sold,C0339,468640.92
80165,8,2024-01-02,Apartment,21,1501.64,"$486,911.94",Available,,486911.94
80201,8,2024-01-02,Office,28,1431.61,"$495,114.94",Available,,495114.94
80254,8,2024-01-02,Apartment,31,1253.18,"$405,445.85",Sold,C1991,405445.85
80257,8,2024-01-02,Apartment,31,1253.18,"$425,894.16",Sold,C0268,425894.16
80264,8,2024-01-02,Apartment,32,1410.88,"$413,926.67",Sold,C1631,413926.67
80274,8,2024-01-02,Apartment,33,1809.87,"$619,858.51",Available,,619858.51
80288,8,2024-01-02,Apartment,33,1809.87,"$586,005.80",Available,,586005.8
80314,8,2024-01-02,Office,37,890.65,"$231,540.88",Available,,231540.88
80351,8,2024-01-02,Apartment,41,610.26,"$183,933.28",Sold,C1847,183933.28
80368,8,2024-01-02,Office,44,1862.29,"$528,253.73",Sold,C1843,528253.73
80389,8,2024-01-02,Apartment,46,1175.51,"$379,271.26",Available,,379271.26
80394,8,2024-01-02,Apartment,46,1175.51,"$362,475.15",Sold,C0140,362475.15
80495,8,2024-01-02,Apartment,57,1949.35,"$661,652.26",Sold,C1475,661652.26
80498,8,2024-01-02,Apartment,58,1448.59,"$461,206.00",Sold,C1798,461206.0
80500,8,2024-01-02,Apartment,58,1448.59,"$403,486.07",Sold,C0771,403486.07
90017,9,2024-01-02,Apartment,4,1139.87,"$334,770.85",Available,,334770.85
90054,9,2024-01-02,Apartment,9,1391.22,"$446,754.19",Sold,C1641,446754.19
90059,9,2024-01-02,Apartment,10,1172.34,"$314,905.23",Sold,C1175,314905.23
90067,9,2024-01-02,Office,12,952.38,"$282,067.46",Available,,282067.46
90070,9,2024-01-02,Apartment,12,952.38,"$286,978.17",Sold,C0143,286978.17
90071,9,2024-01-02,Apartment,12,952.38,"$329,573.31",Sold,C1157,329573.31
90093,9,2024-01-02,Apartment,16,924.6,"$259,062.01",Available,,259062.01
90096,9,2024-01-02,Apartment,16,924.6,"$241,264.21",Sold,C1426,241264.21
90108,9,2024-01-02,Office,17,1481.32,"$454,264.31",Sold,C1741,454264.31
90170,9,2024-01-02,Apartment,26,1038.39,"$297,132.68",Sold,C0243,297132.68
90173,9,2024-01-02,Apartment,26,1038.39,"$278,732.11",Sold,C0147,278732.11
90190,9,2024-01-02,Apartment,28,1931.82,"$560,165.35",Sold,C1463,560165.35
90205,9,2024-01-02,Office,30,1250.17,"$401,575.56",Sold,C1083,401575.56
90212,9,2024-01-02,Apartment,31,1052.27,"$285,509.27",Sold,C0818,285509.27
90238,9,2024-01-02,Apartment,34,1577.36,"$487,674.60",Sold,C0637,487674.6
90251,9,2024-01-02,Apartment,34,1577.36,"$404,127.79",Sold,C0872,404127.79
90262,9,2024-01-02,Apartment,34,1577.36,"$401,074.47",Available,,401074.47
90264,9,2024-01-02,Office,34,1577.36,"$573,336.74",Sold,C1412,573336.74
90324,9,2024-01-02,Apartment,39,1839.34,"$564,258.40",Available,,564258.4
90360,9,2024-01-02,Office,43,1908.91,"$551,266.41",Sold,C1386,551266.41
90364,9,2024-01-02,Office,43,1908.91,"$578,538.26",Sold,C0997,578538.26
90365,9,2024-01-02,Apartment,43,1908.91,"$579,686.70",Sold,C1732,579686.7
90447,9,2024-01-02,Apartment,56,1516.4,"$432,303.16",Available,,432303.16
90463,9,2024-01-02,Apartment,57,1198.57,"$353,174.47",Sold,C0622,353174.47
90483,9,2024-01-02,Apartment,58,838.34,"$278,010.89",Sold,C0349,278010.89
90494,9,2024-01-02,Apartment,58,838.34,"$242,090.36",Sold,C0190,242090.36
90530,9,2024-01-02,Apartment,62,1263.44,"$419,687.28",Sold,C1038,419687.28
90537,9,2024-01-02,Apartment,62,1263.44,"$387,129.95",Sold,C0979,387129.95
100016,10,2024-01-02,Apartment,4,1765.37,"$534,131.64",Sold,C0257,534131.64
100040,10,2024-01-02,Apartment,5,1741.96,"$591,831.53",Sold,C1948,591831.53
100045,10,2024-01-02,Apartment,5,1741.96,"$560,195.06",Sold,C0024,560195.06
100050,10,2024-01-02,Apartment,5,1741.96,"$586,817.19",Available,,586817.19
100092,10,2024-01-02,Apartment,11,1675.44,"$509,478.53",Sold,C0730,509478.53
100100,10,2024-01-02,Apartment,12,852.74,"$249,297.36",Sold,C1442,249297.36
100104,10,2024-01-02,Apartment,14,1318.01,"$335,251.84",Sold,C1072,335251.84
100113,10,2024-01-02,Apartment,15,1948.32,"$603,778.82",Sold,C0485,603778.82
100138,10,2024-01-02,Apartment,18,1244.03,"$407,871.00",Available,,407871.0
100162,10,2024-01-02,Office,20,1264.43,"$472,251.60",Sold,C1455,472251.6
100174,10,2024-01-02,Apartment,23,912.32,"$241,562.75",Sold,C1672,241562.75
100178,10,2024-01-02,Apartment,24,708.64,"$251,362.44",Available,,251362.44
100216,10,2024-01-02,Office,27,777.35,"$200,393.81",Available,,200393.81
100225,10,2024-01-02,Apartment,28,1606.58,"$554,352.77",Sold,C1137,554352.77
100240,10,2024-01-02,Apartment,29,486.78,"$150,872.25",Available,,150872.25
100250,10,2024-01-02,Apartment,30,1559.4,"$395,419.06",Sold,C0839,395419.06
100277,10,2024-01-02,Apartment,32,1661.46,"$494,550.09",Sold,C1545,494550.09
100287,10,2024-01-02,Apartment,33,1010.7,"$309,658.36",Sold,C1127,309658.36
100289,10,2024-01-02,Apartment,34,1435.44,"$451,060.97",Sold,C1396,451060.97
100305,10,2024-01-02,Apartment,36,1920.65,"$547,817.26",Sold,C0439,547817.26
100386,10,2024-01-02,Office,44,1224.71,"$449,002.59",Sold,C0678,449002.59
100399,10,2024-01-02,Apartment,46,1525.34,"$440,318.57",Sold,C0357,440318.57
100403,10,2024-01-02,Apartment,47,1047.27,"$299,414.37",Sold,C1954,299414.37
100414,10,2024-01-02,Office,50,1138.32,"$378,281.56",Available,,378281.56
100423,10,2024-01-02,Apartment,50,1138.32,"$298,598.28",Sold,C0629,298598.28
110035,11,2024-01-02,Office,4,1414.25,"$438,900.24",Sold,C1468,438900.24
110070,11,2024-01-02,Apartment,8,1001.41,"$274,171.11",Available,,274171.11
110077,11,2024-01-02,Apartment,9,904.49,"$228,258.16",Available,,228258.16
110091,11,2024-01-02,Apartment,10,1519.64,"$449,749.30",Sold,C0296,449749.3
110105,11,2024-01-02,Apartment,12,1754.75,"$572,512.32",Available,,572512.32
110110,11,2024-01-02,Apartment,13,474.93,"$145,190.73",Sold,C0127,145190.73
110111,11,2024-01-02,Apartment,13,474.93,"$155,082.84",Sold,C0988,155082.84
110151,11,2024-01-02,Apartment,15,1385.68,"$401,057.84",Available,,401057.84
110162,11,2024-01-02,Apartment,17,1946.06,"$568,732.24",Sold,C0017,568732.24
110170,11,2024-01-02,Apartment,18,1562.55,"$464,407.30",Available,,464407.3
110183,11,2024-01-02,Apartment,20,570.62,"$137,803.15",Sold,C1341,137803.15
110186,11,2024-01-02,Apartment,20,570.62,"$146,420.07",Sold,C0977,146420.07
110198,11,2024-01-02,Apartment,23,1098.83,"$316,820.96",Sold,C0900,316820.96
110231,11,2024-01-02,Apartment,28,868.85,"$252,018.84",Available,,252018.84
110252,11,2024-01-02,Apartment,30,642.72,"$195,607.16",Sold,C1467,195607.16
110256,11,2024-01-02,Apartment,30,642.72,"$220,468.16",Sold,C1998,220468.16
110268,11,2024-01-02,Apartment,32,1285.87,"$405,581.66",Available,,405581.66
110277,11,2024-01-02,Apartment,34,680.07,"$160,844.99",Sold,C1939,160844.99
110278,11,2024-01-02,Apartment,34,680.07,"$210,801.14",Sold,C1617,210801.14
110318,11,2024-01-02,Apartment,38,788.47,"$266,440.10",Available,,266440.1
110319,11,2024-01-02,Apartment,38,788.47,"$239,301.80",Available,,239301.8
110323,11,2024-01-02,Apartment,38,788.47,"$213,928.44",Sold,C1153,213928.44
110328,11,2024-01-02,Apartment,39,1816.63,"$527,323.78",Sold,C1690,527323.78
110340,11,2024-01-02,Office,42,808.59,"$279,490.72",Sold,C1264,279490.72
110362,11,2024-01-02,Apartment,43,810.65,"$272,425.15",Sold,C1666,272425.15
110377,11,2024-01-02,Apartment,44,434.38,"$135,325.56",Available,,135325.56
110382,11,2024-01-02,Apartment,44,434.38,"$121,290.66",Available,,121290.66
110393,11,2024-01-02,Apartment,46,1798.85,"$539,324.57",Sold,C0918,539324.57
110399,11,2024-01-02,Apartment,47,1456.74,"$432,160.10",Available,,432160.1
110401,11,2024-01-02,Apartment,47,1456.74,"$526,240.58",Available,,526240.58
110430,11,2024-01-02,Apartment,51,1318.98,"$398,457.32",Available,,398457.32
110434,11,2024-01-02,Apartment,52,1397.58,"$352,401.08",Sold,C1791,352401.08
110503,11,2024-01-02,Apartment,60,1295.04,"$423,474.91",Sold,C1551,423474.91
110521,11,2024-01-02,Apartment,61,1299.46,"$381,636.61",Sold,C0607,381636.61
120003,12,2024-01-02,Apartment,1,839.95,"$217,050.04",Sold,C0291,217050.04
120016,12,2024-01-02,Apartment,2,1285.87,"$402,461.19",Sold,C1922,402461.19
120055,12,2024-01-02,Apartment,5,495.04,"$130,153.08",Sold,C0333,130153.08
120075,12,2024-01-02,Apartment,9,857.88,"$255,383.06",Sold,C1856,255383.06
120162,12,2024-01-02,Apartment,18,1702.66,"$527,049.84",Sold,C1559,527049.84
120231,12,2024-01-02,Office,24,1306.75,"$423,036.11",Sold,C0817,423036.11
120244,12,2024-01-02,Apartment,26,557.9,"$198,532.55",Sold,C1201,198532.55
120268,12,2024-01-02,Apartment,28,1563.65,"$435,197.19",Available,,435197.19
120308,12,2024-01-02,Office,34,1817.64,"$588,363.08",Available,,588363.08
120385,12,2024-01-02,Apartment,44,635.36,"$164,217.44",Sold,C0688,164217.44
120394,12,2024-01-02,Apartment,46,1736.02,"$458,985.23",Sold,C0154,458985.23
120405,12,2024-01-02,Apartment,47,1528.05,"$383,671.53",Sold,C1640,383671.53
130021,13,2024-01-02,Apartment,2,1651.02,"$522,366.74",Sold,C1694,522366.74
130116,13,2024-01-02,Apartment,14,777.75,"$252,155.48",Sold,C0173,252155.48
130123,13,2024-01-02,Office,15,458.29,"$143,990.03",Available,,143990.03
130135,13,2024-01-02,Apartment,15,458.29,"$144,083.93",Available,,144083.93
130155,13,2024-01-02,Apartment,18,1820.34,"$594,617.02",Available,,594617.02
130221,13,2024-01-02,Apartment,25,633.86,"$185,804.91",Available,,185804.91
130252,13,2024-01-02,Apartment,29,568.7,"$186,326.20",Sold,C1102,186326.2
130253,13,2024-01-02,Apartment,30,1777.51,"$531,809.36",Available,,531809.36
130296,13,2024-01-02,Apartment,33,1445.84,"$417,694.59",Available,,417694.59
130323,13,2024-01-02,Apartment,36,1061.26,"$295,619.47",Sold,C1832,295619.47
130324,13,2024-01-02,Apartment,37,1555.67,"$443,868.07",Available,,443868.07
130354,13,2024-01-02,Apartment,39,1054.77,"$280,107.39",Sold,C1808,280107.39
130373,13,2024-01-02,Apartment,41,1168.7,"$339,690.34",Sold,C0253,339690.34
130374,13,2024-01-02,Apartment,41,1168.7,"$351,530.20",Available,,351530.2
130443,13,2024-01-02,Office,49,572.01,"$196,398.29",Sold,C1481,196398.29
130447,13,2024-01-02,Office,50,1469.09,"$520,703.06",Sold,C1392,520703.06
130470,13,2024-01-02,Apartment,53,968.77,"$267,056.16",Sold,C1275,267056.16
130489,13,2024-01-02,Apartment,56,606.9,"$204,268.81",Sold,C1162,204268.81
130492,13,2024-01-02,Apartment,57,1717.49,"$573,220.30",Available,,573220.3
130507,13,2024-01-02,Apartment,59,1434.04,"$373,228.01",Available,,373228.01
130531,13,2024-01-02,Apartment,60,1401.81,"$433,286.92",Sold,C1836,433286.92
130550,13,2024-01-02,Apartment,63,1623.8,"$503,380.47",Sold,C0415,503380.47
130553,13,2024-01-02,Apartment,64,792.66,"$258,606.95",Available,,258606.95
130566,13,2024-01-02,Apartment,66,1283.8,"$370,346.72",Sold,C1295,370346.72
130602,13,2024-01-02,Apartment,70,750.41,"$207,425.57",Available,,207425.57
130606,13,2024-01-02,Apartment,70,750.41,"$209,844.72",Available,,209844.72
140040,14,2024-01-02,Apartment,7,641.37,"$188,463.78",Sold,C1020,188463.78
140063,14,2024-01-02,Apartment,8,618.89,"$173,044.31",Available,,173044.31
140094,14,2024-01-02,Apartment,12,459.44,"$141,454.76",Available,,141454.76
140104,14,2024-01-02,Apartment,12,459.44,"$138,008.71",Sold,C0970,138008.71
140145,14,2024-01-02,Apartment,15,784.04,"$245,553.02",Sold,C1691,245553.02
140149,14,2024-01-02,Apartment,16,915.37,"$331,782.88",Sold,C0863,331782.88
140153,14,2024-01-02,Apartment,16,915.37,"$227,003.78",Available,,227003.78
140160,14,2024-01-02,Office,17,686.6,"$258,061.02",Sold,C0031,258061.02
140168,14,2024-01-02,Apartment,17,686.6,"$206,669.27",Sold,C1362,206669.27
140188,14,2024-01-02,Apartment,21,1560.87,"$505,990.58",Available,,505990.58
140225,14,2024-01-02,Apartment,24,1205.25,"$366,849.92",Sold,C1200,366849.92
140244,14,2024-01-02,Apartment,28,486.35,"$171,063.35",Sold,C1471,171063.35
140262,14,2024-01-02,Apartment,29,1618.34,"$490,221.54",Available,,490221.54
140265,14,2024-01-02,Apartment,29,1618.34,"$425,122.86",Sold,C1570,425122.86
140282,14,2024-01-02,Apartment,33,1894.96,"$604,547.34",Sold,C0874,604547.34
140288,14,2024-01-02,Apartment,33,1894.96,"$599,891.42",Sold,C0409,599891.42
140304,14,2024-01-02,Apartment,35,1152.84,"$349,385.29",Sold,C1550,349385.29
140306,14,2024-01-02,Apartment,35,1152.84,"$350,392.89",Available,,350392.89
140316,14,2024-01-02,Apartment,37,1469.73,"$406,638.17",Available,,406638.17
140345,14,2024-01-02,Apartment,41,543.61,"$149,919.38",Sold,C0405,149919.38
140357,14,2024-01-02,Apartment,43,520.49,"$158,596.58",Sold,C1028,158596.58
140422,14,2024-01-02,Apartment,51,1346.3,"$500,190.62",Sold,C0727,500190.62
140450,14,2024-01-02,Apartment,53,1493.72,"$491,592.98",Sold,C1402,491592.98
150006,15,2024-01-02,Apartment,1,1596.51,"$537,350.96",Sold,C1567,537350.96
150016,15,2024-01-02,Apartment,2,1522.89,"$564,438.29",Sold,C0199,564438.29
150051,15,2024-01-02,Office,8,1056.46,"$368,058.42",Sold,C1576,368058.42
150092,15,2024-01-02,Apartment,14,1832.17,"$574,884.08",Sold,C1001,574884.08
150112,15,2024-01-02,Apartment,16,1692.61,"$404,581.32",Sold,C0478,404581.32
150137,15,2024-01-02,Apartment,17,562.64,"$184,006.79",Available,,184006.79
150138,15,2024-01-02,Apartment,17,562.64,"$161,202.01",Available,,161202.01
150144,15,2024-01-02,Apartment,17,562.64,"$145,618.18",Sold,C0437,145618.18
150159,15,2024-01-02,Apartment,21,1271.25,"$367,447.17",Available,,367447.17
150187,15,2024-01-02,Apartment,23,1279.23,"$446,463.88",Sold,C1245,446463.88
150216,15,2024-01-02,Apartment,24,924.36,"$270,962.44",Sold,C1704,270962.44
150248,15,2024-01-02,Apartment,30,1523.22,"$397,859.23",Available,,397859.23
150254,15,2024-01-02,Office,30,1523.22,"$574,838.10",Sold,C1438,574838.1
150265,15,2024-01-02,Apartment,31,1901.65,"$473,479.09",Sold,C0461,473479.09
150274,15,2024-01-02,Apartment,32,1338.63,"$436,593.99",Sold,C1150,436593.99
150281,15,2024-01-02,Apartment,34,1304.22,"$396,890.26",Sold,C1562,396890.26
150301,15,2024-01-02,Apartment,35,745.49,"$236,366.58",Sold,C0979,236366.58
150303,15,2024-01-02,Apartment,35,745.49,"$200,227.78",Sold,C1321,200227.78
150321,15,2024-01-02,Apartment,37,763.09,"$254,595.83",Sold,C1123,254595.83
150393,15,2024-01-02,Office,50,1841.5,"$579,649.56",Sold,C0019,579649.56
150398,15,2024-01-02,Apartment,50,1841.5,"$629,261.99",Sold,C0730,629261.99
150406,15,2024-01-02,Apartment,51,1689.08,"$410,092.17",Sold,C0930,410092.17
150413,15,2024-01-02,Office,52,829.2,"$275,828.72",Sold,C0831,275828.72
150449,15,2024-01-02,Apartment,55,892.75,"$261,235.71",Available,,261235.71
150471,15,2024-01-02,Apartment,57,429.34,"$139,826.60",Sold,C1680,139826.6
150496,15,2024-01-02,Apartment,58,1750.89,"$578,952.08",Sold,C1688,578952.08
150516,15,2024-01-02,Office,60,1033.2,"$383,627.20",Sold,C0499,383627.2
160080,16,2024-01-02,Apartment,9,1524.04,"$414,540.90",Available,,414540.9
160086,16,2024-01-02,Apartment,10,1608.56,"$536,362.57",Sold,C0146,536362.57
160088,16,2024-01-02,Apartment,10,1608.56,"$461,116.22",Sold,C0439,461116.22
160094,16,2024-01-02,Apartment,10,1608.56,"$439,467.59",Sold,C1776,439467.59
160104,16,2024-01-02,Apartment,11,1288.42,"$413,006.80",Sold,C1933,413006.8
160109,16,2024-01-02,Apartment,11,1288.42,"$399,439.17",Sold,C1762,399439.17
160127,16,2024-01-02,Apartment,14,660.84,"$191,795.51",Sold,C0454,191795.51
160164,16,2024-01-02,Apartment,21,837.95,"$266,754.60",Sold,C1138,266754.6
160173,16,2024-01-02,Apartment,21,837.95,"$255,581.66",Sold,C0965,255581.66
160183,16,2024-01-02,Apartment,22,1575.06,"$443,913.41",Sold,C0468,443913.41
160198,16,2024-01-02,Office,25,853.37,"$252,105.14",Sold,C1946,252105.14
160218,16,2024-01-02,Apartment,27,1164.55,"$377,256.14",Sold,C1112,377256.14
160222,16,2024-01-02,Apartment,27,1164.55,"$344,197.65",Available,,344197.65
160229,16,2024-01-02,Apartment,28,1440.71,"$357,442.82",Sold,C1216,357442.82
160252,16,2024-01-02,Apartment,29,489.49,"$141,541.69",Sold,C0266,141541.69
160256,16,2024-01-02,Apartment,29,489.49,"$140,776.38",Sold,C1233,140776.38
160292,16,2024-01-02,Apartment,35,629.97,"$193,715.82",Sold,C0137,193715.82
160294,16,2024-01-02,Apartment,35,629.97,"$165,950.58",Sold,C0577,165950.58
160341,16,2024-01-02,Apartment,41,1001.72,"$290,115.22",Sold,C0259,290115.22
160376,16,2024-01-02,Apartment,43,1185.4,"$384,995.65",Sold,C1874,384995.65
170023,17,2024-01-02,Apartment,2,1738.5,"$446,275.90",Sold,C0984,446275.9
170030,17,2024-01-02,Office,2,1738.5,"$497,904.58",Available,,497904.58
170042,17,2024-01-02,Apartment,5,1829.38,"$596,863.29",Sold,C0199,596863.29
170055,17,2024-01-02,Apartment,7,1300.91,"$448,573.99",Sold,C1892,448573.99
170057,17,2024-01-02,Apartment,7,1300.91,"$347,722.15",Sold,C1018,347722.15
170072,17,2024-01-02,Apartment,9,1505.53,"$476,639.92",Available,,476639.92
170092,17,2024-01-02,Apartment,11,596.22,"$195,941.56",Available,,195941.56
170101,17,2024-01-02,Apartment,12,451.91,"$124,905.01",Sold,C0557,124905.01
170129,17,2024-01-02,Apartment,15,1365.73,"$401,356.84",Sold,C1118,401356.84
170138,17,2024-01-02,Apartment,16,1693.0,"$462,143.05",Sold,C0279,462143.05
170164,17,2024-01-02,Apartment,17,1827.25,"$495,320.72",Sold,C1872,495320.72
170186,17,2024-01-02,Office,20,792.27,"$306,527.75",Sold,C0228,306527.75
170247,17,2024-01-02,Apartment,28,1201.04,"$355,954.45",Sold,C0248,355954.45
170254,17,2024-01-02,Office,29,594.46,"$181,678.15",Sold,C1005,181678.15
170255,17,2024-01-02,Apartment,30,1200.23,"$325,438.37",Available,,325438.37
170288,17,2024-01-02,Apartment,35,1667.01,"$479,534.09",Available,,479534.09
170292,17,2024-01-02,Apartment,35,1667.01,"$518,973.54",Sold,C0317,518973.54
170320,17,2024-01-02,Apartment,39,1341.67,"$367,529.08",Sold,C1114,367529.08
170329,17,2024-01-02,Apartment,41,1422.93,"$433,490.47",Sold,C0196,433490.47
170359,17,2024-01-02,Apartment,46,1582.61,"$503,584.00",Sold,C0705,503584.0
170390,17,2024-01-02,Apartment,48,1833.96,"$486,678.57",Sold,C1014,486678.57
170428,17,2024-01-02,Apartment,49,1283.67,"$386,354.65",Sold,C0174,386354.65
180035,18,2024-01-02,Apartment,4,1096.58,"$325,420.36",Sold,C0152,325420.36
180048,18,2024-01-02,Apartment,5,883.32,"$248,479.35",Available,,248479.35
180069,18,2024-01-02,Apartment,9,894.92,"$279,700.41",Sold,C1553,279700.41
180093,18,2024-01-02,Apartment,12,1692.5,"$593,053.61",Sold,C0657,593053.61
180096,18,2024-01-02,Apartment,13,537.4,"$150,684.73",Sold,C0064,150684.73
180101,18,2024-01-02,Apartment,14,1742.3,"$508,866.01",Available,,508866.01
180107,18,2024-01-02,Apartment,14,1742.3,"$553,861.15",Sold,C1544,553861.15
180175,18,2024-01-02,Apartment,23,1659.02,"$567,272.16",Sold,C0230,567272.16
180186,18,2024-01-02,Apartment,25,911.94,"$241,281.34",Sold,C1782,241281.34
180189,18,2024-01-02,Office,25,911.94,"$270,290.23",Sold,C0192,270290.23
180196,18,2024-01-02,Apartment,25,911.94,"$331,203.98",Available,,331203.98
180207,18,2024-01-02,Apartment,26,1147.71,"$373,730.03",Sold,C0441,373730.03
180231,18,2024-01-02,Apartment,29,578.36,"$164,194.34",Sold,C0656,164194.34
180243,18,2024-01-02,Office,30,1795.66,"$578,903.83",Available,,578903.83
180250,18,2024-01-02,Apartment,30,1795.66,"$577,066.55",Available,,577066.55
180257,18,2024-01-02,Apartment,30,1795.66,"$584,942.34",Sold,C0674,584942.34
180368,18,2024-01-02,Apartment,41,852.83,"$280,416.46",Sold,C1461,280416.46
180376,18,2024-01-02,Office,42,1045.42,"$261,647.78",Available,,261647.78
180379,18,2024-01-02,Apartment,42,1045.42,"$302,608.38",Sold,C0961,302608.38
180440,18,2024-01-02,Apartment,49,1457.92,"$478,633.51",Sold,C0242,478633.51
180446,18,2024-01-02,Apartment,50,854.74,"$258,314.70",Sold,C0681,258314.7
180520,18,2024-01-02,Apartment,58,955.23,"$262,721.00",Sold,C1669,262721.0
180523,18,2024-01-02,Apartment,58,955.23,"$292,435.58",Sold,C1476,292435.58
180525,18,2024-01-02,Apartment,58,955.23,"$257,922.89",Available,,257922.89
180529,18,2024-01-02,Apartment,60,1488.67,"$467,587.82",Sold,C1722,467587.82
180538,18,2024-01-02,Apartment,61,1019.7,"$276,712.17",Sold,C1518,276712.17
180547,18,2024-01-02,Apartment,62,1330.41,"$397,198.34",Available,,397198.34
180549,18,2024-01-02,Apartment,63,1855.14,"$639,093.49",Sold,C0219,639093.49
180555,18,2024-01-02,Office,64,893.66,"$281,995.90",Sold,C1618,281995.9
180561,18,2024-01-02,Apartment,66,1631.24,"$462,495.17",Available,,462495.17
190008,19,2024-01-02,Apartment,3,1468.68,"$531,728.48",Available,,531728.48
190054,19,2024-01-02,Apartment,8,974.77,"$309,910.82",Sold,C0343,309910.82
190069,19,2024-01-02,Apartment,10,747.71,"$206,570.93",Available,,206570.93
190090,19,2024-01-02,Apartment,13,766.61,"$238,904.76",Sold,C0155,238904.76
190091,19,2024-01-02,Apartment,13,766.61,"$238,204.01",Sold,C1182,238204.01
190105,19,2024-01-02,Apartment,14,630.47,"$177,004.80",Sold,C0253,177004.8
190108,19,2024-01-02,Apartment,15,538.06,"$175,560.33",Sold,C1929,175560.33
190113,19,2024-01-02,Apartment,16,1711.98,"$463,890.78",Available,,463890.78
190125,19,2024-01-02,Apartment,17,574.75,"$151,955.73",Sold,C0710,151955.73
190144,19,2024-01-02,Apartment,19,1697.73,"$459,889.21",Available,,459889.21
190158,19,2024-01-02,Apartment,20,1772.03,"$530,253.96",Available,,530253.96
190182,19,2024-01-02,Apartment,22,935.25,"$236,887.92",Available,,236887.92
190203,19,2024-01-02,Apartment,25,996.38,"$336,027.12",Sold,C1736,336027.12
190214,19,2024-01-02,Apartment,26,668.24,"$212,529.40",Available,,212529.4
190254,19,2024-01-02,Apartment,29,1657.84,"$440,219.48",Sold,C0469,440219.48
190257,19,2024-01-02,Apartment,29,1657.84,"$483,936.27",Sold,C1760,483936.27
190330,19,2024-01-02,Apartment,39,1237.04,"$308,610.09",Sold,C0881,308610.09
190354,19,2024-01-02,Office,41,1657.19,"$528,026.75",Sold,C0208,528026.75
190368,19,2024-01-02,Apartment,42,1137.59,"$391,167.45",Available,,391167.45
190370,19,2024-01-02,Apartment,42,1137.59,"$276,356.31",Sold,C1565,276356.31
190380,19,2024-01-02,Apartment,43,1697.72,"$539,440.64",Sold,C0338,539440.64
190398,19,2024-01-02,Apartment,46,1926.19,"$579,694.24",Available,,579694.24
190415,19,2024-01-02,Apartment,47,1126.37,"$399,681.67",Available,,399681.67
190432,19,2024-01-02,Apartment,50,1227.01,"$363,010.65",Sold,C1500,363010.65
200013,20,2024-01-02,Office,1,1898.39,"$634,424.32",Sold,C0175,634424.32
200044,20,2024-01-02,Apartment,5,802.5,"$237,460.12",Available,,237460.12
200067,20,2024-01-02,Apartment,8,1268.45,"$362,803.25",Sold,C0914,362803.25
200068,20,2024-01-02,Apartment,8,1268.45,"$410,418.36",Sold,C1556,410418.36
200070,20,2024-01-02,Apartment,8,1268.45,"$336,141.69",Available,,336141.69
200092,20,2024-01-02,Apartment,13,1587.57,"$480,775.40",Sold,C0890,480775.4
200111,20,2024-01-02,Apartment,15,1805.12,"$589,254.84",Available,,589254.84
200179,20,2024-01-02,Apartment,19,759.72,"$290,649.55",Sold,C1011,290649.55
200189,20,2024-01-02,Apartment,20,1110.23,"$305,301.94",Sold,C1570,305301.94
200216,20,2024-01-02,Apartment,26,1941.62,"$704,808.48",Sold,C1062,704808.48
200227,20,2024-01-02,Apartment,28,463.13,"$119,668.45",Sold,C1193,119668.45
200228,20,2024-01-02,Apartment,29,1844.16,"$577,676.30",Sold,C1410,577676.3
200233,20,2024-01-02,Apartment,29,1844.16,"$561,035.94",Sold,C1740,561035.94
200234,20,2024-01-02,Office,29,1844.16,"$582,397.59",Sold,C1524,582397.59
200245,20,2024-01-02,Apartment,30,1703.94,"$513,840.39",Sold,C0981,513840.39
200278,20,2024-01-02,Apartment,31,1414.44,"$464,582.73",Sold,C1693,464582.73
200281,20,2024-01-02,Apartment,31,1414.44,"$379,009.70",Sold,C1044,379009.7
200297,20,2024-01-02,Apartment,33,630.53,"$148,065.52",Sold,C1071,148065.52
200301,20,2024-01-02,Apartment,33,630.53,"$194,243.69",Sold,C1979,194243.69
200311,20,2024-01-02,Apartment,34,858.93,"$304,644.38",Sold,C1721,304644.38
200343,20,2024-01-02,Apartment,37,632.35,"$196,134.77",Sold,C0583,196134.77
200351,20,2024-01-02,Apartment,38,1499.47,"$421,726.61",Available,,421726.61
200354,20,2024-01-02,Apartment,38,1499.47,"$512,763.16",Sold,C0727,512763.16
200357,20,2024-01-02,Apartment,38,1499.47,"$465,555.50",Sold,C0948,465555.5
200366,20,2024-01-02,Apartment,40,428.03,"$143,176.47",Sold,C1166,143176.47
200371,20,2024-01-02,Apartment,40,428.03,"$125,080.47",Sold,C1083,125080.47
200380,20,2024-01-02,Apartment,41,541.22,"$156,812.31",Sold,C1768,156812.31
200384,20,2024-01-02,Apartment,42,811.56,"$233,649.53",Sold,C0007,233649.53
200386,20,2024-01-02,Apartment,42,811.56,"$259,226.88",Sold,C1512,259226.88
200420,20,2024-01-02,Apartment,48,860.8,"$242,873.08",Available,,242873.08
200423,20,2024-01-02,Apartment,48,860.8,"$275,715.45",Sold,C0852,275715.45
200476,20,2024-01-02,Apartment,54,589.61,"$176,827.38",Available,,176827.38
990002,1,2024-01-02,Office,3,713.71,"$217,787.71",Available,,217787.71
1014,1,2024-01-03,Apartment,14,743.09,"$206,445.42",Sold,C0005,206445.42
2002,2,2024-01-03,Apartment,2,587.28,"$209,280.91",Sold,C0071,209280.91
2008,2,2024-01-03,Apartment,8,701.66,"$204,286.67",Sold,C0084,204286.67
2050,2,2024-01-03,Apartment,50,957.53,"$297,008.97",Sold,C0126,297008.97
2056,2,2024-01-03,Apartment,56,1400.95,"$460,001.26",Sold,C0115,460001.26
3042,3,2024-01-03,Apartment,42,781.07,"$213,942.56",Sold,C0117,213942.56
3055,3,2024-01-03,Apartment,55,1222.34,"$380,809.52",Sold,C0095,380809.52
4005,4,2024-01-03,Apartment,5,1121.95,"$344,530.89",Sold,C0060,344530.89
4012,4,2024-01-03,Apartment,12,1121.95,"$290,031.26",Sold,C0008,290031.26
4015,4,2024-01-03,Apartment,15,789.25,"$228,937.90",Available,,228937.9
4016,4,2024-01-03,Apartment,16,794.52,"$244,820.67",Sold,C0159,244820.67
5005,5,2024-01-03,Apartment,5,798.5,"$219,252.89",Available,,219252.89
5051,5,2024-01-03,Apartment,51,790.54,"$249,591.99",Sold,C0031,249591.99
10002,1,2024-01-03,Apartment,1,748.06,"$207,185.26",Sold,C1201,207185.26
10008,1,2024-01-03,Apartment,2,715.67,"$206,865.62",Available,,206865.62
10020,1,2024-01-03,Apartment,3,788.73,"$241,066.59",Sold,C1816,241066.59
10023,1,2024-01-03,Apartment,3,788.73,"$218,169.81",Available,,218169.81
10056,1,2024-01-03,Apartment,7,758.88,"$255,508.22",Available,,255508.22
10070,1,2024-01-03,Apartment,8,763.88,"$244,367.92",Sold,C0398,244367.92
10084,1,2024-01-03,Apartment,11,1429.46,"$428,135.82",Available,,428135.82
10129,1,2024-01-03,Office,15,765.0,"$246,104.84",Sold,C0614,246104.84
10145,1,2024-01-03,Office,18,716.85,"$191,842.01",Sold,C1711,191842.01
10152,1,2024-01-03,Office,19,773.17,"$210,138.18",Available,,210138.18
10193,1,2024-01-03,Apartment,23,1201.5,"$363,926.58",Sold,C1403,363926.58
10248,1,2024-01-03,Office,29,757.2,"$296,499.93",Available,,296499.93
10262,1,2024-01-03,Apartment,29,757.2,"$232,300.88",Sold,C1815,232300.88
10280,1,2024-01-03,Apartment,30,753.29,"$227,882.99",Sold,C0383,227882.99
10314,1,2024-01-03,Office,34,1469.14,"$389,720.64",Sold,C0589,389720.64
10344,1,2024-01-03,Apartment,37,758.3,"$250,392.67",Sold,C1682,250392.67
10384,1,2024-01-03,Apartment,44,779.24,"$205,819.02",Sold,C1518,205819.02
20005,2,2024-01-03,Apartment,1,706.3,"$225,864.51",Sold,C0554,225864.51
20025,2,2024-01-03,Apartment,3,645.84,"$197,536.00",Sold,C0050,197536.0
20039,2,2024-01-03,Apartment,4,1281.85,"$368,876.36",Sold,C1826,368876.36
20058,2,2024-01-03,Apartment,7,733.14,"$234,998.10",Sold,C1057,234998.1
20130,2,2024-01-03,Apartment,15,1603.33,"$457,348.20",Sold,C0902,457348.2
20146,2,2024-01-03,Apartment,17,1397.4,"$437,131.04",Available,,437131.04
20149,2,2024-01-03,Apartment,17,1397.4,"$444,157.13",Sold,C0580,444157.13
20156,2,2024-01-03,Apartment,18,784.76,"$270,820.00",Sold,C0893,270820.0
20178,2,2024-01-03,Apartment,20,727.55,"$242,793.08",Available,,242793.08
20184,2,2024-01-03,Apartment,21,921.38,"$231,332.06",Sold,C1318,231332.06
20188,2,2024-01-03,Apartment,22,653.41,"$217,830.91",Sold,C0010,217830.91
20191,2,2024-01-03,Apartment,22,653.41,"$195,438.27",Sold,C0422,195438.27
20221,2,2024-01-03,Apartment,24,785.12,"$258,112.54",Available,,258112.54
20235,2,2024-01-03,Apartment,26,1577.79,"$480,760.06",Sold,C1339,480760.06
20247,2,2024-01-03,Apartment,27,1211.51,"$374,385.59",Available,,374385.59
20276,2,2024-01-03,Apartment,33,931.4,"$306,514.94",Sold,C1583,306514.94
20291,2,2024-01-03,Apartment,34,800.26,"$257,660.89",Sold,C0887,257660.89
20312,2,2024-01-03,Apartment,37,780.46,"$204,935.44",Sold,C0331,204935.44
20334,2,2024-01-03,Apartment,41,654.93,"$213,396.12",Sold,C1902,213396.12
20335,2,2024-01-03,Apartment,41,654.93,"$191,283.55",Sold,C0356,191283.55
20345,2,2024-01-03,Apartment,41,654.93,"$193,321.50",Available,,193321.5
20412,2,2024-01-03,Apartment,47,708.32,"$262,911.79",Sold,C0179,262911.79
20475,2,2024-01-03,Apartment,55,579.26,"$164,554.88",Sold,C1691,164554.88
30019,3,2024-01-03,Apartment,2,672.64,"$191,316.11",Available,,191316.11
30021,3,2024-01-03,Apartment,2,672.64,"$231,519.07",Sold,C1799,231519.07
30031,3,2024-01-03,Office,4,719.96,"$206,964.98",Sold,C0638,206964.98
30044,3,2024-01-03,Apartment,5,701.19,"$223,214.09",Available,,223214.09
30072,3,2024-01-03,Apartment,7,744.01,"$233,424.36",Available,,233424.36
30078,3,2024-01-03,Apartment,7,744.01,"$219,227.88",Available,,219227.88
30081,3,2024-01-03,Apartment,7,744.01,"$218,746.42",Available,,218746.42
30084,3,2024-01-03,Apartment,8,1152.39,"$319,956.38",Sold,C0612,319956.38
30096,3,2024-01-03,Apartment,9,1125.84,"$321,342.19",Sold,C1758,321342.19
30099,3,2024-01-03,Office,9,1125.84,"$371,216.71",Sold,C0581,371216.71
30128,3,2024-01-03,Apartment,11,1283.1,"$435,547.39",Sold,C0572,435547.39
30142,3,2024-01-03,Office,14,788.59,"$296,993.27",Sold,C0409,296993.27
30149,3,2024-01-03,Apartment,16,1587.26,"$518,272.25",Sold,C0812,518272.25
30173,3,2024-01-03,Apartment,19,1602.22,"$472,857.10",Available,,472857.1
30216,3,2024-01-03,Apartment,24,776.04,"$227,449.53",Sold,C0937,227449.53
30245,3,2024-01-03,Apartment,28,679.93,"$217,963.49",Sold,C1611,217963.49
30250,3,2024-01-03,Apartment,28,679.93,"$216,148.29",Sold,C0328,216148.29
30265,3,2024-01-03,Apartment,29,666.0,"$218,049.70",Sold,C1389,218049.7
30302,3,2024-01-03,Apartment,36,733.45,"$192,882.85",Sold,C0517,192882.85
30328,3,2024-01-03,Office,40,678.71,"$194,496.60",Available,,194496.6
30412,3,2024-01-03,Apartment,49,1174.48,"$362,193.44",Sold,C1885,362193.44
30475,3,2024-01-03,Apartment,56,1179.42,"$392,025.92",Sold,C1342,392025.92
30491,3,2024-01-03,Apartment,57,1607.94,"$508,433.93",Available,,508433.93
30509,3,2024-01-03,Apartment,59,1353.02,"$382,435.30",Sold,C0435,382435.3
40046,4,2024-01-03,Apartment,5,786.98,"$270,996.22",Available,,270996.22
40051,4,2024-01-03,Apartment,5,786.98,"$188,167.85",Available,,188167.85
40057,4,2024-01-03,Apartment,5,786.98,"$185,668.22",Sold,C0043,185668.22
40084,4,2024-01-03,Apartment,11,802.79,"$235,793.94",Available,,235793.94
40088,4,2024-01-03,Apartment,11,802.79,"$255,309.07",Sold,C1911,255309.07
40127,4,2024-01-03,Apartment,15,760.39,"$228,311.87",Available,,228311.87
40160,4,2024-01-03,Apartment,19,1063.07,"$320,367.69",Sold,C0528,320367.69
40195,4,2024-01-03,Apartment,25,1310.16,"$419,280.43",Sold,C0676,419280.43
40219,4,2024-01-03,Apartment,26,790.05,"$250,104.08",Sold,C1701,250104.08
40227,4,2024-01-03,Apartment,26,790.05,"$185,592.46",Sold,C0485,185592.46
40260,4,2024-01-03,Apartment,31,793.1,"$244,330.47",Sold,C1549,244330.47
40261,4,2024-01-03,Apartment,31,793.1,"$243,759.15",Available,,243759.15
40276,4,2024-01-03,Apartment,32,1328.09,"$357,485.43",Available,,357485.43
40280,4,2024-01-03,Apartment,33,734.73,"$202,634.18",Sold,C1184,202634.18
40285,4,2024-01-03,Apartment,33,734.73,"$258,544.89",Sold,C0411,258544.89
40303,4,2024-01-03,Office,36,736.77,"$287,413.06",Available,,287413.06
40324,4,2024-01-03,Apartment,39,743.73,"$244,835.95",Available,,244835.95
40329,4,2024-01-03,Apartment,39,743.73,"$218,908.24",Available,,218908.24
40339,4,2024-01-03,Apartment,40,780.74,"$232,130.98",Sold,C1877,232130.98
40340,4,2024-01-03,Apartment,40,780.74,"$245,584.03",Sold,C0878,245584.03
40360,4,2024-01-03,Apartment,43,1616.99,"$445,861.00",Sold,C1636,445861.0
40368,4,2024-01-03,Office,44,799.67,"$258,779.74",Sold,C1126,258779.74
40370,4,2024-01-03,Office,44,799.67,"$262,882.87",Sold,C0568,262882.87
40377,4,2024-01-03,Apartment,45,1160.48,"$292,085.01",Sold,C1291,292085.01
40395,4,2024-01-03,Apartment,45,1160.48,"$374,768.98",Sold,C1450,374768.98
40401,4,2024-01-03,Apartment,46,800.23,"$224,540.77",Available,,224540.77
40402,4,2024-01-03,Apartment,46,800.23,"$229,238.37",Available,,229238.37
40424,4,2024-01-03,Apartment,49,739.7,"$177,310.11",Sold,C1942,177310.11
40425,4,2024-01-03,Apartment,49,739.7,"$192,833.65",Sold,C0146,192833.65
40427,4,2024-01-03,Office,49,739.7,"$264,395.14",Sold,C0439,264395.14
40441,4,2024-01-03,Apartment,51,802.11,"$234,587.05",Sold,C1296,234587.05
50066,5,2024-01-03,Apartment,9,793.56,"$224,958.55",Sold,C1138,224958.55
50070,5,2024-01-03,Apartment,10,629.27,"$201,409.80",Sold,C1111,201409.8
50089,5,2024-01-03,Apartment,11,1058.56,"$351,625.35",Sold,C1213,351625.35
50118,5,2024-01-03,Apartment,15,1050.95,"$407,054.73",Sold,C0929,407054.73
50125,5,2024-01-03,Apartment,16,1060.08,"$266,175.15",Sold,C0274,266175.15
50197,5,2024-01-03,Office,26,1272.4,"$371,144.72",Available,,371144.72
50217,5,2024-01-03,Office,28,1247.24,"$346,348.71",Available,,346348.71
50218,5,2024-01-03,Apartment,29,786.28,"$220,273.72",Sold,C0038,220273.72
50268,5,2024-01-03,Apartment,36,627.56,"$188,574.81",Sold,C1131,188574.81
50288,5,2024-01-03,Apartment,37,1790.7,"$543,777.59",Sold,C0150,543777.59
50297,5,2024-01-03,Apartment,39,591.14,"$189,258.23",Available,,189258.23
50339,5,2024-01-03,Apartment,43,802.72,"$222,121.91",Sold,C0634,222121.91
50398,5,2024-01-03,Apartment,47,1241.14,"$389,142.71",Sold,C1612,389142.71
50407,5,2024-01-03,Office,47,1241.14,"$343,513.68",Sold,C0149,343513.68
50432,5,2024-01-03,Apartment,50,1261.07,"$424,910.39",Sold,C1242,424910.39
50436,5,2024-01-03,Apartment,51,1029.59,"$299,112.38",Sold,C0279,299112.38
60007,6,2024-01-03,Office,1,1720.95,"$526,612.91",Sold,C0366,526612.91
60017,6,2024-01-03,Apartment,1,1720.95,"$606,381.67",Sold,C1416,606381.67
60025,6,2024-01-03,Apartment,2,1338.63,"$330,643.23",Available,,330643.23
60036,6,2024-01-03,Apartment,4,1925.28,"$627,613.85",Sold,C0336,627613.85
60051,6,2024-01-03,Apartment,4,1925.28,"$616,403.86",Sold,C1770,616403.86
60087,6,2024-01-03,Office,7,1075.42,"$349,579.55",Sold,C1136,349579.55
60097,6,2024-01-03,Apartment,7,1075.42,"$342,823.42",Available,,342823.42
60110,6,2024-01-03,Apartment,9,1194.12,"$285,826.45",Sold,C1398,285826.45
60117,6,2024-01-03,Apartment,10,942.08,"$275,335.38",Available,,275335.38
60140,6,2024-01-03,Apartment,12,1678.17,"$603,518.77",Sold,C0152,603518.77
60153,6,2024-01-03,Apartment,12,1678.17,"$526,810.49",Sold,C0497,526810.49
60154,6,2024-01-03,Office,12,1678.17,"$487,577.71",Sold,C1551,487577.71
60192,6,2024-01-03,Apartment,19,1542.71,"$432,448.91",Sold,C0091,432448.91
60211,6,2024-01-03,Office,20,1897.17,"$606,682.76",Available,,606682.76
60229,6,2024-01-03,Apartment,21,833.23,"$263,803.73",Sold,C0081,263803.73
60281,6,2024-01-03,Apartment,31,1768.9,"$503,303.34",Sold,C1027,503303.34
60285,6,2024-01-03,Apartment,31,1768.9,"$512,554.33",Sold,C0716,512554.33
60297,6,2024-01-03,Office,33,1131.0,"$327,382.45",Sold,C1486,327382.45
60302,6,2024-01-03,Office,33,1131.0,"$317,284.62",Sold,C0717,317284.62
60343,6,2024-01-03,Apartment,38,698.21,"$219,187.03",Sold,C1896,219187.03
60351,6,2024-01-03,Apartment,39,744.54,"$258,105.88",Sold,C1257,258105.88
60352,6,2024-01-03,Apartment,39,744.54,"$211,395.87",Available,,211395.87
60377,6,2024-01-03,Apartment,43,1492.81,"$446,977.08",Available,,446977.08
60382,6,2024-01-03,Apartment,43,1492.81,"$370,550.39",Available,,370550.39
60405,6,2024-01-03,Apartment,49,1167.52,"$329,620.00",Sold,C0156,329620.0
60422,6,2024-01-03,Apartment,51,1476.63,"$496,395.55",Available,,496395.55
60423,6,2024-01-03,Apartment,51,1476.63,"$491,669.54",Sold,C1078,491669.54
60443,6,2024-01-03,Apartment,53,1170.96,"$376,208.61",Sold,C0686,376208.61
60451,6,2024-01-03,Apartment,53,1170.96,"$353,358.62",Sold,C1201,353358.62
60465,6,2024-01-03,Apartment,55,562.37,"$174,861.74",Sold,C0870,174861.74
70010,7,2024-01-03,Apartment,3,888.5,"$283,696.07",Available,,283696.07
70045,7,2024-01-03,Apartment,7,1071.02,"$326,619.69",Available,,326619.69
70064,7,2024-01-03,Apartment,10,1495.37,"$447,358.85",Sold,C1613,447358.85
70097,7,2024-01-03,Apartment,13,604.6,"$179,048.25",Sold,C1733,179048.25
70098,7,2024-01-03,Office,13,604.6,"$163,386.52",Sold,C1170,163386.52
70105,7,2024-01-03,Apartment,14,714.65,"$210,334.70",Sold,C0614,210334.7
70123,7,2024-01-03,Office,15,602.92,"$195,057.54",Sold,C0909,195057.54
70140,7,2024-01-03,Apartment,17,1586.15,"$495,861.04",Available,,495861.04
70151,7,2024-01-03,Apartment,18,703.28,"$196,588.07",Sold,C0334,196588.07
70182,7,2024-01-03,Apartment,21,1528.62,"$475,699.15",Available,,475699.15
70185,7,2024-01-03,Apartment,21,1528.62,"$355,573.01",Sold,C1461,355573.01
70233,7,2024-01-03,Apartment,26,717.0,"$205,825.01",Sold,C0785,205825.01
70243,7,2024-01-03,Apartment,27,768.05,"$230,070.22",Sold,C1815,230070.22
70256,7,2024-01-03,Apartment,28,694.55,"$207,109.90",Available,,207109.9
70259,7,2024-01-03,Apartment,28,694.55,"$222,388.39",Available,,222388.39
70278,7,2024-01-03,Apartment,33,1266.64,"$399,124.74",Available,,399124.74
70314,7,2024-01-03,Apartment,38,1755.26,"$450,762.70",Sold,C1247,450762.7
70327,7,2024-01-03,Office,38,1755.26,"$564,037.73",Sold,C1700,564037.73
70337,7,2024-01-03,Apartment,40,1138.18,"$308,622.38",Sold,C0088,308622.38
70429,7,2024-01-03,Apartment,50,502.02,"$140,625.05",Available,,140625.05
70436,7,2024-01-03,Apartment,51,648.27,"$150,856.46",Sold,C0062,150856.46
70443,7,2024-01-03,Apartment,52,1281.14,"$345,268.92",Sold,C0841,345268.92
70456,7,2024-01-03,Apartment,54,1940.69,"$585,559.25",Sold,C1152,585559.25
70497,7,2024-01-03,Apartment,58,1629.83,"$537,546.81",Sold,C0151,537546.81
70505,7,2024-01-03,Apartment,58,1629.83,"$476,167.41",Sold,C1316,476167.41
70511,7,2024-01-03,Apartment,59,765.3,"$250,106.90",Sold,C1502,250106.9
80018,8,2024-01-03,Apartment,2,1097.36,"$325,789.31",Sold,C1013,325789.31
80023,8,2024-01-03,Office,3,1736.05,"$545,199.56",Available,,545199.56
80026,8,2024-01-03,Apartment,4,1934.75,"$523,161.71",Available,,523161.71
80057,8,2024-01-03,Apartment,6,1370.17,"$438,095.92",Sold,C0559,438095.92
80069,8,2024-01-03,Apartment,8,1552.34,"$479,097.62",Sold,C0010,479097.62
80072,8,2024-01-03,Apartment,8,1552.34,"$398,037.98",Sold,C0651,398037.98
80100,8,2024-01-03,Apartment,12,1430.46,"$446,838.60",Sold,C1162,446838.6
80105,8,2024-01-03,Apartment,13,660.3,"$180,436.90",Sold,C1924,180436.9
80108,8,2024-01-03,Apartment,14,685.93,"$222,752.92",Available,,222752.92
80109,8,2024-01-03,Apartment,14,685.93,"$238,726.20",Sold,C1032,238726.2
80130,8,2024-01-03,Apartment,15,534.85,"$154,353.28",Sold,C0341,154353.28
80158,8,2024-01-03,Apartment,20,774.16,"$240,718.43",Sold,C1359,240718.43
80164,8,2024-01-03,Apartment,21,1501.64,"$510,510.60",Available,,510510.6
80171,8,2024-01-03,Apartment,22,1495.57,"$464,608.30",Sold,C0738,464608.3
80194,8,2024-01-03,Apartment,26,1625.38,"$497,984.45",Sold,C1298,497984.45
80210,8,2024-01-03,Apartment,28,1431.61,"$418,833.33",Sold,C0851,418833.33
80285,8,2024-01-03,Apartment,33,1809.87,"$459,972.28",Sold,C1393,459972.28
80308,8,2024-01-03,Apartment,36,673.86,"$198,802.46",Sold,C0827,198802.46
80321,8,2024-01-03,Apartment,37,890.65,"$255,348.83",Available,,255348.83
80333,8,2024-01-03,Apartment,37,890.65,"$270,409.23",Sold,C1500,270409.23
80346,8,2024-01-03,Apartment,39,1290.89,"$349,511.46",Sold,C0762,349511.46
80433,8,2024-01-03,Apartment,50,913.15,"$267,101.26",Available,,267101.26
80486,8,2024-01-03,Apartment,56,1874.7,"$497,024.24",Available,,497024.24
80496,8,2024-01-03,Apartment,57,1949.35,"$538,507.20",Sold,C0612,538507.2
90011,9,2024-01-03,Apartment,1,832.35,"$261,588.76",Sold,C0581,261588.76
90022,9,2024-01-03,Apartment,4,1139.87,"$347,482.45",Available,,347482.45
90030,9,2024-01-03,Apartment,6,1821.59,"$493,931.35",Sold,C1570,493931.35
90038,9,2024-01-03,Apartment,7,697.68,"$223,777.94",Sold,C1980,223777.94
90079,9,2024-01-03,Office,12,952.38,"$320,191.49",Sold,C1524,320191.49
90088,9,2024-01-03,Apartment,14,1445.3,"$473,439.58",Sold,C1422,473439.58
90111,9,2024-01-03,Apartment,17,1481.32,"$446,979.46",Sold,C1941,446979.46
90148,9,2024-01-03,Apartment,23,901.21,"$293,975.04",Sold,C1445,293975.04
90150,9,2024-01-03,Apartment,23,901.21,"$267,578.12",Sold,C1721,267578.12
90174,9,2024-01-03,Apartment,26,1038.39,"$321,101.26",Sold,C0298,321101.26
90182,9,2024-01-03,Apartment,27,1207.33,"$358,447.56",Sold,C0583,358447.56
90185,9,2024-01-03,Apartment,27,1207.33,"$347,435.71",Sold,C1282,347435.71
90191,9,2024-01-03,Apartment,28,1931.82,"$592,109.47",Available,,592109.47
90201,9,2024-01-03,Apartment,29,1426.22,"$414,854.52",Sold,C0026,414854.52
90211,9,2024-01-03,Apartment,30,1250.17,"$357,647.97",Sold,C1873,357647.97
90252,9,2024-01-03,Apartment,34,1577.36,"$510,570.33",Available,,510570.33
90259,9,2024-01-03,Apartment,34,1577.36,"$423,148.15",Sold,C0180,423148.15
90278,9,2024-01-03,Apartment,35,1376.88,"$397,654.23",Sold,C1163,397654.23
90280,9,2024-01-03,Apartment,35,1376.88,"$356,213.53",Sold,C1793,356213.53
90288,9,2024-01-03,Apartment,36,1582.79,"$548,231.59",Available,,548231.59
90344,9,2024-01-03,Apartment,40,1090.32,"$294,967.99",Sold,C1327,294967.99
90349,9,2024-01-03,Apartment,41,1488.32,"$517,878.00",Available,,517878.0
90387,9,2024-01-03,Apartment,46,662.32,"$230,643.48",Sold,C0897,230643.48
90426,9,2024-01-03,Office,53,599.72,"$208,791.69",Available,,208791.69
90474,9,2024-01-03,Apartment,58,838.34,"$287,917.80",Sold,C0016,287917.8
90481,9,2024-01-03,Apartment,58,838.34,"$251,397.07",Available,,251397.07
90532,9,2024-01-03,Apartment,62,1263.44,"$373,157.22",Available,,373157.22
90534,9,2024-01-03,Apartment,62,1263.44,"$425,904.80",Sold,C0744,425904.8
100008,10,2024-01-03,Apartment,2,1830.46,"$599,456.66",Available,,599456.66
100037,10,2024-01-03,Apartment,5,1741.96,"$555,912.87",Sold,C0443,555912.87
100082,10,2024-01-03,Apartment,10,1196.84,"$290,993.55",Sold,C0329,290993.55
100084,10,2024-01-03,Office,10,1196.84,"$478,630.37",Sold,C0676,478630.37
100142,10,2024-01-03,Apartment,18,1244.03,"$353,047.58",Sold,C0187,353047.58
100146,10,2024-01-03,Apartment,19,948.04,"$242,911.97",Available,,242911.97
100150,10,2024-01-03,Apartment,19,948.04,"$269,363.17",Sold,C0868,269363.17
100156,10,2024-01-03,Apartment,20,1264.43,"$301,503.93",Available,,301503.93
100169,10,2024-01-03,Apartment,22,1116.68,"$327,199.09",Available,,327199.09
100173,10,2024-01-03,Office,23,912.32,"$255,006.99",Sold,C1045,255006.99
100184,10,2024-01-03,Apartment,25,1487.17,"$392,319.37",Sold,C0928,392319.37
100202,10,2024-01-03,Apartment,26,1294.85,"$457,406.52",Sold,C1329,457406.52
100208,10,2024-01-03,Office,26,1294.85,"$460,542.58",Available,,460542.58
100234,10,2024-01-03,Apartment,28,1606.58,"$419,982.23",Sold,C0498,419982.23
100241,10,2024-01-03,Apartment,29,486.78,"$133,870.43",Available,,133870.43
100254,10,2024-01-03,Apartment,30,1559.4,"$406,955.39",Sold,C1895,406955.39
100297,10,2024-01-03,Apartment,35,1675.74,"$426,658.82",Sold,C0777,426658.82
100322,10,2024-01-03,Apartment,38,476.64,"$128,340.87",Sold,C1091,128340.87
100325,10,2024-01-03,Apartment,39,1188.51,"$342,681.32",Sold,C1762,342681.32
100339,10,2024-01-03,Office,41,1750.64,"$543,773.78",Sold,C1051,543773.78
100354,10,2024-01-03,Apartment,42,1757.51,"$578,560.91",Available,,578560.91
100362,10,2024-01-03,Apartment,43,1093.67,"$344,051.81",Sold,C0945,344051.81
100367,10,2024-01-03,Apartment,43,1093.67,"$290,190.09",Available,,290190.09
100379,10,2024-01-03,Apartment,44,1224.71,"$348,889.77",Sold,C1138,348889.77
100384,10,2024-01-03,Apartment,44,1224.71,"$372,739.71",Sold,C0524,372739.71
100398,10,2024-01-03,Office,46,1525.34,"$511,655.42",Sold,C0468,511655.42
110080,11,2024-01-03,Apartment,10,1519.64,"$441,125.61",Available,,441125.61
110097,11,2024-01-03,Apartment,10,1519.64,"$498,260.56",Sold,C1205,498260.56
110144,11,2024-01-03,Apartment,15,1385.68,"$444,474.88",Available,,444474.88
110160,11,2024-01-03,Apartment,17,1946.06,"$509,668.52",Sold,C0784,509668.52
110169,11,2024-01-03,Apartment,18,1562.55,"$428,394.86",Available,,428394.86
110235,11,2024-01-03,Apartment,29,993.51,"$296,167.83",Available,,296167.83
110238,11,2024-01-03,Apartment,29,993.51,"$303,617.21",Sold,C0214,303617.21
110259,11,2024-01-03,Apartment,31,1232.68,"$348,352.52",Sold,C0660,348352.52
110264,11,2024-01-03,Apartment,32,1285.87,"$374,418.94",Sold,C0955,374418.94
110265,11,2024-01-03,Apartment,32,1285.87,"$337,234.79",Available,,337234.79
110267,11,2024-01-03,Apartment,32,1285.87,"$404,760.62",Sold,C1889,404760.62
110280,11,2024-01-03,Apartment,34,680.07,"$223,039.63",Available,,223039.63
110335,11,2024-01-03,Apartment,41,1125.56,"$378,675.72",Sold,C1244,378675.72
110379,11,2024-01-03,Apartment,44,434.38,"$130,303.65",Available,,130303.65
110391,11,2024-01-03,Apartment,46,1798.85,"$530,573.34",Available,,530573.34
110398,11,2024-01-03,Apartment,47,1456.74,"$490,933.95",Available,,490933.95
110425,11,2024-01-03,Apartment,50,948.72,"$271,454.23",Available,,271454.23
110441,11,2024-01-03,Apartment,52,1397.58,"$371,257.45",Sold,C0248,371257.45
110457,11,2024-01-03,Apartment,52,1397.58,"$396,446.03",Sold,C1421,396446.03
110479,11,2024-01-03,Apartment,56,724.8,"$223,047.20",Sold,C0875,223047.2
110488,11,2024-01-03,Apartment,57,1008.58,"$311,573.77",Sold,C0241,311573.77
110502,11,2024-01-03,Office,60,1295.04,"$390,199.46",Sold,C0497,390199.46
110511,11,2024-01-03,Apartment,61,1299.46,"$416,775.71",Sold,C0345,416775.71
110513,11,2024-01-03,Apartment,61,1299.46,"$390,999.79",Sold,C1470,390999.79
110519,11,2024-01-03,Apartment,61,1299.46,"$407,851.43",Sold,C1294,407851.43
110535,11,2024-01-03,Apartment,62,1938.82,"$559,747.82",Sold,C1526,559747.82
110547,11,2024-01-03,Apartment,64,1916.26,"$670,575.87",Sold,C0705,670575.87
110560,11,2024-01-03,Office,65,1427.09,"$415,621.37",Sold,C1352,415621.37
110561,11,2024-01-03,Apartment,65,1427.09,"$434,714.68",Available,,434714.68
120011,12,2024-01-03,Apartment,1,839.95,"$238,111.34",Sold,C1338,238111.34
120023,12,2024-01-03,Apartment,3,1469.27,"$367,608.78",Sold,C1745,367608.78
120043,12,2024-01-03,Apartment,4,1559.34,"$455,532.20",Sold,C0591,455532.2
120047,12,2024-01-03,Apartment,4,1559.34,"$550,180.20",Sold,C0122,550180.2
120048,12,2024-01-03,Apartment,5,495.04,"$175,885.99",Sold,C0174,175885.99
120083,12,2024-01-03,Apartment,10,1642.26,"$440,939.43",Sold,C0346,440939.43
120084,12,2024-01-03,Apartment,10,1642.26,"$491,470.69",Sold,C0658,491470.69
120089,12,2024-01-03,Apartment,12,959.05,"$275,447.01",Sold,C1486,275447.01
120136,12,2024-01-03,Office,16,1523.02,"$415,409.21",Sold,C0376,415409.21
120192,12,2024-01-03,Apartment,22,892.67,"$308,919.06",Sold,C1494,308919.06
120205,12,2024-01-03,Office,23,1094.46,"$340,450.25",Sold,C0926,340450.25
120208,12,2024-01-03,Apartment,23,1094.46,"$311,524.51",Sold,C0125,311524.51
120257,12,2024-01-03,Office,27,871.52,"$254,211.77",Sold,C1645,254211.77
120287,12,2024-01-03,Apartment,33,1232.2,"$365,743.18",Sold,C0182,365743.18
120314,12,2024-01-03,Apartment,34,1817.64,"$556,062.80",Sold,C1520,556062.8
120324,12,2024-01-03,Apartment,35,1690.62,"$482,594.96",Sold,C1080,482594.96
120342,12,2024-01-03,Apartment,38,1157.23,"$386,019.24",Available,,386019.24
120343,12,2024-01-03,Apartment,38,1157.23,"$322,224.02",Available,,322224.02
120356,12,2024-01-03,Apartment,38,1157.23,"$331,792.26",Sold,C1733,331792.26
120386,12,2024-01-03,Apartment,44,635.36,"$193,403.07",Sold,C0753,193403.07
120396,12,2024-01-03,Apartment,47,1528.05,"$561,731.10",Sold,C0732,561731.1
120397,12,2024-01-03,Office,47,1528.05,"$487,713.60",Available,,487713.6
130012,13,2024-01-03,Apartment,1,1899.92,"$555,343.32",Sold,C0293,555343.32
130013,13,2024-01-03,Office,1,1899.92,"$559,085.68",Available,,559085.68
130015,13,2024-01-03,Apartment,1,1899.92,"$602,930.85",Available,,602930.85
130060,13,2024-01-03,Apartment,5,441.3,"$150,544.43",Available,,150544.43
130068,13,2024-01-03,Apartment,8,1449.43,"$415,155.52",Available,,415155.52
130069,13,2024-01-03,Apartment,8,1449.43,"$377,664.86",Available,,377664.86
130073,13,2024-01-03,Apartment,9,1448.68,"$483,003.01",Sold,C0294,483003.01
130098,13,2024-01-03,Apartment,11,1678.3,"$459,184.89",Available,,459184.89
130134,13,2024-01-03,Apartment,15,458.29,"$132,839.83",Sold,C1635,132839.83
130144,13,2024-01-03,Apartment,16,1772.88,"$615,781.65",Available,,615781.65
130191,13,2024-01-03,Apartment,20,516.72,"$122,058.89",Available,,122058.89
130192,13,2024-01-03,Apartment,20,516.72,"$164,585.63",Sold,C0223,164585.63
130218,13,2024-01-03,Office,25,633.86,"$154,903.56",Sold,C0219,154903.56
130234,13,2024-01-03,Apartment,27,885.68,"$260,227.69",Sold,C0698,260227.69
130236,13,2024-01-03,Apartment,28,1173.72,"$379,531.13",Sold,C1724,379531.13
130239,13,2024-01-03,Office,28,1173.72,"$340,602.26",Sold,C0571,340602.26
130242,13,2024-01-03,Apartment,28,1173.72,"$330,077.14",Sold,C1109,330077.14
130262,13,2024-01-03,Apartment,30,1777.51,"$567,793.82",Sold,C0932,567793.82
130267,13,2024-01-03,Apartment,31,627.57,"$179,742.54",Sold,C1969,179742.54
130302,13,2024-01-03,Office,33,1445.84,"$500,020.84",Sold,C0307,500020.84
130341,13,2024-01-03,Office,38,656.42,"$218,673.20",Available,,218673.2
130342,13,2024-01-03,Apartment,38,656.42,"$209,354.32",Available,,209354.32
130358,13,2024-01-03,Apartment,40,571.5,"$163,504.49",Sold,C0960,163504.49
130383,13,2024-01-03,Apartment,43,1875.83,"$597,724.45",Sold,C1883,597724.45
130384,13,2024-01-03,Apartment,43,1875.83,"$663,848.64",Sold,C1624,663848.64
130386,13,2024-01-03,Apartment,43,1875.83,"$607,539.65",Sold,C1944,607539.65
130402,13,2024-01-03,Apartment,45,986.91,"$337,352.78",Sold,C0321,337352.78
130405,13,2024-01-03,Office,45,986.91,"$303,252.26",Sold,C0289,303252.26
130423,13,2024-01-03,Apartment,47,1874.35,"$461,566.83",Sold,C0627,461566.83
130440,13,2024-01-03,Apartment,48,1728.84,"$592,737.69",Sold,C0045,592737.69
130457,13,2024-01-03,Office,52,1916.1,"$705,490.95",Sold,C1283,705490.95
130487,13,2024-01-03,Apartment,56,606.9,"$170,509.90",Sold,C1697,170509.9
130505,13,2024-01-03,Apartment,59,1434.04,"$428,248.91",Available,,428248.91
130523,13,2024-01-03,Office,60,1401.81,"$429,243.97",Available,,429243.97
130525,13,2024-01-03,Apartment,60,1401.81,"$400,297.87",Available,,400297.87
130539,13,2024-01-03,Apartment,62,452.68,"$139,864.72",Sold,C0233,139864.72
130541,13,2024-01-03,Office,63,1623.8,"$528,523.40",Sold,C1787,528523.4
140001,14,2024-01-03,Apartment,1,1750.63,"$519,772.07",Available,,519772.07
140011,14,2024-01-03,Apartment,3,645.76,"$184,463.78",Sold,C0356,184463.78
140012,14,2024-01-03,Apartment,3,645.76,"$174,761.92",Available,,174761.92
140014,14,2024-01-03,Apartment,3,645.76,"$192,114.05",Sold,C0691,192114.05
140067,14,2024-01-03,Apartment,9,803.5,"$240,826.44",Sold,C0025,240826.44
140107,14,2024-01-03,Apartment,12,459.44,"$120,742.29",Sold,C0175,120742.29
140181,14,2024-01-03,Office,20,1224.91,"$413,091.69",Sold,C1714,413091.69
140185,14,2024-01-03,Apartment,20,1224.91,"$365,006.80",Sold,C1799,365006.8
140200,14,2024-01-03,Apartment,22,1148.66,"$316,929.07",Available,,316929.07
140203,14,2024-01-03,Apartment,22,1148.66,"$389,899.07",Available,,389899.07
140207,14,2024-01-03,Apartment,22,1148.66,"$375,880.49",Available,,375880.49
140216,14,2024-01-03,Apartment,23,1610.37,"$524,135.10",Sold,C0662,524135.1
140227,14,2024-01-03,Apartment,24,1205.25,"$389,395.46",Sold,C0297,389395.46
140229,14,2024-01-03,Apartment,25,586.85,"$208,143.52",Sold,C1958,208143.52
140238,14,2024-01-03,Apartment,27,1866.49,"$550,819.24",Sold,C1765,550819.24
140315,14,2024-01-03,Apartment,37,1469.73,"$427,134.73",Sold,C1422,427134.73
140348,14,2024-01-03,Apartment,41,543.61,"$176,130.89",Sold,C0139,176130.89
140389,14,2024-01-03,Office,47,917.53,"$333,493.87",Sold,C0406,333493.87
140409,14,2024-01-03,Apartment,49,1231.75,"$335,648.24",Sold,C0751,335648.24
140412,14,2024-01-03,Apartment,49,1231.75,"$414,334.38",Sold,C0084,414334.38
140424,14,2024-01-03,Apartment,51,1346.3,"$476,875.98",Available,,476875.98
150028,15,2024-01-03,Apartment,3,748.99,"$226,867.23",Sold,C1406,226867.23
150040,15,2024-01-03,Apartment,6,938.57,"$287,742.14",Available,,287742.14
150059,15,2024-01-03,Apartment,9,565.48,"$187,366.27",Sold,C0633,187366.27
150069,15,2024-01-03,Apartment,10,1072.95,"$320,276.47",Sold,C0677,320276.47
150074,15,2024-01-03,Apartment,11,1437.62,"$415,669.45",Sold,C0379,415669.45
150078,15,2024-01-03,Apartment,12,992.68,"$320,644.43",Sold,C0370,320644.43
150091,15,2024-01-03,Apartment,14,1832.17,"$567,823.18",Sold,C0210,567823.18
150139,15,2024-01-03,Office,17,562.64,"$172,358.52",Sold,C1230,172358.52
150232,15,2024-01-03,Apartment,26,961.01,"$299,573.55",Sold,C0397,299573.55
150293,15,2024-01-03,Apartment,35,745.49,"$241,073.25",Sold,C1490,241073.25
150294,15,2024-01-03,Apartment,35,745.49,"$221,231.30",Available,,221231.3
150305,15,2024-01-03,Apartment,35,745.49,"$211,139.96",Available,,211139.96
150371,15,2024-01-03,Apartment,47,1358.77,"$416,396.32",Sold,C1053,416396.32
150373,15,2024-01-03,Apartment,47,1358.77,"$456,444.20",Sold,C0832,456444.2
150378,15,2024-01-03,Apartment,48,1403.33,"$398,619.31",Sold,C0073,398619.31
150390,15,2024-01-03,Apartment,49,460.17,"$124,485.23",Sold,C0676,124485.23
150392,15,2024-01-03,Apartment,50,1841.5,"$524,955.14",Sold,C1068,524955.14
150415,15,2024-01-03,Apartment,52,829.2,"$215,779.63",Sold,C1620,215779.63
150439,15,2024-01-03,Apartment,55,892.75,"$270,028.95",Sold,C0187,270028.95
150445,15,2024-01-03,Office,55,892.75,"$327,308.85",Sold,C0868,327308.85
150451,15,2024-01-03,Apartment,55,892.75,"$282,707.26",Available,,282707.26
150455,15,2024-01-03,Apartment,55,892.75,"$244,256.20",Sold,C1455,244256.2
160053,16,2024-01-03,Apartment,7,941.57,"$256,919.71",Sold,C1527,256919.71
160069,16,2024-01-03,Apartment,8,986.18,"$306,939.29",Sold,C1396,306939.29
160103,16,2024-01-03,Office,11,1288.42,"$475,185.80",Sold,C0797,475185.8
160126,16,2024-01-03,Apartment,14,660.84,"$197,899.51",Sold,C1443,197899.51
160161,16,2024-01-03,Office,21,837.95,"$262,430.93",Sold,C1912,262430.93
160168,16,2024-01-03,Apartment,21,837.95,"$247,793.15",Sold,C1111,247793.15
160187,16,2024-01-03,Apartment,23,594.14,"$175,786.75",Sold,C1954,175786.75
160194,16,2024-01-03,Apartment,24,1077.77,"$387,724.00",Sold,C1444,387724.0
160211,16,2024-01-03,Apartment,26,1458.08,"$429,318.55",Sold,C1320,429318.55
160238,16,2024-01-03,Apartment,28,1440.71,"$442,981.99",Sold,C0606,442981.99
160266,16,2024-01-03,Office,32,431.76,"$118,779.75",Sold,C0430,118779.75
160274,16,2024-01-03,Office,33,881.17,"$271,991.93",Sold,C1186,271991.93
160283,16,2024-01-03,Apartment,34,743.19,"$203,467.10",Available,,203467.1
160295,16,2024-01-03,Apartment,35,629.97,"$185,697.91",Sold,C1116,185697.91
160339,16,2024-01-03,Office,41,1001.72,"$256,680.04",Sold,C1870,256680.04
160343,16,2024-01-03,Apartment,41,1001.72,"$249,056.03",Sold,C0712,249056.03
160369,16,2024-01-03,Apartment,42,1496.62,"$450,818.61",Sold,C0052,450818.61
160373,16,2024-01-03,Office,42,1496.62,"$491,362.13",Sold,C0789,491362.13
160382,16,2024-01-03,Apartment,44,1695.03,"$496,232.48",Sold,C1063,496232.48
160389,16,2024-01-03,Apartment,45,1653.49,"$564,972.81",Sold,C1187,564972.81
170013,17,2024-01-03,Office,1,530.28,"$203,115.86",Available,,203115.86
170027,17,2024-01-03,Apartment,2,1738.5,"$521,203.39",Sold,C0352,521203.39
170071,17,2024-01-03,Apartment,9,1505.53,"$477,594.44",Available,,477594.44
170089,17,2024-01-03,Apartment,11,596.22,"$169,300.68",Sold,C0573,169300.68
170122,17,2024-01-03,Apartment,14,1646.02,"$510,061.69",Available,,510061.69
170171,17,2024-01-03,Office,18,554.84,"$195,199.56",Available,,195199.56
170177,17,2024-01-03,Apartment,19,1712.06,"$521,526.56",Available,,521526.56
170221,17,2024-01-03,Apartment,26,929.59,"$299,902.76",Available,,299902.76
170230,17,2024-01-03,Apartment,27,677.24,"$216,050.75",Sold,C0229,216050.75
170275,17,2024-01-03,Office,33,1532.89,"$471,065.82",Sold,C1090,471065.82
170289,17,2024-01-03,Apartment,35,1667.01,"$481,753.89",Sold,C0180,481753.89
170311,17,2024-01-03,Apartment,39,1341.67,"$404,921.22",Sold,C1858,404921.22
170341,17,2024-01-03,Apartment,42,691.03,"$206,013.07",Sold,C0245,206013.07
170345,17,2024-01-03,Apartment,44,1176.0,"$315,288.62",Sold,C0119,315288.62
170361,17,2024-01-03,Office,46,1582.61,"$446,411.88",Sold,C0714,446411.88
170368,17,2024-01-03,Apartment,46,1582.61,"$423,220.61",Sold,C0159,423220.61
170394,17,2024-01-03,Apartment,48,1833.96,"$596,755.57",Sold,C1338,596755.57
170409,17,2024-01-03,Apartment,48,1833.96,"$584,468.16",Sold,C0129,584468.16
170416,17,2024-01-03,Apartment,48,1833.96,"$499,955.33",Sold,C0836,499955.33
170421,17,2024-01-03,Apartment,49,1283.67,"$390,434.77",Available,,390434.77
170442,17,2024-01-03,Office,51,1375.52,"$351,201.87",Sold,C1604,351201.87
170450,17,2024-01-03,Apartment,52,1742.3,"$427,748.64",Sold,C0980,427748.64
180033,18,2024-01-03,Office,4,1096.58,"$354,647.51",Available,,354647.51
180042,18,2024-01-03,Apartment,4,1096.58,"$293,089.05",Available,,293089.05
180064,18,2024-01-03,Apartment,7,505.94,"$170,848.18",Sold,C0018,170848.18
180067,18,2024-01-03,Apartment,8,1196.23,"$352,252.67",Available,,352252.67
180085,18,2024-01-03,Apartment,12,1692.5,"$568,157.47",Sold,C1366,568157.47
180094,18,2024-01-03,Apartment,13,537.4,"$159,539.68",Sold,C1082,159539.68
180121,18,2024-01-03,Apartment,16,1360.96,"$415,468.55",Sold,C0483,415468.55
180131,18,2024-01-03,Apartment,17,1195.81,"$330,089.65",Sold,C0125,330089.65
180152,18,2024-01-03,Apartment,20,1631.48,"$521,158.55",Sold,C0456,521158.55
180166,18,2024-01-03,Office,22,1108.09,"$368,466.60",Sold,C0459,368466.6
180170,18,2024-01-03,Apartment,22,1108.09,"$318,794.23",Available,,318794.23
180174,18,2024-01-03,Apartment,23,1659.02,"$585,205.19",Sold,C1854,585205.19
180236,18,2024-01-03,Apartment,29,578.36,"$168,573.30",Sold,C1520,168573.3
180253,18,2024-01-03,Apartment,30,1795.66,"$601,135.70",Sold,C0628,601135.7
180365,18,2024-01-03,Apartment,41,852.83,"$248,815.13",Sold,C0093,248815.13
180367,18,2024-01-03,Apartment,41,852.83,"$237,658.55",Available,,237658.55
180369,18,2024-01-03,Office,41,852.83,"$242,946.74",Sold,C1813,242946.74
180375,18,2024-01-03,Apartment,42,1045.42,"$353,052.34",Sold,C0666,353052.34
180424,18,2024-01-03,Apartment,48,564.59,"$173,539.43",Sold,C1255,173539.43
180459,18,2024-01-03,Apartment,52,1424.54,"$433,951.65",Sold,C0611,433951.65
180462,18,2024-01-03,Office,52,1424.54,"$496,697.45",Sold,C1103,496697.45
180482,18,2024-01-03,Apartment,53,1806.7,"$588,124.15",Sold,C1196,588124.15
180495,18,2024-01-03,Apartment,55,930.04,"$261,196.03",Available,,261196.03
180532,18,2024-01-03,Apartment,60,1488.67,"$454,295.97",Sold,C0601,454295.97
180550,18,2024-01-03,Office,63,1855.14,"$498,692.85",Sold,C0989,498692.85
180579,18,2024-01-03,Office,66,1631.24,"$490,155.80",Sold,C0623,490155.8
190013,19,2024-01-03,Apartment,3,1468.68,"$475,687.12",Available,,475687.12
190031,19,2024-01-03,Apartment,5,1408.42,"$378,575.21",Sold,C0957,378575.21
190045,19,2024-01-03,Apartment,7,973.6,"$298,606.04",Sold,C1211,298606.04
190052,19,2024-01-03,Apartment,8,974.77,"$297,376.84",Sold,C1057,297376.84
190082,19,2024-01-03,Office,12,1163.99,"$360,132.52",Sold,C1189,360132.52
190093,19,2024-01-03,Apartment,14,630.47,"$192,642.44",Sold,C0855,192642.44
190099,19,2024-01-03,Apartment,14,630.47,"$168,566.58",Sold,C1610,168566.58
190114,19,2024-01-03,Apartment,16,1711.98,"$568,399.09",Sold,C1883,568399.09
190133,19,2024-01-03,Apartment,18,1599.44,"$510,536.52",Sold,C0198,510536.52
190183,19,2024-01-03,Apartment,22,935.25,"$303,814.90",Sold,C1392,303814.9
190187,19,2024-01-03,Apartment,22,935.25,"$274,056.55",Available,,274056.55
190191,19,2024-01-03,Apartment,23,1592.45,"$487,133.91",Available,,487133.91
190202,19,2024-01-03,Apartment,25,996.38,"$305,776.06",Sold,C1720,305776.06
190207,19,2024-01-03,Apartment,25,996.38,"$334,332.79",Sold,C1482,334332.79
190247,19,2024-01-03,Apartment,29,1657.84,"$461,132.73",Sold,C1369,461132.73
190294,19,2024-01-03,Apartment,35,1099.62,"$299,960.88",Sold,C1295,299960.88
190308,19,2024-01-03,Apartment,37,1565.26,"$481,455.34",Sold,C1016,481455.34
190316,19,2024-01-03,Apartment,38,1106.86,"$352,268.42",Sold,C1903,352268.42
190336,19,2024-01-03,Apartment,40,893.49,"$293,177.61",Available,,293177.61
190349,19,2024-01-03,Apartment,41,1657.19,"$432,957.19",Sold,C0072,432957.19
190360,19,2024-01-03,Apartment,42,1137.59,"$318,648.60",Sold,C1723,318648.6
190387,19,2024-01-03,Apartment,44,982.8,"$292,985.74",Sold,C0793,292985.74
200003,20,2024-01-03,Apartment,1,1898.39,"$476,858.88",Available,,476858.88
200008,20,2024-01-03,Apartment,1,1898.39,"$535,687.32",Sold,C0924,535687.32
200055,20,2024-01-03,Apartment,6,1401.0,"$363,033.03",Sold,C0191,363033.03
200060,20,2024-01-03,Apartment,7,1757.4,"$531,964.00",Available,,531964.0
200095,20,2024-01-03,Apartment,13,1587.57,"$388,883.52",Available,,388883.52
200115,20,2024-01-03,Apartment,16,645.44,"$194,146.19",Sold,C1480,194146.19
200121,20,2024-01-03,Apartment,16,645.44,"$175,483.91",Sold,C0998,175483.91
200150,20,2024-01-03,Apartment,18,1868.01,"$521,163.23",Sold,C1061,521163.23
200152,20,2024-01-03,Apartment,18,1868.01,"$549,203.19",Sold,C0297,549203.19
200177,20,2024-01-03,Apartment,19,759.72,"$205,910.43",Sold,C1822,205910.43
200180,20,2024-01-03,Apartment,19,759.72,"$230,825.85",Sold,C0306,230825.85
200230,20,2024-01-03,Apartment,29,1844.16,"$524,713.99",Sold,C1781,524713.99
200250,20,2024-01-03,Apartment,30,1703.94,"$556,645.52",Available,,556645.52
200261,20,2024-01-03,Apartment,30,1703.94,"$489,773.72",Sold,C0092,489773.72
200265,20,2024-01-03,Apartment,30,1703.94,"$559,367.69",Sold,C0488,559367.69
200277,20,2024-01-03,Apartment,31,1414.44,"$422,082.56",Available,,422082.56
200284,20,2024-01-03,Apartment,32,1630.81,"$488,058.16",Sold,C1658,488058.16
200300,20,2024-01-03,Apartment,33,630.53,"$180,667.53",Sold,C1802,180667.53
200306,20,2024-01-03,Apartment,33,630.53,"$227,379.46",Sold,C0216,227379.46
200334,20,2024-01-03,Office,37,632.35,"$193,209.90",Sold,C0147,193209.9
200336,20,2024-01-03,Office,37,632.35,"$192,543.44",Available,,192543.44
200338,20,2024-01-03,Apartment,37,632.35,"$173,375.36",Sold,C0949,173375.36
200355,20,2024-01-03,Apartment,38,1499.47,"$369,423.51",Sold,C0476,369423.51
200360,20,2024-01-03,Apartment,39,1106.36,"$347,422.89",Sold,C1099,347422.89
200372,20,2024-01-03,Apartment,40,428.03,"$128,695.37",Sold,C0517,128695.37
200439,20,2024-01-03,Office,49,880.76,"$273,129.18",Available,,273129.18
200493,20,2024-01-03,Apartment,57,445.15,"$131,159.48",Sold,C0503,131159.48
990005,1,2024-01-03,Apartment,42,618.38,"$163,162.88",Available,,163162.88
990006,1,2024-01-03,Apartment,47,1479.72,"$401,302.82",Available,,401302.82
1003,1,2024-01-04,Office,3,717.05,"$193,660.62",Sold,C0041,193660.62
1029,1,2024-01-04,Apartment,29,756.21,"$246,331.90",Sold,C0153,246331.9
1037,1,2024-01-04,Apartment,37,756.21,"$189,194.31",Sold,C0005,189194.31
2025,2,2024-01-04,Apartment,25,927.83,"$315,733.15",Sold,C0039,315733.15
2030,2,2024-01-04,Apartment,30,723.83,"$214,341.34",Sold,C0147,214341.34
3004,3,2024-01-04,Apartment,4,781.07,"$210,038.70",Sold,C0083,210038.7
3012,3,2024-01-04,Apartment,12,781.07,"$210,824.06",Sold,C0021,210824.06
3021,3,2024-01-04,Apartment,21,781.07,"$225,290.22",Sold,C0140,225290.22
3023,3,2024-01-04,Apartment,23,720.81,"$198,591.85",Sold,C0090,198591.85
3034,3,2024-01-04,Apartment,34,781.07,"$256,821.64",Sold,C0066,256821.64
4010,4,2024-01-04,Apartment,10,794.52,"$223,917.34",Sold,C0004,223917.34
4014,4,2024-01-04,Apartment,14,1611.85,"$482,404.31",Available,,482404.31
4033,4,2024-01-04,Apartment,33,789.25,"$228,872.91",Available,,228872.91
4036,4,2024-01-04,Apartment,36,1111.72,"$322,952.56",Available,,322952.56
5025,5,2024-01-04,Apartment,25,618.16,"$165,430.28",Sold,C0110,165430.28
10025,1,2024-01-04,Apartment,3,788.73,"$189,429.24",Available,,189429.24
10076,1,2024-01-04,Apartment,10,1439.52,"$461,793.87",Sold,C0680,461793.87
10101,1,2024-01-04,Apartment,13,719.47,"$204,852.13",Available,,204852.13
10120,1,2024-01-04,Apartment,15,765.0,"$236,590.31",Sold,C1733,236590.31
10157,1,2024-01-04,Apartment,20,1146.24,"$325,612.79",Sold,C1101,325612.79
10164,1,2024-01-04,Apartment,20,1146.24,"$362,045.20",Sold,C1391,362045.2
10170,1,2024-01-04,Apartment,21,1957.16,"$590,672.73",Sold,C0959,590672.73
10249,1,2024-01-04,Apartment,29,757.2,"$210,864.95",Sold,C0027,210864.95
10255,1,2024-01-04,Apartment,29,757.2,"$233,505.91",Sold,C0636,233505.91
10281,1,2024-01-04,Office,30,753.29,"$210,189.54",Sold,C1974,210189.54
10301,1,2024-01-04,Apartment,31,619.78,"$189,688.17",Available,,189688.17
10313,1,2024-01-04,Apartment,34,1469.14,"$493,329.54",Sold,C0731,493329.54
10394,1,2024-01-04,Apartment,46,1153.16,"$302,222.25",Sold,C0923,302222.25
10400,1,2024-01-04,Apartment,46,1153.16,"$352,499.47",Sold,C1408,352499.47
10411,1,2024-01-04,Apartment,47,771.08,"$217,942.69",Sold,C1724,217942.69
10416,1,2024-01-04,Office,48,1170.93,"$380,237.27",Available,,380237.27
20033,2,2024-01-04,Apartment,4,1281.85,"$394,185.40",Sold,C1838,394185.4
20071,2,2024-01-04,Office,8,715.54,"$240,536.23",Sold,C0782,240536.23
20081,2,2024-01-04,Apartment,10,788.79,"$251,366.93",Sold,C0856,251366.93
20101,2,2024-01-04,Apartment,11,1625.05,"$524,458.83",Sold,C1239,524458.83
20127,2,2024-01-04,Apartment,15,1603.33,"$522,425.92",Sold,C0951,522425.92
20158,2,2024-01-04,Apartment,18,784.76,"$203,161.94",Sold,C0803,203161.94
20162,2,2024-01-04,Apartment,19,795.52,"$228,644.73",Sold,C0940,228644.73
20166,2,2024-01-04,Apartment,19,795.52,"$258,950.34",Sold,C0911,258950.34
20198,2,2024-01-04,Apartment,22,653.41,"$188,370.61",Sold,C1736,188370.61
20200,2,2024-01-04,Apartment,22,653.41,"$212,072.03",Sold,C1042,212072.03
20206,2,2024-01-04,Apartment,24,785.12,"$245,459.25",Sold,C0972,245459.25
20208,2,2024-01-04,Apartment,24,785.12,"$241,198.49",Sold,C0865,241198.49
20224,2,2024-01-04,Apartment,25,943.48,"$279,718.78",Sold,C0837,279718.78
20258,2,2024-01-04,Office,30,786.4,"$222,192.46",Available,,222192.46
20264,2,2024-01-04,Office,31,629.92,"$207,895.14",Sold,C1787,207895.14
20271,2,2024-01-04,Apartment,32,925.63,"$252,053.93",Available,,252053.93
20287,2,2024-01-04,Apartment,33,931.4,"$316,411.41",Sold,C1779,316411.41
20366,2,2024-01-04,Apartment,43,1118.94,"$297,309.76",Sold,C1010,297309.76
20383,2,2024-01-04,Apartment,46,697.74,"$220,293.24",Sold,C1393,220293.24
20436,2,2024-01-04,Office,50,1604.8,"$469,493.99",Available,,469493.99
20441,2,2024-01-04,Apartment,51,699.31,"$211,222.37",Sold,C1847,211222.37
20453,2,2024-01-04,Apartment,53,781.27,"$229,990.23",Available,,229990.23
20459,2,2024-01-04,Office,54,924.4,"$264,553.34",Sold,C0364,264553.34
20462,2,2024-01-04,Apartment,55,579.26,"$174,080.92",Sold,C0190,174080.92
20467,2,2024-01-04,Apartment,55,579.26,"$132,052.60",Available,,132052.6
30002,3,2024-01-04,Office,1,689.75,"$244,491.65",Available,,244491.65
30015,3,2024-01-04,Apartment,1,689.75,"$177,365.95",Sold,C1592,177365.95
30035,3,2024-01-04,Apartment,4,719.96,"$218,108.35",Sold,C0998,218108.35
30046,3,2024-01-04,Apartment,5,701.19,"$247,553.22",Sold,C1241,247553.22
30075,3,2024-01-04,Apartment,7,744.01,"$239,700.98",Sold,C0297,239700.98
30082,3,2024-01-04,Office,7,744.01,"$233,812.97",Available,,233812.97
30097,3,2024-01-04,Office,9,1125.84,"$384,498.05",Available,,384498.05
30112,3,2024-01-04,Apartment,10,784.09,"$250,990.12",Available,,250990.12
30140,3,2024-01-04,Apartment,14,788.59,"$235,179.49",Sold,C1641,235179.49
30165,3,2024-01-04,Apartment,19,1602.22,"$575,135.54",Sold,C0387,575135.54
30170,3,2024-01-04,Apartment,19,1602.22,"$501,931.91",Sold,C1334,501931.91
30185,3,2024-01-04,Apartment,20,802.97,"$218,307.77",Sold,C0092,218307.77
30262,3,2024-01-04,Office,29,666.0,"$191,819.72",Available,,191819.72
30280,3,2024-01-04,Apartment,32,777.85,"$193,289.05",Available,,193289.05
30290,3,2024-01-04,Apartment,35,925.48,"$235,978.85",Sold,C0727,235978.85
30297,3,2024-01-04,Apartment,36,733.45,"$221,262.61",Sold,C0721,221262.61
30320,3,2024-01-04,Office,39,1598.95,"$494,106.29",Sold,C0109,494106.29
30333,3,2024-01-04,Apartment,41,965.5,"$297,389.79",Sold,C0637,297389.79
30338,3,2024-01-04,Apartment,41,965.5,"$294,093.07",Available,,294093.07
30421,3,2024-01-04,Apartment,49,1174.48,"$349,911.85",Available,,349911.85
30424,3,2024-01-04,Apartment,49,1174.48,"$406,133.89",Sold,C0197,406133.89
30448,3,2024-01-04,Apartment,52,1361.9,"$438,067.15",Sold,C0512,438067.15
30456,3,2024-01-04,Apartment,54,787.64,"$280,404.22",Sold,C0385,280404.22
30466,3,2024-01-04,Office,56,1179.42,"$355,876.81",Sold,C1516,355876.81
30494,3,2024-01-04,Apartment,58,1588.14,"$470,318.22",Sold,C1947,470318.22
30497,3,2024-01-04,Apartment,58,1588.14,"$503,883.42",Available,,503883.42
30503,3,2024-01-04,Apartment,58,1588.14,"$527,792.52",Sold,C0491,527792.52
40006,4,2024-01-04,Apartment,1,1615.98,"$420,547.00",Available,,420547.0
40029,4,2024-01-04,Apartment,3,1630.82,"$409,260.76",Sold,C1191,409260.76
40032,4,2024-01-04,Apartment,3,1630.82,"$437,490.20",Sold,C0743,437490.2
40071,4,2024-01-04,Apartment,7,786.36,"$221,476.90",Sold,C0380,221476.9
40095,4,2024-01-04,Apartment,12,789.38,"$225,288.47",Available,,225288.47
40113,4,2024-01-04,Office,14,1322.66,"$402,065.13",Sold,C1346,402065.13
40130,4,2024-01-04,Apartment,15,760.39,"$223,972.29",Sold,C0116,223972.29
40147,4,2024-01-04,Apartment,18,1294.91,"$398,132.74",Available,,398132.74
40150,4,2024-01-04,Apartment,18,1294.91,"$410,633.67",Available,,410633.67
40165,4,2024-01-04,Apartment,20,1609.62,"$508,674.04",Sold,C1637,508674.04
40167,4,2024-01-04,Apartment,21,801.66,"$222,533.72",Available,,222533.72
40174,4,2024-01-04,Office,21,801.66,"$188,091.56",Available,,188091.56
40200,4,2024-01-04,Office,25,1310.16,"$383,474.01",Available,,383474.01
40212,4,2024-01-04,Apartment,26,790.05,"$198,798.52",Sold,C0551,198798.52
40274,4,2024-01-04,Apartment,32,1328.09,"$374,897.07",Available,,374897.07
40308,4,2024-01-04,Apartment,37,800.13,"$202,671.27",Sold,C1329,202671.27
40317,4,2024-01-04,Apartment,39,743.73,"$221,683.93",Available,,221683.93
40348,4,2024-01-04,Apartment,42,738.34,"$212,626.79",Sold,C0626,212626.79
40357,4,2024-01-04,Apartment,43,1616.99,"$502,283.18",Sold,C1965,502283.18
40375,4,2024-01-04,Apartment,45,1160.48,"$353,716.12",Sold,C1315,353716.12
40393,4,2024-01-04,Apartment,45,1160.48,"$325,916.69",Sold,C1545,325916.69
40433,4,2024-01-04,Apartment,50,791.37,"$212,987.49",Sold,C0092,212987.49
50011,5,2024-01-04,Apartment,3,1008.42,"$274,700.00",Sold,C0640,274700.0
50020,5,2024-01-04,Apartment,4,799.1,"$240,782.75",Sold,C1335,240782.75
50126,5,2024-01-04,Apartment,16,1060.08,"$351,963.25",Sold,C0821,351963.25
50128,5,2024-01-04,Apartment,16,1060.08,"$314,004.62",Sold,C0867,314004.62
50136,5,2024-01-04,Apartment,18,1267.03,"$388,279.66",Available,,388279.66
50152,5,2024-01-04,Apartment,20,804.84,"$236,529.85",Available,,236529.85
50155,5,2024-01-04,Apartment,21,1253.3,"$354,747.82",Sold,C1441,354747.82
50156,5,2024-01-04,Apartment,21,1253.3,"$413,945.61",Sold,C0430,413945.61
50198,5,2024-01-04,Apartment,26,1272.4,"$419,673.85",Available,,419673.85
50254,5,2024-01-04,Apartment,33,1787.13,"$526,484.43",Available,,526484.43
50255,5,2024-01-04,Apartment,33,1787.13,"$534,650.14",Sold,C1240,534650.14
50309,5,2024-01-04,Apartment,41,630.83,"$187,580.54",Sold,C1158,187580.54
50321,5,2024-01-04,Apartment,42,791.2,"$284,304.85",Sold,C1882,284304.85
50331,5,2024-01-04,Apartment,42,791.2,"$199,373.42",Sold,C1803,199373.42
50347,5,2024-01-04,Apartment,44,806.03,"$214,508.42",Sold,C1753,214508.42
50348,5,2024-01-04,Apartment,44,806.03,"$236,709.69",Available,,236709.69
50362,5,2024-01-04,Apartment,44,806.03,"$221,300.80",Sold,C1892,221300.8
50367,5,2024-01-04,Apartment,45,608.89,"$190,247.10",Sold,C0231,190247.1
50421,5,2024-01-04,Apartment,48,788.04,"$187,890.53",Available,,187890.53
50448,5,2024-01-04,Apartment,52,1755.18,"$499,350.78",Sold,C1056,499350.78
60057,6,2024-01-04,Apartment,5,1617.43,"$484,144.21",Sold,C1769,484144.21
60114,6,2024-01-04,Apartment,10,942.08,"$274,210.46",Sold,C1421,274210.46
60130,6,2024-01-04,Apartment,10,942.08,"$288,826.04",Sold,C0618,288826.04
60143,6,2024-01-04,Apartment,12,1678.17,"$524,014.23",Available,,524014.23
60167,6,2024-01-04,Apartment,14,1890.0,"$664,163.23",Available,,664163.23
60191,6,2024-01-04,Apartment,19,1542.71,"$404,151.50",Sold,C1203,404151.5
60246,6,2024-01-04,Apartment,25,1086.43,"$286,554.21",Sold,C0683,286554.21
60265,6,2024-01-04,Apartment,28,1723.12,"$455,284.06",Sold,C1081,455284.06
60283,6,2024-01-04,Apartment,31,1768.9,"$634,487.77",Sold,C1596,634487.77
60287,6,2024-01-04,Apartment,31,1768.9,"$472,632.83",Available,,472632.83
60303,6,2024-01-04,Apartment,33,1131.0,"$298,567.95",Sold,C1601,298567.95
60316,6,2024-01-04,Apartment,34,1353.81,"$371,216.81",Sold,C0355,371216.81
60325,6,2024-01-04,Office,36,463.91,"$136,874.58",Available,,136874.58
60329,6,2024-01-04,Apartment,37,1721.96,"$486,688.21",Sold,C1019,486688.21
60347,6,2024-01-04,Apartment,39,744.54,"$176,852.97",Sold,C0143,176852.97
60361,6,2024-01-04,Apartment,41,940.72,"$249,552.12",Available,,249552.12
60364,6,2024-01-04,Apartment,41,940.72,"$300,750.03",Sold,C1630,300750.03
60404,6,2024-01-04,Apartment,48,1521.71,"$421,254.04",Sold,C1265,421254.04
60406,6,2024-01-04,Apartment,49,1167.52,"$323,753.10",Available,,323753.1
60419,6,2024-01-04,Apartment,51,1476.63,"$468,946.28",Available,,468946.28
60435,6,2024-01-04,Apartment,51,1476.63,"$488,968.82",Sold,C0176,488968.82
60452,6,2024-01-04,Apartment,53,1170.96,"$414,855.40",Sold,C0396,414855.4
60454,6,2024-01-04,Apartment,53,1170.96,"$324,077.45",Sold,C1731,324077.45
70007,7,2024-01-04,Apartment,2,1478.43,"$444,913.24",Sold,C1897,444913.24
70020,7,2024-01-04,Office,4,1309.78,"$344,296.22",Available,,344296.22
70037,7,2024-01-04,Office,6,1232.31,"$396,712.69",Sold,C0398,396712.69
70043,7,2024-01-04,Office,7,1071.02,"$313,618.17",Sold,C0394,313618.17
70055,7,2024-01-04,Apartment,9,926.11,"$280,803.92",Sold,C0335,280803.92
70060,7,2024-01-04,Apartment,9,926.11,"$267,786.70",Available,,267786.7
70063,7,2024-01-04,Apartment,10,1495.37,"$460,690.42",Sold,C0254,460690.42
70117,7,2024-01-04,Apartment,15,602.92,"$201,530.37",Sold,C0104,201530.37
70135,7,2024-01-04,Apartment,16,1239.87,"$305,375.05",Sold,C1391,305375.05
70136,7,2024-01-04,Apartment,16,1239.87,"$358,673.87",Sold,C0567,358673.87
70144,7,2024-01-04,Apartment,17,1586.15,"$551,658.47",Sold,C1674,551658.47
70158,7,2024-01-04,Apartment,19,751.07,"$223,785.43",Sold,C0608,223785.43
70161,7,2024-01-04,Apartment,19,751.07,"$224,382.59",Available,,224382.59
70187,7,2024-01-04,Apartment,21,1528.62,"$498,875.48",Sold,C1460,498875.48
70196,7,2024-01-04,Office,22,1914.21,"$610,973.17",Sold,C0696,610973.17
70207,7,2024-01-04,Apartment,23,1222.69,"$379,938.80",Sold,C0707,379938.8
70227,7,2024-01-04,Apartment,25,573.8,"$138,490.04",Sold,C1266,138490.04
70242,7,2024-01-04,Apartment,27,768.05,"$211,931.46",Available,,211931.46
70248,7,2024-01-04,Apartment,28,694.55,"$155,369.51",Sold,C1333,155369.51
70250,7,2024-01-04,Apartment,28,694.55,"$199,045.18",Available,,199045.18
70258,7,2024-01-04,Apartment,28,694.55,"$199,191.81",Sold,C0242,199191.81
70261,7,2024-01-04,Apartment,29,441.65,"$131,583.82",Sold,C1974,131583.82
70271,7,2024-01-04,Apartment,31,839.7,"$271,388.77",Available,,271388.77
70333,7,2024-01-04,Apartment,39,1298.32,"$442,394.76",Sold,C1671,442394.76
70334,7,2024-01-04,Apartment,39,1298.32,"$385,882.05",Sold,C1898,385882.05
70352,7,2024-01-04,Apartment,41,1093.92,"$364,226.86",Available,,364226.86
70355,7,2024-01-04,Apartment,41,1093.92,"$281,147.20",Sold,C0825,281147.2
70356,7,2024-01-04,Apartment,41,1093.92,"$379,238.43",Sold,C1784,379238.43
70373,7,2024-01-04,Apartment,43,498.61,"$149,833.02",Sold,C0923,149833.02
70379,7,2024-01-04,Apartment,43,498.61,"$154,582.17",Sold,C1706,154582.17
70394,7,2024-01-04,Office,45,1150.93,"$342,279.05",Available,,342279.05
70406,7,2024-01-04,Apartment,48,533.35,"$153,688.18",Sold,C1190,153688.18
70431,7,2024-01-04,Apartment,50,502.02,"$149,925.94",Sold,C1670,149925.94
70448,7,2024-01-04,Apartment,53,884.87,"$278,252.51",Sold,C0267,278252.51
70453,7,2024-01-04,Apartment,54,1940.69,"$553,424.90",Available,,553424.9
70465,7,2024-01-04,Apartment,54,1940.69,"$647,952.49",Available,,647952.49
70503,7,2024-01-04,Apartment,58,1629.83,"$476,397.00",Sold,C1451,476397.0
70506,7,2024-01-04,Apartment,58,1629.83,"$486,893.64",Sold,C0253,486893.64
70512,7,2024-01-04,Apartment,59,765.3,"$227,054.61",Sold,C0494,227054.61
80002,8,2024-01-04,Office,1,1109.29,"$346,488.23",Available,,346488.23
80003,8,2024-01-04,Apartment,1,1109.29,"$351,694.47",Sold,C0593,351694.47
80011,8,2024-01-04,Apartment,2,1097.36,"$299,663.63",Sold,C0990,299663.63
80029,8,2024-01-04,Apartment,4,1934.75,"$614,698.11",Sold,C0319,614698.11
80040,8,2024-01-04,Apartment,5,887.23,"$275,377.06",Sold,C0840,275377.06
80044,8,2024-01-04,Apartment,5,887.23,"$221,714.59",Sold,C0193,221714.59
80080,8,2024-01-04,Office,9,1869.81,"$610,377.15",Sold,C1482,610377.15
80084,8,2024-01-04,Apartment,9,1869.81,"$578,906.36",Sold,C0972,578906.36
80132,8,2024-01-04,Apartment,16,424.09,"$131,603.98",Sold,C0469,131603.98
80146,8,2024-01-04,Apartment,17,1109.27,"$349,029.42",Sold,C0791,349029.42
80163,8,2024-01-04,Apartment,21,1501.64,"$441,301.66",Available,,441301.66
80198,8,2024-01-04,Apartment,27,1376.34,"$406,150.37",Sold,C1144,406150.37
80223,8,2024-01-04,Office,29,1848.51,"$511,233.23",Sold,C0649,511233.23
80227,8,2024-01-04,Apartment,30,1070.46,"$306,041.99",Sold,C1218,306041.99
80231,8,2024-01-04,Apartment,30,1070.46,"$235,501.20",Available,,235501.2
80249,8,2024-01-04,Apartment,31,1253.18,"$275,699.60",Available,,275699.6
80258,8,2024-01-04,Apartment,31,1253.18,"$399,164.03",Sold,C1723,399164.03
80262,8,2024-01-04,Office,32,1410.88,"$346,676.36",Sold,C0605,346676.36
80265,8,2024-01-04,Office,32,1410.88,"$515,392.69",Sold,C1020,515392.69
80279,8,2024-01-04,Office,33,1809.87,"$538,355.66",Sold,C1457,538355.66
80280,8,2024-01-04,Office,33,1809.87,"$489,875.78",Sold,C0338,489875.78
80356,8,2024-01-04,Apartment,42,1473.68,"$442,814.98",Sold,C1531,442814.98
80365,8,2024-01-04,Apartment,43,1490.59,"$436,987.95",Sold,C0026,436987.95
80371,8,2024-01-04,Apartment,44,1862.29,"$627,189.08",Sold,C0364,627189.08
80373,8,2024-01-04,Apartment,45,1185.72,"$380,522.29",Sold,C1154,380522.29
80393,8,2024-01-04,Apartment,46,1175.51,"$258,612.20",Available,,258612.2
80399,8,2024-01-04,Apartment,46,1175.51,"$342,972.27",Sold,C0648,342972.27
80478,8,2024-01-04,Apartment,56,1874.7,"$559,192.30",Available,,559192.3
80480,8,2024-01-04,Apartment,56,1874.7,"$573,384.23",Sold,C0871,573384.23
80494,8,2024-01-04,Apartment,57,1949.35,"$640,625.73",Sold,C1958,640625.73
90020,9,2024-01-04,Apartment,4,1139.87,"$274,381.78",Sold,C1011,274381.78
90052,9,2024-01-04,Apartment,9,1391.22,"$462,260.49",Available,,462260.49
90127,9,2024-01-04,Apartment,19,1866.15,"$556,972.30",Sold,C0288,556972.3
90140,9,2024-01-04,Apartment,21,1261.65,"$396,212.06",Available,,396212.06
90147,9,2024-01-04,Office,22,1115.88,"$340,207.59",Sold,C0781,340207.59
90158,9,2024-01-04,Apartment,25,1904.38,"$525,171.00",Sold,C0406,525171.0
90177,9,2024-01-04,Office,26,1038.39,"$320,835.08",Available,,320835.08
90188,9,2024-01-04,Office,28,1931.82,"$654,058.01",Available,,654058.01
90229,9,2024-01-04,Office,33,973.52,"$272,266.08",Sold,C1957,272266.08
90230,9,2024-01-04,Apartment,33,973.52,"$280,634.41",Sold,C1750,280634.41
90254,9,2024-01-04,Apartment,34,1577.36,"$430,669.69",Sold,C0852,430669.69
90265,9,2024-01-04,Apartment,34,1577.36,"$439,028.90",Available,,439028.9
90312,9,2024-01-04,Office,38,1260.31,"$362,582.49",Sold,C0677,362582.49
90317,9,2024-01-04,Apartment,38,1260.31,"$385,383.39",Sold,C1644,385383.39
90326,9,2024-01-04,Apartment,39,1839.34,"$609,191.54",Available,,609191.54
90338,9,2024-01-04,Apartment,40,1090.32,"$303,695.54",Sold,C0210,303695.54
90386,9,2024-01-04,Apartment,46,662.32,"$181,906.01",Sold,C1516,181906.01
90408,9,2024-01-04,Apartment,52,1126.02,"$311,089.65",Sold,C0308,311089.65
90419,9,2024-01-04,Apartment,53,599.72,"$191,147.09",Sold,C1788,191147.09
90499,9,2024-01-04,Apartment,58,838.34,"$221,521.62",Available,,221521.62
90514,9,2024-01-04,Apartment,59,1697.13,"$516,408.12",Sold,C1150,516408.12
100010,10,2024-01-04,Office,3,1197.61,"$384,227.84",Sold,C1346,384227.84
100013,10,2024-01-04,Apartment,3,1197.61,"$379,579.45",Available,,379579.45
100030,10,2024-01-04,Apartment,4,1765.37,"$516,625.88",Sold,C0116,516625.88
100039,10,2024-01-04,Apartment,5,1741.96,"$523,772.88",Sold,C0787,523772.88
100052,10,2024-01-04,Apartment,5,1741.96,"$545,645.20",Sold,C0030,545645.2
100057,10,2024-01-04,Apartment,6,842.66,"$265,328.29",Available,,265328.29
100068,10,2024-01-04,Office,9,1849.4,"$473,924.67",Available,,473924.67
100114,10,2024-01-04,Apartment,15,1948.32,"$582,247.45",Available,,582247.45
100123,10,2024-01-04,Apartment,16,1169.15,"$368,589.72",Sold,C0053,368589.72
100133,10,2024-01-04,Office,17,647.35,"$217,055.88",Available,,217055.88
100175,10,2024-01-04,Apartment,23,912.32,"$278,456.63",Sold,C1680,278456.63
100176,10,2024-01-04,Apartment,23,912.32,"$283,901.30",Sold,C0046,283901.3
100210,10,2024-01-04,Apartment,26,1294.85,"$325,892.41",Available,,325892.41
100246,10,2024-01-04,Office,30,1559.4,"$535,562.09",Available,,535562.09
100249,10,2024-01-04,Office,30,1559.4,"$468,935.42",Sold,C1965,468935.42
100298,10,2024-01-04,Office,35,1675.74,"$579,919.91",Sold,C1909,579919.91
100309,10,2024-01-04,Office,37,1177.85,"$437,137.05",Sold,C0092,437137.05
100323,10,2024-01-04,Apartment,38,476.64,"$119,975.43",Available,,119975.43
100326,10,2024-01-04,Apartment,39,1188.51,"$361,601.95",Sold,C1347,361601.95
100332,10,2024-01-04,Apartment,39,1188.51,"$415,564.76",Sold,C0810,415564.76
100333,10,2024-01-04,Office,39,1188.51,"$311,647.12",Sold,C0169,311647.12
100334,10,2024-01-04,Apartment,39,1188.51,"$431,549.73",Sold,C0157,431549.73
100352,10,2024-01-04,Apartment,42,1757.51,"$550,619.53",Available,,550619.53
100365,10,2024-01-04,Apartment,43,1093.67,"$290,620.22",Available,,290620.22
100370,10,2024-01-04,Apartment,43,1093.67,"$296,758.78",Sold,C1384,296758.78
100371,10,2024-01-04,Office,43,1093.67,"$379,557.46",Sold,C1849,379557.46
100377,10,2024-01-04,Office,44,1224.71,"$354,725.86",Sold,C1912,354725.86
100426,10,2024-01-04,Apartment,50,1138.32,"$380,233.97",Sold,C1677,380233.97
110005,11,2024-01-04,Apartment,1,1902.88,"$563,216.05",Sold,C0804,563216.05
110008,11,2024-01-04,Apartment,1,1902.88,"$619,032.93",Sold,C0809,619032.93
110019,11,2024-01-04,Apartment,3,1479.84,"$490,074.40",Available,,490074.4
110043,11,2024-01-04,Apartment,5,1723.2,"$474,018.40",Sold,C0507,474018.4
110081,11,2024-01-04,Apartment,10,1519.64,"$570,302.17",Sold,C1002,570302.17
110086,11,2024-01-04,Apartment,10,1519.64,"$398,549.19",Sold,C1478,398549.19
110152,11,2024-01-04,Apartment,15,1385.68,"$467,662.76",Sold,C0362,467662.76
110213,11,2024-01-04,Apartment,25,1802.24,"$563,932.05",Sold,C0352,563932.05
110216,11,2024-01-04,Apartment,26,490.37,"$127,535.46",Available,,127535.46
110227,11,2024-01-04,Apartment,27,1638.1,"$533,052.17",Sold,C0750,533052.17
110271,11,2024-01-04,Apartment,32,1285.87,"$335,848.08",Sold,C0033,335848.08
110292,11,2024-01-04,Apartment,36,1752.38,"$556,269.12",Sold,C1229,556269.12
110295,11,2024-01-04,Apartment,36,1752.38,"$484,226.87",Sold,C1135,484226.87
110298,11,2024-01-04,Apartment,36,1752.38,"$493,489.81",Sold,C0395,493489.81
110300,11,2024-01-04,Apartment,37,1368.16,"$398,828.22",Available,,398828.22
110308,11,2024-01-04,Apartment,38,788.47,"$243,478.99",Available,,243478.99
110316,11,2024-01-04,Apartment,38,788.47,"$205,406.56",Sold,C1439,205406.56
110322,11,2024-01-04,Apartment,38,788.47,"$251,730.82",Sold,C0279,251730.82
110337,11,2024-01-04,Apartment,42,808.59,"$214,864.23",Sold,C1842,214864.23
110348,11,2024-01-04,Apartment,42,808.59,"$250,716.18",Sold,C1416,250716.18
110423,11,2024-01-04,Apartment,50,948.72,"$235,489.44",Sold,C1777,235489.44
110429,11,2024-01-04,Apartment,51,1318.98,"$348,008.75",Sold,C0719,348008.75
110435,11,2024-01-04,Apartment,52,1397.58,"$387,772.79",Sold,C0975,387772.79
110450,11,2024-01-04,Office,52,1397.58,"$431,012.78",Sold,C0704,431012.78
110451,11,2024-01-04,Office,52,1397.58,"$488,040.25",Sold,C1589,488040.25
110459,11,2024-01-04,Apartment,53,1069.19,"$273,648.12",Available,,273648.12
110489,11,2024-01-04,Apartment,57,1008.58,"$326,858.35",Sold,C0215,326858.35
110499,11,2024-01-04,Apartment,59,782.92,"$240,569.01",Sold,C1858,240569.01
110516,11,2024-01-04,Apartment,61,1299.46,"$356,283.42",Available,,356283.42
110548,11,2024-01-04,Apartment,64,1916.26,"$622,467.75",Available,,622467.75
110549,11,2024-01-04,Apartment,64,1916.26,"$606,614.22",Sold,C0714,606614.22
110553,11,2024-01-04,Apartment,64,1916.26,"$548,573.88",Sold,C0447,548573.88
110556,11,2024-01-04,Apartment,65,1427.09,"$419,700.56",Available,,419700.56
120018,12,2024-01-04,Apartment,2,1285.87,"$344,289.15",Sold,C0526,344289.15
120070,12,2024-01-04,Apartment,8,1803.36,"$551,021.09",Available,,551021.09
120115,12,2024-01-04,Apartment,14,1369.96,"$369,810.40",Sold,C1506,369810.4
120126,12,2024-01-04,Apartment,15,1456.98,"$419,994.84",Sold,C0599,419994.84
120143,12,2024-01-04,Apartment,16,1523.02,"$535,623.53",Sold,C0901,535623.53
120155,12,2024-01-04,Apartment,17,1428.55,"$462,687.49",Available,,462687.49
120191,12,2024-01-04,Apartment,22,892.67,"$287,870.29",Sold,C0111,287870.29
120194,12,2024-01-04,Apartment,22,892.67,"$302,299.24",Available,,302299.24
120196,12,2024-01-04,Apartment,22,892.67,"$275,571.27",Available,,275571.27
120238,12,2024-01-04,Apartment,25,1540.51,"$508,725.94",Sold,C0843,508725.94
120264,12,2024-01-04,Apartment,28,1563.65,"$494,567.75",Sold,C0479,494567.75
120280,12,2024-01-04,Apartment,30,622.2,"$198,851.29",Sold,C0195,198851.29
120291,12,2024-01-04,Apartment,33,1232.2,"$356,644.67",Sold,C1597,356644.67
120297,12,2024-01-04,Office,33,1232.2,"$403,361.09",Sold,C0896,403361.09
120323,12,2024-01-04,Apartment,35,1690.62,"$478,604.48",Sold,C0185,478604.48
120337,12,2024-01-04,Apartment,37,1681.78,"$540,633.13",Sold,C0628,540633.13
120357,12,2024-01-04,Apartment,38,1157.23,"$339,572.46",Sold,C1170,339572.46
120376,12,2024-01-04,Office,40,1562.24,"$510,060.40",Sold,C0104,510060.4
120382,12,2024-01-04,Apartment,42,596.21,"$186,738.87",Sold,C0102,186738.87
120387,12,2024-01-04,Apartment,44,635.36,"$192,057.65",Sold,C0603,192057.65
120411,12,2024-01-04,Apartment,47,1528.05,"$410,486.46",Sold,C0200,410486.46
130011,13,2024-01-04,Apartment,1,1899.92,"$501,892.72",Sold,C0516,501892.72
130047,13,2024-01-04,Apartment,4,1629.74,"$527,379.30",Available,,527379.3
130070,13,2024-01-04,Office,8,1449.43,"$474,592.55",Sold,C0445,474592.55
130083,13,2024-01-04,Apartment,10,1314.38,"$477,256.95",Sold,C0455,477256.95
130096,13,2024-01-04,Apartment,11,1678.3,"$453,899.37",Sold,C0330,453899.37
130124,13,2024-01-04,Apartment,15,458.29,"$109,548.52",Sold,C0611,109548.52
130150,13,2024-01-04,Apartment,17,1278.95,"$412,844.86",Sold,C1247,412844.86
130165,13,2024-01-04,Apartment,19,758.69,"$216,204.88",Available,,216204.88
130178,13,2024-01-04,Apartment,20,516.72,"$136,142.93",Available,,136142.93
130223,13,2024-01-04,Apartment,25,633.86,"$179,447.57",Sold,C0198,179447.57
130237,13,2024-01-04,Apartment,28,1173.72,"$356,486.11",Available,,356486.11
130250,13,2024-01-04,Apartment,29,568.7,"$175,980.46",Sold,C0623,175980.46
130257,13,2024-01-04,Apartment,30,1777.51,"$431,607.94",Sold,C0667,431607.94
130275,13,2024-01-04,Apartment,32,1114.07,"$342,505.69",Sold,C1110,342505.69
130304,13,2024-01-04,Office,33,1445.84,"$450,616.46",Available,,450616.46
130331,13,2024-01-04,Apartment,37,1555.67,"$442,624.97",Sold,C1739,442624.97
130339,13,2024-01-04,Office,38,656.42,"$198,464.63",Available,,198464.63
130352,13,2024-01-04,Apartment,39,1054.77,"$320,895.67",Available,,320895.67
130390,13,2024-01-04,Apartment,43,1875.83,"$601,046.95",Sold,C0951,601046.95
130393,13,2024-01-04,Apartment,43,1875.83,"$448,684.49",Available,,448684.49
130401,13,2024-01-04,Apartment,45,986.91,"$293,100.75",Sold,C0902,293100.75
130421,13,2024-01-04,Apartment,47,1874.35,"$519,323.63",Sold,C0679,519323.63
130426,13,2024-01-04,Apartment,47,1874.35,"$552,935.09",Sold,C1495,552935.09
130427,13,2024-01-04,Apartment,47,1874.35,"$603,155.94",Sold,C0893,603155.94
130433,13,2024-01-04,Apartment,47,1874.35,"$471,507.80",Available,,471507.8
130436,13,2024-01-04,Apartment,48,1728.84,"$454,474.49",Sold,C1951,454474.49
130441,13,2024-01-04,Apartment,49,572.01,"$139,828.56",Sold,C1593,139828.56
130459,13,2024-01-04,Apartment,53,968.77,"$320,906.80",Sold,C0299,320906.8
130468,13,2024-01-04,Apartment,53,968.77,"$354,588.81",Available,,354588.81
130473,13,2024-01-04,Apartment,53,968.77,"$289,176.49",Sold,C0972,289176.49
130475,13,2024-01-04,Apartment,54,1029.15,"$332,090.73",Available,,332090.73
130483,13,2024-01-04,Apartment,56,606.9,"$192,486.80",Sold,C1330,192486.8
130495,13,2024-01-04,Apartment,57,1717.49,"$486,561.68",Sold,C1924,486561.68
130497,13,2024-01-04,Apartment,58,1115.72,"$319,673.49",Available,,319673.49
130530,13,2024-01-04,Office,60,1401.81,"$468,196.39",Sold,C0067,468196.39
130532,13,2024-01-04,Apartment,61,1333.63,"$406,850.28",Sold,C0407,406850.28
130562,13,2024-01-04,Apartment,65,612.66,"$169,224.66",Sold,C0738,169224.66
130584,13,2024-01-04,Apartment,67,524.97,"$169,367.25",Sold,C0481,169367.25
140015,14,2024-01-04,Apartment,4,1797.81,"$515,152.93",Sold,C1987,515152.93
140032,14,2024-01-04,Apartment,5,424.34,"$115,887.11",Available,,115887.11
140045,14,2024-01-04,Apartment,7,641.37,"$192,436.66",Available,,192436.66
140143,14,2024-01-04,Apartment,15,784.04,"$257,066.62",Available,,257066.62
140151,14,2024-01-04,Office,16,915.37,"$319,620.31",Sold,C1773,319620.31
140152,14,2024-01-04,Office,16,915.37,"$288,465.73",Available,,288465.73
140223,14,2024-01-04,Apartment,24,1205.25,"$345,686.53",Sold,C1934,345686.53
140336,14,2024-01-04,Apartment,40,532.44,"$151,228.65",Sold,C1066,151228.65
140354,14,2024-01-04,Apartment,43,520.49,"$146,968.53",Sold,C0419,146968.53
140355,14,2024-01-04,Apartment,43,520.49,"$167,318.39",Sold,C1658,167318.39
140362,14,2024-01-04,Apartment,43,520.49,"$144,623.04",Sold,C0860,144623.04
140432,14,2024-01-04,Apartment,51,1346.3,"$404,594.57",Sold,C1166,404594.57
140444,14,2024-01-04,Apartment,52,571.74,"$163,741.56",Sold,C0818,163741.56
150007,15,2024-01-04,Apartment,1,1596.51,"$527,403.68",Sold,C1171,527403.68
150019,15,2024-01-04,Apartment,2,1522.89,"$443,338.93",Sold,C0144,443338.93
150021,15,2024-01-04,Apartment,2,1522.89,"$463,948.75",Sold,C0504,463948.75
150023,15,2024-01-04,Apartment,3,748.99,"$232,738.11",Available,,232738.11
150045,15,2024-01-04,Apartment,7,1113.85,"$339,062.68",Sold,C1096,339062.68
150084,15,2024-01-04,Apartment,13,653.54,"$198,883.96",Sold,C0798,198883.96
150096,15,2024-01-04,Apartment,15,522.71,"$153,702.37",Sold,C0095,153702.37
150131,15,2024-01-04,Apartment,17,562.64,"$174,634.60",Sold,C1628,174634.6
150147,15,2024-01-04,Apartment,18,567.74,"$176,372.47",Sold,C1342,176372.47
150185,15,2024-01-04,Office,23,1279.23,"$377,637.01",Available,,377637.01
150203,15,2024-01-04,Office,23,1279.23,"$381,854.67",Sold,C0619,381854.67
150213,15,2024-01-04,Office,24,924.36,"$278,376.64",Sold,C1191,278376.64
150229,15,2024-01-04,Apartment,26,961.01,"$259,608.83",Sold,C1246,259608.83
150230,15,2024-01-04,Apartment,26,961.01,"$262,059.22",Available,,262059.22
150231,15,2024-01-04,Apartment,26,961.01,"$321,694.85",Sold,C0353,321694.85
150237,15,2024-01-04,Apartment,28,1567.93,"$502,064.98",Sold,C0391,502064.98
150246,15,2024-01-04,Apartment,29,1748.18,"$454,773.23",Available,,454773.23
150264,15,2024-01-04,Apartment,31,1901.65,"$599,081.00",Sold,C0486,599081.0
150267,15,2024-01-04,Apartment,31,1901.65,"$586,616.23",Available,,586616.23
150299,15,2024-01-04,Apartment,35,745.49,"$216,924.99",Available,,216924.99
150308,15,2024-01-04,Apartment,35,745.49,"$223,449.69",Sold,C0527,223449.69
150340,15,2024-01-04,Apartment,39,1713.42,"$520,387.17",Available,,520387.17
150362,15,2024-01-04,Apartment,44,1713.09,"$518,036.13",Sold,C0528,518036.13
150368,15,2024-01-04,Apartment,45,1911.06,"$558,806.02",Sold,C1637,558806.02
150372,15,2024-01-04,Apartment,47,1358.77,"$381,303.70",Available,,381303.7
150400,15,2024-01-04,Apartment,50,1841.5,"$556,838.33",Sold,C1771,556838.33
150402,15,2024-01-04,Office,50,1841.5,"$548,477.55",Available,,548477.55
150475,15,2024-01-04,Apartment,57,429.34,"$125,292.10",Sold,C0470,125292.1
150479,15,2024-01-04,Apartment,57,429.34,"$137,541.82",Sold,C0928,137541.82
150480,15,2024-01-04,Apartment,57,429.34,"$124,270.90",Sold,C1088,124270.9
160031,16,2024-01-04,Apartment,5,749.15,"$218,027.25",Sold,C0794,218027.25
160046,16,2024-01-04,Apartment,6,1062.34,"$295,791.28",Sold,C1489,295791.28
160073,16,2024-01-04,Apartment,9,1524.04,"$508,776.17",Sold,C0556,508776.17
160105,16,2024-01-04,Apartment,11,1288.42,"$290,542.49",Available,,290542.49
160129,16,2024-01-04,Apartment,14,660.84,"$189,045.87",Sold,C1840,189045.87
160141,16,2024-01-04,Apartment,17,836.32,"$256,437.11",Sold,C0377,256437.11
160199,16,2024-01-04,Apartment,25,853.37,"$281,656.80",Available,,281656.8
160243,16,2024-01-04,Office,28,1440.71,"$401,828.82",Sold,C0354,401828.82
160248,16,2024-01-04,Apartment,29,489.49,"$163,436.83",Sold,C0055,163436.83
160270,16,2024-01-04,Apartment,33,881.17,"$287,687.55",Sold,C0507,287687.55
160277,16,2024-01-04,Apartment,33,881.17,"$320,824.87",Sold,C1373,320824.87
160306,16,2024-01-04,Apartment,35,629.97,"$170,560.58",Available,,170560.58
160328,16,2024-01-04,Apartment,38,431.83,"$142,662.45",Sold,C0934,142662.45
160336,16,2024-01-04,Office,40,688.81,"$212,720.73",Sold,C0786,212720.73
160363,16,2024-01-04,Office,42,1496.62,"$469,434.95",Available,,469434.95
170037,17,2024-01-04,Apartment,4,448.67,"$134,841.47",Sold,C1224,134841.47
170066,17,2024-01-04,Apartment,8,1297.3,"$408,314.89",Sold,C0617,408314.89
170077,17,2024-01-04,Apartment,10,1059.07,"$330,112.83",Available,,330112.83
170115,17,2024-01-04,Apartment,13,916.9,"$274,356.57",Sold,C1534,274356.57
170117,17,2024-01-04,Apartment,14,1646.02,"$475,302.44",Sold,C1297,475302.44
170150,17,2024-01-04,Apartment,16,1693.0,"$525,796.95",Sold,C1222,525796.95
170182,17,2024-01-04,Apartment,20,792.27,"$244,945.04",Sold,C1666,244945.04
170211,17,2024-01-04,Office,24,894.72,"$311,703.16",Sold,C1650,311703.16
170224,17,2024-01-04,Apartment,26,929.59,"$255,120.03",Sold,C1797,255120.03
170239,17,2024-01-04,Apartment,27,677.24,"$183,228.95",Sold,C1791,183228.95
170241,17,2024-01-04,Office,27,677.24,"$201,016.28",Sold,C1582,201016.28
170259,17,2024-01-04,Office,31,1806.06,"$617,233.28",Available,,617233.28
170264,17,2024-01-04,Office,32,954.54,"$342,915.63",Available,,342915.63
170269,17,2024-01-04,Apartment,32,954.54,"$272,169.11",Sold,C1707,272169.11
170278,17,2024-01-04,Apartment,33,1532.89,"$575,664.65",Sold,C1417,575664.65
170309,17,2024-01-04,Office,38,721.83,"$197,541.36",Sold,C0403,197541.36
170393,17,2024-01-04,Apartment,48,1833.96,"$535,553.54",Sold,C1269,535553.54
170406,17,2024-01-04,Apartment,48,1833.96,"$518,130.19",Sold,C1830,518130.19
170417,17,2024-01-04,Apartment,48,1833.96,"$626,692.98",Sold,C1433,626692.98
170418,17,2024-01-04,Office,48,1833.96,"$674,268.09",Sold,C1198,674268.09
170439,17,2024-01-04,Office,51,1375.52,"$415,531.04",Sold,C0833,415531.04
170449,17,2024-01-04,Apartment,52,1742.3,"$537,510.16",Sold,C1381,537510.16
180007,18,2024-01-04,Apartment,1,1379.64,"$437,818.55",Sold,C0783,437818.55
180053,18,2024-01-04,Apartment,6,840.25,"$241,961.70",Sold,C0372,241961.7
180084,18,2024-01-04,Apartment,11,507.04,"$157,025.94",Available,,157025.94
180098,18,2024-01-04,Apartment,14,1742.3,"$489,746.26",Available,,489746.26
180172,18,2024-01-04,Apartment,22,1108.09,"$326,697.81",Available,,326697.81
180191,18,2024-01-04,Office,25,911.94,"$319,887.69",Sold,C0602,319887.69
180198,18,2024-01-04,Apartment,25,911.94,"$277,921.61",Sold,C0209,277921.61
180211,18,2024-01-04,Apartment,27,650.82,"$174,509.72",Available,,174509.72
180212,18,2024-01-04,Apartment,27,650.82,"$182,266.87",Sold,C0050,182266.87
180232,18,2024-01-04,Apartment,29,578.36,"$192,263.39",Sold,C0335,192263.39
180254,18,2024-01-04,Apartment,30,1795.66,"$553,662.07",Available,,553662.07
180271,18,2024-01-04,Apartment,32,1512.9,"$391,108.87",Sold,C0484,391108.87
180272,18,2024-01-04,Apartment,32,1512.9,"$478,922.56",Sold,C0916,478922.56
180302,18,2024-01-04,Apartment,36,1089.77,"$360,807.72",Sold,C0083,360807.72
180316,18,2024-01-04,Apartment,36,1089.77,"$333,843.01",Sold,C0567,333843.01
180341,18,2024-01-04,Apartment,39,662.88,"$175,812.42",Sold,C1956,175812.42
180344,18,2024-01-04,Apartment,39,662.88,"$202,760.50",Sold,C0608,202760.5
180357,18,2024-01-04,Apartment,40,990.46,"$368,358.25",Sold,C0525,368358.25
180373,18,2024-01-04,Apartment,41,852.83,"$253,379.80",Sold,C1487,253379.8
180433,18,2024-01-04,Apartment,49,1457.92,"$461,448.14",Available,,461448.14
180472,18,2024-01-04,Apartment,53,1806.7,"$499,227.25",Sold,C1236,499227.25
180474,18,2024-01-04,Apartment,53,1806.7,"$579,753.40",Sold,C0731,579753.4
180483,18,2024-01-04,Apartment,53,1806.7,"$524,447.11",Sold,C0177,524447.11
180485,18,2024-01-04,Apartment,54,1756.12,"$508,227.88",Sold,C0442,508227.88
180497,18,2024-01-04,Apartment,55,930.04,"$231,475.70",Available,,231475.7
180501,18,2024-01-04,Office,55,930.04,"$262,939.01",Sold,C1503,262939.01
180505,18,2024-01-04,Apartment,56,1311.59,"$361,624.36",Sold,C1364,361624.36
180507,18,2024-01-04,Apartment,56,1311.59,"$448,282.99",Sold,C0684,448282.99
180530,18,2024-01-04,Apartment,60,1488.67,"$461,412.78",Sold,C1659,461412.78
180544,18,2024-01-04,Apartment,62,1330.41,"$366,764.33",Available,,366764.33
180557,18,2024-01-04,Apartment,65,996.32,"$310,519.60",Available,,310519.6
180562,18,2024-01-04,Apartment,66,1631.24,"$507,703.53",Available,,507703.53
180574,18,2024-01-04,Office,66,1631.24,"$477,545.71",Available,,477545.71
190014,19,2024-01-04,Apartment,4,1225.38,"$342,245.42",Sold,C1744,342245.42
190035,19,2024-01-04,Apartment,6,1067.81,"$304,055.72",Sold,C1657,304055.72
190038,19,2024-01-04,Office,7,973.6,"$367,468.14",Sold,C0124,367468.14
190053,19,2024-01-04,Office,8,974.77,"$279,169.46",Sold,C1522,279169.46
190109,19,2024-01-04,Apartment,15,538.06,"$160,523.29",Sold,C1502,160523.29
190169,19,2024-01-04,Office,21,477.75,"$179,270.66",Sold,C1414,179270.66
190174,19,2024-01-04,Apartment,21,477.75,"$158,607.61",Sold,C1593,158607.61
190186,19,2024-01-04,Office,22,935.25,"$317,549.96",Available,,317549.96
190196,19,2024-01-04,Apartment,24,620.51,"$187,120.57",Sold,C0651,187120.57
190215,19,2024-01-04,Apartment,26,668.24,"$149,009.73",Sold,C0004,149009.73
190267,19,2024-01-04,Apartment,31,1089.64,"$312,192.36",Sold,C0407,312192.36
190279,19,2024-01-04,Apartment,32,1048.61,"$326,363.04",Sold,C1359,326363.04
190287,19,2024-01-04,Apartment,33,1454.84,"$404,194.49",Available,,404194.49
190338,19,2024-01-04,Office,40,893.49,"$309,197.05",Available,,309197.05
190373,19,2024-01-04,Apartment,42,1137.59,"$342,883.79",Available,,342883.79
190379,19,2024-01-04,Apartment,43,1697.72,"$518,931.48",Sold,C1457,518931.48
190392,19,2024-01-04,Apartment,44,982.8,"$293,683.97",Available,,293683.97
190429,19,2024-01-04,Apartment,49,1004.26,"$338,389.69",Available,,338389.69
200001,20,2024-01-04,Apartment,1,1898.39,"$736,652.27",Sold,C1473,736652.27
200040,20,2024-01-04,Apartment,4,631.75,"$202,971.33",Sold,C0566,202971.33
200098,20,2024-01-04,Office,13,1587.57,"$550,255.37",Available,,550255.37
200108,20,2024-01-04,Apartment,14,837.37,"$254,752.28",Sold,C1714,254752.28
200109,20,2024-01-04,Office,14,837.37,"$294,810.23",Available,,294810.23
200132,20,2024-01-04,Apartment,16,645.44,"$169,762.78",Available,,169762.78
200186,20,2024-01-04,Apartment,20,1110.23,"$384,238.93",Available,,384238.93
200209,20,2024-01-04,Apartment,26,1941.62,"$563,448.90",Sold,C1804,563448.9
200236,20,2024-01-04,Apartment,29,1844.16,"$466,648.29",Sold,C1619,466648.29
200237,20,2024-01-04,Apartment,29,1844.16,"$575,218.75",Sold,C0761,575218.75
200267,20,2024-01-04,Apartment,31,1414.44,"$479,436.79",Available,,479436.79
200279,20,2024-01-04,Apartment,31,1414.44,"$400,106.01",Sold,C1932,400106.01
200309,20,2024-01-04,Apartment,33,630.53,"$154,906.87",Sold,C1445,154906.87
200329,20,2024-01-04,Apartment,36,1484.99,"$394,492.38",Available,,394492.38
200339,20,2024-01-04,Apartment,37,632.35,"$200,206.90",Sold,C1394,200206.9
200347,20,2024-01-04,Apartment,38,1499.47,"$402,705.53",Sold,C0201,402705.53
200365,20,2024-01-04,Apartment,40,428.03,"$116,809.59",Available,,116809.59
200373,20,2024-01-04,Apartment,40,428.03,"$118,965.05",Sold,C1945,118965.05
200413,20,2024-01-04,Apartment,47,590.12,"$150,873.32",Sold,C1171,150873.32
200427,20,2024-01-04,Apartment,48,860.8,"$292,476.39",Sold,C0199,292476.39
200442,20,2024-01-04,Apartment,49,880.76,"$254,985.85",Sold,C1681,254985.85
200464,20,2024-01-04,Apartment,52,1634.67,"$457,871.48",Sold,C1017,457871.48
200473,20,2024-01-04,Apartment,54,589.61,"$211,209.42",Sold,C0664,211209.42
200475,20,2024-01-04,Apartment,54,589.61,"$165,450.84",Sold,C0271,165450.84
200478,20,2024-01-04,Apartment,54,589.61,"$188,272.10",Sold,C0677,188272.1
200479,20,2024-01-04,Apartment,54,589.61,"$181,148.12",Sold,C1404,181148.12
200480,20,2024-01-04,Office,54,589.61,"$208,828.68",Sold,C0542,208828.68
990000,1,2024-01-04,Office,10,800.96,"$264,142.16",Sold,C0054,264142.16
990024,5,2024-01-04,Apartment,41,798.28,"$255,337.90",Available,,255337.9
1011,1,2024-01-05,Office,11,827.87,"$222,947.21",Sold,C0128,222947.21
1028,1,2024-01-05,Apartment,28,1160.36,"$331,154.88",Sold,C0005,331154.88
2026,2,2024-01-05,Apartment,26,649.8,"$198,075.99",Sold,C0126,198075.99
2043,2,2024-01-05,Apartment,43,1110.32,"$355,073.40",Sold,C0127,355073.4
2052,2,2024-01-05,Apartment,52,1615.29,"$484,458.03",Sold,C0007,484458.03
3043,3,2024-01-05,Apartment,43,1128.4,"$299,159.14",Sold,C0024,299159.14
4026,4,2024-01-05,Apartment,26,1611.85,"$506,786.66",Available,,506786.66
4046,4,2024-01-05,Apartment,46,791.72,"$230,495.01",Available,,230495.01
4048,4,2024-01-05,Apartment,48,1068.58,"$346,048.04",Available,,346048.04
10011,1,2024-01-05,Apartment,2,715.67,"$216,996.95",Sold,C0230,216996.95
10024,1,2024-01-05,Apartment,3,788.73,"$223,548.52",Sold,C1782,223548.52
10057,1,2024-01-05,Apartment,7,758.88,"$235,151.17",Sold,C0182,235151.17
10100,1,2024-01-05,Apartment,13,719.47,"$195,020.26",Sold,C0765,195020.26
10106,1,2024-01-05,Apartment,14,1181.69,"$362,197.78",Available,,362197.78
10114,1,2024-01-05,Apartment,14,1181.69,"$277,837.04",Sold,C0799,277837.04
10117,1,2024-01-05,Apartment,14,1181.69,"$410,180.27",Sold,C1913,410180.27
10126,1,2024-01-05,Apartment,15,765.0,"$234,250.56",Sold,C1759,234250.56
10132,1,2024-01-05,Apartment,16,612.76,"$199,424.86",Sold,C1888,199424.86
10174,1,2024-01-05,Apartment,22,740.83,"$187,644.88",Sold,C1640,187644.88
10182,1,2024-01-05,Apartment,22,740.83,"$210,445.30",Sold,C0608,210445.3
10183,1,2024-01-05,Apartment,22,740.83,"$240,139.80",Sold,C1479,240139.8
10235,1,2024-01-05,Office,27,725.12,"$251,042.18",Sold,C0077,251042.18
10247,1,2024-01-05,Apartment,29,757.2,"$236,373.55",Sold,C1266,236373.55
10287,1,2024-01-05,Apartment,30,753.29,"$221,063.07",Sold,C1995,221063.07
10300,1,2024-01-05,Apartment,31,619.78,"$185,780.26",Sold,C1103,185780.26
10306,1,2024-01-05,Apartment,32,800.77,"$228,232.72",Sold,C0474,228232.72
10351,1,2024-01-05,Apartment,38,1355.85,"$327,248.98",Sold,C1364,327248.98
20018,2,2024-01-05,Apartment,2,788.72,"$240,243.78",Sold,C1289,240243.78
20062,2,2024-01-05,Apartment,8,715.54,"$232,688.53",Sold,C1152,232688.53
20110,2,2024-01-05,Apartment,13,782.33,"$235,637.33",Sold,C0253,235637.33
20125,2,2024-01-05,Apartment,15,1603.33,"$513,464.72",Sold,C0593,513464.72
20126,2,2024-01-05,Apartment,15,1603.33,"$499,600.59",Sold,C0167,499600.59
20160,2,2024-01-05,Office,18,784.76,"$248,958.94",Available,,248958.94
20161,2,2024-01-05,Apartment,19,795.52,"$277,015.00",Sold,C1437,277015.0
20199,2,2024-01-05,Apartment,22,653.41,"$224,133.54",Sold,C1022,224133.54
20209,2,2024-01-05,Apartment,24,785.12,"$230,107.73",Sold,C0004,230107.73
20255,2,2024-01-05,Apartment,29,1107.33,"$325,010.71",Sold,C1790,325010.71
20269,2,2024-01-05,Office,32,925.63,"$323,702.74",Available,,323702.74
20285,2,2024-01-05,Apartment,33,931.4,"$306,852.00",Available,,306852.0
20288,2,2024-01-05,Apartment,34,800.26,"$253,232.44",Sold,C1295,253232.44
20304,2,2024-01-05,Apartment,36,641.72,"$164,198.69",Sold,C1144,164198.69
20322,2,2024-01-05,Apartment,38,710.81,"$204,892.35",Sold,C0881,204892.35
20352,2,2024-01-05,Office,42,786.45,"$209,063.55",Sold,C0268,209063.55
20358,2,2024-01-05,Apartment,42,786.45,"$223,924.47",Sold,C1020,223924.47
20359,2,2024-01-05,Apartment,42,786.45,"$248,975.66",Sold,C1565,248975.66
20376,2,2024-01-05,Apartment,45,782.2,"$208,153.09",Available,,208153.09
20388,2,2024-01-05,Apartment,46,697.74,"$191,730.36",Sold,C0025,191730.36
20391,2,2024-01-05,Office,46,697.74,"$261,450.25",Available,,261450.25
20393,2,2024-01-05,Apartment,46,697.74,"$188,000.19",Sold,C1920,188000.19
20444,2,2024-01-05,Apartment,51,699.31,"$219,752.03",Sold,C0110,219752.03
20447,2,2024-01-05,Apartment,52,914.01,"$250,239.86",Sold,C0389,250239.86
30054,3,2024-01-05,Apartment,6,668.89,"$230,249.86",Available,,230249.86
30062,3,2024-01-05,Apartment,7,744.01,"$189,860.96",Available,,189860.96
30070,3,2024-01-05,Apartment,7,744.01,"$213,877.71",Available,,213877.71
30130,3,2024-01-05,Apartment,12,657.47,"$182,618.24",Sold,C1030,182618.24
30135,3,2024-01-05,Apartment,13,754.84,"$233,701.51",Sold,C1713,233701.51
30152,3,2024-01-05,Apartment,17,937.24,"$310,304.60",Sold,C0143,310304.6
30168,3,2024-01-05,Apartment,19,1602.22,"$545,570.25",Available,,545570.25
30174,3,2024-01-05,Apartment,19,1602.22,"$526,180.38",Sold,C1485,526180.38
30192,3,2024-01-05,Office,21,1122.15,"$364,141.62",Available,,364141.62
30196,3,2024-01-05,Apartment,21,1122.15,"$354,543.67",Sold,C1941,354543.67
30219,3,2024-01-05,Apartment,25,765.56,"$248,929.48",Sold,C0692,248929.48
30240,3,2024-01-05,Apartment,27,1117.14,"$362,492.39",Available,,362492.39
30255,3,2024-01-05,Apartment,28,679.93,"$211,362.00",Available,,211362.0
30323,3,2024-01-05,Apartment,40,678.71,"$197,764.69",Available,,197764.69
30351,3,2024-01-05,Office,42,1343.96,"$450,627.91",Available,,450627.91
30383,3,2024-01-05,Apartment,47,691.09,"$234,934.93",Sold,C1325,234934.93
30386,3,2024-01-05,Apartment,47,691.09,"$212,733.58",Available,,212733.58
30403,3,2024-01-05,Apartment,49,1174.48,"$334,121.61",Sold,C1382,334121.61
30420,3,2024-01-05,Apartment,49,1174.48,"$349,203.77",Sold,C0503,349203.77
30446,3,2024-01-05,Apartment,51,693.85,"$199,163.20",Sold,C1386,199163.2
30449,3,2024-01-05,Apartment,52,1361.9,"$367,708.79",Available,,367708.79
30490,3,2024-01-05,Apartment,57,1607.94,"$512,522.53",Available,,512522.53
30492,3,2024-01-05,Apartment,57,1607.94,"$487,171.09",Sold,C0310,487171.09
40020,4,2024-01-05,Apartment,2,1620.07,"$523,966.96",Sold,C0925,523966.96
40021,4,2024-01-05,Apartment,3,1630.82,"$539,711.96",Sold,C0165,539711.96
40025,4,2024-01-05,Apartment,3,1630.82,"$498,856.28",Available,,498856.28
40042,4,2024-01-05,Apartment,4,783.03,"$240,057.11",Sold,C1246,240057.11
40054,4,2024-01-05,Apartment,5,786.98,"$206,258.47",Sold,C1121,206258.47
40059,4,2024-01-05,Apartment,5,786.98,"$227,598.30",Sold,C0513,227598.3
40076,4,2024-01-05,Office,10,1614.62,"$608,055.99",Sold,C1300,608055.99
40085,4,2024-01-05,Apartment,11,802.79,"$235,196.88",Sold,C1107,235196.88
40114,4,2024-01-05,Apartment,14,1322.66,"$398,928.35",Sold,C1655,398928.35
40131,4,2024-01-05,Apartment,15,760.39,"$242,012.41",Sold,C0408,242012.41
40132,4,2024-01-05,Apartment,15,760.39,"$201,059.89",Sold,C1069,201059.89
40138,4,2024-01-05,Apartment,16,1128.21,"$311,009.93",Sold,C1627,311009.93
40152,4,2024-01-05,Office,18,1294.91,"$398,599.37",Sold,C0822,398599.37
40153,4,2024-01-05,Apartment,18,1294.91,"$403,973.72",Sold,C0068,403973.72
40168,4,2024-01-05,Apartment,21,801.66,"$262,637.35",Available,,262637.35
40192,4,2024-01-05,Office,24,786.05,"$272,856.78",Sold,C1253,272856.78
40207,4,2024-01-05,Apartment,26,790.05,"$256,720.02",Sold,C0730,256720.02
40215,4,2024-01-05,Apartment,26,790.05,"$277,760.89",Sold,C0060,277760.89
40223,4,2024-01-05,Office,26,790.05,"$266,440.01",Sold,C1620,266440.01
40307,4,2024-01-05,Office,37,800.13,"$215,216.20",Sold,C1881,215216.2
40335,4,2024-01-05,Apartment,40,780.74,"$235,532.69",Sold,C1156,235532.69
40365,4,2024-01-05,Apartment,43,1616.99,"$504,517.39",Sold,C0359,504517.39
40420,4,2024-01-05,Apartment,49,739.7,"$193,616.59",Available,,193616.59
50019,5,2024-01-05,Apartment,4,799.1,"$208,960.43",Sold,C1051,208960.43
50052,5,2024-01-05,Apartment,9,793.56,"$264,639.92",Sold,C1384,264639.92
50067,5,2024-01-05,Apartment,10,629.27,"$156,700.20",Sold,C0213,156700.2
50102,5,2024-01-05,Apartment,12,787.5,"$260,674.62",Available,,260674.62
50119,5,2024-01-05,Apartment,15,1050.95,"$282,845.50",Sold,C1216,282845.5
50178,5,2024-01-05,Apartment,23,1006.65,"$301,730.10",Available,,301730.1
50185,5,2024-01-05,Apartment,23,1006.65,"$334,696.90",Sold,C1007,334696.9
50199,5,2024-01-05,Apartment,26,1272.4,"$372,414.34",Available,,372414.34
50211,5,2024-01-05,Apartment,27,1278.6,"$308,068.85",Sold,C1878,308068.85
50220,5,2024-01-05,Office,29,786.28,"$236,804.87",Sold,C1538,236804.87
50240,5,2024-01-05,Apartment,32,1051.39,"$327,070.05",Sold,C0259,327070.05
50243,5,2024-01-05,Apartment,32,1051.39,"$311,645.47",Sold,C0712,311645.47
50246,5,2024-01-05,Apartment,32,1051.39,"$308,068.31",Sold,C1886,308068.31
50256,5,2024-01-05,Office,33,1787.13,"$512,156.34",Sold,C0536,512156.34
50259,5,2024-01-05,Apartment,34,802.33,"$267,723.88",Sold,C0996,267723.88
50260,5,2024-01-05,Apartment,34,802.33,"$232,731.80",Sold,C1887,232731.8
50278,5,2024-01-05,Apartment,36,627.56,"$178,814.53",Sold,C0713,178814.53
50333,5,2024-01-05,Office,42,791.2,"$236,639.12",Available,,236639.12
50359,5,2024-01-05,Apartment,44,806.03,"$252,835.34",Sold,C2000,252835.34
50361,5,2024-01-05,Apartment,44,806.03,"$246,214.10",Sold,C0181,246214.1
50372,5,2024-01-05,Apartment,45,608.89,"$190,719.01",Sold,C1467,190719.01
50379,5,2024-01-05,Apartment,46,1272.95,"$331,278.26",Available,,331278.26
50386,5,2024-01-05,Office,46,1272.95,"$425,609.69",Sold,C1889,425609.69
50391,5,2024-01-05,Apartment,46,1272.95,"$379,974.43",Sold,C0100,379974.43
50395,5,2024-01-05,Apartment,46,1272.95,"$362,373.17",Sold,C1835,362373.17
50397,5,2024-01-05,Apartment,47,1241.14,"$389,944.98",Sold,C1617,389944.98
50402,5,2024-01-05,Apartment,47,1241.14,"$366,304.94",Sold,C1278,366304.94
60015,6,2024-01-05,Apartment,1,1720.95,"$560,677.96",Sold,C0425,560677.96
60031,6,2024-01-05,Apartment,3,605.21,"$203,789.30",Sold,C0993,203789.3
60041,6,2024-01-05,Apartment,4,1925.28,"$661,640.07",Sold,C1561,661640.07
60043,6,2024-01-05,Apartment,4,1925.28,"$675,765.41",Sold,C0226,675765.41
60052,6,2024-01-05,Apartment,5,1617.43,"$498,957.88",Sold,C1279,498957.88
60065,6,2024-01-05,Apartment,6,951.22,"$251,909.19",Sold,C1539,251909.19
60066,6,2024-01-05,Apartment,6,951.22,"$290,766.80",Sold,C0805,290766.8
60100,6,2024-01-05,Apartment,7,1075.42,"$349,992.08",Available,,349992.08
60105,6,2024-01-05,Apartment,8,986.97,"$300,282.89",Available,,300282.89
60109,6,2024-01-05,Apartment,9,1194.12,"$359,774.82",Sold,C1270,359774.82
60135,6,2024-01-05,Apartment,11,1719.85,"$534,355.36",Sold,C0875,534355.36
60148,6,2024-01-05,Office,12,1678.17,"$515,231.68",Sold,C0548,515231.68
60150,6,2024-01-05,Apartment,12,1678.17,"$430,423.76",Sold,C0403,430423.76
60156,6,2024-01-05,Apartment,13,581.47,"$156,674.67",Available,,156674.67
60160,6,2024-01-05,Apartment,13,581.47,"$200,926.35",Sold,C1968,200926.35
60161,6,2024-01-05,Apartment,14,1890.0,"$598,612.25",Sold,C1024,598612.25
60169,6,2024-01-05,Office,15,1392.45,"$453,250.70",Sold,C0475,453250.7
60190,6,2024-01-05,Apartment,19,1542.71,"$384,958.51",Sold,C0278,384958.51
60241,6,2024-01-05,Office,24,1159.75,"$365,063.85",Sold,C1830,365063.85
60298,6,2024-01-05,Apartment,33,1131.0,"$336,860.43",Available,,336860.43
60304,6,2024-01-05,Apartment,33,1131.0,"$371,174.41",Sold,C0218,371174.41
60309,6,2024-01-05,Apartment,34,1353.81,"$306,734.40",Sold,C0059,306734.4
60324,6,2024-01-05,Apartment,36,463.91,"$150,110.49",Sold,C1076,150110.49
60381,6,2024-01-05,Apartment,43,1492.81,"$554,882.17",Sold,C1250,554882.17
60401,6,2024-01-05,Apartment,47,550.99,"$168,571.44",Available,,168571.44
60430,6,2024-01-05,Apartment,51,1476.63,"$529,520.87",Sold,C1960,529520.87
60459,6,2024-01-05,Apartment,53,1170.96,"$330,724.00",Available,,330724.0
70017,7,2024-01-05,Apartment,3,888.5,"$278,826.18",Sold,C1401,278826.18
70023,7,2024-01-05,Apartment,5,1144.09,"$333,120.50",Sold,C0171,333120.5
70041,7,2024-01-05,Office,7,1071.02,"$296,372.05",Available,,296372.05
70050,7,2024-01-05,Apartment,8,1561.28,"$498,082.29",Available,,498082.29
70070,7,2024-01-05,Apartment,10,1495.37,"$499,413.56",Sold,C0185,499413.56
70139,7,2024-01-05,Apartment,16,1239.87,"$397,500.69",Sold,C0732,397500.69
70210,7,2024-01-05,Apartment,23,1222.69,"$437,259.52",Sold,C1259,437259.52
70224,7,2024-01-05,Apartment,25,573.8,"$223,711.79",Available,,223711.79
70230,7,2024-01-05,Apartment,25,573.8,"$203,707.73",Sold,C0908,203707.73
70239,7,2024-01-05,Office,27,768.05,"$224,288.36",Sold,C1255,224288.36
70263,7,2024-01-05,Apartment,29,441.65,"$114,846.15",Sold,C0681,114846.15
70280,7,2024-01-05,Apartment,34,1487.05,"$445,823.13",Sold,C1775,445823.13
70304,7,2024-01-05,Apartment,36,1748.75,"$478,202.61",Sold,C1805,478202.61
70318,7,2024-01-05,Apartment,38,1755.26,"$509,258.67",Available,,509258.67
70348,7,2024-01-05,Apartment,41,1093.92,"$319,520.07",Sold,C0086,319520.07
70362,7,2024-01-05,Apartment,42,702.08,"$198,825.02",Sold,C1518,198825.02
70378,7,2024-01-05,Apartment,43,498.61,"$149,009.47",Sold,C1408,149009.47
70387,7,2024-01-05,Apartment,44,1859.83,"$419,927.79",Sold,C0571,419927.79
70470,7,2024-01-05,Apartment,55,601.23,"$185,349.98",Sold,C1739,185349.98
70476,7,2024-01-05,Apartment,55,601.23,"$153,965.78",Sold,C1632,153965.78
70477,7,2024-01-05,Apartment,55,601.23,"$160,509.63",Sold,C0421,160509.63
70479,7,2024-01-05,Apartment,56,1589.6,"$461,908.57",Sold,C0112,461908.57
70490,7,2024-01-05,Apartment,58,1629.83,"$512,459.69",Sold,C0155,512459.69
80020,8,2024-01-05,Apartment,3,1736.05,"$515,896.71",Sold,C0102,515896.71
80041,8,2024-01-05,Apartment,5,887.23,"$245,299.94",Sold,C0803,245299.94
80051,8,2024-01-05,Apartment,5,887.23,"$259,694.81",Available,,259694.81
80087,8,2024-01-05,Apartment,9,1869.81,"$590,633.76",Sold,C0865,590633.76
80094,8,2024-01-05,Apartment,10,737.92,"$196,686.19",Sold,C0090,196686.19
80129,8,2024-01-05,Apartment,15,534.85,"$146,835.08",Sold,C0265,146835.08
80161,8,2024-01-05,Apartment,21,1501.64,"$448,702.07",Sold,C0070,448702.07
80190,8,2024-01-05,Apartment,26,1625.38,"$434,040.89",Available,,434040.89
80193,8,2024-01-05,Apartment,26,1625.38,"$526,678.44",Sold,C0418,526678.44
80202,8,2024-01-05,Apartment,28,1431.61,"$411,435.44",Available,,411435.44
80203,8,2024-01-05,Apartment,28,1431.61,"$386,241.87",Sold,C1124,386241.87
80206,8,2024-01-05,Apartment,28,1431.61,"$452,279.20",Sold,C1903,452279.2
80217,8,2024-01-05,Apartment,29,1848.51,"$624,161.31",Available,,624161.31
80237,8,2024-01-05,Apartment,30,1070.46,"$345,048.44",Available,,345048.44
80239,8,2024-01-05,Office,30,1070.46,"$380,050.07",Sold,C0072,380050.07
80245,8,2024-01-05,Apartment,31,1253.18,"$357,323.56",Available,,357323.56
80246,8,2024-01-05,Office,31,1253.18,"$399,671.51",Sold,C0099,399671.51
80266,8,2024-01-05,Office,32,1410.88,"$422,684.36",Sold,C1565,422684.36
80306,8,2024-01-05,Apartment,36,673.86,"$220,642.17",Sold,C0080,220642.17
80364,8,2024-01-05,Office,43,1490.59,"$503,414.20",Sold,C0458,503414.2
80387,8,2024-01-05,Apartment,46,1175.51,"$353,812.59",Available,,353812.59
80407,8,2024-01-05,Office,47,543.08,"$165,991.05",Available,,165991.05
80421,8,2024-01-05,Apartment,48,480.99,"$153,410.17",Sold,C1362,153410.17
80431,8,2024-01-05,Apartment,50,913.15,"$251,686.03",Sold,C0392,251686.03
80434,8,2024-01-05,Apartment,50,913.15,"$270,241.73",Sold,C1910,270241.73
80443,8,2024-01-05,Apartment,52,559.73,"$151,476.69",Available,,151476.69
80453,8,2024-01-05,Apartment,53,1891.72,"$533,253.25",Sold,C0954,533253.25
90047,9,2024-01-05,Office,8,1315.55,"$401,129.35",Available,,401129.35
90078,9,2024-01-05,Apartment,12,952.38,"$291,557.41",Sold,C1740,291557.41
90082,9,2024-01-05,Office,12,952.38,"$329,697.10",Available,,329697.1
90101,9,2024-01-05,Apartment,16,924.6,"$248,353.36",Sold,C1066,248353.36
90141,9,2024-01-05,Apartment,22,1115.88,"$358,332.02",Sold,C1979,358332.02
90152,9,2024-01-05,Apartment,24,914.61,"$294,158.67",Sold,C0006,294158.67
90194,9,2024-01-05,Office,29,1426.22,"$457,069.23",Sold,C0476,457069.23
90223,9,2024-01-05,Office,33,973.52,"$258,281.48",Sold,C1429,258281.48
90279,9,2024-01-05,Apartment,35,1376.88,"$444,270.56",Sold,C0829,444270.56
90284,9,2024-01-05,Office,36,1582.79,"$507,510.60",Sold,C1851,507510.6
90307,9,2024-01-05,Apartment,38,1260.31,"$398,439.84",Available,,398439.84
90315,9,2024-01-05,Apartment,38,1260.31,"$422,763.47",Available,,422763.47
90381,9,2024-01-05,Apartment,45,786.13,"$186,004.47",Available,,186004.47
90385,9,2024-01-05,Apartment,46,662.32,"$187,337.33",Sold,C1178,187337.33
90399,9,2024-01-05,Apartment,48,1264.94,"$408,862.02",Sold,C0020,408862.02
90403,9,2024-01-05,Apartment,50,1938.15,"$599,421.75",Sold,C1012,599421.75
90404,9,2024-01-05,Apartment,51,1816.78,"$484,595.35",Sold,C1221,484595.35
90416,9,2024-01-05,Apartment,53,599.72,"$167,173.35",Available,,167173.35
90442,9,2024-01-05,Office,56,1516.4,"$484,801.23",Sold,C0619,484801.23
90448,9,2024-01-05,Office,56,1516.4,"$472,506.97",Available,,472506.97
100029,10,2024-01-05,Apartment,4,1765.37,"$449,252.81",Sold,C1493,449252.81
100035,10,2024-01-05,Apartment,5,1741.96,"$522,748.14",Available,,522748.14
100036,10,2024-01-05,Apartment,5,1741.96,"$488,491.97",Available,,488491.97
100047,10,2024-01-05,Apartment,5,1741.96,"$405,297.57",Sold,C1819,405297.57
100083,10,2024-01-05,Apartment,10,1196.84,"$378,213.40",Sold,C1253,378213.4
100097,10,2024-01-05,Apartment,12,852.74,"$263,932.63",Available,,263932.63
100126,10,2024-01-05,Apartment,16,1169.15,"$355,085.18",Sold,C1497,355085.18
100148,10,2024-01-05,Apartment,19,948.04,"$274,317.28",Sold,C0202,274317.28
100161,10,2024-01-05,Apartment,20,1264.43,"$381,724.58",Available,,381724.58
100252,10,2024-01-05,Apartment,30,1559.4,"$511,932.27",Available,,511932.27
100294,10,2024-01-05,Office,34,1435.44,"$415,938.84",Sold,C0556,415938.84
100303,10,2024-01-05,Apartment,36,1920.65,"$540,074.50",Sold,C0146,540074.5
100307,10,2024-01-05,Apartment,36,1920.65,"$592,203.73",Sold,C1299,592203.73
100310,10,2024-01-05,Apartment,37,1177.85,"$399,238.30",Sold,C1286,399238.3
100344,10,2024-01-05,Apartment,42,1757.51,"$528,144.96",Sold,C1557,528144.96
100405,10,2024-01-05,Apartment,47,1047.27,"$372,974.76",Sold,C1281,372974.76
100412,10,2024-01-05,Apartment,49,656.17,"$212,548.64",Sold,C0665,212548.64
100417,10,2024-01-05,Apartment,50,1138.32,"$345,524.63",Sold,C1607,345524.63
100429,10,2024-01-05,Apartment,50,1138.32,"$347,148.29",Sold,C1409,347148.29
110042,11,2024-01-05,Apartment,5,1723.2,"$453,922.16",Sold,C1899,453922.16
110072,11,2024-01-05,Office,8,1001.41,"$318,935.71",Sold,C1415,318935.71
110104,11,2024-01-05,Office,12,1754.75,"$543,741.11",Sold,C1425,543741.11
110107,11,2024-01-05,Office,13,474.93,"$140,439.73",Sold,C0038,140439.73
110116,11,2024-01-05,Apartment,13,474.93,"$152,103.81",Sold,C0371,152103.81
110122,11,2024-01-05,Apartment,13,474.93,"$148,565.18",Sold,C1886,148565.18
110125,11,2024-01-05,Apartment,14,524.68,"$143,800.00",Sold,C1967,143800.0
110174,11,2024-01-05,Apartment,18,1562.55,"$472,802.29",Sold,C0238,472802.29
110192,11,2024-01-05,Apartment,22,1755.05,"$561,305.34",Sold,C1845,561305.34
110229,11,2024-01-05,Apartment,28,868.85,"$269,172.90",Sold,C0044,269172.9
110240,11,2024-01-05,Apartment,29,993.51,"$295,715.19",Sold,C2000,295715.19
110285,11,2024-01-05,Apartment,34,680.07,"$181,508.78",Sold,C1278,181508.78
110312,11,2024-01-05,Apartment,38,788.47,"$229,444.30",Sold,C1118,229444.3
110324,11,2024-01-05,Apartment,38,788.47,"$245,418.89",Sold,C1176,245418.89
110353,11,2024-01-05,Apartment,42,808.59,"$268,620.22",Available,,268620.22
110366,11,2024-01-05,Office,43,810.65,"$287,234.79",Available,,287234.79
110374,11,2024-01-05,Apartment,44,434.38,"$125,951.48",Sold,C1536,125951.48
110381,11,2024-01-05,Apartment,44,434.38,"$135,401.82",Sold,C1274,135401.82
110392,11,2024-01-05,Apartment,46,1798.85,"$615,554.68",Sold,C1356,615554.68
110445,11,2024-01-05,Apartment,52,1397.58,"$463,091.82",Sold,C0375,463091.82
110453,11,2024-01-05,Apartment,52,1397.58,"$393,927.21",Sold,C1270,393927.21
110461,11,2024-01-05,Apartment,54,802.65,"$232,185.85",Sold,C1707,232185.85
110464,11,2024-01-05,Apartment,54,802.65,"$232,180.63",Sold,C1074,232180.63
110465,11,2024-01-05,Apartment,55,1713.32,"$533,336.37",Available,,533336.37
110473,11,2024-01-05,Office,56,724.8,"$195,094.85",Sold,C0618,195094.85
110506,11,2024-01-05,Apartment,60,1295.04,"$356,105.59",Sold,C1114,356105.59
110520,11,2024-01-05,Apartment,61,1299.46,"$364,486.91",Available,,364486.91
120019,12,2024-01-05,Office,2,1285.87,"$431,041.65",Sold,C0854,431041.65
120027,12,2024-01-05,Apartment,3,1469.27,"$417,864.27",Available,,417864.27
120049,12,2024-01-05,Apartment,5,495.04,"$152,334.67",Available,,152334.67
120053,12,2024-01-05,Apartment,5,495.04,"$137,406.32",Sold,C1081,137406.32
120059,12,2024-01-05,Apartment,6,1347.8,"$387,519.48",Sold,C0845,387519.48
120068,12,2024-01-05,Apartment,8,1803.36,"$504,493.45",Sold,C0510,504493.45
120078,12,2024-01-05,Office,9,857.88,"$217,511.57",Available,,217511.57
120102,12,2024-01-05,Apartment,13,1394.03,"$375,764.01",Sold,C1306,375764.01
120172,12,2024-01-05,Apartment,19,1381.22,"$360,006.15",Available,,360006.15
120184,12,2024-01-05,Apartment,20,1802.21,"$541,188.53",Sold,C1309,541188.53
120204,12,2024-01-05,Apartment,23,1094.46,"$368,892.07",Sold,C0156,368892.07
120210,12,2024-01-05,Office,23,1094.46,"$411,845.93",Sold,C1978,411845.93
120227,12,2024-01-05,Apartment,24,1306.75,"$377,248.32",Sold,C1332,377248.32
120229,12,2024-01-05,Apartment,24,1306.75,"$336,147.76",Available,,336147.76
120230,12,2024-01-05,Office,24,1306.75,"$456,133.00",Sold,C0347,456133.0
120236,12,2024-01-05,Apartment,25,1540.51,"$505,130.37",Available,,505130.37
120249,12,2024-01-05,Office,27,871.52,"$285,485.58",Available,,285485.58
120260,12,2024-01-05,Apartment,27,871.52,"$279,936.12",Sold,C1816,279936.12
120261,12,2024-01-05,Office,27,871.52,"$288,985.79",Sold,C1508,288985.79
120279,12,2024-01-05,Apartment,30,622.2,"$207,963.57",Sold,C0401,207963.57
120292,12,2024-01-05,Apartment,33,1232.2,"$302,543.25",Available,,302543.25
120334,12,2024-01-05,Apartment,35,1690.62,"$573,472.62",Available,,573472.62
120348,12,2024-01-05,Apartment,38,1157.23,"$365,670.99",Sold,C0663,365670.99
130001,13,2024-01-05,Office,1,1899.92,"$645,779.93",Available,,645779.93
130038,13,2024-01-05,Apartment,3,979.64,"$327,860.05",Sold,C1094,327860.05
130043,13,2024-01-05,Apartment,3,979.64,"$310,095.22",Sold,C1904,310095.22
130044,13,2024-01-05,Apartment,3,979.64,"$310,865.62",Sold,C0054,310865.62
130052,13,2024-01-05,Apartment,4,1629.74,"$410,318.25",Available,,410318.25
130092,13,2024-01-05,Apartment,11,1678.3,"$523,652.47",Sold,C1113,523652.47
130140,13,2024-01-05,Apartment,16,1772.88,"$528,190.80",Sold,C0731,528190.8
130142,13,2024-01-05,Apartment,16,1772.88,"$457,508.86",Sold,C1805,457508.86
130169,13,2024-01-05,Apartment,20,516.72,"$152,514.27",Available,,152514.27
130198,13,2024-01-05,Apartment,22,1811.36,"$605,522.07",Sold,C1722,605522.07
130212,13,2024-01-05,Apartment,24,1044.69,"$357,429.62",Sold,C1684,357429.62
130222,13,2024-01-05,Apartment,25,633.86,"$189,457.38",Available,,189457.38
130229,13,2024-01-05,Apartment,27,885.68,"$229,554.32",Sold,C1890,229554.32
130243,13,2024-01-05,Apartment,28,1173.72,"$330,183.47",Available,,330183.47
130245,13,2024-01-05,Apartment,28,1173.72,"$384,319.84",Sold,C0857,384319.84
130249,13,2024-01-05,Apartment,29,568.7,"$160,520.27",Sold,C1484,160520.27
130260,13,2024-01-05,Apartment,30,1777.51,"$485,888.28",Sold,C1190,485888.28
130261,13,2024-01-05,Apartment,30,1777.51,"$589,380.74",Sold,C0368,589380.74
130266,13,2024-01-05,Office,31,627.57,"$179,443.23",Sold,C1605,179443.23
130271,13,2024-01-05,Apartment,32,1114.07,"$355,169.50",Sold,C0745,355169.5
130300,13,2024-01-05,Apartment,33,1445.84,"$385,937.66",Sold,C1906,385937.66
130318,13,2024-01-05,Office,35,1867.34,"$654,120.74",Sold,C1763,654120.74
130332,13,2024-01-05,Apartment,37,1555.67,"$444,069.92",Sold,C1634,444069.92
130343,13,2024-01-05,Apartment,38,656.42,"$193,572.19",Sold,C0112,193572.19
130353,13,2024-01-05,Apartment,39,1054.77,"$334,166.59",Sold,C0463,334166.59
130388,13,2024-01-05,Apartment,43,1875.83,"$568,196.47",Sold,C0593,568196.47
130400,13,2024-01-05,Apartment,45,986.91,"$256,697.03",Available,,256697.03
130403,13,2024-01-05,Office,45,986.91,"$357,298.42",Available,,357298.42
130434,13,2024-01-05,Apartment,48,1728.84,"$525,419.08",Sold,C0193,525419.08
130435,13,2024-01-05,Apartment,48,1728.84,"$541,585.04",Sold,C1761,541585.04
130449,13,2024-01-05,Apartment,50,1469.09,"$482,069.52",Available,,482069.52
130522,13,2024-01-05,Apartment,60,1401.81,"$370,900.47",Sold,C1760,370900.47
130527,13,2024-01-05,Apartment,60,1401.81,"$471,079.28",Available,,471079.28
130558,13,2024-01-05,Apartment,65,612.66,"$163,574.83",Available,,163574.83
130559,13,2024-01-05,Apartment,65,612.66,"$186,656.42",Sold,C0550,186656.42
130563,13,2024-01-05,Apartment,66,1283.8,"$388,928.18",Sold,C0547,388928.18
130594,13,2024-01-05,Apartment,69,736.95,"$184,597.28",Available,,184597.28
140036,14,2024-01-05,Apartment,6,1733.36,"$477,046.12",Sold,C1319,477046.12
140051,14,2024-01-05,Apartment,8,618.89,"$190,875.59",Sold,C1035,190875.59
140098,14,2024-01-05,Apartment,12,459.44,"$158,892.76",Sold,C1130,158892.76
140112,14,2024-01-05,Apartment,12,459.44,"$145,907.47",Sold,C1847,145907.47
140120,14,2024-01-05,Apartment,13,442.74,"$160,735.05",Sold,C0458,160735.05
140133,14,2024-01-05,Apartment,14,1628.68,"$518,963.51",Sold,C0190,518963.51
140191,14,2024-01-05,Apartment,21,1560.87,"$504,051.85",Sold,C0806,504051.85
140218,14,2024-01-05,Office,23,1610.37,"$590,849.87",Sold,C1642,590849.87
140219,14,2024-01-05,Apartment,23,1610.37,"$501,053.00",Sold,C0570,501053.0
140259,14,2024-01-05,Apartment,29,1618.34,"$424,083.22",Available,,424083.22
140308,14,2024-01-05,Apartment,35,1152.84,"$399,680.68",Sold,C1532,399680.68
140323,14,2024-01-05,Apartment,38,1170.11,"$390,224.30",Sold,C0913,390224.3
140340,14,2024-01-05,Apartment,40,532.44,"$151,656.02",Available,,151656.02
140346,14,2024-01-05,Apartment,41,543.61,"$172,783.03",Sold,C1941,172783.03
140369,14,2024-01-05,Office,45,1388.61,"$480,678.50",Sold,C0847,480678.5
140370,14,2024-01-05,Apartment,45,1388.61,"$386,196.25",Sold,C1802,386196.25
140372,14,2024-01-05,Office,45,1388.61,"$343,689.96",Sold,C1985,343689.96
140373,14,2024-01-05,Office,45,1388.61,"$458,341.23",Sold,C1926,458341.23
140376,14,2024-01-05,Office,46,1258.99,"$324,485.55",Sold,C0781,324485.55
140423,14,2024-01-05,Apartment,51,1346.3,"$387,224.12",Sold,C0476,387224.12
140447,14,2024-01-05,Apartment,52,571.74,"$154,650.62",Sold,C0958,154650.62
140462,14,2024-01-05,Apartment,55,1415.9,"$412,499.97",Sold,C0109,412499.97
150001,15,2024-01-05,Apartment,1,1596.51,"$523,585.37",Sold,C1591,523585.37
150004,15,2024-01-05,Apartment,1,1596.51,"$435,265.83",Available,,435265.83
150010,15,2024-01-05,Apartment,2,1522.89,"$455,019.48",Sold,C0872,455019.48
150012,15,2024-01-05,Apartment,2,1522.89,"$448,686.87",Sold,C1142,448686.87
150036,15,2024-01-05,Apartment,5,769.6,"$234,637.02",Available,,234637.02
150037,15,2024-01-05,Apartment,5,769.6,"$169,312.00",Sold,C1163,169312.0
150042,15,2024-01-05,Apartment,6,938.57,"$278,827.02",Sold,C1986,278827.02
150079,15,2024-01-05,Apartment,12,992.68,"$321,109.42",Sold,C0778,321109.42
150093,15,2024-01-05,Office,15,522.71,"$198,889.90",Sold,C1783,198889.9
150100,15,2024-01-05,Apartment,15,522.71,"$177,455.16",Sold,C1327,177455.16
150145,15,2024-01-05,Apartment,17,562.64,"$172,104.74",Available,,172104.74
150146,15,2024-01-05,Apartment,17,562.64,"$170,544.82",Available,,170544.82
150171,15,2024-01-05,Apartment,22,1317.29,"$397,474.25",Sold,C0968,397474.25
150263,15,2024-01-05,Office,31,1901.65,"$518,564.66",Sold,C0380,518564.66
150304,15,2024-01-05,Apartment,35,745.49,"$244,548.78",Available,,244548.78
150313,15,2024-01-05,Apartment,35,745.49,"$241,648.03",Sold,C1031,241648.03
150319,15,2024-01-05,Apartment,36,1424.81,"$469,262.61",Sold,C1879,469262.61
150330,15,2024-01-05,Apartment,38,585.57,"$173,559.11",Sold,C1493,173559.11
150355,15,2024-01-05,Apartment,43,1655.05,"$459,923.31",Available,,459923.31
150358,15,2024-01-05,Apartment,43,1655.05,"$494,886.23",Available,,494886.23
150366,15,2024-01-05,Apartment,44,1713.09,"$471,234.50",Available,,471234.5
150370,15,2024-01-05,Office,46,1672.19,"$580,909.55",Sold,C0740,580909.55
150384,15,2024-01-05,Apartment,48,1403.33,"$467,931.57",Sold,C1047,467931.57
150394,15,2024-01-05,Office,50,1841.5,"$622,128.29",Sold,C0733,622128.29
150401,15,2024-01-05,Office,50,1841.5,"$487,888.30",Sold,C0332,487888.3
150424,15,2024-01-05,Apartment,53,696.04,"$214,855.74",Sold,C0051,214855.74
150428,15,2024-01-05,Apartment,53,696.04,"$190,081.10",Sold,C0053,190081.1
150431,15,2024-01-05,Apartment,53,696.04,"$225,592.91",Sold,C0814,225592.91
150438,15,2024-01-05,Apartment,55,892.75,"$199,337.08",Sold,C1009,199337.08
150452,15,2024-01-05,Apartment,55,892.75,"$258,561.18",Sold,C1549,258561.18
150481,15,2024-01-05,Apartment,57,429.34,"$129,874.21",Available,,129874.21
150484,15,2024-01-05,Apartment,57,429.34,"$123,902.56",Available,,123902.56
150493,15,2024-01-05,Apartment,58,1750.89,"$489,550.72",Sold,C1949,489550.72
160036,16,2024-01-05,Office,5,749.15,"$212,718.40",Available,,212718.4
160044,16,2024-01-05,Apartment,6,1062.34,"$337,474.44",Sold,C1291,337474.44
160059,16,2024-01-05,Apartment,8,986.18,"$298,117.48",Sold,C1646,298117.48
160068,16,2024-01-05,Apartment,8,986.18,"$323,321.17",Available,,323321.17
160070,16,2024-01-05,Apartment,8,986.18,"$339,537.58",Sold,C0036,339537.58
160076,16,2024-01-05,Apartment,9,1524.04,"$465,908.64",Sold,C0978,465908.64
160084,16,2024-01-05,Apartment,9,1524.04,"$413,001.32",Sold,C1942,413001.32
160085,16,2024-01-05,Apartment,10,1608.56,"$481,870.89",Available,,481870.89
160090,16,2024-01-05,Apartment,10,1608.56,"$462,942.84",Sold,C1299,462942.84
160134,16,2024-01-05,Apartment,16,1451.17,"$457,255.05",Available,,457255.05
160140,16,2024-01-05,Apartment,17,836.32,"$271,374.98",Available,,271374.98
160146,16,2024-01-05,Apartment,18,1432.77,"$412,459.53",Available,,412459.53
160154,16,2024-01-05,Apartment,19,1163.06,"$386,163.72",Sold,C1849,386163.72
160255,16,2024-01-05,Office,29,489.49,"$142,151.84",Sold,C0742,142151.84
160262,16,2024-01-05,Office,31,1336.97,"$431,255.44",Sold,C1468,431255.44
160315,16,2024-01-05,Apartment,37,922.03,"$241,260.03",Available,,241260.03
160316,16,2024-01-05,Apartment,37,922.03,"$240,529.29",Sold,C0768,240529.29
160319,16,2024-01-05,Apartment,38,431.83,"$125,388.18",Sold,C1219,125388.18
160342,16,2024-01-05,Apartment,41,1001.72,"$309,531.73",Sold,C1510,309531.73
170002,17,2024-01-05,Apartment,1,530.28,"$161,563.67",Sold,C0540,161563.67
170067,17,2024-01-05,Apartment,9,1505.53,"$455,786.14",Sold,C1999,455786.14
170068,17,2024-01-05,Office,9,1505.53,"$427,718.82",Sold,C0604,427718.82
170070,17,2024-01-05,Apartment,9,1505.53,"$396,440.12",Sold,C1206,396440.12
170084,17,2024-01-05,Apartment,10,1059.07,"$320,628.77",Sold,C0100,320628.77
170094,17,2024-01-05,Apartment,11,596.22,"$178,359.16",Sold,C1612,178359.16
170108,17,2024-01-05,Apartment,13,916.9,"$272,766.51",Sold,C0149,272766.51
170120,17,2024-01-05,Apartment,14,1646.02,"$568,314.74",Sold,C1145,568314.74
170169,17,2024-01-05,Apartment,17,1827.25,"$515,350.54",Sold,C0425,515350.54
170172,17,2024-01-05,Office,18,554.84,"$176,141.69",Available,,176141.69
170199,17,2024-01-05,Apartment,22,1221.66,"$304,607.07",Sold,C1023,304607.07
170206,17,2024-01-05,Apartment,23,1025.52,"$332,480.57",Sold,C1279,332480.57
170213,17,2024-01-05,Apartment,25,939.46,"$261,579.72",Available,,261579.72
170225,17,2024-01-05,Apartment,26,929.59,"$263,358.97",Available,,263358.97
170229,17,2024-01-05,Apartment,27,677.24,"$207,636.64",Sold,C1777,207636.64
170294,17,2024-01-05,Apartment,35,1667.01,"$479,795.84",Sold,C0152,479795.84
170298,17,2024-01-05,Apartment,37,644.06,"$204,381.46",Sold,C0215,204381.46
170326,17,2024-01-05,Office,39,1341.67,"$427,064.40",Sold,C0345,427064.4
170327,17,2024-01-05,Apartment,40,1583.13,"$555,106.11",Sold,C1470,555106.11
170402,17,2024-01-05,Apartment,48,1833.96,"$622,276.58",Sold,C0854,622276.58
170427,17,2024-01-05,Apartment,49,1283.67,"$425,460.03",Available,,425460.03
180014,18,2024-01-05,Office,2,650.96,"$196,014.35",Sold,C0218,196014.35
180018,18,2024-01-05,Apartment,3,524.48,"$142,513.06",Sold,C1306,142513.06
180030,18,2024-01-05,Apartment,4,1096.58,"$294,232.90",Available,,294232.9
180045,18,2024-01-05,Apartment,5,883.32,"$287,698.68",Available,,287698.68
180114,18,2024-01-05,Apartment,15,1728.6,"$556,047.50",Sold,C0670,556047.5
180122,18,2024-01-05,Apartment,16,1360.96,"$385,209.70",Available,,385209.7
180123,18,2024-01-05,Apartment,16,1360.96,"$421,724.13",Sold,C0728,421724.13
180135,18,2024-01-05,Apartment,17,1195.81,"$365,604.56",Sold,C1574,365604.56
180178,18,2024-01-05,Apartment,23,1659.02,"$435,031.56",Sold,C1809,435031.56
180202,18,2024-01-05,Office,26,1147.71,"$345,920.26",Sold,C0195,345920.26
180227,18,2024-01-05,Apartment,28,514.67,"$162,825.00",Sold,C0680,162825.0
180258,18,2024-01-05,Apartment,30,1795.66,"$550,595.85",Sold,C1105,550595.85
180259,18,2024-01-05,Apartment,30,1795.66,"$524,465.49",Available,,524465.49
180261,18,2024-01-05,Apartment,30,1795.66,"$514,747.26",Sold,C0160,514747.26
180264,18,2024-01-05,Apartment,30,1795.66,"$601,666.05",Sold,C0663,601666.05
180274,18,2024-01-05,Apartment,32,1512.9,"$366,328.69",Sold,C1170,366328.69
180295,18,2024-01-05,Apartment,36,1089.77,"$297,402.36",Available,,297402.36
180297,18,2024-01-05,Apartment,36,1089.77,"$296,702.80",Sold,C1052,296702.8
180303,18,2024-01-05,Apartment,36,1089.77,"$323,040.69",Available,,323040.69
180311,18,2024-01-05,Apartment,36,1089.77,"$311,067.21",Sold,C0603,311067.21
180331,18,2024-01-05,Apartment,38,1219.8,"$394,533.66",Available,,394533.66
180355,18,2024-01-05,Apartment,40,990.46,"$295,510.60",Sold,C0293,295510.6
180362,18,2024-01-05,Apartment,40,990.46,"$297,021.88",Sold,C1472,297021.88
180397,18,2024-01-05,Office,45,1627.52,"$590,130.14",Sold,C0077,590130.14
180408,18,2024-01-05,Apartment,45,1627.52,"$444,502.63",Sold,C1266,444502.63
180411,18,2024-01-05,Apartment,46,1410.38,"$511,036.51",Available,,511036.51
180426,18,2024-01-05,Apartment,48,564.59,"$162,372.88",Sold,C1363,162372.88
180427,18,2024-01-05,Apartment,48,564.59,"$179,567.57",Available,,179567.57
180463,18,2024-01-05,Office,52,1424.54,"$494,843.93",Sold,C1368,494843.93
180468,18,2024-01-05,Apartment,53,1806.7,"$469,502.09",Available,,469502.09
180470,18,2024-01-05,Apartment,53,1806.7,"$595,879.26",Sold,C0724,595879.26
180481,18,2024-01-05,Apartment,53,1806.7,"$577,922.22",Sold,C0120,577922.22
180511,18,2024-01-05,Apartment,57,636.39,"$201,438.23",Sold,C1898,201438.23
180556,18,2024-01-05,Apartment,64,893.66,"$248,257.94",Sold,C1408,248257.94
190006,19,2024-01-05,Apartment,2,1550.33,"$439,908.00",Available,,439908.0
190076,19,2024-01-05,Apartment,11,1869.93,"$557,814.29",Sold,C0856,557814.29
190085,19,2024-01-05,Apartment,13,766.61,"$208,167.63",Sold,C0463,208167.63
190097,19,2024-01-05,Apartment,14,630.47,"$179,792.45",Sold,C1239,179792.45
190111,19,2024-01-05,Apartment,15,538.06,"$142,969.08",Sold,C0494,142969.08
190128,19,2024-01-05,Apartment,18,1599.44,"$475,402.53",Available,,475402.53
190135,19,2024-01-05,Apartment,18,1599.44,"$492,421.76",Sold,C0393,492421.76
190146,19,2024-01-05,Apartment,19,1697.73,"$536,481.69",Available,,536481.69
190148,19,2024-01-05,Apartment,19,1697.73,"$426,901.60",Sold,C1792,426901.6
190162,19,2024-01-05,Office,20,1772.03,"$508,492.65",Sold,C1437,508492.65
190211,19,2024-01-05,Apartment,26,668.24,"$184,466.93",Sold,C0972,184466.93
190233,19,2024-01-05,Office,28,1599.78,"$568,201.89",Available,,568201.89
190262,19,2024-01-05,Apartment,30,673.27,"$160,712.42",Sold,C0067,160712.42
190263,19,2024-01-05,Apartment,30,673.27,"$183,306.76",Available,,183306.76
190273,19,2024-01-05,Office,31,1089.64,"$310,351.72",Sold,C0574,310351.72
190277,19,2024-01-05,Apartment,32,1048.61,"$312,962.30",Sold,C1925,312962.3
190283,19,2024-01-05,Apartment,33,1454.84,"$456,061.70",Sold,C1583,456061.7
190289,19,2024-01-05,Office,34,783.42,"$238,506.76",Sold,C1812,238506.76
190295,19,2024-01-05,Apartment,35,1099.62,"$337,529.18",Available,,337529.18
190318,19,2024-01-05,Apartment,39,1237.04,"$381,910.97",Sold,C1728,381910.97
190353,19,2024-01-05,Office,41,1657.19,"$438,502.98",Sold,C1021,438502.98
190381,19,2024-01-05,Apartment,43,1697.72,"$498,887.12",Sold,C0790,498887.12
190409,19,2024-01-05,Apartment,46,1926.19,"$546,910.59",Sold,C0848,546910.59
200033,20,2024-01-05,Apartment,3,1645.93,"$500,359.24",Available,,500359.24
200041,20,2024-01-05,Apartment,4,631.75,"$190,860.98",Sold,C0438,190860.98
200056,20,2024-01-05,Apartment,6,1401.0,"$504,544.59",Sold,C1692,504544.59
200088,20,2024-01-05,Office,12,856.15,"$325,919.56",Available,,325919.56
200112,20,2024-01-05,Office,15,1805.12,"$588,372.59",Sold,C0788,588372.59
200118,20,2024-01-05,Apartment,16,645.44,"$225,236.42",Sold,C0954,225236.42
200126,20,2024-01-05,Apartment,16,645.44,"$189,004.45",Sold,C0023,189004.45
200143,20,2024-01-05,Apartment,17,1089.33,"$322,504.11",Sold,C0168,322504.11
200148,20,2024-01-05,Apartment,18,1868.01,"$557,469.37",Sold,C1200,557469.37
200185,20,2024-01-05,Apartment,19,759.72,"$226,302.61",Sold,C1981,226302.61
200214,20,2024-01-05,Office,26,1941.62,"$583,770.52",Sold,C0057,583770.52
200221,20,2024-01-05,Apartment,27,993.62,"$336,064.45",Available,,336064.45
200229,20,2024-01-05,Apartment,29,1844.16,"$628,812.33",Sold,C0005,628812.33
200260,20,2024-01-05,Apartment,30,1703.94,"$547,470.63",Available,,547470.63
200344,20,2024-01-05,Apartment,37,632.35,"$178,371.29",Sold,C0312,178371.29
200348,20,2024-01-05,Apartment,38,1499.47,"$484,664.30",Sold,C0992,484664.3
200350,20,2024-01-05,Apartment,38,1499.47,"$476,655.47",Available,,476655.47
200392,20,2024-01-05,Apartment,43,1697.49,"$488,991.11",Sold,C1429,488991.11
200397,20,2024-01-05,Apartment,45,1532.67,"$462,288.76",Sold,C1955,462288.76
200424,20,2024-01-05,Apartment,48,860.8,"$289,841.72",Sold,C1575,289841.72
200445,20,2024-01-05,Apartment,50,493.06,"$171,624.15",Sold,C1793,171624.15
200452,20,2024-01-05,Apartment,51,1062.33,"$345,373.29",Available,,345373.29
200454,20,2024-01-05,Apartment,51,1062.33,"$355,350.57",Available,,355350.57
200459,20,2024-01-05,Apartment,51,1062.33,"$272,335.56",Sold,C1576,272335.56
200463,20,2024-01-05,Apartment,51,1062.33,"$324,442.59",Available,,324442.59
200481,20,2024-01-05,Apartment,54,589.61,"$173,347.80",Sold,C1644,173347.8
990026,5,2024-01-05,Apartment,51,789.25,"$199,216.40",Available,,199216.4
1009,1,2024-01-06,Office,9,1200.82,"$317,196.40",Sold,C0054,317196.4
2007,2,2024-01-06,Apartment,7,723.93,"$196,142.19",Sold,C0125,196142.19
2044,2,2024-01-06,Apartment,44,722.96,"$250,773.15",Sold,C0055,250773.15
3015,3,2024-01-06,Apartment,15,720.7,"$207,281.59",Sold,C0040,207281.59
3051,3,2024-01-06,Apartment,51,1357.16,"$385,447.69",Available,,385447.69
4002,4,2024-01-06,Apartment,2,789.25,"$231,348.93",Available,,231348.93
5018,5,2024-01-06,Apartment,18,1057.92,"$271,227.49",Available,,271227.49
10037,1,2024-01-06,Apartment,4,633.61,"$211,564.72",Available,,211564.72
10038,1,2024-01-06,Office,4,633.61,"$207,099.80",Sold,C0758,207099.8
10048,1,2024-01-06,Apartment,6,740.75,"$235,640.11",Available,,235640.11
10051,1,2024-01-06,Apartment,6,740.75,"$225,076.85",Sold,C1401,225076.85
10060,1,2024-01-06,Office,7,758.88,"$222,419.24",Available,,222419.24
10063,1,2024-01-06,Apartment,8,763.88,"$274,165.11",Sold,C1597,274165.11
10074,1,2024-01-06,Apartment,10,1439.52,"$349,187.69",Sold,C1837,349187.69
10109,1,2024-01-06,Apartment,14,1181.69,"$375,616.46",Sold,C1105,375616.46
10139,1,2024-01-06,Office,18,716.85,"$219,508.45",Sold,C1772,219508.45
10149,1,2024-01-06,Apartment,19,773.17,"$219,291.92",Sold,C0625,219291.92
10165,1,2024-01-06,Office,21,1957.16,"$526,058.84",Sold,C0567,526058.84
10187,1,2024-01-06,Apartment,23,1201.5,"$276,708.33",Sold,C1900,276708.33
10263,1,2024-01-06,Apartment,29,757.2,"$210,506.46",Available,,210506.46
10270,1,2024-01-06,Apartment,29,757.2,"$224,787.88",Sold,C0330,224787.88
10271,1,2024-01-06,Apartment,29,757.2,"$228,687.82",Available,,228687.82
10279,1,2024-01-06,Apartment,30,753.29,"$243,911.06",Sold,C0242,243911.06
10291,1,2024-01-06,Office,31,619.78,"$200,210.02",Sold,C1192,200210.02
10309,1,2024-01-06,Apartment,33,827.74,"$242,694.53",Sold,C0034,242694.53
10387,1,2024-01-06,Apartment,45,767.46,"$241,846.09",Sold,C0105,241846.09
20004,2,2024-01-06,Apartment,1,706.3,"$233,124.97",Sold,C1102,233124.97
20008,2,2024-01-06,Apartment,1,706.3,"$204,997.52",Sold,C0076,204997.52
20020,2,2024-01-06,Apartment,3,645.84,"$179,062.73",Sold,C0745,179062.73
20022,2,2024-01-06,Apartment,3,645.84,"$186,825.58",Sold,C1744,186825.58
20028,2,2024-01-06,Apartment,3,645.84,"$207,709.77",Sold,C0853,207709.77
20073,2,2024-01-06,Office,8,715.54,"$217,319.81",Sold,C1134,217319.81
20119,2,2024-01-06,Apartment,15,1603.33,"$455,712.93",Sold,C1624,455712.93
20120,2,2024-01-06,Apartment,15,1603.33,"$507,748.67",Available,,507748.67
20137,2,2024-01-06,Apartment,17,1397.4,"$394,000.01",Sold,C0393,394000.01
20142,2,2024-01-06,Apartment,17,1397.4,"$397,081.68",Sold,C0360,397081.68
20170,2,2024-01-06,Apartment,20,727.55,"$247,073.99",Sold,C1593,247073.99
20220,2,2024-01-06,Apartment,24,785.12,"$243,597.84",Sold,C1162,243597.84
20241,2,2024-01-06,Apartment,26,1577.79,"$523,520.73",Sold,C0265,523520.73
20266,2,2024-01-06,Apartment,31,629.92,"$189,529.43",Sold,C0217,189529.43
20270,2,2024-01-06,Apartment,32,925.63,"$255,847.44",Sold,C1359,255847.44
20272,2,2024-01-06,Apartment,32,925.63,"$221,533.82",Sold,C0415,221533.82
20283,2,2024-01-06,Apartment,33,931.4,"$243,101.66",Available,,243101.66
20295,2,2024-01-06,Office,35,1391.68,"$423,238.84",Sold,C0813,423238.84
20306,2,2024-01-06,Apartment,36,641.72,"$209,926.73",Available,,209926.73
20326,2,2024-01-06,Apartment,39,788.77,"$237,883.82",Available,,237883.82
20363,2,2024-01-06,Apartment,42,786.45,"$223,297.56",Available,,223297.56
20405,2,2024-01-06,Apartment,47,708.32,"$197,007.65",Sold,C0400,197007.65
20406,2,2024-01-06,Office,47,708.32,"$188,014.56",Sold,C0537,188014.56
20440,2,2024-01-06,Apartment,51,699.31,"$206,388.13",Sold,C0283,206388.13
20490,2,2024-01-06,Apartment,57,789.52,"$217,378.39",Available,,217378.39
20492,2,2024-01-06,Apartment,57,789.52,"$275,548.06",Sold,C1950,275548.06
30023,3,2024-01-06,Apartment,2,672.64,"$241,432.47",Available,,241432.47
30033,3,2024-01-06,Apartment,4,719.96,"$230,528.92",Sold,C0211,230528.92
30041,3,2024-01-06,Apartment,4,719.96,"$214,613.17",Sold,C1149,214613.17
30061,3,2024-01-06,Office,7,744.01,"$223,349.45",Sold,C0871,223349.45
30063,3,2024-01-06,Apartment,7,744.01,"$234,370.71",Sold,C0117,234370.71
30064,3,2024-01-06,Apartment,7,744.01,"$212,281.58",Available,,212281.58
30101,3,2024-01-06,Apartment,9,1125.84,"$353,144.13",Sold,C0292,353144.13
30148,3,2024-01-06,Apartment,15,1230.25,"$319,403.26",Sold,C1399,319403.26
30156,3,2024-01-06,Apartment,18,706.68,"$229,412.62",Sold,C0005,229412.62
30183,3,2024-01-06,Apartment,20,802.97,"$245,079.83",Available,,245079.83
30189,3,2024-01-06,Office,20,802.97,"$192,754.81",Sold,C0488,192754.81
30242,3,2024-01-06,Apartment,27,1117.14,"$332,759.79",Sold,C1073,332759.79
30263,3,2024-01-06,Apartment,29,666.0,"$180,178.15",Available,,180178.15
30288,3,2024-01-06,Apartment,34,768.76,"$247,152.29",Available,,247152.29
30327,3,2024-01-06,Apartment,40,678.71,"$240,523.77",Sold,C0834,240523.77
30336,3,2024-01-06,Apartment,41,965.5,"$314,592.39",Sold,C1361,314592.39
30345,3,2024-01-06,Office,42,1343.96,"$439,747.03",Available,,439747.03
30373,3,2024-01-06,Apartment,46,1599.81,"$538,098.62",Sold,C1793,538098.62
30436,3,2024-01-06,Apartment,50,713.67,"$217,307.23",Sold,C1971,217307.23
30459,3,2024-01-06,Apartment,54,787.64,"$226,236.28",Sold,C0508,226236.28
30510,3,2024-01-06,Apartment,59,1353.02,"$439,606.13",Available,,439606.13
40002,4,2024-01-06,Apartment,1,1615.98,"$486,273.90",Available,,486273.9
40003,4,2024-01-06,Apartment,1,1615.98,"$419,401.36",Sold,C0276,419401.36
40007,4,2024-01-06,Apartment,1,1615.98,"$542,134.93",Sold,C1418,542134.93
40015,4,2024-01-06,Apartment,2,1620.07,"$531,362.61",Sold,C0811,531362.61
40034,4,2024-01-06,Apartment,4,783.03,"$176,619.49",Available,,176619.49
40039,4,2024-01-06,Office,4,783.03,"$275,110.41",Sold,C0382,275110.41
40043,4,2024-01-06,Office,4,783.03,"$246,228.64",Available,,246228.64
40056,4,2024-01-06,Apartment,5,786.98,"$251,554.82",Sold,C1228,251554.82
40093,4,2024-01-06,Office,12,789.38,"$243,288.52",Sold,C1496,243288.52
40098,4,2024-01-06,Apartment,13,809.06,"$228,891.79",Sold,C1038,228891.79
40101,4,2024-01-06,Apartment,13,809.06,"$230,130.03",Sold,C0097,230130.03
40109,4,2024-01-06,Apartment,14,1322.66,"$381,470.55",Sold,C1104,381470.55
40171,4,2024-01-06,Apartment,21,801.66,"$272,945.80",Sold,C0832,272945.8
40178,4,2024-01-06,Apartment,22,737.92,"$200,210.26",Sold,C1311,200210.26
40180,4,2024-01-06,Apartment,22,737.92,"$230,992.44",Sold,C0073,230992.44
40183,4,2024-01-06,Apartment,22,737.92,"$248,198.92",Available,,248198.92
40188,4,2024-01-06,Apartment,23,1110.99,"$357,128.99",Available,,357128.99
40206,4,2024-01-06,Office,26,790.05,"$239,629.75",Sold,C0747,239629.75
40231,4,2024-01-06,Office,27,1130.51,"$409,113.91",Available,,409113.91
40270,4,2024-01-06,Apartment,31,793.1,"$255,651.88",Sold,C1119,255651.88
40273,4,2024-01-06,Office,32,1328.09,"$425,602.22",Sold,C1045,425602.22
40306,4,2024-01-06,Apartment,37,800.13,"$279,019.73",Sold,C1688,279019.73
40313,4,2024-01-06,Apartment,38,800.08,"$261,905.49",Sold,C0600,261905.49
40318,4,2024-01-06,Apartment,39,743.73,"$227,362.44",Sold,C0592,227362.44
40345,4,2024-01-06,Apartment,41,779.87,"$241,306.20",Sold,C1735,241306.2
40352,4,2024-01-06,Apartment,42,738.34,"$220,006.69",Sold,C0196,220006.69
40406,4,2024-01-06,Apartment,46,800.23,"$244,162.91",Available,,244162.91
40411,4,2024-01-06,Apartment,47,805.88,"$244,393.48",Sold,C1322,244393.48
40414,4,2024-01-06,Apartment,48,1621.39,"$511,639.20",Sold,C0978,511639.2
40415,4,2024-01-06,Apartment,49,739.7,"$244,250.08",Sold,C0777,244250.08
40435,4,2024-01-06,Apartment,51,802.11,"$218,500.34",Sold,C1776,218500.34
50026,5,2024-01-06,Apartment,5,821.43,"$260,697.66",Available,,260697.66
50058,5,2024-01-06,Office,9,793.56,"$250,072.13",Sold,C0772,250072.13
50063,5,2024-01-06,Apartment,9,793.56,"$236,222.60",Available,,236222.6
50084,5,2024-01-06,Apartment,11,1058.56,"$322,810.75",Available,,322810.75
50104,5,2024-01-06,Apartment,13,791.13,"$257,161.54",Sold,C0318,257161.54
50145,5,2024-01-06,Apartment,19,819.72,"$254,253.54",Sold,C1962,254253.54
50151,5,2024-01-06,Apartment,20,804.84,"$202,296.39",Sold,C1468,202296.39
50153,5,2024-01-06,Apartment,20,804.84,"$202,928.64",Sold,C0135,202928.64
50167,5,2024-01-06,Apartment,22,1059.78,"$260,715.95",Available,,260715.95
50169,5,2024-01-06,Apartment,22,1059.78,"$359,054.49",Sold,C1159,359054.49
50172,5,2024-01-06,Apartment,23,1006.65,"$272,070.17",Sold,C1343,272070.17
50190,5,2024-01-06,Apartment,24,807.02,"$245,591.43",Sold,C0576,245591.43
50214,5,2024-01-06,Apartment,28,1247.24,"$388,946.75",Sold,C0646,388946.75
50239,5,2024-01-06,Apartment,32,1051.39,"$324,712.23",Available,,324712.23
50273,5,2024-01-06,Apartment,36,627.56,"$160,884.82",Available,,160884.82
50301,5,2024-01-06,Apartment,40,1053.41,"$326,386.96",Sold,C1187,326386.96
50322,5,2024-01-06,Apartment,42,791.2,"$229,347.59",Available,,229347.59
50323,5,2024-01-06,Office,42,791.2,"$264,319.55",Sold,C0595,264319.55
50342,5,2024-01-06,Apartment,44,806.03,"$281,332.10",Sold,C0820,281332.1
50408,5,2024-01-06,Apartment,47,1241.14,"$361,880.91",Sold,C1272,361880.91
50410,5,2024-01-06,Apartment,47,1241.14,"$374,761.15",Sold,C1229,374761.15
50412,5,2024-01-06,Apartment,47,1241.14,"$390,460.54",Sold,C1135,390460.54
60037,6,2024-01-06,Apartment,4,1925.28,"$603,075.18",Available,,603075.18
60049,6,2024-01-06,Office,4,1925.28,"$591,434.36",Sold,C0918,591434.36
60064,6,2024-01-06,Apartment,6,951.22,"$312,973.47",Available,,312973.47
60074,6,2024-01-06,Apartment,7,1075.42,"$336,562.17",Sold,C0597,336562.17
60106,6,2024-01-06,Apartment,8,986.97,"$298,751.02",Sold,C1589,298751.02
60116,6,2024-01-06,Apartment,10,942.08,"$266,254.66",Sold,C1707,266254.66
60132,6,2024-01-06,Apartment,10,942.08,"$312,462.36",Sold,C1360,312462.36
60142,6,2024-01-06,Apartment,12,1678.17,"$486,971.08",Sold,C0241,486971.08
60144,6,2024-01-06,Apartment,12,1678.17,"$501,616.65",Sold,C0215,501616.65
60151,6,2024-01-06,Apartment,12,1678.17,"$516,468.06",Sold,C1858,516468.06
60172,6,2024-01-06,Apartment,15,1392.45,"$380,225.91",Sold,C0607,380225.91
60175,6,2024-01-06,Apartment,16,1687.92,"$583,294.59",Sold,C1048,583294.59
60176,6,2024-01-06,Apartment,16,1687.92,"$539,630.58",Available,,539630.58
60188,6,2024-01-06,Apartment,18,1086.3,"$290,813.53",Available,,290813.53
60201,6,2024-01-06,Apartment,19,1542.71,"$542,596.70",Available,,542596.7
60205,6,2024-01-06,Apartment,19,1542.71,"$421,263.63",Sold,C0222,421263.63
60230,6,2024-01-06,Office,21,833.23,"$249,582.36",Sold,C0079,249582.36
60266,6,2024-01-06,Apartment,28,1723.12,"$454,697.17",Available,,454697.17
60278,6,2024-01-06,Apartment,30,552.59,"$158,528.72",Sold,C0510,158528.72
60282,6,2024-01-06,Apartment,31,1768.9,"$389,158.00",Available,,389158.0
60293,6,2024-01-06,Office,33,1131.0,"$285,599.91",Available,,285599.91
60300,6,2024-01-06,Office,33,1131.0,"$357,969.10",Sold,C1785,357969.1
60311,6,2024-01-06,Apartment,34,1353.81,"$404,268.31",Sold,C1729,404268.31
60320,6,2024-01-06,Apartment,35,999.85,"$314,469.22",Available,,314469.22
60331,6,2024-01-06,Apartment,37,1721.96,"$519,841.25",Sold,C0599,519841.25
60339,6,2024-01-06,Apartment,37,1721.96,"$474,499.21",Sold,C0376,474499.21
60356,6,2024-01-06,Apartment,40,1640.68,"$407,646.04",Sold,C1366,407646.04
60362,6,2024-01-06,Apartment,41,940.72,"$338,571.79",Sold,C0322,338571.79
60375,6,2024-01-06,Apartment,43,1492.81,"$510,616.13",Sold,C1155,510616.13
60378,6,2024-01-06,Office,43,1492.81,"$470,276.81",Available,,470276.81
60379,6,2024-01-06,Office,43,1492.81,"$397,046.73",Available,,397046.73
60380,6,2024-01-06,Apartment,43,1492.81,"$463,180.98",Sold,C0176,463180.98
60428,6,2024-01-06,Apartment,51,1476.63,"$409,110.59",Available,,409110.59
60431,6,2024-01-06,Apartment,51,1476.63,"$443,662.17",Sold,C1036,443662.17
70025,7,2024-01-06,Apartment,5,1144.09,"$305,670.88",Sold,C0186,305670.88
70032,7,2024-01-06,Apartment,5,1144.09,"$362,755.75",Sold,C0138,362755.75
70034,7,2024-01-06,Apartment,5,1144.09,"$352,076.14",Sold,C0496,352076.14
70040,7,2024-01-06,Apartment,7,1071.02,"$291,584.63",Available,,291584.63
70046,7,2024-01-06,Apartment,8,1561.28,"$429,513.17",Available,,429513.17
70047,7,2024-01-06,Apartment,8,1561.28,"$491,819.70",Sold,C1837,491819.7
70071,7,2024-01-06,Apartment,10,1495.37,"$469,669.56",Sold,C1080,469669.56
70072,7,2024-01-06,Apartment,10,1495.37,"$440,670.26",Sold,C0145,440670.26
70080,7,2024-01-06,Apartment,12,804.65,"$219,643.49",Sold,C1431,219643.49
70096,7,2024-01-06,Apartment,13,604.6,"$175,373.36",Sold,C0916,175373.36
70099,7,2024-01-06,Apartment,13,604.6,"$191,788.99",Sold,C0181,191788.99
70112,7,2024-01-06,Apartment,15,602.92,"$157,355.06",Available,,157355.06
70126,7,2024-01-06,Apartment,15,602.92,"$180,042.93",Sold,C0688,180042.93
70162,7,2024-01-06,Office,19,751.07,"$268,795.74",Sold,C0973,268795.74
70166,7,2024-01-06,Apartment,19,751.07,"$220,051.06",Sold,C0687,220051.06
70172,7,2024-01-06,Apartment,19,751.07,"$239,960.50",Sold,C0516,239960.5
70206,7,2024-01-06,Apartment,23,1222.69,"$346,238.65",Sold,C0186,346238.65
70208,7,2024-01-06,Office,23,1222.69,"$370,617.40",Sold,C0325,370617.4
70238,7,2024-01-06,Apartment,26,717.0,"$173,139.43",Sold,C1919,173139.43
70285,7,2024-01-06,Office,34,1487.05,"$441,928.46",Available,,441928.46
70288,7,2024-01-06,Apartment,35,613.21,"$196,422.95",Available,,196422.95
70294,7,2024-01-06,Apartment,35,613.21,"$192,239.46",Available,,192239.46
70300,7,2024-01-06,Apartment,35,613.21,"$200,969.37",Sold,C1236,200969.37
70306,7,2024-01-06,Apartment,36,1748.75,"$476,178.74",Sold,C0883,476178.74
70320,7,2024-01-06,Apartment,38,1755.26,"$508,002.04",Sold,C1302,508002.04
70329,7,2024-01-06,Apartment,38,1755.26,"$531,318.81",Sold,C1344,531318.81
70390,7,2024-01-06,Apartment,44,1859.83,"$531,593.91",Sold,C1109,531593.91
70414,7,2024-01-06,Office,48,533.35,"$160,290.77",Sold,C1603,160290.77
70434,7,2024-01-06,Apartment,50,502.02,"$169,117.16",Sold,C0957,169117.16
70452,7,2024-01-06,Apartment,54,1940.69,"$568,937.95",Sold,C1522,568937.95
70461,7,2024-01-06,Apartment,54,1940.69,"$483,718.98",Available,,483718.98
70478,7,2024-01-06,Apartment,56,1589.6,"$542,304.45",Sold,C0856,542304.45
80007,8,2024-01-06,Apartment,1,1109.29,"$316,502.81",Sold,C1660,316502.81
80010,8,2024-01-06,Apartment,2,1097.36,"$301,641.79",Sold,C0321,301641.79
80043,8,2024-01-06,Apartment,5,887.23,"$254,400.82",Sold,C0940,254400.82
80061,8,2024-01-06,Apartment,6,1370.17,"$415,532.62",Sold,C1491,415532.62
80081,8,2024-01-06,Apartment,9,1869.81,"$583,919.98",Sold,C0108,583919.98
80091,8,2024-01-06,Apartment,10,737.92,"$237,539.69",Sold,C0752,237539.69
80095,8,2024-01-06,Apartment,11,742.87,"$229,209.80",Sold,C1370,229209.8
80103,8,2024-01-06,Apartment,13,660.3,"$198,403.06",Sold,C0255,198403.06
80119,8,2024-01-06,Apartment,14,685.93,"$213,463.01",Sold,C1860,213463.01
80168,8,2024-01-06,Apartment,22,1495.57,"$445,954.78",Sold,C0550,445954.78
80182,8,2024-01-06,Apartment,26,1625.38,"$555,296.53",Sold,C1295,555296.53
80195,8,2024-01-06,Apartment,27,1376.34,"$375,052.48",Sold,C1016,375052.48
80196,8,2024-01-06,Apartment,27,1376.34,"$413,270.23",Sold,C0682,413270.23
80228,8,2024-01-06,Apartment,30,1070.46,"$323,302.12",Sold,C1902,323302.12
80252,8,2024-01-06,Apartment,31,1253.18,"$304,765.28",Sold,C1976,304765.28
80259,8,2024-01-06,Apartment,31,1253.18,"$433,975.99",Sold,C0631,433975.99
80276,8,2024-01-06,Apartment,33,1809.87,"$514,705.32",Sold,C1850,514705.32
80283,8,2024-01-06,Apartment,33,1809.87,"$545,577.55",Sold,C0793,545577.55
80286,8,2024-01-06,Apartment,33,1809.87,"$568,415.25",Sold,C1996,568415.25
80305,8,2024-01-06,Apartment,36,673.86,"$207,100.33",Sold,C0166,207100.33
80329,8,2024-01-06,Apartment,37,890.65,"$266,626.12",Sold,C1774,266626.12
80332,8,2024-01-06,Apartment,37,890.65,"$285,851.51",Sold,C1839,285851.51
80353,8,2024-01-06,Apartment,41,610.26,"$195,491.76",Sold,C0110,195491.76
80355,8,2024-01-06,Apartment,42,1473.68,"$463,480.05",Sold,C1766,463480.05
80360,8,2024-01-06,Apartment,43,1490.59,"$453,691.82",Available,,453691.82
80362,8,2024-01-06,Apartment,43,1490.59,"$411,103.50",Available,,411103.5
80395,8,2024-01-06,Apartment,46,1175.51,"$362,891.42",Sold,C1600,362891.42
80398,8,2024-01-06,Apartment,46,1175.51,"$445,068.24",Sold,C1773,445068.24
80406,8,2024-01-06,Apartment,47,543.08,"$161,394.43",Sold,C1859,161394.43
80479,8,2024-01-06,Apartment,56,1874.7,"$473,611.55",Sold,C0168,473611.55
90049,9,2024-01-06,Apartment,8,1315.55,"$435,222.01",Sold,C0874,435222.01
90058,9,2024-01-06,Apartment,10,1172.34,"$311,743.31",Sold,C0057,311743.31
90061,9,2024-01-06,Apartment,11,559.6,"$168,433.25",Sold,C1062,168433.25
90072,9,2024-01-06,Apartment,12,952.38,"$285,574.09",Sold,C1193,285574.09
90091,9,2024-01-06,Apartment,15,1732.33,"$545,279.84",Sold,C1293,545279.84
90095,9,2024-01-06,Apartment,16,924.6,"$259,266.94",Sold,C1151,259266.94
90097,9,2024-01-06,Apartment,16,924.6,"$322,492.37",Sold,C0531,322492.37
90098,9,2024-01-06,Apartment,16,924.6,"$274,763.58",Sold,C0952,274763.58
90118,9,2024-01-06,Office,18,860.97,"$247,067.76",Sold,C1172,247067.76
90135,9,2024-01-06,Apartment,21,1261.65,"$409,255.12",Sold,C1855,409255.12
90160,9,2024-01-06,Apartment,25,1904.38,"$579,567.49",Sold,C0530,579567.49
90187,9,2024-01-06,Apartment,27,1207.33,"$375,316.39",Sold,C0992,375316.39
90202,9,2024-01-06,Apartment,30,1250.17,"$345,570.15",Sold,C0721,345570.15
90237,9,2024-01-06,Apartment,33,973.52,"$285,383.07",Sold,C1686,285383.07
90244,9,2024-01-06,Apartment,34,1577.36,"$469,331.42",Sold,C1336,469331.42
90332,9,2024-01-06,Apartment,39,1839.34,"$577,426.88",Sold,C0326,577426.88
90350,9,2024-01-06,Apartment,41,1488.32,"$435,540.27",Available,,435540.27
90353,9,2024-01-06,Apartment,41,1488.32,"$448,582.79",Available,,448582.79
90355,9,2024-01-06,Apartment,41,1488.32,"$463,001.84",Sold,C1387,463001.84
90380,9,2024-01-06,Apartment,45,786.13,"$293,555.19",Sold,C1554,293555.19
90383,9,2024-01-06,Office,45,786.13,"$222,973.92",Sold,C0963,222973.92
90397,9,2024-01-06,Apartment,47,1262.78,"$384,736.43",Sold,C1128,384736.43
90493,9,2024-01-06,Apartment,58,838.34,"$242,722.37",Sold,C1060,242722.37
90512,9,2024-01-06,Apartment,58,838.34,"$246,465.48",Sold,C1719,246465.48
90515,9,2024-01-06,Office,59,1697.13,"$556,945.98",Sold,C1511,556945.98
90520,9,2024-01-06,Apartment,59,1697.13,"$534,178.90",Sold,C1562,534178.9
90522,9,2024-01-06,Apartment,59,1697.13,"$450,186.35",Sold,C1065,450186.35
90527,9,2024-01-06,Apartment,60,1919.77,"$543,292.36",Sold,C0800,543292.36
100003,10,2024-01-06,Apartment,1,1006.89,"$334,266.66",Sold,C1321,334266.66
100004,10,2024-01-06,Apartment,1,1006.89,"$312,546.55",Available,,312546.55
100009,10,2024-01-06,Apartment,2,1830.46,"$592,851.63",Sold,C0579,592851.63
100014,10,2024-01-06,Office,3,1197.61,"$394,120.88",Sold,C1031,394120.88
100020,10,2024-01-06,Apartment,4,1765.37,"$610,483.40",Available,,610483.4
100032,10,2024-01-06,Apartment,4,1765.37,"$510,799.00",Available,,510799.0
100064,10,2024-01-06,Apartment,8,1054.86,"$310,600.71",Sold,C0740,310600.71
100072,10,2024-01-06,Apartment,9,1849.4,"$570,604.36",Available,,570604.36
100089,10,2024-01-06,Apartment,11,1675.44,"$490,797.12",Sold,C0737,490797.12
100125,10,2024-01-06,Apartment,16,1169.15,"$360,551.22",Available,,360551.22
100129,10,2024-01-06,Apartment,17,647.35,"$208,354.22",Sold,C1015,208354.22
100151,10,2024-01-06,Apartment,19,948.04,"$268,237.71",Available,,268237.71
100179,10,2024-01-06,Apartment,24,708.64,"$169,191.18",Sold,C1184,169191.18
100182,10,2024-01-06,Office,25,1487.17,"$475,205.98",Sold,C0411,475205.98
100188,10,2024-01-06,Office,25,1487.17,"$450,549.44",Available,,450549.44
100206,10,2024-01-06,Apartment,26,1294.85,"$400,543.99",Sold,C1943,400543.99
100224,10,2024-01-06,Apartment,28,1606.58,"$441,336.20",Available,,441336.2
100226,10,2024-01-06,Apartment,28,1606.58,"$441,602.33",Sold,C1156,441602.33
100251,10,2024-01-06,Apartment,30,1559.4,"$448,712.69",Sold,C0794,448712.69
100261,10,2024-01-06,Apartment,31,1499.0,"$388,799.01",Sold,C0654,388799.01
100268,10,2024-01-06,Apartment,31,1499.0,"$344,108.77",Sold,C1489,344108.77
100271,10,2024-01-06,Apartment,31,1499.0,"$448,849.01",Sold,C0358,448849.01
100275,10,2024-01-06,Apartment,31,1499.0,"$403,651.55",Sold,C1527,403651.55
100382,10,2024-01-06,Apartment,44,1224.71,"$327,026.78",Available,,327026.78
100388,10,2024-01-06,Apartment,44,1224.71,"$399,400.23",Sold,C1708,399400.23
100428,10,2024-01-06,Apartment,50,1138.32,"$374,160.62",Available,,374160.62
110028,11,2024-01-06,Apartment,3,1479.84,"$429,554.86",Available,,429554.86
110030,11,2024-01-06,Apartment,3,1479.84,"$398,527.61",Sold,C1962,398527.61
110046,11,2024-01-06,Apartment,6,1724.08,"$459,433.77",Sold,C0935,459433.77
110053,11,2024-01-06,Apartment,6,1724.08,"$543,452.80",Sold,C1449,543452.8
110056,11,2024-01-06,Apartment,6,1724.08,"$537,245.49",Available,,537245.49
110079,11,2024-01-06,Apartment,10,1519.64,"$431,989.62",Available,,431989.62
110088,11,2024-01-06,Apartment,10,1519.64,"$442,267.25",Available,,442267.25
110101,11,2024-01-06,Apartment,11,1581.88,"$471,126.35",Available,,471126.35
110119,11,2024-01-06,Office,13,474.93,"$140,986.81",Sold,C0712,140986.81
110121,11,2024-01-06,Apartment,13,474.93,"$149,499.39",Sold,C1106,149499.39
110128,11,2024-01-06,Apartment,14,524.68,"$148,911.72",Available,,148911.72
110148,11,2024-01-06,Apartment,15,1385.68,"$412,137.45",Sold,C0706,412137.45
110179,11,2024-01-06,Office,19,1083.98,"$439,922.56",Sold,C1063,439922.56
110210,11,2024-01-06,Apartment,24,1481.82,"$384,711.43",Sold,C0290,384711.43
110211,11,2024-01-06,Office,25,1802.24,"$588,353.61",Sold,C1803,588353.61
110223,11,2024-01-06,Apartment,27,1638.1,"$450,180.79",Sold,C1829,450180.79
110232,11,2024-01-06,Apartment,29,993.51,"$312,702.74",Sold,C0252,312702.74
110260,11,2024-01-06,Apartment,31,1232.68,"$278,765.30",Sold,C0381,278765.3
110272,11,2024-01-06,Office,33,1632.55,"$525,078.29",Sold,C1374,525078.29
110342,11,2024-01-06,Apartment,42,808.59,"$235,908.73",Sold,C0477,235908.73
110357,11,2024-01-06,Apartment,42,808.59,"$243,379.65",Sold,C0586,243379.65
110390,11,2024-01-06,Apartment,46,1798.85,"$609,149.51",Available,,609149.51
110437,11,2024-01-06,Office,52,1397.58,"$442,272.29",Available,,442272.29
110509,11,2024-01-06,Apartment,61,1299.46,"$378,780.47",Sold,C0986,378780.47
110532,11,2024-01-06,Apartment,62,1938.82,"$505,488.89",Available,,505488.89
110544,11,2024-01-06,Apartment,63,871.7,"$273,288.97",Sold,C0091,273288.97
110550,11,2024-01-06,Apartment,64,1916.26,"$634,786.20",Sold,C1285,634786.2
110552,11,2024-01-06,Apartment,64,1916.26,"$440,168.38",Sold,C1558,440168.38
120017,12,2024-01-06,Apartment,2,1285.87,"$358,930.28",Sold,C1273,358930.28
120040,12,2024-01-06,Apartment,4,1559.34,"$469,471.11",Sold,C1198,469471.11
120108,12,2024-01-06,Apartment,13,1394.03,"$435,919.77",Sold,C1963,435919.77
120186,12,2024-01-06,Apartment,20,1802.21,"$581,602.93",Sold,C0457,581602.93
120251,12,2024-01-06,Apartment,27,871.52,"$238,611.29",Sold,C1731,238611.29
120270,12,2024-01-06,Apartment,29,688.73,"$200,881.62",Sold,C0602,200881.62
120274,12,2024-01-06,Office,29,688.73,"$200,846.70",Available,,200846.7
120304,12,2024-01-06,Office,34,1817.64,"$545,190.41",Sold,C1907,545190.41
120306,12,2024-01-06,Apartment,34,1817.64,"$523,608.94",Sold,C1058,523608.94
120341,12,2024-01-06,Apartment,38,1157.23,"$279,656.41",Sold,C0160,279656.41
120350,12,2024-01-06,Apartment,38,1157.23,"$323,296.43",Sold,C0799,323296.43
120369,12,2024-01-06,Apartment,38,1157.23,"$317,102.87",Sold,C1888,317102.87
120390,12,2024-01-06,Office,45,1898.75,"$498,739.47",Available,,498739.47
120403,12,2024-01-06,Apartment,47,1528.05,"$526,514.11",Sold,C1931,526514.11
120414,12,2024-01-06,Office,48,1919.31,"$564,420.33",Sold,C0608,564420.33
130010,13,2024-01-06,Apartment,1,1899.92,"$619,055.13",Sold,C1727,619055.13
130020,13,2024-01-06,Apartment,2,1651.02,"$566,227.62",Sold,C1472,566227.62
130034,13,2024-01-06,Apartment,2,1651.02,"$486,501.61",Sold,C0515,486501.61
130035,13,2024-01-06,Office,3,979.64,"$312,185.78",Sold,C0666,312185.78
130042,13,2024-01-06,Apartment,3,979.64,"$309,331.08",Sold,C0431,309331.08
130049,13,2024-01-06,Apartment,4,1629.74,"$535,134.61",Sold,C0186,535134.61
130061,13,2024-01-06,Apartment,6,1240.96,"$341,255.51",Sold,C0032,341255.51
130090,13,2024-01-06,Apartment,11,1678.3,"$559,863.12",Available,,559863.12
130093,13,2024-01-06,Office,11,1678.3,"$521,531.29",Sold,C1333,521531.29
130108,13,2024-01-06,Apartment,13,585.77,"$144,397.69",Sold,C0681,144397.69
130110,13,2024-01-06,Apartment,14,777.75,"$241,606.12",Sold,C0711,241606.12
130132,13,2024-01-06,Apartment,15,458.29,"$108,069.17",Available,,108069.17
130137,13,2024-01-06,Office,16,1772.88,"$518,419.79",Sold,C0724,518419.79
130151,13,2024-01-06,Apartment,17,1278.95,"$390,044.02",Available,,390044.02
130158,13,2024-01-06,Apartment,18,1820.34,"$476,408.36",Sold,C1302,476408.36
130163,13,2024-01-06,Apartment,19,758.69,"$241,091.13",Sold,C1682,241091.13
130171,13,2024-01-06,Apartment,20,516.72,"$151,275.21",Sold,C1344,151275.21
130200,13,2024-01-06,Apartment,22,1811.36,"$517,206.46",Sold,C1474,517206.46
130211,13,2024-01-06,Apartment,24,1044.69,"$315,392.00",Available,,315392.0
130216,13,2024-01-06,Office,24,1044.69,"$294,139.96",Sold,C1199,294139.96
130217,13,2024-01-06,Apartment,25,633.86,"$189,670.56",Sold,C1212,189670.56
130256,13,2024-01-06,Apartment,30,1777.51,"$512,970.75",Sold,C0390,512970.75
130268,13,2024-01-06,Apartment,31,627.57,"$176,673.88",Sold,C1289,176673.88
130269,13,2024-01-06,Apartment,31,627.57,"$190,482.11",Available,,190482.11
130278,13,2024-01-06,Office,32,1114.07,"$315,459.54",Sold,C0050,315459.54
130282,13,2024-01-06,Apartment,32,1114.07,"$381,358.57",Sold,C1696,381358.57
130290,13,2024-01-06,Apartment,33,1445.84,"$402,845.37",Sold,C1826,402845.37
130357,13,2024-01-06,Apartment,39,1054.77,"$286,456.48",Sold,C1182,286456.48
130407,13,2024-01-06,Apartment,46,1098.38,"$355,579.21",Sold,C0561,355579.21
130413,13,2024-01-06,Apartment,47,1874.35,"$621,956.37",Sold,C0102,621956.37
130418,13,2024-01-06,Apartment,47,1874.35,"$566,173.43",Sold,C1792,566173.43
130472,13,2024-01-06,Apartment,53,968.77,"$282,257.94",Available,,282257.94
130502,13,2024-01-06,Office,58,1115.72,"$336,314.86",Sold,C1821,336314.86
130508,13,2024-01-06,Apartment,59,1434.04,"$483,778.35",Sold,C1860,483778.35
130515,13,2024-01-06,Apartment,60,1401.81,"$407,949.15",Sold,C0265,407949.15
130534,13,2024-01-06,Apartment,61,1333.63,"$321,509.99",Available,,321509.99
130552,13,2024-01-06,Office,64,792.66,"$282,563.03",Available,,282563.03
130560,13,2024-01-06,Apartment,65,612.66,"$210,701.37",Sold,C1120,210701.37
130573,13,2024-01-06,Apartment,67,524.97,"$144,901.21",Sold,C1585,144901.21
140003,14,2024-01-06,Apartment,1,1750.63,"$582,490.75",Available,,582490.75
140018,14,2024-01-06,Apartment,4,1797.81,"$598,972.24",Sold,C1848,598972.24
140053,14,2024-01-06,Apartment,8,618.89,"$196,210.89",Available,,196210.89
140061,14,2024-01-06,Apartment,8,618.89,"$192,018.85",Sold,C0249,192018.85
140085,14,2024-01-06,Apartment,11,1431.42,"$429,156.03",Sold,C1034,429156.03
140136,14,2024-01-06,Office,15,784.04,"$245,547.57",Sold,C1375,245547.57
140164,14,2024-01-06,Office,17,686.6,"$229,344.35",Sold,C0888,229344.35
140197,14,2024-01-06,Apartment,22,1148.66,"$357,421.36",Sold,C0757,357421.36
140209,14,2024-01-06,Apartment,22,1148.66,"$311,731.32",Sold,C1241,311731.32
140210,14,2024-01-06,Apartment,22,1148.66,"$324,448.32",Available,,324448.32
140211,14,2024-01-06,Apartment,23,1610.37,"$396,708.40",Sold,C0178,396708.4
140254,14,2024-01-06,Apartment,29,1618.34,"$493,102.83",Sold,C0306,493102.83
140264,14,2024-01-06,Apartment,29,1618.34,"$604,849.17",Sold,C0369,604849.17
140310,14,2024-01-06,Apartment,36,1034.47,"$293,495.84",Sold,C0761,293495.84
140334,14,2024-01-06,Apartment,40,532.44,"$143,982.36",Available,,143982.36
140385,14,2024-01-06,Apartment,47,917.53,"$246,896.31",Sold,C1073,246896.31
140404,14,2024-01-06,Office,48,1941.78,"$679,222.65",Sold,C0949,679222.65
140406,14,2024-01-06,Apartment,49,1231.75,"$439,396.11",Sold,C1394,439396.11
140456,14,2024-01-06,Apartment,53,1493.72,"$502,441.47",Available,,502441.47
140458,14,2024-01-06,Apartment,55,1415.9,"$451,042.71",Sold,C1429,451042.71
150029,15,2024-01-06,Apartment,4,1110.88,"$351,094.29",Available,,351094.29
150043,15,2024-01-06,Office,6,938.57,"$313,806.17",Sold,C1851,313806.17
150049,15,2024-01-06,Apartment,8,1056.46,"$329,122.79",Sold,C0529,329122.79
150066,15,2024-01-06,Apartment,10,1072.95,"$329,658.30",Available,,329658.3
150101,15,2024-01-06,Apartment,15,522.71,"$184,591.55",Available,,184591.55
150113,15,2024-01-06,Apartment,16,1692.61,"$528,465.50",Sold,C1884,528465.5
150132,15,2024-01-06,Apartment,17,562.64,"$166,635.32",Sold,C1178,166635.32
150170,15,2024-01-06,Apartment,22,1317.29,"$404,667.67",Sold,C1143,404667.67
150178,15,2024-01-06,Apartment,23,1279.23,"$327,686.08",Sold,C1379,327686.08
150191,15,2024-01-06,Apartment,23,1279.23,"$352,169.27",Sold,C1964,352169.27
150193,15,2024-01-06,Apartment,23,1279.23,"$342,309.10",Sold,C0417,342309.1
150224,15,2024-01-06,Apartment,26,961.01,"$307,857.51",Sold,C0382,307857.51
150234,15,2024-01-06,Apartment,26,961.01,"$312,521.87",Sold,C1667,312521.87
150239,15,2024-01-06,Apartment,28,1567.93,"$495,891.03",Available,,495891.03
150247,15,2024-01-06,Apartment,30,1523.22,"$467,216.30",Sold,C0043,467216.3
150253,15,2024-01-06,Apartment,30,1523.22,"$478,984.35",Sold,C1454,478984.35
150286,15,2024-01-06,Apartment,34,1304.22,"$376,325.86",Sold,C0340,376325.86
150291,15,2024-01-06,Apartment,35,745.49,"$239,550.24",Sold,C0800,239550.24
150325,15,2024-01-06,Office,38,585.57,"$205,518.01",Available,,205518.01
150420,15,2024-01-06,Apartment,52,829.2,"$268,774.73",Sold,C0075,268774.73
150456,15,2024-01-06,Apartment,55,892.75,"$267,942.56",Available,,267942.56
150469,15,2024-01-06,Apartment,56,939.93,"$294,230.82",Sold,C1045,294230.82
150476,15,2024-01-06,Office,57,429.34,"$163,236.34",Sold,C0411,163236.34
150489,15,2024-01-06,Apartment,58,1750.89,"$496,154.56",Sold,C1685,496154.56
150491,15,2024-01-06,Apartment,58,1750.89,"$566,107.20",Sold,C1748,566107.2
150494,15,2024-01-06,Apartment,58,1750.89,"$493,587.18",Sold,C0412,493587.18
160018,16,2024-01-06,Apartment,3,466.91,"$142,187.57",Sold,C1353,142187.57
160037,16,2024-01-06,Office,5,749.15,"$188,763.30",Available,,188763.3
160038,16,2024-01-06,Apartment,5,749.15,"$194,083.34",Sold,C1126,194083.34
160095,16,2024-01-06,Apartment,10,1608.56,"$386,634.67",Sold,C1865,386634.67
160131,16,2024-01-06,Apartment,15,1365.29,"$424,486.73",Available,,424486.73
160133,16,2024-01-06,Office,16,1451.17,"$512,937.54",Available,,512937.54
160150,16,2024-01-06,Apartment,19,1163.06,"$297,657.72",Sold,C0869,297657.72
160157,16,2024-01-06,Apartment,20,1096.33,"$307,824.86",Available,,307824.86
160162,16,2024-01-06,Apartment,21,837.95,"$231,014.30",Available,,231014.3
160189,16,2024-01-06,Apartment,23,594.14,"$197,135.73",Available,,197135.73
160239,16,2024-01-06,Apartment,28,1440.71,"$415,762.30",Available,,415762.3
160263,16,2024-01-06,Apartment,31,1336.97,"$418,811.00",Sold,C0135,418811.0
160272,16,2024-01-06,Office,33,881.17,"$247,247.41",Available,,247247.41
160284,16,2024-01-06,Apartment,34,743.19,"$203,322.97",Available,,203322.97
160286,16,2024-01-06,Office,34,743.19,"$213,124.27",Available,,213124.27
160290,16,2024-01-06,Apartment,34,743.19,"$245,867.49",Sold,C0642,245867.49
160332,16,2024-01-06,Apartment,39,1562.93,"$407,201.53",Sold,C0038,407201.53
160346,16,2024-01-06,Apartment,41,1001.72,"$262,731.42",Sold,C1967,262731.42
160357,16,2024-01-06,Apartment,41,1001.72,"$241,353.22",Sold,C1755,241353.22
160359,16,2024-01-06,Office,42,1496.62,"$463,182.68",Sold,C0996,463182.68
160370,16,2024-01-06,Apartment,42,1496.62,"$452,941.86",Sold,C0784,452941.86
160381,16,2024-01-06,Apartment,44,1695.03,"$518,251.94",Sold,C0150,518251.94
160386,16,2024-01-06,Apartment,44,1695.03,"$432,814.05",Sold,C1341,432814.05
170007,17,2024-01-06,Apartment,1,530.28,"$170,715.21",Sold,C0404,170715.21
170019,17,2024-01-06,Apartment,1,530.28,"$189,016.63",Sold,C0920,189016.63
170021,17,2024-01-06,Apartment,1,530.28,"$156,967.94",Available,,156967.94
170034,17,2024-01-06,Office,2,1738.5,"$548,647.34",Available,,548647.34
170040,17,2024-01-06,Apartment,4,448.67,"$130,070.01",Sold,C1753,130070.01
170044,17,2024-01-06,Office,5,1829.38,"$513,906.66",Sold,C0471,513906.66
170052,17,2024-01-06,Apartment,7,1300.91,"$364,977.97",Sold,C2000,364977.97
170063,17,2024-01-06,Apartment,8,1297.3,"$337,660.44",Sold,C0780,337660.44
170099,17,2024-01-06,Apartment,12,451.91,"$129,935.43",Sold,C0582,129935.43
170111,17,2024-01-06,Apartment,13,916.9,"$281,293.99",Available,,281293.99
170126,17,2024-01-06,Apartment,15,1365.73,"$427,106.32",Sold,C0098,427106.32
170131,17,2024-01-06,Apartment,15,1365.73,"$438,371.45",Sold,C0655,438371.45
170161,17,2024-01-06,Office,17,1827.25,"$668,066.43",Sold,C0366,668066.43
170176,17,2024-01-06,Apartment,19,1712.06,"$452,486.22",Sold,C0301,452486.22
170188,17,2024-01-06,Apartment,20,792.27,"$271,464.68",Available,,271464.68
170196,17,2024-01-06,Apartment,22,1221.66,"$393,104.03",Sold,C1661,393104.03
170207,17,2024-01-06,Apartment,23,1025.52,"$355,893.16",Sold,C0613,355893.16
170218,17,2024-01-06,Apartment,25,939.46,"$271,393.18",Sold,C0805,271393.18
170222,17,2024-01-06,Apartment,26,929.59,"$301,401.46",Sold,C1436,301401.46
170253,17,2024-01-06,Apartment,29,594.46,"$186,713.93",Available,,186713.93
170258,17,2024-01-06,Apartment,31,1806.06,"$593,745.43",Sold,C1589,593745.43
170301,17,2024-01-06,Apartment,38,721.83,"$213,341.63",Available,,213341.63
170346,17,2024-01-06,Apartment,44,1176.0,"$358,774.09",Sold,C1526,358774.09
170353,17,2024-01-06,Apartment,45,1574.3,"$459,422.09",Sold,C0278,459422.09
170367,17,2024-01-06,Apartment,46,1582.61,"$467,976.15",Available,,467976.15
170388,17,2024-01-06,Apartment,48,1833.96,"$610,984.26",Available,,610984.26
170441,17,2024-01-06,Office,51,1375.52,"$492,541.63",Sold,C0158,492541.63
180001,18,2024-01-06,Apartment,1,1379.64,"$492,067.86",Sold,C0346,492067.86
180012,18,2024-01-06,Apartment,2,650.96,"$205,928.65",Sold,C1601,205928.65
180028,18,2024-01-06,Apartment,4,1096.58,"$307,100.40",Sold,C1288,307100.4
180046,18,2024-01-06,Apartment,5,883.32,"$285,682.29",Sold,C1019,285682.29
180057,18,2024-01-06,Apartment,6,840.25,"$292,899.87",Sold,C0376,292899.87
180071,18,2024-01-06,Apartment,9,894.92,"$257,903.62",Available,,257903.62
180106,18,2024-01-06,Office,14,1742.3,"$477,187.81",Sold,C1155,477187.81
180142,18,2024-01-06,Apartment,18,1127.95,"$342,941.15",Sold,C0702,342941.15
180143,18,2024-01-06,Apartment,19,1268.1,"$332,640.41",Sold,C1960,332640.41
180147,18,2024-01-06,Apartment,20,1631.48,"$487,388.83",Sold,C1324,487388.83
180148,18,2024-01-06,Office,20,1631.48,"$476,814.14",Sold,C0347,476814.14
180173,18,2024-01-06,Office,22,1108.09,"$389,967.22",Sold,C1731,389967.22
180188,18,2024-01-06,Apartment,25,911.94,"$247,179.46",Sold,C0479,247179.46
180193,18,2024-01-06,Apartment,25,911.94,"$304,385.12",Sold,C0758,304385.12
180256,18,2024-01-06,Apartment,30,1795.66,"$508,479.12",Available,,508479.12
180294,18,2024-01-06,Apartment,36,1089.77,"$303,758.53",Available,,303758.53
180330,18,2024-01-06,Apartment,38,1219.8,"$377,847.00",Sold,C1640,377847.0
180332,18,2024-01-06,Office,38,1219.8,"$486,664.01",Sold,C0334,486664.01
180383,18,2024-01-06,Apartment,43,937.7,"$253,089.26",Sold,C1243,253089.26
180388,18,2024-01-06,Office,44,1334.77,"$435,374.92",Sold,C0054,435374.92
180392,18,2024-01-06,Apartment,44,1334.77,"$412,457.50",Sold,C1649,412457.5
180394,18,2024-01-06,Apartment,44,1334.77,"$399,196.41",Sold,C0707,399196.41
180404,18,2024-01-06,Apartment,45,1627.52,"$546,764.12",Sold,C1183,546764.12
180405,18,2024-01-06,Apartment,45,1627.52,"$510,079.55",Sold,C1160,510079.55
180410,18,2024-01-06,Apartment,46,1410.38,"$502,557.57",Available,,502557.57
180415,18,2024-01-06,Apartment,47,520.85,"$178,580.68",Sold,C0908,178580.68
180429,18,2024-01-06,Apartment,49,1457.92,"$425,688.05",Sold,C1333,425688.05
180430,18,2024-01-06,Apartment,49,1457.92,"$518,468.37",Sold,C0950,518468.37
180431,18,2024-01-06,Apartment,49,1457.92,"$431,626.48",Sold,C0330,431626.48
180448,18,2024-01-06,Apartment,50,854.74,"$226,189.65",Sold,C0711,226189.65
180488,18,2024-01-06,Apartment,54,1756.12,"$496,516.32",Sold,C1483,496516.32
180518,18,2024-01-06,Office,58,955.23,"$305,203.86",Sold,C1795,305203.86
180519,18,2024-01-06,Apartment,58,955.23,"$260,647.46",Sold,C1665,260647.46
180535,18,2024-01-06,Office,61,1019.7,"$292,246.65",Sold,C0115,292246.65
180554,18,2024-01-06,Apartment,64,893.66,"$249,869.21",Sold,C0453,249869.21
180565,18,2024-01-06,Office,66,1631.24,"$480,048.34",Sold,C1699,480048.34
180570,18,2024-01-06,Apartment,66,1631.24,"$377,429.44",Sold,C0571,377429.44
190004,19,2024-01-06,Office,2,1550.33,"$519,316.10",Sold,C1546,519316.1
190028,19,2024-01-06,Apartment,5,1408.42,"$439,470.75",Available,,439470.75
190036,19,2024-01-06,Office,7,973.6,"$279,337.80",Sold,C1871,279337.8
190079,19,2024-01-06,Office,11,1869.93,"$573,381.83",Sold,C0074,573381.83
190081,19,2024-01-06,Apartment,12,1163.99,"$371,415.60",Available,,371415.6
190147,19,2024-01-06,Apartment,19,1697.73,"$549,823.52",Available,,549823.52
190157,19,2024-01-06,Office,20,1772.03,"$631,156.09",Sold,C1495,631156.09
190175,19,2024-01-06,Office,21,477.75,"$151,676.84",Sold,C0559,151676.84
190216,19,2024-01-06,Apartment,26,668.24,"$200,862.39",Sold,C0974,200862.39
190236,19,2024-01-06,Office,28,1599.78,"$460,945.04",Sold,C1891,460945.04
190240,19,2024-01-06,Apartment,28,1599.78,"$465,355.02",Sold,C1908,465355.02
190246,19,2024-01-06,Apartment,29,1657.84,"$433,825.87",Available,,433825.87
190248,19,2024-01-06,Apartment,29,1657.84,"$589,758.81",Sold,C0823,589758.81
190280,19,2024-01-06,Apartment,32,1048.61,"$335,592.41",Sold,C0415,335592.41
190285,19,2024-01-06,Apartment,33,1454.84,"$442,600.87",Sold,C0550,442600.87
190303,19,2024-01-06,Office,36,855.94,"$251,313.61",Sold,C0813,251313.61
190312,19,2024-01-06,Apartment,37,1565.26,"$531,100.09",Sold,C1124,531100.09
190328,19,2024-01-06,Apartment,39,1237.04,"$415,660.09",Sold,C1084,415660.09
190343,19,2024-01-06,Apartment,40,893.49,"$263,286.04",Sold,C1177,263286.04
190363,19,2024-01-06,Apartment,42,1137.59,"$354,042.02",Sold,C1319,354042.02
190375,19,2024-01-06,Apartment,42,1137.59,"$340,657.59",Sold,C0232,340657.59
190390,19,2024-01-06,Apartment,44,982.8,"$304,964.72",Available,,304964.72
200048,20,2024-01-06,Apartment,5,802.5,"$266,072.95",Sold,C0190,266072.95
200074,20,2024-01-06,Apartment,9,576.96,"$189,223.75",Sold,C0031,189223.75
200075,20,2024-01-06,Apartment,10,1714.22,"$530,962.64",Sold,C0327,530962.64
200100,20,2024-01-06,Apartment,14,837.37,"$235,518.96",Available,,235518.96
200110,20,2024-01-06,Apartment,14,837.37,"$243,435.57",Sold,C1799,243435.57
200125,20,2024-01-06,Apartment,16,645.44,"$195,801.49",Sold,C1149,195801.49
200131,20,2024-01-06,Office,16,645.44,"$154,432.32",Sold,C0178,154432.32
200142,20,2024-01-06,Apartment,17,1089.33,"$295,842.21",Sold,C0570,295842.21
200181,20,2024-01-06,Apartment,19,759.72,"$216,311.55",Sold,C0414,216311.55
200190,20,2024-01-06,Apartment,20,1110.23,"$321,475.82",Sold,C0275,321475.82
200253,20,2024-01-06,Apartment,30,1703.94,"$494,574.08",Sold,C1485,494574.08
200274,20,2024-01-06,Office,31,1414.44,"$414,731.61",Sold,C1923,414731.61
200290,20,2024-01-06,Apartment,32,1630.81,"$428,379.46",Sold,C0288,428379.46
200317,20,2024-01-06,Apartment,34,858.93,"$300,261.31",Sold,C1611,300261.31
200335,20,2024-01-06,Office,37,632.35,"$174,310.03",Sold,C0298,174310.03
200362,20,2024-01-06,Apartment,40,428.03,"$123,001.89",Sold,C0026,123001.89
200393,20,2024-01-06,Office,43,1697.49,"$528,732.35",Sold,C1340,528732.35
200414,20,2024-01-06,Apartment,47,590.12,"$210,741.61",Sold,C0450,210741.61
200431,20,2024-01-06,Apartment,48,860.8,"$311,981.09",Available,,311981.09
200434,20,2024-01-06,Office,49,880.76,"$245,529.59",Sold,C0880,245529.59
200444,20,2024-01-06,Apartment,50,493.06,"$167,067.76",Sold,C0829,167067.76
200472,20,2024-01-06,Office,54,589.61,"$208,719.36",Sold,C1210,208719.36
990009,3,2024-01-06,Apartment,29,1121.95,"$388,656.81",Available,,388656.81
990013,3,2024-01-06,Apartment,50,966.57,"$327,044.37",Available,,327044.37
1026,1,2024-01-07,Apartment,26,625.8,"$179,674.08",Sold,C0036,179674.08
2010,2,2024-01-07,Apartment,10,927.08,"$326,885.34",Sold,C0154,326885.34
2013,2,2024-01-07,Apartment,13,785.48,"$236,639.56",Sold,C0015,236639.56
2028,2,2024-01-07,Apartment,28,785.48,"$195,153.16",Sold,C0074,195153.16
2039,2,2024-01-07,Apartment,39,927.83,"$293,876.27",Sold,C0070,293876.27
2040,2,2024-01-07,Apartment,40,649.8,"$224,463.87",Sold,C0056,224463.87
3016,3,2024-01-07,Apartment,16,697.89,"$226,342.80",Sold,C0064,226342.8
3048,3,2024-01-07,Apartment,48,781.07,"$249,075.66",Sold,C0021,249075.66
3050,3,2024-01-07,Apartment,50,977.87,"$248,274.31",Sold,C0098,248274.31
4006,4,2024-01-07,Apartment,6,733.19,"$222,138.72",Sold,C0100,222138.72
4044,4,2024-01-07,Apartment,44,1058.25,"$298,730.40",Available,,298730.4
5010,5,2024-01-07,Apartment,10,798.5,"$276,323.87",Available,,276323.87
5012,5,2024-01-07,Apartment,12,1058.25,"$315,382.11",Available,,315382.11
10068,1,2024-01-07,Apartment,8,763.88,"$259,163.17",Sold,C0496,259163.17
10081,1,2024-01-07,Apartment,10,1439.52,"$362,906.17",Sold,C0656,362906.17
10094,1,2024-01-07,Apartment,13,719.47,"$235,654.58",Available,,235654.58
10104,1,2024-01-07,Apartment,13,719.47,"$216,874.97",Sold,C0003,216874.97
10115,1,2024-01-07,Office,14,1181.69,"$339,559.01",Sold,C0264,339559.01
10140,1,2024-01-07,Apartment,18,716.85,"$211,496.24",Available,,211496.24
10146,1,2024-01-07,Apartment,19,773.17,"$244,639.52",Available,,244639.52
10158,1,2024-01-07,Office,20,1146.24,"$415,205.70",Sold,C0688,415205.7
10185,1,2024-01-07,Apartment,23,1201.5,"$379,037.15",Sold,C0973,379037.15
10236,1,2024-01-07,Apartment,27,725.12,"$224,717.83",Available,,224717.83
10253,1,2024-01-07,Apartment,29,757.2,"$241,550.17",Sold,C0785,241550.17
10261,1,2024-01-07,Apartment,29,757.2,"$237,825.45",Sold,C1255,237825.45
10269,1,2024-01-07,Apartment,29,757.2,"$206,227.96",Available,,206227.96
10275,1,2024-01-07,Apartment,30,753.29,"$222,938.40",Available,,222938.4
10312,1,2024-01-07,Apartment,34,1469.14,"$486,885.55",Sold,C1236,486885.55
10324,1,2024-01-07,Apartment,34,1469.14,"$394,315.88",Available,,394315.88
10334,1,2024-01-07,Office,36,613.59,"$202,761.63",Available,,202761.63
10372,1,2024-01-07,Apartment,41,835.25,"$232,493.29",Sold,C1722,232493.29
10373,1,2024-01-07,Apartment,41,835.25,"$255,581.25",Sold,C1659,255581.25
10402,1,2024-01-07,Apartment,46,1153.16,"$369,366.53",Sold,C1706,369366.53
20026,2,2024-01-07,Apartment,3,645.84,"$194,884.91",Available,,194884.91
20035,2,2024-01-07,Apartment,4,1281.85,"$381,648.34",Sold,C0161,381648.34
20069,2,2024-01-07,Apartment,8,715.54,"$214,048.77",Sold,C1832,214048.77
20070,2,2024-01-07,Apartment,8,715.54,"$219,915.05",Sold,C1861,219915.05
20145,2,2024-01-07,Apartment,17,1397.4,"$488,330.35",Sold,C1227,488330.35
20152,2,2024-01-07,Office,17,1397.4,"$373,065.95",Sold,C0627,373065.95
20181,2,2024-01-07,Office,21,921.38,"$295,651.21",Sold,C1164,295651.21
20219,2,2024-01-07,Apartment,24,785.12,"$256,292.81",Sold,C0521,256292.81
20222,2,2024-01-07,Apartment,24,785.12,"$172,726.40",Sold,C0690,172726.4
20245,2,2024-01-07,Office,27,1211.51,"$456,993.38",Available,,456993.38
20257,2,2024-01-07,Apartment,29,1107.33,"$370,056.74",Sold,C1973,370056.74
20323,2,2024-01-07,Apartment,38,710.81,"$216,019.96",Available,,216019.96
20329,2,2024-01-07,Apartment,40,1599.45,"$416,875.70",Available,,416875.7
20333,2,2024-01-07,Apartment,41,654.93,"$183,414.03",Available,,183414.03
20381,2,2024-01-07,Apartment,45,782.2,"$247,393.67",Available,,247393.67
20390,2,2024-01-07,Apartment,46,697.74,"$234,099.62",Available,,234099.62
20401,2,2024-01-07,Apartment,47,708.32,"$215,489.22",Sold,C0189,215489.22
20409,2,2024-01-07,Apartment,47,708.32,"$190,628.71",Sold,C0302,190628.71
20425,2,2024-01-07,Apartment,48,788.44,"$248,879.16",Sold,C0709,248879.16
20435,2,2024-01-07,Apartment,50,1604.8,"$482,611.94",Sold,C0762,482611.94
20452,2,2024-01-07,Apartment,52,914.01,"$306,211.14",Sold,C1767,306211.14
20469,2,2024-01-07,Apartment,55,579.26,"$151,563.76",Available,,151563.76
30025,3,2024-01-07,Apartment,3,783.65,"$258,208.58",Sold,C0966,258208.58
30039,3,2024-01-07,Apartment,4,719.96,"$201,658.15",Available,,201658.15
30049,3,2024-01-07,Apartment,5,701.19,"$206,156.81",Sold,C0436,206156.81
30056,3,2024-01-07,Apartment,6,668.89,"$179,708.55",Sold,C1642,179708.55
30065,3,2024-01-07,Apartment,7,744.01,"$198,828.90",Sold,C1934,198828.9
30077,3,2024-01-07,Office,7,744.01,"$234,747.43",Available,,234747.43
30104,3,2024-01-07,Office,10,784.09,"$250,532.99",Sold,C1195,250532.99
30126,3,2024-01-07,Apartment,11,1283.1,"$358,984.53",Sold,C0164,358984.53
30127,3,2024-01-07,Apartment,11,1283.1,"$378,831.08",Sold,C1980,378831.08
30138,3,2024-01-07,Apartment,13,754.84,"$193,299.59",Sold,C1595,193299.59
30139,3,2024-01-07,Apartment,14,788.59,"$256,682.24",Sold,C1804,256682.24
30166,3,2024-01-07,Apartment,19,1602.22,"$432,831.31",Available,,432831.31
30177,3,2024-01-07,Apartment,19,1602.22,"$507,717.69",Sold,C1426,507717.69
30178,3,2024-01-07,Apartment,19,1602.22,"$496,177.31",Sold,C0531,496177.31
30184,3,2024-01-07,Apartment,20,802.97,"$271,262.52",Available,,271262.52
30222,3,2024-01-07,Apartment,25,765.56,"$272,121.79",Sold,C0847,272121.79
30253,3,2024-01-07,Apartment,28,679.93,"$193,935.27",Available,,193935.27
30267,3,2024-01-07,Apartment,29,666.0,"$198,116.83",Available,,198116.83
30274,3,2024-01-07,Office,30,796.57,"$259,294.04",Sold,C1251,259294.04
30292,3,2024-01-07,Office,35,925.48,"$248,550.43",Sold,C0948,248550.43
30321,3,2024-01-07,Apartment,39,1598.95,"$490,055.89",Sold,C1866,490055.89
30325,3,2024-01-07,Apartment,40,678.71,"$224,631.79",Available,,224631.79
30342,3,2024-01-07,Apartment,41,965.5,"$265,655.87",Available,,265655.87
30346,3,2024-01-07,Apartment,42,1343.96,"$366,128.05",Sold,C1171,366128.05
30413,3,2024-01-07,Apartment,49,1174.48,"$325,875.47",Sold,C1214,325875.47
40001,4,2024-01-07,Apartment,1,1615.98,"$355,616.43",Sold,C0365,355616.43
40019,4,2024-01-07,Apartment,2,1620.07,"$545,321.51",Sold,C0619,545321.51
40058,4,2024-01-07,Apartment,5,786.98,"$215,529.32",Sold,C0736,215529.32
40079,4,2024-01-07,Apartment,10,1614.62,"$425,616.30",Available,,425616.3
40091,4,2024-01-07,Apartment,12,789.38,"$238,006.64",Sold,C0734,238006.64
40094,4,2024-01-07,Apartment,12,789.38,"$200,730.58",Sold,C0800,200730.58
40097,4,2024-01-07,Apartment,13,809.06,"$262,390.52",Sold,C1490,262390.52
40105,4,2024-01-07,Apartment,13,809.06,"$253,352.93",Sold,C1321,253352.93
40133,4,2024-01-07,Apartment,16,1128.21,"$316,684.59",Sold,C0443,316684.59
40196,4,2024-01-07,Office,25,1310.16,"$339,954.47",Sold,C0236,339954.47
40197,4,2024-01-07,Office,25,1310.16,"$350,245.12",Available,,350245.12
40208,4,2024-01-07,Apartment,26,790.05,"$250,354.33",Sold,C0824,250354.33
40245,4,2024-01-07,Office,29,776.79,"$204,475.84",Available,,204475.84
40254,4,2024-01-07,Apartment,30,1307.35,"$355,625.67",Available,,355625.67
40264,4,2024-01-07,Apartment,31,793.1,"$231,977.76",Sold,C1823,231977.76
40296,4,2024-01-07,Apartment,34,795.1,"$227,714.14",Available,,227714.14
40314,4,2024-01-07,Office,38,800.08,"$208,482.23",Sold,C1663,208482.23
40323,4,2024-01-07,Apartment,39,743.73,"$248,555.18",Sold,C0206,248555.18
40331,4,2024-01-07,Apartment,40,780.74,"$271,433.87",Sold,C0499,271433.87
40333,4,2024-01-07,Apartment,40,780.74,"$215,409.32",Sold,C0089,215409.32
40343,4,2024-01-07,Office,41,779.87,"$231,668.75",Sold,C0498,231668.75
40382,4,2024-01-07,Office,45,1160.48,"$416,649.42",Sold,C1489,416649.42
40430,4,2024-01-07,Apartment,50,791.37,"$241,453.85",Sold,C1299,241453.85
40438,4,2024-01-07,Office,51,802.11,"$252,125.08",Available,,252125.08
50008,5,2024-01-07,Apartment,2,795.91,"$264,187.44",Sold,C1347,264187.44
50046,5,2024-01-07,Apartment,8,782.15,"$233,513.02",Sold,C0489,233513.02
50057,5,2024-01-07,Apartment,9,793.56,"$222,487.81",Sold,C1984,222487.81
50081,5,2024-01-07,Apartment,10,629.27,"$164,878.55",Sold,C0575,164878.55
50103,5,2024-01-07,Apartment,13,791.13,"$208,238.77",Sold,C0905,208238.77
50127,5,2024-01-07,Apartment,16,1060.08,"$294,198.85",Sold,C0606,294198.85
50142,5,2024-01-07,Apartment,18,1267.03,"$376,343.67",Sold,C0742,376343.67
50162,5,2024-01-07,Apartment,22,1059.78,"$284,157.87",Sold,C1186,284157.87
50194,5,2024-01-07,Apartment,24,807.02,"$240,746.66",Sold,C1226,240746.66
50202,5,2024-01-07,Apartment,26,1272.4,"$311,354.70",Sold,C1219,311354.7
50236,5,2024-01-07,Apartment,32,1051.39,"$295,683.62",Available,,295683.62
50242,5,2024-01-07,Apartment,32,1051.39,"$336,428.11",Available,,336428.11
50253,5,2024-01-07,Apartment,33,1787.13,"$617,600.77",Sold,C1357,617600.77
50284,5,2024-01-07,Apartment,36,627.56,"$180,595.55",Available,,180595.55
50303,5,2024-01-07,Office,41,630.83,"$193,265.77",Sold,C0540,193265.77
50319,5,2024-01-07,Office,41,630.83,"$161,161.39",Sold,C0126,161161.39
50332,5,2024-01-07,Apartment,42,791.2,"$202,826.35",Available,,202826.35
50350,5,2024-01-07,Office,44,806.03,"$240,471.14",Sold,C0199,240471.14
50353,5,2024-01-07,Apartment,44,806.03,"$261,651.44",Sold,C0884,261651.44
50376,5,2024-01-07,Apartment,46,1272.95,"$371,545.46",Sold,C1998,371545.46
50394,5,2024-01-07,Apartment,46,1272.95,"$380,104.83",Available,,380104.83
50433,5,2024-01-07,Apartment,50,1261.07,"$372,948.30",Sold,C1313,372948.3
50435,5,2024-01-07,Apartment,50,1261.07,"$365,379.52",Sold,C0314,365379.52
60002,6,2024-01-07,Office,1,1720.95,"$461,393.51",Sold,C1244,461393.51
60040,6,2024-01-07,Apartment,4,1925.28,"$669,506.11",Sold,C1726,669506.11
60053,6,2024-01-07,Apartment,5,1617.43,"$440,596.22",Available,,440596.22
60079,6,2024-01-07,Apartment,7,1075.42,"$332,193.90",Available,,332193.9
60091,6,2024-01-07,Apartment,7,1075.42,"$358,882.77",Sold,C1791,358882.77
60129,6,2024-01-07,Apartment,10,942.08,"$257,962.62",Available,,257962.62
60197,6,2024-01-07,Apartment,19,1542.71,"$469,223.80",Sold,C0705,469223.8
60225,6,2024-01-07,Apartment,20,1897.17,"$650,142.73",Sold,C0708,650142.73
60235,6,2024-01-07,Office,23,1243.4,"$365,068.70",Available,,365068.7
60237,6,2024-01-07,Apartment,23,1243.4,"$445,780.30",Available,,445780.3
60268,6,2024-01-07,Apartment,29,1691.02,"$515,026.76",Sold,C1648,515026.76
60270,6,2024-01-07,Apartment,29,1691.02,"$514,808.99",Available,,514808.99
60272,6,2024-01-07,Apartment,29,1691.02,"$541,412.00",Sold,C0845,541412.0
60345,6,2024-01-07,Apartment,39,744.54,"$232,653.03",Sold,C1430,232653.03
60395,6,2024-01-07,Office,47,550.99,"$203,127.74",Sold,C0695,203127.74
60397,6,2024-01-07,Apartment,47,550.99,"$179,671.47",Sold,C1494,179671.47
60408,6,2024-01-07,Apartment,49,1167.52,"$421,157.07",Sold,C1752,421157.07
60462,6,2024-01-07,Apartment,54,1633.19,"$510,205.42",Sold,C0792,510205.42
70067,7,2024-01-07,Apartment,10,1495.37,"$498,981.90",Available,,498981.9
70084,7,2024-01-07,Apartment,12,804.65,"$264,096.57",Sold,C0674,264096.57
70094,7,2024-01-07,Apartment,13,604.6,"$203,878.93",Sold,C1913,203878.93
70132,7,2024-01-07,Apartment,16,1239.87,"$396,878.27",Sold,C1894,396878.27
70141,7,2024-01-07,Apartment,17,1586.15,"$493,624.10",Available,,493624.1
70145,7,2024-01-07,Apartment,18,703.28,"$192,481.38",Available,,192481.38
70164,7,2024-01-07,Apartment,19,751.07,"$218,265.82",Available,,218265.82
70170,7,2024-01-07,Apartment,19,751.07,"$200,514.16",Sold,C1039,200514.16
70183,7,2024-01-07,Apartment,21,1528.62,"$512,614.55",Sold,C0956,512614.55
70199,7,2024-01-07,Apartment,22,1914.21,"$562,089.63",Sold,C0431,562089.63
70216,7,2024-01-07,Apartment,24,852.99,"$264,877.95",Available,,264877.95
70272,7,2024-01-07,Apartment,31,839.7,"$272,820.64",Sold,C0173,272820.64
70273,7,2024-01-07,Apartment,31,839.7,"$218,532.24",Available,,218532.24
70276,7,2024-01-07,Apartment,32,1910.67,"$530,153.48",Available,,530153.48
70338,7,2024-01-07,Apartment,41,1093.92,"$347,137.85",Sold,C0480,347137.85
70344,7,2024-01-07,Apartment,41,1093.92,"$370,591.50",Available,,370591.5
70351,7,2024-01-07,Apartment,41,1093.92,"$335,850.00",Sold,C1474,335850.0
70365,7,2024-01-07,Apartment,42,702.08,"$215,066.31",Sold,C0105,215066.31
70409,7,2024-01-07,Apartment,48,533.35,"$156,509.03",Sold,C0518,156509.03
70430,7,2024-01-07,Apartment,50,502.02,"$144,890.28",Sold,C0161,144890.28
70432,7,2024-01-07,Apartment,50,502.02,"$156,463.31",Sold,C0037,156463.31
70433,7,2024-01-07,Office,50,502.02,"$169,868.29",Sold,C1826,169868.29
70440,7,2024-01-07,Apartment,52,1281.14,"$281,850.80",Sold,C0124,281850.8
70460,7,2024-01-07,Apartment,54,1940.69,"$600,921.42",Available,,600921.42
70462,7,2024-01-07,Office,54,1940.69,"$464,389.02",Sold,C0538,464389.02
80009,8,2024-01-07,Apartment,1,1109.29,"$290,541.12",Available,,290541.12
80033,8,2024-01-07,Apartment,4,1934.75,"$459,483.42",Available,,459483.42
80065,8,2024-01-07,Office,7,1352.74,"$411,818.69",Sold,C1164,411818.69
80070,8,2024-01-07,Apartment,8,1552.34,"$415,410.47",Sold,C0422,415410.47
80123,8,2024-01-07,Apartment,14,685.93,"$204,725.07",Sold,C0823,204725.07
80139,8,2024-01-07,Apartment,16,424.09,"$141,182.27",Available,,141182.27
80142,8,2024-01-07,Apartment,17,1109.27,"$331,593.61",Sold,C0407,331593.61
80159,8,2024-01-07,Apartment,20,774.16,"$245,421.65",Sold,C0415,245421.65
80236,8,2024-01-07,Apartment,30,1070.46,"$294,652.79",Sold,C1987,294652.79
80296,8,2024-01-07,Office,34,1684.75,"$639,701.59",Available,,639701.59
80310,8,2024-01-07,Apartment,36,673.86,"$212,206.92",Sold,C0189,212206.92
80325,8,2024-01-07,Apartment,37,890.65,"$282,558.57",Available,,282558.57
80328,8,2024-01-07,Apartment,37,890.65,"$269,637.90",Sold,C0047,269637.9
80348,8,2024-01-07,Apartment,39,1290.89,"$398,487.78",Sold,C1456,398487.78
80349,8,2024-01-07,Apartment,40,861.57,"$282,263.83",Sold,C0315,282263.83
80354,8,2024-01-07,Office,42,1473.68,"$468,216.98",Available,,468216.98
80367,8,2024-01-07,Apartment,44,1862.29,"$537,998.71",Sold,C0107,537998.71
80376,8,2024-01-07,Apartment,45,1185.72,"$378,841.41",Available,,378841.41
80390,8,2024-01-07,Apartment,46,1175.51,"$352,357.82",Sold,C1691,352357.82
80405,8,2024-01-07,Apartment,47,543.08,"$156,998.87",Available,,156998.87
80436,8,2024-01-07,Apartment,50,913.15,"$252,431.30",Available,,252431.3
80449,8,2024-01-07,Apartment,53,1891.72,"$573,332.74",Sold,C1480,573332.74
80493,8,2024-01-07,Apartment,57,1949.35,"$639,189.99",Available,,639189.99
90004,9,2024-01-07,Apartment,1,832.35,"$240,059.83",Sold,C0182,240059.83
90010,9,2024-01-07,Apartment,1,832.35,"$274,831.74",Sold,C1758,274831.74
90015,9,2024-01-07,Apartment,2,481.55,"$154,698.56",Available,,154698.56
90043,9,2024-01-07,Office,8,1315.55,"$411,125.74",Sold,C1983,411125.74
90056,9,2024-01-07,Office,10,1172.34,"$417,344.04",Sold,C0409,417344.04
90057,9,2024-01-07,Apartment,10,1172.34,"$343,188.25",Available,,343188.25
90074,9,2024-01-07,Apartment,12,952.38,"$254,270.21",Sold,C0005,254270.21
90084,9,2024-01-07,Apartment,13,929.96,"$253,175.03",Available,,253175.03
90104,9,2024-01-07,Apartment,16,924.6,"$304,774.35",Sold,C0488,304774.35
90113,9,2024-01-07,Apartment,17,1481.32,"$448,450.76",Sold,C0139,448450.76
90114,9,2024-01-07,Office,17,1481.32,"$404,286.98",Sold,C1693,404286.98
90124,9,2024-01-07,Apartment,18,860.97,"$224,938.19",Sold,C0987,224938.19
90169,9,2024-01-07,Apartment,26,1038.39,"$340,657.87",Available,,340657.87
90196,9,2024-01-07,Apartment,29,1426.22,"$450,990.59",Available,,450990.59
90221,9,2024-01-07,Apartment,33,973.52,"$278,475.29",Sold,C1129,278475.29
90236,9,2024-01-07,Apartment,33,973.52,"$263,309.05",Sold,C1337,263309.05
90250,9,2024-01-07,Apartment,34,1577.36,"$447,049.48",Sold,C0544,447049.48
90298,9,2024-01-07,Apartment,37,731.44,"$247,204.79",Sold,C1017,247204.79
90303,9,2024-01-07,Apartment,38,1260.31,"$388,613.55",Sold,C1185,388613.55
90323,9,2024-01-07,Apartment,39,1839.34,"$580,803.68",Available,,580803.68
90325,9,2024-01-07,Apartment,39,1839.34,"$490,058.21",Sold,C1885,490058.21
90340,9,2024-01-07,Apartment,40,1090.32,"$311,714.97",Sold,C1783,311714.97
90342,9,2024-01-07,Apartment,40,1090.32,"$316,830.55",Sold,C0904,316830.55
90423,9,2024-01-07,Apartment,53,599.72,"$160,112.49",Sold,C1262,160112.49
90439,9,2024-01-07,Apartment,56,1516.4,"$429,206.12",Sold,C1577,429206.12
90452,9,2024-01-07,Apartment,56,1516.4,"$469,349.57",Available,,469349.57
90484,9,2024-01-07,Apartment,58,838.34,"$298,489.15",Sold,C1228,298489.15
90491,9,2024-01-07,Apartment,58,838.34,"$262,057.47",Sold,C1454,262057.47
90500,9,2024-01-07,Apartment,58,838.34,"$248,810.04",Sold,C1372,248810.04
90508,9,2024-01-07,Apartment,58,838.34,"$240,363.51",Available,,240363.51
90516,9,2024-01-07,Apartment,59,1697.13,"$540,584.92",Sold,C1107,540584.92
90521,9,2024-01-07,Apartment,59,1697.13,"$540,051.95",Sold,C1911,540051.95
100011,10,2024-01-07,Office,3,1197.61,"$341,197.28",Sold,C1655,341197.28
100015,10,2024-01-07,Apartment,4,1765.37,"$557,575.88",Available,,557575.88
100021,10,2024-01-07,Office,4,1765.37,"$594,018.07",Sold,C0449,594018.07
100058,10,2024-01-07,Office,6,842.66,"$280,069.05",Sold,C0528,280069.05
100080,10,2024-01-07,Apartment,10,1196.84,"$339,509.37",Available,,339509.37
100102,10,2024-01-07,Apartment,13,876.79,"$247,809.36",Sold,C0060,247809.36
100103,10,2024-01-07,Apartment,13,876.79,"$265,237.37",Sold,C0118,265237.37
100112,10,2024-01-07,Apartment,15,1948.32,"$590,971.72",Sold,C0075,590971.72
100135,10,2024-01-07,Apartment,17,647.35,"$200,717.88",Sold,C1689,200717.88
100137,10,2024-01-07,Apartment,17,647.35,"$185,076.88",Available,,185076.88
100160,10,2024-01-07,Apartment,20,1264.43,"$404,233.41",Available,,404233.41
100192,10,2024-01-07,Apartment,26,1294.85,"$390,975.34",Sold,C1685,390975.34
100194,10,2024-01-07,Apartment,26,1294.85,"$446,270.99",Available,,446270.99
100239,10,2024-01-07,Apartment,29,486.78,"$133,442.26",Sold,C1353,133442.26
100258,10,2024-01-07,Apartment,31,1499.0,"$480,689.01",Available,,480689.01
100259,10,2024-01-07,Apartment,31,1499.0,"$440,625.12",Sold,C1126,440625.12
100270,10,2024-01-07,Apartment,31,1499.0,"$539,319.21",Sold,C0194,539319.21
100274,10,2024-01-07,Apartment,31,1499.0,"$442,539.26",Sold,C0922,442539.26
100281,10,2024-01-07,Apartment,33,1010.7,"$317,118.28",Sold,C1646,317118.28
100295,10,2024-01-07,Apartment,34,1435.44,"$456,005.52",Sold,C1789,456005.52
100315,10,2024-01-07,Office,37,1177.85,"$392,024.60",Sold,C1296,392024.6
100350,10,2024-01-07,Apartment,42,1757.51,"$542,629.73",Available,,542629.73
100378,10,2024-01-07,Office,44,1224.71,"$313,612.06",Sold,C1349,313612.06
100389,10,2024-01-07,Office,45,1119.1,"$359,492.59",Sold,C0965,359492.59
100431,10,2024-01-07,Office,50,1138.32,"$410,549.30",Sold,C0029,410549.3
110015,11,2024-01-07,Apartment,2,938.0,"$292,903.12",Sold,C0048,292903.12
110064,11,2024-01-07,Apartment,8,1001.41,"$328,405.23",Sold,C0137,328405.23
110069,11,2024-01-07,Apartment,8,1001.41,"$294,707.51",Sold,C1116,294707.51
110074,11,2024-01-07,Apartment,8,1001.41,"$315,005.02",Sold,C1054,315005.02
110076,11,2024-01-07,Apartment,9,904.49,"$288,226.70",Sold,C1007,288226.7
110127,11,2024-01-07,Apartment,14,524.68,"$152,470.27",Sold,C1588,152470.27
110135,11,2024-01-07,Apartment,14,524.68,"$145,565.84",Sold,C1755,145565.84
110149,11,2024-01-07,Apartment,15,1385.68,"$464,805.57",Available,,464805.57
110175,11,2024-01-07,Apartment,19,1083.98,"$312,370.43",Sold,C0846,312370.43
110197,11,2024-01-07,Apartment,23,1098.83,"$304,533.78",Sold,C1959,304533.78
110206,11,2024-01-07,Apartment,24,1481.82,"$447,905.13",Sold,C0920,447905.13
110215,11,2024-01-07,Apartment,26,490.37,"$146,985.56",Available,,146985.56
110220,11,2024-01-07,Apartment,27,1638.1,"$491,968.22",Available,,491968.22
110248,11,2024-01-07,Apartment,30,642.72,"$188,918.69",Available,,188918.69
110307,11,2024-01-07,Apartment,38,788.47,"$231,425.47",Sold,C0167,231425.47
110314,11,2024-01-07,Apartment,38,788.47,"$292,783.10",Sold,C0655,292783.1
110327,11,2024-01-07,Apartment,39,1816.63,"$542,356.68",Sold,C1276,542356.68
110356,11,2024-01-07,Apartment,42,808.59,"$241,981.51",Available,,241981.51
110363,11,2024-01-07,Office,43,810.65,"$247,337.51",Available,,247337.51
110417,11,2024-01-07,Office,49,1095.85,"$290,170.99",Sold,C1432,290170.99
110433,11,2024-01-07,Apartment,51,1318.98,"$394,037.08",Sold,C0703,394037.08
110448,11,2024-01-07,Apartment,52,1397.58,"$410,950.81",Sold,C0423,410950.81
110486,11,2024-01-07,Office,57,1008.58,"$364,600.40",Sold,C1710,364600.4
110495,11,2024-01-07,Apartment,58,1159.31,"$307,063.74",Sold,C0548,307063.74
110498,11,2024-01-07,Apartment,59,782.92,"$250,827.86",Sold,C0403,250827.86
110540,11,2024-01-07,Apartment,62,1938.82,"$661,095.49",Sold,C0885,661095.49
110557,11,2024-01-07,Apartment,65,1427.09,"$386,439.95",Sold,C0148,386439.95
120061,12,2024-01-07,Apartment,7,1179.99,"$324,417.75",Available,,324417.75
120063,12,2024-01-07,Apartment,8,1803.36,"$504,262.01",Sold,C0833,504262.01
120065,12,2024-01-07,Apartment,8,1803.36,"$458,523.67",Available,,458523.67
120074,12,2024-01-07,Apartment,8,1803.36,"$509,389.85",Available,,509389.85
120087,12,2024-01-07,Apartment,11,1348.81,"$407,336.90",Sold,C1796,407336.9
120091,12,2024-01-07,Office,12,959.05,"$294,502.81",Available,,294502.81
120104,12,2024-01-07,Apartment,13,1394.03,"$488,077.62",Sold,C0059,488077.62
120106,12,2024-01-07,Apartment,13,1394.03,"$428,998.23",Available,,428998.23
120119,12,2024-01-07,Apartment,14,1369.96,"$411,210.31",Sold,C0933,411210.31
120122,12,2024-01-07,Apartment,14,1369.96,"$467,818.66",Sold,C0779,467818.66
120159,12,2024-01-07,Apartment,18,1702.66,"$567,781.40",Sold,C1388,567781.4
120183,12,2024-01-07,Apartment,20,1802.21,"$514,479.75",Sold,C1250,514479.75
120215,12,2024-01-07,Apartment,24,1306.75,"$404,553.77",Sold,C1078,404553.77
120243,12,2024-01-07,Apartment,26,557.9,"$167,180.02",Sold,C0459,167180.02
120276,12,2024-01-07,Office,30,622.2,"$182,644.63",Sold,C0835,182644.63
120288,12,2024-01-07,Apartment,33,1232.2,"$373,786.79",Sold,C0171,373786.79
120298,12,2024-01-07,Apartment,33,1232.2,"$416,143.54",Sold,C0398,416143.54
120309,12,2024-01-07,Apartment,34,1817.64,"$543,784.77",Available,,543784.77
120312,12,2024-01-07,Apartment,34,1817.64,"$547,275.83",Available,,547275.83
120318,12,2024-01-07,Apartment,35,1690.62,"$536,339.30",Sold,C1613,536339.3
120349,12,2024-01-07,Apartment,38,1157.23,"$303,689.38",Available,,303689.38
120379,12,2024-01-07,Apartment,41,938.23,"$308,266.76",Sold,C1711,308266.76
120391,12,2024-01-07,Apartment,45,1898.75,"$578,903.12",Sold,C1391,578903.12
120400,12,2024-01-07,Apartment,47,1528.05,"$459,689.25",Sold,C0959,459689.25
120410,12,2024-01-07,Apartment,47,1528.05,"$458,559.81",Sold,C1477,458559.81
120413,12,2024-01-07,Apartment,48,1919.31,"$573,864.12",Available,,573864.12
130007,13,2024-01-07,Apartment,1,1899.92,"$523,557.94",Available,,523557.94
130026,13,2024-01-07,Apartment,2,1651.02,"$502,850.13",Available,,502850.13
130032,13,2024-01-07,Apartment,2,1651.02,"$517,417.70",Sold,C1460,517417.7
130084,13,2024-01-07,Apartment,10,1314.38,"$443,598.83",Available,,443598.83
130152,13,2024-01-07,Apartment,17,1278.95,"$339,994.36",Sold,C0442,339994.36
130174,13,2024-01-07,Office,20,516.72,"$161,535.12",Available,,161535.12
130187,13,2024-01-07,Office,20,516.72,"$192,246.55",Sold,C1795,192246.55
130202,13,2024-01-07,Apartment,23,882.35,"$241,711.66",Available,,241711.66
130235,13,2024-01-07,Apartment,28,1173.72,"$366,660.34",Available,,366660.34
130265,13,2024-01-07,Apartment,31,627.57,"$177,086.90",Available,,177086.9
130285,13,2024-01-07,Apartment,32,1114.07,"$324,092.48",Sold,C1838,324092.48
130287,13,2024-01-07,Office,32,1114.07,"$376,982.89",Sold,C0161,376982.89
130303,13,2024-01-07,Office,33,1445.84,"$396,320.37",Available,,396320.37
130322,13,2024-01-07,Office,36,1061.26,"$319,634.34",Sold,C0116,319634.34
130334,13,2024-01-07,Apartment,37,1555.67,"$540,337.18",Sold,C0021,540337.18
130346,13,2024-01-07,Office,38,656.42,"$172,732.59",Available,,172732.59
130355,13,2024-01-07,Apartment,39,1054.77,"$333,335.63",Sold,C0367,333335.63
130356,13,2024-01-07,Apartment,39,1054.77,"$297,137.03",Sold,C0155,297137.03
130363,13,2024-01-07,Apartment,40,571.5,"$146,624.11",Sold,C0151,146624.11
130366,13,2024-01-07,Apartment,40,571.5,"$157,697.13",Sold,C0040,157697.13
130371,13,2024-01-07,Apartment,41,1168.7,"$351,482.71",Sold,C1594,351482.71
130396,13,2024-01-07,Apartment,44,470.06,"$122,529.33",Available,,122529.33
130420,13,2024-01-07,Apartment,47,1874.35,"$574,750.15",Sold,C0319,574750.15
130424,13,2024-01-07,Apartment,47,1874.35,"$599,735.43",Sold,C0433,599735.43
130453,13,2024-01-07,Apartment,51,1253.03,"$409,716.46",Sold,C1254,409716.46
130464,13,2024-01-07,Apartment,53,968.77,"$277,313.63",Sold,C1042,277313.63
130491,13,2024-01-07,Apartment,57,1717.49,"$553,202.56",Sold,C0255,553202.56
130510,13,2024-01-07,Apartment,59,1434.04,"$466,896.33",Sold,C0539,466896.33
130543,13,2024-01-07,Apartment,63,1623.8,"$522,871.62",Available,,522871.62
130549,13,2024-01-07,Apartment,63,1623.8,"$558,406.39",Sold,C1359,558406.39
130554,13,2024-01-07,Apartment,64,792.66,"$236,127.27",Available,,236127.27
130567,13,2024-01-07,Apartment,67,524.97,"$177,305.61",Sold,C1555,177305.61
130582,13,2024-01-07,Apartment,67,524.97,"$157,671.38",Sold,C0682,157671.38
140006,14,2024-01-07,Office,2,922.7,"$254,776.77",Sold,C0514,254776.77
140029,14,2024-01-07,Apartment,5,424.34,"$137,345.87",Sold,C0268,137345.87
140046,14,2024-01-07,Apartment,7,641.37,"$186,621.79",Available,,186621.79
140071,14,2024-01-07,Apartment,9,803.5,"$228,660.27",Sold,C1395,228660.27
140074,14,2024-01-07,Apartment,9,803.5,"$229,900.05",Sold,C1235,229900.05
140106,14,2024-01-07,Apartment,12,459.44,"$138,735.20",Sold,C0762,138735.2
140108,14,2024-01-07,Apartment,12,459.44,"$145,299.39",Sold,C1456,145299.39
140127,14,2024-01-07,Apartment,13,442.74,"$127,404.10",Available,,127404.1
140137,14,2024-01-07,Office,15,784.04,"$230,382.24",Sold,C1448,230382.24
140144,14,2024-01-07,Apartment,15,784.04,"$247,670.78",Available,,247670.78
140155,14,2024-01-07,Apartment,16,915.37,"$259,971.99",Sold,C0914,259971.99
140165,14,2024-01-07,Office,17,686.6,"$252,539.96",Sold,C1687,252539.96
140174,14,2024-01-07,Apartment,18,500.17,"$123,583.21",Sold,C0890,123583.21
140177,14,2024-01-07,Apartment,18,500.17,"$170,526.78",Sold,C1592,170526.78
140186,14,2024-01-07,Apartment,21,1560.87,"$370,802.58",Sold,C0788,370802.58
140204,14,2024-01-07,Apartment,22,1148.66,"$371,392.04",Sold,C0023,371392.04
140246,14,2024-01-07,Apartment,28,486.35,"$147,025.21",Sold,C0581,147025.21
140251,14,2024-01-07,Office,29,1618.34,"$521,382.10",Sold,C0630,521382.1
140268,14,2024-01-07,Apartment,29,1618.34,"$468,922.65",Sold,C1173,468922.65
140273,14,2024-01-07,Apartment,30,1746.48,"$497,116.96",Sold,C1590,497116.96
140292,14,2024-01-07,Apartment,33,1894.96,"$548,558.56",Sold,C1175,548558.56
140293,14,2024-01-07,Apartment,33,1894.96,"$520,074.64",Sold,C1062,520074.64
140305,14,2024-01-07,Apartment,35,1152.84,"$387,012.23",Sold,C1740,387012.23
140325,14,2024-01-07,Apartment,38,1170.11,"$345,923.44",Sold,C1485,345923.44
140335,14,2024-01-07,Apartment,40,532.44,"$163,904.14",Available,,163904.14
140344,14,2024-01-07,Apartment,41,543.61,"$154,091.71",Sold,C1741,154091.71
140352,14,2024-01-07,Apartment,43,520.49,"$145,055.82",Sold,C1044,145055.82
140358,14,2024-01-07,Office,43,520.49,"$170,872.82",Sold,C0987,170872.82
140394,14,2024-01-07,Apartment,47,917.53,"$258,518.28",Sold,C0197,258518.28
140395,14,2024-01-07,Office,47,917.53,"$252,713.76",Sold,C0466,252713.76
140399,14,2024-01-07,Apartment,48,1941.78,"$497,893.52",Sold,C0243,497893.52
140454,14,2024-01-07,Office,53,1493.72,"$450,023.59",Available,,450023.59
140459,14,2024-01-07,Apartment,55,1415.9,"$493,593.22",Available,,493593.22
140463,14,2024-01-07,Apartment,55,1415.9,"$370,665.44",Available,,370665.44
140475,14,2024-01-07,Apartment,55,1415.9,"$425,691.80",Sold,C1361,425691.8
150030,15,2024-01-07,Apartment,4,1110.88,"$322,354.35",Available,,322354.35
150128,15,2024-01-07,Apartment,17,562.64,"$190,102.41",Sold,C1554,190102.41
150150,15,2024-01-07,Apartment,18,567.74,"$189,284.34",Sold,C1268,189284.34
150157,15,2024-01-07,Apartment,20,1662.01,"$557,939.40",Sold,C1012,557939.4
150173,15,2024-01-07,Apartment,22,1317.29,"$357,942.90",Sold,C0964,357942.9
150180,15,2024-01-07,Office,23,1279.23,"$447,987.69",Available,,447987.69
150252,15,2024-01-07,Apartment,30,1523.22,"$491,938.80",Sold,C0513,491938.8
150256,15,2024-01-07,Office,30,1523.22,"$485,590.73",Sold,C0190,485590.73
150262,15,2024-01-07,Apartment,30,1523.22,"$377,450.49",Available,,377450.49
150279,15,2024-01-07,Apartment,34,1304.22,"$439,700.17",Available,,439700.17
150300,15,2024-01-07,Office,35,745.49,"$218,602.71",Sold,C0097,218602.71
150302,15,2024-01-07,Apartment,35,745.49,"$254,110.40",Sold,C0838,254110.4
150336,15,2024-01-07,Apartment,39,1713.42,"$483,241.64",Sold,C0443,483241.64
150354,15,2024-01-07,Apartment,43,1655.05,"$508,753.30",Sold,C0822,508753.3
150361,15,2024-01-07,Apartment,44,1713.09,"$501,574.06",Sold,C0350,501574.06
150387,15,2024-01-07,Office,49,460.17,"$130,666.74",Sold,C1231,130666.74
150435,15,2024-01-07,Apartment,54,1495.13,"$330,239.65",Sold,C1621,330239.65
150442,15,2024-01-07,Apartment,55,892.75,"$283,367.29",Sold,C0384,283367.29
150453,15,2024-01-07,Apartment,55,892.75,"$301,756.77",Available,,301756.77
150462,15,2024-01-07,Apartment,56,939.93,"$263,394.17",Available,,263394.17
150466,15,2024-01-07,Apartment,56,939.93,"$297,518.31",Sold,C0096,297518.31
150503,15,2024-01-07,Apartment,60,1033.2,"$331,613.25",Sold,C0600,331613.25
150505,15,2024-01-07,Apartment,60,1033.2,"$317,869.59",Sold,C1663,317869.59
160013,16,2024-01-07,Apartment,2,1388.75,"$406,095.59",Sold,C1735,406095.59
160019,16,2024-01-07,Apartment,3,466.91,"$124,643.03",Sold,C0251,124643.03
160020,16,2024-01-07,Apartment,3,466.91,"$153,928.17",Available,,153928.17
160021,16,2024-01-07,Apartment,4,1561.55,"$545,582.64",Sold,C0342,545582.64
160034,16,2024-01-07,Apartment,5,749.15,"$223,589.36",Sold,C0323,223589.36
160050,16,2024-01-07,Apartment,6,1062.34,"$377,317.05",Sold,C0358,377317.05
160091,16,2024-01-07,Apartment,10,1608.56,"$507,543.33",Sold,C0184,507543.33
160102,16,2024-01-07,Apartment,11,1288.42,"$361,857.17",Sold,C1301,361857.17
160118,16,2024-01-07,Apartment,12,549.98,"$167,127.37",Sold,C0440,167127.37
160148,16,2024-01-07,Apartment,18,1432.77,"$439,792.36",Sold,C0489,439792.36
160163,16,2024-01-07,Apartment,21,837.95,"$214,050.49",Sold,C1349,214050.49
160165,16,2024-01-07,Office,21,837.95,"$291,601.39",Sold,C0213,291601.39
160207,16,2024-01-07,Office,26,1458.08,"$470,123.96",Sold,C0735,470123.96
160208,16,2024-01-07,Apartment,26,1458.08,"$420,929.08",Sold,C1716,420929.08
160219,16,2024-01-07,Apartment,27,1164.55,"$395,393.94",Sold,C0388,395393.94
160236,16,2024-01-07,Apartment,28,1440.71,"$453,519.83",Sold,C0274,453519.83
160296,16,2024-01-07,Apartment,35,629.97,"$190,389.18",Available,,190389.18
160349,16,2024-01-07,Apartment,41,1001.72,"$288,157.93",Sold,C0227,288157.93
160367,16,2024-01-07,Apartment,42,1496.62,"$442,773.17",Sold,C1598,442773.17
160368,16,2024-01-07,Apartment,42,1496.62,"$440,294.20",Sold,C1131,440294.2
170001,17,2024-01-07,Office,1,530.28,"$177,186.48",Available,,177186.48
170015,17,2024-01-07,Apartment,1,530.28,"$161,864.85",Sold,C1882,161864.85
170017,17,2024-01-07,Apartment,1,530.28,"$142,052.01",Available,,142052.01
170103,17,2024-01-07,Apartment,12,451.91,"$158,962.11",Available,,158962.11
170110,17,2024-01-07,Apartment,13,916.9,"$254,096.51",Sold,C1229,254096.51
170121,17,2024-01-07,Apartment,14,1646.02,"$586,216.96",Sold,C1543,586216.96
170125,17,2024-01-07,Apartment,15,1365.73,"$464,700.64",Sold,C0167,464700.64
170128,17,2024-01-07,Apartment,15,1365.73,"$366,314.00",Sold,C0066,366314.0
170149,17,2024-01-07,Apartment,16,1693.0,"$538,823.79",Available,,538823.79
170167,17,2024-01-07,Apartment,17,1827.25,"$573,420.94",Available,,573420.94
170184,17,2024-01-07,Apartment,20,792.27,"$217,783.60",Sold,C0993,217783.6
170204,17,2024-01-07,Apartment,23,1025.52,"$301,579.24",Sold,C1807,301579.24
170270,17,2024-01-07,Apartment,32,954.54,"$266,964.50",Sold,C0578,266964.5
170281,17,2024-01-07,Apartment,33,1532.89,"$429,757.11",Available,,429757.11
170285,17,2024-01-07,Apartment,35,1667.01,"$491,123.63",Sold,C1695,491123.63
170297,17,2024-01-07,Apartment,37,644.06,"$218,636.37",Available,,218636.37
170299,17,2024-01-07,Apartment,37,644.06,"$232,811.65",Available,,232811.65
170302,17,2024-01-07,Apartment,38,721.83,"$224,494.14",Sold,C0969,224494.14
170304,17,2024-01-07,Apartment,38,721.83,"$198,833.21",Sold,C1385,198833.21
170330,17,2024-01-07,Office,41,1422.93,"$455,542.16",Sold,C0475,455542.16
170332,17,2024-01-07,Apartment,41,1422.93,"$454,070.47",Available,,454070.47
170349,17,2024-01-07,Apartment,45,1574.3,"$500,164.38",Available,,500164.38
170351,17,2024-01-07,Apartment,45,1574.3,"$470,199.52",Sold,C0885,470199.52
170370,17,2024-01-07,Apartment,46,1582.61,"$471,629.61",Available,,471629.61
170389,17,2024-01-07,Apartment,48,1833.96,"$567,989.30",Sold,C1876,567989.3
170395,17,2024-01-07,Apartment,48,1833.96,"$655,054.84",Sold,C0081,655054.84
170420,17,2024-01-07,Apartment,49,1283.67,"$407,447.04",Sold,C0591,407447.04
170430,17,2024-01-07,Apartment,49,1283.67,"$334,547.53",Sold,C0565,334547.53
170444,17,2024-01-07,Office,51,1375.52,"$518,981.38",Sold,C1027,518981.38
180006,18,2024-01-07,Apartment,1,1379.64,"$416,556.23",Sold,C1486,416556.23
180020,18,2024-01-07,Office,3,524.48,"$129,489.00",Sold,C0059,129489.0
180029,18,2024-01-07,Office,4,1096.58,"$349,185.44",Sold,C1506,349185.44
180041,18,2024-01-07,Apartment,4,1096.58,"$267,154.02",Sold,C1633,267154.02
180051,18,2024-01-07,Apartment,6,840.25,"$252,877.62",Sold,C0049,252877.62
180056,18,2024-01-07,Apartment,6,840.25,"$247,667.71",Available,,247667.71
180091,18,2024-01-07,Apartment,12,1692.5,"$522,661.73",Sold,C1280,522661.73
180108,18,2024-01-07,Apartment,14,1742.3,"$604,691.57",Available,,604691.57
180136,18,2024-01-07,Apartment,18,1127.95,"$291,840.57",Sold,C1003,291840.57
180150,18,2024-01-07,Apartment,20,1631.48,"$487,710.82",Sold,C0817,487710.82
180218,18,2024-01-07,Apartment,28,514.67,"$175,483.61",Sold,C0896,175483.61
180219,18,2024-01-07,Apartment,28,514.67,"$129,469.70",Sold,C0398,129469.7
180229,18,2024-01-07,Apartment,29,578.36,"$186,304.06",Sold,C1188,186304.06
180239,18,2024-01-07,Office,30,1795.66,"$454,622.46",Sold,C1613,454622.46
180267,18,2024-01-07,Apartment,31,945.46,"$271,698.96",Sold,C0264,271698.96
180282,18,2024-01-07,Apartment,35,799.05,"$245,628.59",Sold,C0614,245628.59
180287,18,2024-01-07,Apartment,35,799.05,"$228,204.67",Available,,228204.67
180314,18,2024-01-07,Apartment,36,1089.77,"$362,075.38",Sold,C1238,362075.38
180329,18,2024-01-07,Apartment,38,1219.8,"$358,264.33",Available,,358264.33
180360,18,2024-01-07,Apartment,40,990.46,"$327,105.33",Available,,327105.33
180366,18,2024-01-07,Apartment,41,852.83,"$247,036.12",Sold,C0956,247036.12
180372,18,2024-01-07,Apartment,41,852.83,"$252,728.55",Available,,252728.55
180390,18,2024-01-07,Office,44,1334.77,"$354,368.72",Sold,C1220,354368.72
180418,18,2024-01-07,Apartment,47,520.85,"$189,135.71",Available,,189135.71
180432,18,2024-01-07,Apartment,49,1457.92,"$480,772.76",Available,,480772.76
180449,18,2024-01-07,Apartment,50,854.74,"$255,654.13",Sold,C1995,255654.13
180469,18,2024-01-07,Apartment,53,1806.7,"$508,462.97",Sold,C0034,508462.97
180473,18,2024-01-07,Apartment,53,1806.7,"$501,341.88",Available,,501341.88
180492,18,2024-01-07,Apartment,54,1756.12,"$572,514.83",Sold,C1507,572514.83
180504,18,2024-01-07,Apartment,56,1311.59,"$392,997.85",Sold,C0746,392997.85
180533,18,2024-01-07,Apartment,60,1488.67,"$507,522.85",Sold,C0825,507522.85
180534,18,2024-01-07,Apartment,60,1488.67,"$441,900.44",Sold,C1784,441900.44
180540,18,2024-01-07,Office,61,1019.7,"$338,774.34",Sold,C0105,338774.34
180575,18,2024-01-07,Office,66,1631.24,"$532,766.89",Sold,C0857,532766.89
180583,18,2024-01-07,Apartment,67,1664.17,"$550,273.32",Sold,C0390,550273.32
180585,18,2024-01-07,Apartment,68,1445.28,"$462,353.91",Sold,C0076,462353.91
190039,19,2024-01-07,Apartment,7,973.6,"$317,064.49",Available,,317064.49
190042,19,2024-01-07,Apartment,7,973.6,"$280,625.88",Sold,C0841,280625.88
190057,19,2024-01-07,Apartment,8,974.77,"$308,389.38",Sold,C1763,308389.38
190098,19,2024-01-07,Apartment,14,630.47,"$186,144.12",Sold,C0040,186144.12
190122,19,2024-01-07,Apartment,17,574.75,"$211,158.38",Available,,211158.38
190127,19,2024-01-07,Apartment,17,574.75,"$170,914.80",Sold,C0902,170914.8
190130,19,2024-01-07,Apartment,18,1599.44,"$495,705.73",Sold,C0990,495705.73
190212,19,2024-01-07,Apartment,26,668.24,"$213,645.72",Sold,C1519,213645.72
190219,19,2024-01-07,Office,26,668.24,"$185,626.99",Sold,C0752,185626.99
190243,19,2024-01-07,Apartment,29,1657.84,"$467,738.46",Sold,C1860,467738.46
190291,19,2024-01-07,Apartment,34,783.42,"$246,652.14",Sold,C0547,246652.14
190302,19,2024-01-07,Office,36,855.94,"$276,512.82",Sold,C1411,276512.82
190322,19,2024-01-07,Apartment,39,1237.04,"$375,074.00",Available,,375074.0
190333,19,2024-01-07,Apartment,40,893.49,"$240,304.86",Sold,C1662,240304.86
190341,19,2024-01-07,Apartment,40,893.49,"$232,188.92",Sold,C0356,232188.92
190397,19,2024-01-07,Apartment,45,1869.11,"$581,236.54",Sold,C1202,581236.54
190406,19,2024-01-07,Apartment,46,1926.19,"$623,819.92",Sold,C0826,623819.92
190427,19,2024-01-07,Apartment,49,1004.26,"$294,799.49",Available,,294799.49
190433,19,2024-01-07,Apartment,50,1227.01,"$352,469.52",Available,,352469.52
200042,20,2024-01-07,Office,4,631.75,"$183,516.50",Sold,C0364,183516.5
200103,20,2024-01-07,Apartment,14,837.37,"$283,480.34",Available,,283480.34
200127,20,2024-01-07,Apartment,16,645.44,"$175,693.74",Available,,175693.74
200144,20,2024-01-07,Apartment,18,1868.01,"$612,113.60",Sold,C0871,612113.6
200165,20,2024-01-07,Apartment,18,1868.01,"$575,785.08",Sold,C0285,575785.08
200208,20,2024-01-07,Apartment,25,780.74,"$215,914.27",Sold,C1595,215914.27
200238,20,2024-01-07,Apartment,29,1844.16,"$637,391.94",Available,,637391.94
200254,20,2024-01-07,Apartment,30,1703.94,"$545,707.37",Sold,C1151,545707.37
200271,20,2024-01-07,Apartment,31,1414.44,"$343,623.68",Sold,C0405,343623.68
200272,20,2024-01-07,Apartment,31,1414.44,"$394,309.09",Sold,C1941,394309.09
200341,20,2024-01-07,Apartment,37,632.35,"$220,469.20",Sold,C1251,220469.2
200358,20,2024-01-07,Apartment,39,1106.36,"$291,164.92",Sold,C1814,291164.92
200409,20,2024-01-07,Apartment,46,1227.49,"$335,667.42",Available,,335667.42
200483,20,2024-01-07,Apartment,55,1804.87,"$553,235.72",Sold,C1937,553235.72
200484,20,2024-01-07,Apartment,55,1804.87,"$519,657.03",Sold,C1885,519657.03
200499,20,2024-01-07,Apartment,58,1208.52,"$387,708.89",Sold,C1783,387708.89
990011,3,2024-01-07,Apartment,38,1596.35,"$526,947.16",Available,,526947.16
990015,4,2024-01-07,Apartment,23,794.52,"$255,243.11",Available,,255243.11
990016,4,2024-01-07,Apartment,29,794.52,"$233,834.00",Available,,233834.0
1007,1,2024-01-08,Apartment,7,775.69,"$250,312.53",Sold,C0058,250312.53
1018,1,2024-01-08,Apartment,18,625.8,"$191,389.87",Sold,C0075,191389.87
1043,1,2024-01-08,Apartment,43,1160.36,"$377,313.56",Sold,C0078,377313.56
2014,2,2024-01-08,Apartment,14,1109.25,"$336,695.25",Sold,C0024,336695.25
2042,2,2024-01-08,Apartment,42,785.48,"$220,606.28",Sold,C0145,220606.28
3009,3,2024-01-08,Apartment,9,743.41,"$222,867.42",Sold,C0109,222867.42
3028,3,2024-01-08,Apartment,28,781.07,"$206,631.81",Sold,C0160,206631.81
3040,3,2024-01-08,Apartment,40,670.89,"$204,292.49",Sold,C0088,204292.49
4032,4,2024-01-08,Apartment,32,1611.85,"$523,373.45",Available,,523373.45
4035,4,2024-01-08,Apartment,35,794.52,"$217,786.38",Sold,C0142,217786.38
10018,1,2024-01-08,Apartment,3,788.73,"$219,789.59",Available,,219789.59
10071,1,2024-01-08,Apartment,8,763.88,"$252,439.28",Sold,C0590,252439.28
10137,1,2024-01-08,Apartment,17,608.25,"$209,028.70",Sold,C1827,209028.7
10160,1,2024-01-08,Apartment,20,1146.24,"$312,577.25",Sold,C0603,312577.25
10197,1,2024-01-08,Office,24,1146.11,"$400,078.46",Sold,C0516,400078.46
10203,1,2024-01-08,Apartment,24,1146.11,"$353,757.18",Sold,C0093,353757.18
10217,1,2024-01-08,Apartment,25,1154.92,"$374,160.93",Available,,374160.93
10266,1,2024-01-08,Office,29,757.2,"$291,390.39",Sold,C1113,291390.39
10294,1,2024-01-08,Apartment,31,619.78,"$206,016.94",Available,,206016.94
10329,1,2024-01-08,Apartment,35,1168.59,"$343,118.08",Available,,343118.08
10341,1,2024-01-08,Apartment,36,613.59,"$200,432.99",Sold,C1161,200432.99
10415,1,2024-01-08,Apartment,48,1170.93,"$372,802.31",Available,,372802.31
10421,1,2024-01-08,Apartment,49,629.24,"$187,717.66",Sold,C0849,187717.66
20006,2,2024-01-08,Apartment,1,706.3,"$249,209.28",Sold,C0390,249209.28
20007,2,2024-01-08,Apartment,1,706.3,"$223,901.16",Sold,C0667,223901.16
20012,2,2024-01-08,Apartment,2,788.72,"$248,313.23",Sold,C0932,248313.23
20014,2,2024-01-08,Apartment,2,788.72,"$263,129.48",Sold,C1546,263129.48
20041,2,2024-01-08,Apartment,5,933.95,"$309,045.30",Sold,C0957,309045.3
20075,2,2024-01-08,Apartment,9,584.19,"$174,150.21",Sold,C1739,174150.21
20084,2,2024-01-08,Apartment,10,788.79,"$252,850.45",Available,,252850.45
20092,2,2024-01-08,Apartment,11,1625.05,"$456,819.98",Sold,C0155,456819.98
20107,2,2024-01-08,Apartment,12,1610.5,"$552,556.37",Available,,552556.37
20182,2,2024-01-08,Apartment,21,921.38,"$202,703.60",Available,,202703.6
20211,2,2024-01-08,Apartment,24,785.12,"$234,283.57",Sold,C0008,234283.57
20215,2,2024-01-08,Apartment,24,785.12,"$252,200.58",Sold,C0090,252200.58
20240,2,2024-01-08,Office,26,1577.79,"$539,543.52",Sold,C0316,539543.52
20244,2,2024-01-08,Office,26,1577.79,"$484,534.28",Sold,C1760,484534.28
20273,2,2024-01-08,Apartment,32,925.63,"$261,310.59",Available,,261310.59
20278,2,2024-01-08,Apartment,33,931.4,"$339,356.02",Sold,C0550,339356.02
20281,2,2024-01-08,Apartment,33,931.4,"$213,769.96",Available,,213769.96
20302,2,2024-01-08,Office,35,1391.68,"$536,215.12",Sold,C1016,536215.12
20309,2,2024-01-08,Apartment,36,641.72,"$202,812.08",Sold,C1903,202812.08
20320,2,2024-01-08,Apartment,37,780.46,"$264,688.84",Available,,264688.84
20338,2,2024-01-08,Office,41,654.93,"$216,265.08",Sold,C1987,216265.08
20346,2,2024-01-08,Office,41,654.93,"$213,060.39",Available,,213060.39
20362,2,2024-01-08,Apartment,42,786.45,"$231,735.21",Sold,C0284,231735.21
20394,2,2024-01-08,Apartment,46,697.74,"$203,362.09",Sold,C1234,203362.09
20397,2,2024-01-08,Apartment,46,697.74,"$255,546.30",Sold,C0080,255546.3
20420,2,2024-01-08,Apartment,47,708.32,"$219,270.97",Sold,C1258,219270.97
20450,2,2024-01-08,Apartment,52,914.01,"$290,161.41",Sold,C0458,290161.41
20458,2,2024-01-08,Apartment,54,924.4,"$269,789.64",Sold,C0438,269789.64
30005,3,2024-01-08,Apartment,1,689.75,"$189,856.09",Sold,C1362,189856.09
30012,3,2024-01-08,Apartment,1,689.75,"$225,478.74",Sold,C0890,225478.74
30028,3,2024-01-08,Apartment,3,783.65,"$223,180.66",Sold,C0806,223180.66
30107,3,2024-01-08,Apartment,10,784.09,"$240,031.71",Sold,C1011,240031.71
30117,3,2024-01-08,Apartment,10,784.09,"$211,715.31",Sold,C0304,211715.31
30120,3,2024-01-08,Apartment,10,784.09,"$255,680.85",Available,,255680.85
30143,3,2024-01-08,Apartment,14,788.59,"$243,606.31",Sold,C0057,243606.31
30147,3,2024-01-08,Apartment,15,1230.25,"$373,566.16",Sold,C1062,373566.16
30171,3,2024-01-08,Apartment,19,1602.22,"$433,064.97",Sold,C1293,433064.97
30194,3,2024-01-08,Apartment,21,1122.15,"$321,062.01",Sold,C1741,321062.01
30197,3,2024-01-08,Apartment,21,1122.15,"$329,526.86",Available,,329526.86
30230,3,2024-01-08,Apartment,27,1117.14,"$370,806.45",Sold,C0694,370806.45
30278,3,2024-01-08,Apartment,31,915.38,"$292,620.94",Sold,C0583,292620.94
30313,3,2024-01-08,Apartment,38,1173.4,"$342,236.84",Sold,C0007,342236.84
30314,3,2024-01-08,Office,38,1173.4,"$339,686.19",Sold,C1512,339686.19
30318,3,2024-01-08,Office,39,1598.95,"$499,234.71",Sold,C1429,499234.71
30337,3,2024-01-08,Apartment,41,965.5,"$276,837.25",Sold,C1591,276837.25
30401,3,2024-01-08,Office,49,1174.48,"$380,891.56",Sold,C0271,380891.56
30418,3,2024-01-08,Apartment,49,1174.48,"$353,070.70",Sold,C0798,353070.7
30445,3,2024-01-08,Apartment,51,693.85,"$205,147.40",Sold,C1884,205147.4
30468,3,2024-01-08,Apartment,56,1179.42,"$341,233.68",Sold,C1230,341233.68
30483,3,2024-01-08,Apartment,56,1179.42,"$282,867.04",Sold,C0020,282867.04
30501,3,2024-01-08,Apartment,58,1588.14,"$476,292.14",Available,,476292.14
30507,3,2024-01-08,Apartment,58,1588.14,"$433,348.26",Sold,C0467,433348.26
40012,4,2024-01-08,Apartment,2,1620.07,"$583,440.71",Sold,C0417,583440.71
40018,4,2024-01-08,Apartment,2,1620.07,"$467,514.28",Sold,C1754,467514.28
40037,4,2024-01-08,Apartment,4,783.03,"$233,531.67",Sold,C1703,233531.67
40063,4,2024-01-08,Apartment,6,1602.95,"$557,611.23",Sold,C1060,557611.23
40073,4,2024-01-08,Office,8,732.42,"$257,348.69",Sold,C0461,257348.69
40116,4,2024-01-08,Apartment,14,1322.66,"$375,564.29",Sold,C1031,375564.29
40143,4,2024-01-08,Apartment,17,780.68,"$217,753.60",Available,,217753.6
40162,4,2024-01-08,Apartment,20,1609.62,"$474,937.38",Sold,C0281,474937.38
40166,4,2024-01-08,Apartment,20,1609.62,"$603,903.40",Sold,C0434,603903.4
40176,4,2024-01-08,Apartment,21,801.66,"$210,695.91",Available,,210695.91
40216,4,2024-01-08,Office,26,790.05,"$261,884.29",Sold,C0118,261884.29
40237,4,2024-01-08,Office,29,776.79,"$227,118.11",Sold,C1497,227118.11
40336,4,2024-01-08,Office,40,780.74,"$228,773.81",Available,,228773.81
40388,4,2024-01-08,Apartment,45,1160.48,"$281,622.19",Sold,C0522,281622.19
40392,4,2024-01-08,Apartment,45,1160.48,"$290,250.51",Available,,290250.51
40397,4,2024-01-08,Apartment,45,1160.48,"$356,950.70",Sold,C1646,356950.7
50001,5,2024-01-08,Apartment,1,790.55,"$245,496.02",Sold,C0938,245496.02
50002,5,2024-01-08,Office,1,790.55,"$237,072.90",Sold,C1301,237072.9
50034,5,2024-01-08,Office,8,782.15,"$237,346.84",Sold,C1800,237346.84
50047,5,2024-01-08,Apartment,8,782.15,"$227,603.90",Available,,227603.9
50077,5,2024-01-08,Apartment,10,629.27,"$218,231.20",Available,,218231.2
50117,5,2024-01-08,Apartment,15,1050.95,"$286,511.17",Sold,C0029,286511.17
50138,5,2024-01-08,Office,18,1267.03,"$453,254.04",Sold,C0460,453254.04
50161,5,2024-01-08,Apartment,22,1059.78,"$359,572.52",Sold,C0935,359572.52
50170,5,2024-01-08,Office,22,1059.78,"$333,147.15",Sold,C1638,333147.15
50189,5,2024-01-08,Apartment,24,807.02,"$270,484.00",Sold,C1179,270484.0
50213,5,2024-01-08,Apartment,28,1247.24,"$343,136.11",Sold,C0934,343136.11
50227,5,2024-01-08,Apartment,30,794.93,"$226,818.88",Available,,226818.88
50229,5,2024-01-08,Apartment,31,1008.52,"$306,320.78",Sold,C0988,306320.78
50234,5,2024-01-08,Apartment,32,1051.39,"$286,703.44",Available,,286703.44
50264,5,2024-01-08,Apartment,35,605.55,"$185,735.17",Sold,C0706,185735.17
50279,5,2024-01-08,Apartment,36,627.56,"$210,288.87",Sold,C1874,210288.87
50282,5,2024-01-08,Apartment,36,627.56,"$177,591.32",Sold,C0846,177591.32
50292,5,2024-01-08,Office,38,1283.87,"$392,711.04",Sold,C1905,392711.04
50302,5,2024-01-08,Apartment,40,1053.41,"$332,426.72",Sold,C0977,332426.72
50392,5,2024-01-08,Apartment,46,1272.95,"$351,688.67",Sold,C0892,351688.67
50393,5,2024-01-08,Apartment,46,1272.95,"$427,006.84",Sold,C0573,427006.84
50396,5,2024-01-08,Apartment,47,1241.14,"$327,053.12",Sold,C1939,327053.12
50409,5,2024-01-08,Apartment,47,1241.14,"$378,538.97",Available,,378538.97
60010,6,2024-01-08,Apartment,1,1720.95,"$463,140.93",Available,,463140.93
60024,6,2024-01-08,Apartment,2,1338.63,"$429,245.17",Sold,C0586,429245.17
60027,6,2024-01-08,Office,3,605.21,"$208,249.96",Sold,C1025,208249.96
60030,6,2024-01-08,Apartment,3,605.21,"$185,644.59",Sold,C0117,185644.59
60099,6,2024-01-08,Apartment,7,1075.42,"$296,456.53",Sold,C0212,296456.53
60127,6,2024-01-08,Apartment,10,942.08,"$313,437.89",Sold,C0675,313437.89
60155,6,2024-01-08,Apartment,12,1678.17,"$476,123.08",Sold,C0500,476123.08
60171,6,2024-01-08,Apartment,15,1392.45,"$466,941.91",Sold,C1294,466941.91
60193,6,2024-01-08,Office,19,1542.71,"$582,517.27",Available,,582517.27
60199,6,2024-01-08,Apartment,19,1542.71,"$411,162.25",Sold,C1285,411162.25
60251,6,2024-01-08,Apartment,25,1086.43,"$339,295.67",Sold,C1433,339295.67
60257,6,2024-01-08,Apartment,26,1538.47,"$510,290.62",Sold,C1317,510290.62
60269,6,2024-01-08,Apartment,29,1691.02,"$478,576.39",Available,,478576.39
60271,6,2024-01-08,Apartment,29,1691.02,"$584,272.04",Sold,C1197,584272.04
60280,6,2024-01-08,Apartment,30,552.59,"$164,016.58",Available,,164016.58
60299,6,2024-01-08,Apartment,33,1131.0,"$337,198.08",Sold,C0783,337198.08
60301,6,2024-01-08,Apartment,33,1131.0,"$305,756.04",Sold,C0858,305756.04
60318,6,2024-01-08,Apartment,35,999.85,"$291,113.56",Sold,C1506,291113.56
60323,6,2024-01-08,Apartment,35,999.85,"$355,294.14",Available,,355294.14
60355,6,2024-01-08,Apartment,40,1640.68,"$589,191.73",Sold,C0915,589191.73
60371,6,2024-01-08,Apartment,42,1766.89,"$476,822.55",Sold,C0237,476822.55
60429,6,2024-01-08,Apartment,51,1476.63,"$413,502.81",Available,,413502.81
60441,6,2024-01-08,Apartment,52,1408.23,"$438,900.35",Sold,C0456,438900.35
70042,7,2024-01-08,Apartment,7,1071.02,"$279,574.71",Available,,279574.71
70077,7,2024-01-08,Apartment,11,834.5,"$241,300.36",Sold,C0003,241300.36
70100,7,2024-01-08,Apartment,13,604.6,"$169,223.27",Sold,C0363,169223.27
70113,7,2024-01-08,Office,15,602.92,"$181,279.77",Sold,C1827,181279.77
70150,7,2024-01-08,Apartment,18,703.28,"$222,983.24",Sold,C1640,222983.24
70156,7,2024-01-08,Apartment,19,751.07,"$193,701.86",Sold,C1477,193701.86
70163,7,2024-01-08,Apartment,19,751.07,"$230,427.73",Available,,230427.73
70167,7,2024-01-08,Apartment,19,751.07,"$218,479.78",Sold,C1133,218479.78
70181,7,2024-01-08,Apartment,20,1160.82,"$323,305.20",Sold,C0093,323305.2
70202,7,2024-01-08,Apartment,23,1222.69,"$341,957.18",Sold,C1004,341957.18
70203,7,2024-01-08,Apartment,23,1222.69,"$432,928.46",Available,,432928.46
70215,7,2024-01-08,Apartment,24,852.99,"$258,367.77",Available,,258367.77
70218,7,2024-01-08,Apartment,24,852.99,"$268,522.40",Sold,C1446,268522.4
70253,7,2024-01-08,Office,28,694.55,"$207,675.26",Sold,C1249,207675.26
70284,7,2024-01-08,Apartment,34,1487.05,"$378,580.53",Sold,C1103,378580.53
70299,7,2024-01-08,Apartment,35,613.21,"$192,036.99",Sold,C0609,192036.99
70305,7,2024-01-08,Office,36,1748.75,"$529,621.35",Available,,529621.35
70308,7,2024-01-08,Apartment,36,1748.75,"$534,783.12",Available,,534783.12
70316,7,2024-01-08,Apartment,38,1755.26,"$505,133.36",Sold,C1529,505133.36
70336,7,2024-01-08,Apartment,40,1138.18,"$381,828.88",Sold,C0041,381828.88
70349,7,2024-01-08,Apartment,41,1093.92,"$370,762.54",Sold,C1722,370762.54
70357,7,2024-01-08,Apartment,41,1093.92,"$317,085.47",Available,,317085.47
70369,7,2024-01-08,Apartment,43,498.61,"$175,249.55",Available,,175249.55
70398,7,2024-01-08,Apartment,45,1150.93,"$362,977.13",Available,,362977.13
70420,7,2024-01-08,Apartment,49,1383.05,"$486,685.38",Sold,C0050,486685.38
70437,7,2024-01-08,Office,51,648.27,"$212,701.42",Sold,C1657,212701.42
70442,7,2024-01-08,Apartment,52,1281.14,"$393,758.89",Sold,C0307,393758.89
70446,7,2024-01-08,Apartment,52,1281.14,"$388,919.52",Sold,C1290,388919.52
70457,7,2024-01-08,Office,54,1940.69,"$598,695.66",Sold,C1763,598695.66
70471,7,2024-01-08,Apartment,55,601.23,"$180,777.41",Sold,C1634,180777.41
70474,7,2024-01-08,Apartment,55,601.23,"$170,210.09",Available,,170210.09
70484,7,2024-01-08,Apartment,57,1347.67,"$382,331.32",Sold,C1189,382331.32
70492,7,2024-01-08,Apartment,58,1629.83,"$539,392.07",Sold,C1182,539392.07
70509,7,2024-01-08,Apartment,58,1629.83,"$397,372.65",Available,,397372.65
80016,8,2024-01-08,Apartment,2,1097.36,"$302,307.79",Sold,C0561,302307.79
80045,8,2024-01-08,Apartment,5,887.23,"$210,402.96",Available,,210402.96
80048,8,2024-01-08,Apartment,5,887.23,"$252,631.93",Available,,252631.93
80076,8,2024-01-08,Apartment,9,1869.81,"$606,491.63",Sold,C1736,606491.63
80092,8,2024-01-08,Apartment,10,737.92,"$192,499.00",Sold,C1330,192499.0
80122,8,2024-01-08,Apartment,14,685.93,"$218,880.85",Sold,C1369,218880.85
80126,8,2024-01-08,Apartment,14,685.93,"$194,612.17",Available,,194612.17
80143,8,2024-01-08,Apartment,17,1109.27,"$315,922.46",Sold,C1790,315922.46
80148,8,2024-01-08,Apartment,18,1328.53,"$427,127.89",Sold,C0233,427127.89
80157,8,2024-01-08,Office,20,774.16,"$227,335.39",Sold,C0399,227335.39
80205,8,2024-01-08,Apartment,28,1431.61,"$438,079.73",Available,,438079.73
80213,8,2024-01-08,Apartment,29,1848.51,"$624,082.56",Available,,624082.56
80232,8,2024-01-08,Apartment,30,1070.46,"$321,100.73",Sold,C1177,321100.73
80238,8,2024-01-08,Apartment,30,1070.46,"$332,426.38",Sold,C0487,332426.38
80263,8,2024-01-08,Apartment,32,1410.88,"$414,696.68",Available,,414696.68
80273,8,2024-01-08,Apartment,33,1809.87,"$502,549.18",Available,,502549.18
80311,8,2024-01-08,Office,36,673.86,"$244,195.59",Sold,C1427,244195.59
80372,8,2024-01-08,Apartment,45,1185.72,"$333,845.19",Sold,C1989,333845.19
80438,8,2024-01-08,Apartment,50,913.15,"$272,720.31",Sold,C0374,272720.31
80482,8,2024-01-08,Apartment,56,1874.7,"$571,044.62",Sold,C0117,571044.62
80488,8,2024-01-08,Apartment,56,1874.7,"$530,885.12",Sold,C0297,530885.12
80499,8,2024-01-08,Apartment,58,1448.59,"$415,718.49",Available,,415718.49
90007,9,2024-01-08,Office,1,832.35,"$261,007.06",Sold,C1260,261007.06
90039,9,2024-01-08,Apartment,7,697.68,"$257,009.74",Sold,C0572,257009.74
90120,9,2024-01-08,Apartment,18,860.97,"$299,547.84",Sold,C1658,299547.84
90164,9,2024-01-08,Apartment,26,1038.39,"$320,014.48",Sold,C0328,320014.48
90197,9,2024-01-08,Apartment,29,1426.22,"$404,559.45",Sold,C0948,404559.45
90199,9,2024-01-08,Apartment,29,1426.22,"$411,141.04",Sold,C1099,411141.04
90215,9,2024-01-08,Apartment,31,1052.27,"$283,937.37",Sold,C1768,283937.37
90216,9,2024-01-08,Apartment,31,1052.27,"$310,906.26",Sold,C1869,310906.26
90218,9,2024-01-08,Apartment,31,1052.27,"$326,901.19",Sold,C0007,326901.19
90220,9,2024-01-08,Apartment,32,707.0,"$218,245.79",Available,,218245.79
90222,9,2024-01-08,Apartment,33,973.52,"$278,284.91",Sold,C0693,278284.91
90224,9,2024-01-08,Apartment,33,973.52,"$341,783.76",Available,,341783.76
90249,9,2024-01-08,Apartment,34,1577.36,"$473,301.04",Sold,C0450,473301.04
90253,9,2024-01-08,Apartment,34,1577.36,"$492,869.13",Sold,C1142,492869.13
90268,9,2024-01-08,Apartment,35,1376.88,"$460,200.31",Available,,460200.31
90273,9,2024-01-08,Apartment,35,1376.88,"$441,956.77",Sold,C1406,441956.77
90275,9,2024-01-08,Apartment,35,1376.88,"$514,773.68",Available,,514773.68
90311,9,2024-01-08,Apartment,38,1260.31,"$348,186.07",Sold,C1382,348186.07
90337,9,2024-01-08,Apartment,40,1090.32,"$364,491.02",Sold,C0197,364491.02
90361,9,2024-01-08,Apartment,43,1908.91,"$524,488.63",Sold,C1742,524488.63
90372,9,2024-01-08,Apartment,44,1351.57,"$387,311.48",Available,,387311.48
90373,9,2024-01-08,Apartment,44,1351.57,"$466,999.14",Available,,466999.14
90391,9,2024-01-08,Apartment,46,662.32,"$170,559.17",Sold,C0273,170559.17
90393,9,2024-01-08,Apartment,46,662.32,"$158,053.14",Sold,C0437,158053.14
90406,9,2024-01-08,Apartment,51,1816.78,"$573,374.63",Available,,573374.63
90414,9,2024-01-08,Apartment,53,599.72,"$171,217.61",Available,,171217.61
90437,9,2024-01-08,Apartment,56,1516.4,"$440,730.74",Sold,C1647,440730.74
90441,9,2024-01-08,Apartment,56,1516.4,"$506,527.22",Sold,C1754,506527.22
90464,9,2024-01-08,Apartment,57,1198.57,"$358,849.76",Sold,C1703,358849.76
90469,9,2024-01-08,Apartment,57,1198.57,"$359,371.65",Sold,C1846,359371.65
90479,9,2024-01-08,Apartment,58,838.34,"$290,803.21",Sold,C0391,290803.21
90486,9,2024-01-08,Apartment,58,838.34,"$253,836.97",Available,,253836.97
90498,9,2024-01-08,Office,58,838.34,"$295,150.09",Available,,295150.09
100007,10,2024-01-08,Apartment,2,1830.46,"$544,170.95",Sold,C0527,544170.95
100034,10,2024-01-08,Apartment,4,1765.37,"$542,873.36",Available,,542873.36
100078,10,2024-01-08,Apartment,9,1849.4,"$547,111.08",Sold,C1047,547111.08
100094,10,2024-01-08,Apartment,11,1675.44,"$497,015.99",Sold,C1771,497015.99
100107,10,2024-01-08,Office,14,1318.01,"$393,983.06",Sold,C0831,393983.06
100124,10,2024-01-08,Apartment,16,1169.15,"$453,763.04",Sold,C1651,453763.04
100152,10,2024-01-08,Apartment,19,948.04,"$263,713.04",Sold,C1029,263713.04
100155,10,2024-01-08,Apartment,19,948.04,"$294,620.75",Sold,C0300,294620.75
100172,10,2024-01-08,Apartment,23,912.32,"$273,969.84",Sold,C1743,273969.84
100177,10,2024-01-08,Office,24,708.64,"$233,599.56",Available,,233599.56
100187,10,2024-01-08,Apartment,25,1487.17,"$475,179.93",Sold,C1615,475179.93
100190,10,2024-01-08,Apartment,26,1294.85,"$354,267.31",Sold,C1204,354267.31
100215,10,2024-01-08,Apartment,27,777.35,"$274,700.53",Available,,274700.53
100242,10,2024-01-08,Apartment,29,486.78,"$127,461.75",Sold,C0251,127461.75
100253,10,2024-01-08,Apartment,30,1559.4,"$480,665.23",Sold,C1636,480665.23
100331,10,2024-01-08,Apartment,39,1188.51,"$361,037.18",Available,,361037.18
100353,10,2024-01-08,Apartment,42,1757.51,"$539,648.88",Sold,C1800,539648.88
100358,10,2024-01-08,Office,43,1093.67,"$324,856.86",Sold,C1067,324856.86
100363,10,2024-01-08,Apartment,43,1093.67,"$351,969.39",Sold,C0489,351969.39
100364,10,2024-01-08,Apartment,43,1093.67,"$357,710.20",Sold,C1307,357710.2
110013,11,2024-01-08,Apartment,2,938.0,"$280,183.26",Sold,C0867,280183.26
110032,11,2024-01-08,Apartment,4,1414.25,"$499,833.64",Sold,C1037,499833.64
110082,11,2024-01-08,Apartment,10,1519.64,"$469,572.27",Available,,469572.27
110083,11,2024-01-08,Apartment,10,1519.64,"$439,896.91",Sold,C0652,439896.91
110087,11,2024-01-08,Apartment,10,1519.64,"$413,286.53",Sold,C1226,413286.53
110102,11,2024-01-08,Apartment,11,1581.88,"$426,691.03",Sold,C0934,426691.03
110115,11,2024-01-08,Apartment,13,474.93,"$128,668.21",Sold,C1870,128668.21
110118,11,2024-01-08,Apartment,13,474.93,"$138,440.15",Sold,C1510,138440.15
110131,11,2024-01-08,Apartment,14,524.68,"$171,907.93",Sold,C1215,171907.93
110139,11,2024-01-08,Apartment,14,524.68,"$154,877.28",Available,,154877.28
110142,11,2024-01-08,Apartment,14,524.68,"$166,682.58",Sold,C0085,166682.58
110189,11,2024-01-08,Apartment,21,1389.63,"$452,919.18",Sold,C0106,452919.18
110203,11,2024-01-08,Apartment,24,1481.82,"$437,974.40",Sold,C1882,437974.4
110228,11,2024-01-08,Apartment,27,1638.1,"$425,499.05",Sold,C1753,425499.05
110261,11,2024-01-08,Office,31,1232.68,"$351,866.84",Available,,351866.84
110273,11,2024-01-08,Apartment,33,1632.55,"$526,802.73",Sold,C0100,526802.73
110288,11,2024-01-08,Apartment,35,540.82,"$164,387.68",Sold,C1248,164387.68
110294,11,2024-01-08,Apartment,36,1752.38,"$566,711.76",Sold,C1990,566711.76
110309,11,2024-01-08,Apartment,38,788.47,"$252,394.68",Sold,C0098,252394.68
110359,11,2024-01-08,Office,42,808.59,"$284,322.08",Available,,284322.08
110369,11,2024-01-08,Apartment,44,434.38,"$133,955.38",Available,,133955.38
110384,11,2024-01-08,Apartment,44,434.38,"$113,212.24",Sold,C1561,113212.24
110396,11,2024-01-08,Apartment,47,1456.74,"$429,662.41",Sold,C1770,429662.41
110439,11,2024-01-08,Apartment,52,1397.58,"$446,919.96",Sold,C1582,446919.96
110454,11,2024-01-08,Apartment,52,1397.58,"$338,606.44",Sold,C1398,338606.44
110470,11,2024-01-08,Office,56,724.8,"$275,203.33",Sold,C0675,275203.33
110477,11,2024-01-08,Apartment,56,724.8,"$240,507.75",Sold,C1623,240507.75
110500,11,2024-01-08,Apartment,60,1295.04,"$364,614.80",Sold,C1405,364614.8
110501,11,2024-01-08,Apartment,60,1295.04,"$402,637.69",Available,,402637.69
110505,11,2024-01-08,Apartment,60,1295.04,"$390,197.22",Sold,C0205,390197.22
110515,11,2024-01-08,Apartment,61,1299.46,"$371,382.35",Sold,C0196,371382.35
110517,11,2024-01-08,Apartment,61,1299.46,"$325,677.30",Sold,C0475,325677.3
110522,11,2024-01-08,Apartment,62,1938.82,"$608,153.01",Sold,C1914,608153.01
120005,12,2024-01-08,Apartment,1,839.95,"$239,395.32",Sold,C1499,239395.32
120012,12,2024-01-08,Office,2,1285.87,"$316,852.12",Sold,C0081,316852.12
120062,12,2024-01-08,Apartment,8,1803.36,"$569,991.39",Available,,569991.39
120080,12,2024-01-08,Apartment,10,1642.26,"$460,422.98",Available,,460422.98
120082,12,2024-01-08,Apartment,10,1642.26,"$459,833.04",Sold,C0980,459833.04
120086,12,2024-01-08,Apartment,11,1348.81,"$441,469.06",Available,,441469.06
120111,12,2024-01-08,Apartment,14,1369.96,"$360,212.79",Available,,360212.79
120138,12,2024-01-08,Apartment,16,1523.02,"$394,259.83",Available,,394259.83
120167,12,2024-01-08,Apartment,19,1381.22,"$466,289.68",Sold,C1630,466289.68
120169,12,2024-01-08,Apartment,19,1381.22,"$388,642.30",Sold,C1082,388642.3
120250,12,2024-01-08,Apartment,27,871.52,"$267,678.19",Available,,267678.19
120252,12,2024-01-08,Apartment,27,871.52,"$252,330.60",Available,,252330.6
120255,12,2024-01-08,Apartment,27,871.52,"$210,380.12",Sold,C1809,210380.12
120303,12,2024-01-08,Apartment,34,1817.64,"$527,252.15",Sold,C0680,527252.15
120358,12,2024-01-08,Apartment,38,1157.23,"$342,143.75",Sold,C0181,342143.75
130037,13,2024-01-08,Apartment,3,979.64,"$286,118.52",Sold,C0961,286118.52
130050,13,2024-01-08,Apartment,4,1629.74,"$478,684.48",Available,,478684.48
130063,13,2024-01-08,Apartment,6,1240.96,"$390,916.24",Sold,C1284,390916.24
130133,13,2024-01-08,Apartment,15,458.29,"$136,078.52",Sold,C0121,136078.52
130159,13,2024-01-08,Apartment,18,1820.34,"$559,214.04",Available,,559214.04
130215,13,2024-01-08,Apartment,24,1044.69,"$269,707.97",Sold,C1169,269707.97
130231,13,2024-01-08,Apartment,27,885.68,"$288,464.28",Sold,C1953,288464.28
130294,13,2024-01-08,Apartment,33,1445.84,"$487,604.60",Sold,C1657,487604.6
130345,13,2024-01-08,Apartment,38,656.42,"$196,835.54",Sold,C1046,196835.54
130347,13,2024-01-08,Apartment,38,656.42,"$183,622.20",Available,,183622.2
130360,13,2024-01-08,Apartment,40,571.5,"$165,789.26",Sold,C0855,165789.26
130369,13,2024-01-08,Apartment,40,571.5,"$167,979.77",Available,,167979.77
130380,13,2024-01-08,Office,42,1044.42,"$368,709.90",Available,,368709.9
130381,13,2024-01-08,Apartment,42,1044.42,"$303,510.54",Sold,C0494,303510.54
130397,13,2024-01-08,Apartment,44,470.06,"$151,969.10",Sold,C0710,151969.1
130409,13,2024-01-08,Office,46,1098.38,"$389,593.41",Sold,C0393,389593.41
130414,13,2024-01-08,Apartment,47,1874.35,"$547,366.98",Sold,C0261,547366.98
130422,13,2024-01-08,Apartment,47,1874.35,"$561,188.46",Available,,561188.46
130481,13,2024-01-08,Apartment,55,710.41,"$215,193.49",Sold,C0008,215193.49
130509,13,2024-01-08,Apartment,59,1434.04,"$365,230.54",Sold,C1339,365230.54
130519,13,2024-01-08,Apartment,60,1401.81,"$415,905.22",Available,,415905.22
140002,14,2024-01-08,Apartment,1,1750.63,"$491,311.61",Sold,C1662,491311.61
140013,14,2024-01-08,Office,3,645.76,"$214,955.52",Sold,C1177,214955.52
140024,14,2024-01-08,Apartment,5,424.34,"$121,700.70",Sold,C0208,121700.7
140043,14,2024-01-08,Office,7,641.37,"$174,222.31",Sold,C1010,174222.31
140062,14,2024-01-08,Office,8,618.89,"$186,137.23",Available,,186137.23
140080,14,2024-01-08,Apartment,11,1431.42,"$447,757.81",Sold,C1326,447757.81
140105,14,2024-01-08,Apartment,12,459.44,"$139,857.47",Sold,C1033,139857.47
140163,14,2024-01-08,Apartment,17,686.6,"$206,078.02",Sold,C1950,206078.02
140167,14,2024-01-08,Apartment,17,686.6,"$179,985.88",Sold,C1434,179985.88
140205,14,2024-01-08,Apartment,22,1148.66,"$252,705.20",Available,,252705.2
140243,14,2024-01-08,Apartment,27,1866.49,"$490,641.90",Sold,C1260,490641.9
140260,14,2024-01-08,Apartment,29,1618.34,"$493,040.60",Available,,493040.6
140276,14,2024-01-08,Apartment,32,1120.81,"$406,491.67",Sold,C1030,406491.67
140281,14,2024-01-08,Apartment,33,1894.96,"$537,445.29",Sold,C1713,537445.29
140319,14,2024-01-08,Office,38,1170.11,"$399,503.66",Available,,399503.66
140411,14,2024-01-08,Apartment,49,1231.75,"$344,775.72",Sold,C0312,344775.72
140434,14,2024-01-08,Apartment,51,1346.3,"$413,563.21",Sold,C1083,413563.21
140441,14,2024-01-08,Apartment,52,571.74,"$190,085.31",Available,,190085.31
150025,15,2024-01-08,Apartment,3,748.99,"$229,219.76",Sold,C0880,229219.76
150041,15,2024-01-08,Apartment,6,938.57,"$315,848.16",Sold,C1712,315848.16
150067,15,2024-01-08,Apartment,10,1072.95,"$315,265.89",Sold,C1382,315265.89
150166,15,2024-01-08,Apartment,21,1271.25,"$307,847.52",Available,,307847.52
150167,15,2024-01-08,Apartment,21,1271.25,"$436,379.26",Sold,C1947,436379.26
150200,15,2024-01-08,Apartment,23,1279.23,"$356,606.94",Available,,356606.94
150205,15,2024-01-08,Office,24,924.36,"$296,117.51",Available,,296117.51
150227,15,2024-01-08,Apartment,26,961.01,"$292,321.20",Sold,C1846,292321.2
150251,15,2024-01-08,Apartment,30,1523.22,"$335,108.40",Available,,335108.4
150347,15,2024-01-08,Apartment,40,982.37,"$332,218.24",Sold,C1819,332218.24
150374,15,2024-01-08,Apartment,47,1358.77,"$362,372.68",Sold,C1079,362372.68
150379,15,2024-01-08,Apartment,48,1403.33,"$438,050.18",Sold,C0113,438050.18
150386,15,2024-01-08,Apartment,49,460.17,"$110,967.48",Sold,C1488,110967.48
150397,15,2024-01-08,Apartment,50,1841.5,"$565,444.67",Sold,C0747,565444.67
150457,15,2024-01-08,Apartment,55,892.75,"$247,337.57",Sold,C0378,247337.57
150468,15,2024-01-08,Apartment,56,939.93,"$283,283.47",Sold,C1743,283283.47
150509,15,2024-01-08,Apartment,60,1033.2,"$353,140.87",Sold,C0592,353140.87
160063,16,2024-01-08,Apartment,8,986.18,"$290,736.09",Sold,C0650,290736.09
160064,16,2024-01-08,Apartment,8,986.18,"$300,082.74",Sold,C0183,300082.74
160072,16,2024-01-08,Office,9,1524.04,"$398,189.98",Available,,398189.98
160089,16,2024-01-08,Office,10,1608.56,"$512,534.15",Sold,C1801,512534.15
160099,16,2024-01-08,Apartment,11,1288.42,"$398,516.06",Sold,C1296,398516.06
160119,16,2024-01-08,Apartment,13,500.49,"$145,140.27",Sold,C1746,145140.27
160120,16,2024-01-08,Apartment,13,500.49,"$134,618.94",Sold,C0426,134618.94
160123,16,2024-01-08,Apartment,13,500.49,"$138,369.04",Available,,138369.04
160124,16,2024-01-08,Apartment,14,660.84,"$195,270.55",Sold,C1335,195270.55
160132,16,2024-01-08,Apartment,15,1365.29,"$343,967.38",Sold,C1800,343967.38
160147,16,2024-01-08,Apartment,18,1432.77,"$415,439.74",Sold,C0945,415439.74
160181,16,2024-01-08,Office,22,1575.06,"$521,903.27",Available,,521903.27
160204,16,2024-01-08,Apartment,25,853.37,"$284,273.40",Sold,C0318,284273.4
160233,16,2024-01-08,Apartment,28,1440.71,"$387,494.05",Sold,C1626,387494.05
160244,16,2024-01-08,Office,28,1440.71,"$420,981.07",Sold,C0189,420981.07
160260,16,2024-01-08,Apartment,31,1336.97,"$467,065.87",Sold,C0313,467065.87
160291,16,2024-01-08,Apartment,35,629.97,"$190,909.23",Sold,C0718,190909.23
160313,16,2024-01-08,Apartment,37,922.03,"$285,774.24",Sold,C1478,285774.24
160317,16,2024-01-08,Apartment,37,922.03,"$272,780.53",Sold,C0296,272780.53
160333,16,2024-01-08,Apartment,39,1562.93,"$394,524.62",Sold,C1538,394524.62
160340,16,2024-01-08,Office,41,1001.72,"$369,988.32",Sold,C0371,369988.32
160353,16,2024-01-08,Apartment,41,1001.72,"$285,360.69",Sold,C1357,285360.69
160375,16,2024-01-08,Apartment,43,1185.4,"$300,276.81",Sold,C0713,300276.81
160387,16,2024-01-08,Apartment,44,1695.03,"$461,029.16",Sold,C1303,461029.16
170004,17,2024-01-08,Apartment,1,530.28,"$134,038.01",Sold,C0106,134038.01
170006,17,2024-01-08,Office,1,530.28,"$157,263.39",Sold,C1158,157263.39
170008,17,2024-01-08,Apartment,1,530.28,"$146,707.13",Sold,C1959,146707.13
170009,17,2024-01-08,Apartment,1,530.28,"$122,112.70",Sold,C0900,122112.7
170036,17,2024-01-08,Apartment,3,484.72,"$141,290.15",Sold,C0820,141290.15
170056,17,2024-01-08,Apartment,7,1300.91,"$420,451.63",Available,,420451.63
170087,17,2024-01-08,Office,10,1059.07,"$339,839.54",Available,,339839.54
170088,17,2024-01-08,Office,11,596.22,"$183,555.68",Sold,C0892,183555.68
170109,17,2024-01-08,Apartment,13,916.9,"$257,050.56",Sold,C1272,257050.56
170113,17,2024-01-08,Office,13,916.9,"$296,861.39",Available,,296861.39
170143,17,2024-01-08,Apartment,16,1693.0,"$516,518.28",Available,,516518.28
170148,17,2024-01-08,Apartment,16,1693.0,"$476,221.14",Sold,C1056,476221.14
170153,17,2024-01-08,Apartment,16,1693.0,"$472,201.01",Available,,472201.01
170187,17,2024-01-08,Apartment,20,792.27,"$225,004.18",Available,,225004.18
170198,17,2024-01-08,Apartment,22,1221.66,"$337,688.76",Sold,C0669,337688.76
170220,17,2024-01-08,Apartment,26,929.59,"$306,045.09",Sold,C1936,306045.09
170243,17,2024-01-08,Apartment,27,677.24,"$220,091.71",Available,,220091.71
170290,17,2024-01-08,Apartment,35,1667.01,"$551,578.92",Sold,C0875,551578.92
170305,17,2024-01-08,Apartment,38,721.83,"$192,842.11",Available,,192842.11
170334,17,2024-01-08,Apartment,41,1422.93,"$345,739.94",Sold,C1294,345739.94
170342,17,2024-01-08,Office,42,691.03,"$237,824.52",Sold,C1139,237824.52
170356,17,2024-01-08,Apartment,46,1582.61,"$425,505.24",Sold,C0091,425505.24
170364,17,2024-01-08,Office,46,1582.61,"$463,208.89",Sold,C1558,463208.89
170379,17,2024-01-08,Office,47,1106.83,"$345,733.89",Available,,345733.89
170391,17,2024-01-08,Office,48,1833.96,"$658,501.84",Sold,C0708,658501.84
170398,17,2024-01-08,Apartment,48,1833.96,"$654,336.12",Sold,C1922,654336.12
170412,17,2024-01-08,Apartment,48,1833.96,"$554,502.82",Sold,C0873,554502.82
170423,17,2024-01-08,Apartment,49,1283.67,"$296,670.36",Sold,C1317,296670.36
170445,17,2024-01-08,Apartment,51,1375.52,"$374,278.05",Sold,C1596,374278.05
180024,18,2024-01-08,Apartment,3,524.48,"$169,127.84",Available,,169127.84
180070,18,2024-01-08,Apartment,9,894.92,"$290,846.46",Available,,290846.46
180087,18,2024-01-08,Office,12,1692.5,"$537,026.30",Available,,537026.3
180141,18,2024-01-08,Apartment,18,1127.95,"$276,836.97",Sold,C0133,276836.97
180146,18,2024-01-08,Apartment,19,1268.1,"$463,019.11",Sold,C1332,463019.11
180163,18,2024-01-08,Apartment,21,1790.69,"$525,651.46",Sold,C0258,525651.46
180208,18,2024-01-08,Apartment,26,1147.71,"$293,263.17",Sold,C0182,293263.17
180216,18,2024-01-08,Apartment,27,650.82,"$195,055.13",Sold,C0976,195055.13
180238,18,2024-01-08,Apartment,29,578.36,"$179,317.03",Sold,C0254,179317.03
180246,18,2024-01-08,Office,30,1795.66,"$499,388.61",Sold,C0145,499388.61
180277,18,2024-01-08,Apartment,33,1191.96,"$371,990.04",Sold,C1420,371990.04
180289,18,2024-01-08,Apartment,35,799.05,"$279,951.27",Sold,C0203,279951.27
180298,18,2024-01-08,Apartment,36,1089.77,"$341,709.06",Available,,341709.06
180304,18,2024-01-08,Apartment,36,1089.77,"$407,549.02",Available,,407549.02
180310,18,2024-01-08,Office,36,1089.77,"$316,197.42",Available,,316197.42
180319,18,2024-01-08,Office,37,1092.32,"$264,876.66",Sold,C0501,264876.66
180337,18,2024-01-08,Apartment,38,1219.8,"$413,395.19",Available,,413395.19
180353,18,2024-01-08,Apartment,40,990.46,"$314,671.53",Sold,C1727,314671.53
180403,18,2024-01-08,Apartment,45,1627.52,"$546,912.64",Available,,546912.64
180413,18,2024-01-08,Apartment,47,520.85,"$186,191.12",Available,,186191.12
180422,18,2024-01-08,Apartment,48,564.59,"$191,460.18",Available,,191460.18
180438,18,2024-01-08,Office,49,1457.92,"$521,808.80",Sold,C1756,521808.8
180490,18,2024-01-08,Office,54,1756.12,"$562,560.39",Sold,C1302,562560.39
180500,18,2024-01-08,Apartment,55,930.04,"$291,612.26",Sold,C1700,291612.26
180516,18,2024-01-08,Apartment,58,955.23,"$304,588.09",Sold,C0480,304588.09
180527,18,2024-01-08,Apartment,59,1900.58,"$609,119.66",Available,,609119.66
180548,18,2024-01-08,Apartment,62,1330.41,"$396,779.80",Sold,C1212,396779.8
180580,18,2024-01-08,Office,67,1664.17,"$455,695.00",Sold,C0280,455695.0
180584,18,2024-01-08,Apartment,67,1664.17,"$528,551.13",Sold,C0667,528551.13
190003,19,2024-01-08,Apartment,2,1550.33,"$465,588.20",Available,,465588.2
190023,19,2024-01-08,Apartment,4,1225.38,"$412,343.56",Available,,412343.56
190044,19,2024-01-08,Apartment,7,973.6,"$291,591.44",Available,,291591.44
190046,19,2024-01-08,Apartment,8,974.77,"$291,671.99",Sold,C1725,291671.99
190050,19,2024-01-08,Office,8,974.77,"$325,785.51",Sold,C0739,325785.51
190058,19,2024-01-08,Apartment,8,974.77,"$287,361.39",Sold,C1841,287361.39
190084,19,2024-01-08,Apartment,13,766.61,"$249,885.73",Available,,249885.73
190087,19,2024-01-08,Apartment,13,766.61,"$215,063.40",Available,,215063.4
190119,19,2024-01-08,Apartment,16,1711.98,"$578,707.72",Sold,C0593,578707.72
190156,19,2024-01-08,Apartment,20,1772.03,"$621,748.81",Sold,C1535,621748.81
190163,19,2024-01-08,Office,20,1772.03,"$627,200.92",Sold,C0940,627200.92
190192,19,2024-01-08,Apartment,23,1592.45,"$471,923.26",Sold,C1254,471923.26
190193,19,2024-01-08,Office,23,1592.45,"$480,540.62",Sold,C0010,480540.62
190234,19,2024-01-08,Apartment,28,1599.78,"$515,843.73",Sold,C0452,515843.73
190250,19,2024-01-08,Apartment,29,1657.84,"$541,632.06",Sold,C0316,541632.06
190269,19,2024-01-08,Office,31,1089.64,"$325,758.94",Sold,C0791,325758.94
190274,19,2024-01-08,Apartment,31,1089.64,"$300,577.88",Sold,C1787,300577.88
190324,19,2024-01-08,Office,39,1237.04,"$410,805.27",Available,,410805.27
190332,19,2024-01-08,Apartment,40,893.49,"$261,981.89",Available,,261981.89
190346,19,2024-01-08,Apartment,40,893.49,"$287,637.11",Available,,287637.11
190351,19,2024-01-08,Apartment,41,1657.19,"$522,575.71",Sold,C0188,522575.71
190361,19,2024-01-08,Apartment,42,1137.59,"$321,147.34",Available,,321147.34
190374,19,2024-01-08,Apartment,42,1137.59,"$321,042.52",Sold,C1310,321042.52
190430,19,2024-01-08,Apartment,50,1227.01,"$364,302.20",Sold,C1258,364302.2
200006,20,2024-01-08,Apartment,1,1898.39,"$537,290.74",Sold,C1940,537290.74
200011,20,2024-01-08,Apartment,1,1898.39,"$631,978.89",Available,,631978.89
200021,20,2024-01-08,Apartment,2,1669.84,"$523,453.53",Available,,523453.53
200027,20,2024-01-08,Apartment,2,1669.84,"$456,062.20",Available,,456062.2
200077,20,2024-01-08,Apartment,10,1714.22,"$539,502.22",Available,,539502.22
200078,20,2024-01-08,Office,10,1714.22,"$506,626.34",Sold,C0888,506626.34
200122,20,2024-01-08,Office,16,645.44,"$222,102.75",Sold,C0757,222102.75
200123,20,2024-01-08,Apartment,16,645.44,"$214,159.01",Sold,C1466,214159.01
200124,20,2024-01-08,Apartment,16,645.44,"$210,514.61",Sold,C0653,210514.61
200130,20,2024-01-08,Apartment,16,645.44,"$187,628.25",Sold,C1241,187628.25
200183,20,2024-01-08,Apartment,19,759.72,"$219,368.74",Available,,219368.74
200195,20,2024-01-08,Apartment,23,501.48,"$156,439.68",Sold,C0432,156439.68
200198,20,2024-01-08,Apartment,24,1188.07,"$298,840.09",Available,,298840.09
200210,20,2024-01-08,Office,26,1941.62,"$649,429.33",Sold,C1641,649429.33
200231,20,2024-01-08,Apartment,29,1844.16,"$498,763.21",Available,,498763.21
200241,20,2024-01-08,Apartment,30,1703.94,"$520,269.17",Sold,C0387,520269.17
200249,20,2024-01-08,Apartment,30,1703.94,"$457,896.70",Sold,C0913,457896.7
200292,20,2024-01-08,Apartment,32,1630.81,"$491,343.75",Sold,C0860,491343.75
200302,20,2024-01-08,Apartment,33,630.53,"$171,040.21",Sold,C1985,171040.21
200321,20,2024-01-08,Apartment,35,1689.54,"$527,460.48",Available,,527460.48
200383,20,2024-01-08,Apartment,42,811.56,"$270,501.66",Sold,C1402,270501.66
200446,20,2024-01-08,Apartment,50,493.06,"$115,337.65",Sold,C1712,115337.65
200456,20,2024-01-08,Apartment,51,1062.33,"$323,664.25",Sold,C0529,323664.25
200492,20,2024-01-08,Apartment,57,445.15,"$131,530.57",Sold,C1820,131530.57
1017,1,2024-01-09,Apartment,17,1434.09,"$432,679.91",Sold,C0013,432679.91
1031,1,2024-01-09,Apartment,31,782.25,"$265,467.68",Sold,C0111,265467.68
1042,1,2024-01-09,Apartment,42,625.8,"$204,027.09",Sold,C0005,204027.09
2012,2,2024-01-09,Apartment,12,785.48,"$237,207.68",Sold,C0156,237207.68
2054,2,2024-01-09,Apartment,54,1203.29,"$306,363.64",Sold,C0062,306363.64
3024,3,2024-01-09,Apartment,24,1596.35,"$495,570.44",Available,,495570.44
3047,3,2024-01-09,Apartment,47,669.16,"$188,273.73",Sold,C0152,188273.73
3049,3,2024-01-09,Apartment,49,1283.45,"$338,181.18",Sold,C0035,338181.18
5021,5,2024-01-09,Apartment,21,798.28,"$234,750.59",Sold,C0072,234750.59
5032,5,2024-01-09,Apartment,32,1273.55,"$338,472.13",Available,,338472.13
5034,5,2024-01-09,Apartment,34,798.28,"$252,053.03",Sold,C0063,252053.03
5035,5,2024-01-09,Apartment,35,798.28,"$261,742.74",Sold,C0129,261742.74
5038,5,2024-01-09,Apartment,38,1273.55,"$448,574.67",Available,,448574.67
10093,1,2024-01-09,Apartment,13,719.47,"$214,875.44",Available,,214875.44
10125,1,2024-01-09,Apartment,15,765.0,"$194,962.40",Sold,C1825,194962.4
10166,1,2024-01-09,Office,21,1957.16,"$669,332.95",Sold,C0154,669332.95
10169,1,2024-01-09,Office,21,1957.16,"$484,259.13",Sold,C0172,484259.13
10176,1,2024-01-09,Apartment,22,740.83,"$197,115.11",Sold,C0334,197115.11
10181,1,2024-01-09,Apartment,22,740.83,"$243,726.07",Sold,C0200,243726.07
10201,1,2024-01-09,Apartment,24,1146.11,"$357,161.43",Sold,C1472,357161.43
10206,1,2024-01-09,Apartment,24,1146.11,"$333,730.54",Sold,C1461,333730.54
10215,1,2024-01-09,Apartment,25,1154.92,"$357,694.00",Available,,357694.0
10221,1,2024-01-09,Apartment,25,1154.92,"$298,524.77",Sold,C1904,298524.77
10229,1,2024-01-09,Apartment,26,828.98,"$238,250.44",Available,,238250.44
10241,1,2024-01-09,Apartment,28,1946.26,"$560,190.99",Available,,560190.99
10254,1,2024-01-09,Apartment,29,757.2,"$226,296.24",Sold,C1653,226296.24
10268,1,2024-01-09,Apartment,29,757.2,"$216,506.59",Sold,C0950,216506.59
10286,1,2024-01-09,Apartment,30,753.29,"$194,186.18",Sold,C0711,194186.18
10289,1,2024-01-09,Apartment,31,619.78,"$138,775.59",Sold,C1271,138775.59
10318,1,2024-01-09,Apartment,34,1469.14,"$408,958.01",Available,,408958.01
10339,1,2024-01-09,Apartment,36,613.59,"$190,023.11",Sold,C0035,190023.11
10340,1,2024-01-09,Apartment,36,613.59,"$162,561.81",Sold,C1302,162561.81
10342,1,2024-01-09,Apartment,36,613.59,"$181,125.52",Available,,181125.52
10378,1,2024-01-09,Apartment,42,800.21,"$251,143.26",Sold,C1784,251143.26
10383,1,2024-01-09,Apartment,44,779.24,"$193,408.00",Sold,C0179,193408.0
10397,1,2024-01-09,Apartment,46,1153.16,"$315,385.63",Sold,C0453,315385.63
10403,1,2024-01-09,Apartment,46,1153.16,"$327,615.65",Sold,C1890,327615.65
10404,1,2024-01-09,Apartment,46,1153.16,"$350,443.70",Sold,C1100,350443.7
10410,1,2024-01-09,Office,47,771.08,"$269,319.89",Sold,C0698,269319.89
20048,2,2024-01-09,Apartment,5,933.95,"$290,589.28",Sold,C0124,290589.28
20052,2,2024-01-09,Apartment,6,967.84,"$342,436.55",Sold,C1211,342436.55
20068,2,2024-01-09,Apartment,8,715.54,"$200,925.98",Available,,200925.98
20072,2,2024-01-09,Apartment,8,715.54,"$222,122.40",Available,,222122.4
20097,2,2024-01-09,Apartment,11,1625.05,"$467,367.79",Available,,467367.79
20117,2,2024-01-09,Office,14,1296.39,"$471,747.53",Sold,C0807,471747.53
20118,2,2024-01-09,Apartment,15,1603.33,"$510,854.18",Sold,C1883,510854.18
20128,2,2024-01-09,Apartment,15,1603.33,"$510,596.18",Sold,C0710,510596.18
20205,2,2024-01-09,Office,23,1416.33,"$469,252.91",Sold,C0311,469252.91
20207,2,2024-01-09,Apartment,24,785.12,"$258,831.53",Sold,C1519,258831.53
20246,2,2024-01-09,Apartment,27,1211.51,"$324,573.71",Available,,324573.71
20284,2,2024-01-09,Apartment,33,931.4,"$236,340.44",Sold,C0547,236340.44
20307,2,2024-01-09,Apartment,36,641.72,"$174,905.89",Sold,C1124,174905.89
20332,2,2024-01-09,Apartment,40,1599.45,"$449,085.55",Sold,C1218,449085.55
20350,2,2024-01-09,Apartment,42,786.45,"$285,608.10",Sold,C1991,285608.1
20403,2,2024-01-09,Apartment,47,708.32,"$227,037.41",Sold,C0848,227037.41
20449,2,2024-01-09,Office,52,914.01,"$253,110.20",Sold,C1407,253110.2
20480,2,2024-01-09,Apartment,55,579.26,"$177,044.70",Sold,C1773,177044.7
20488,2,2024-01-09,Office,57,789.52,"$214,333.55",Available,,214333.55
30010,3,2024-01-09,Apartment,1,689.75,"$199,404.41",Available,,199404.41
30024,3,2024-01-09,Apartment,2,672.64,"$225,149.08",Sold,C1509,225149.08
30067,3,2024-01-09,Apartment,7,744.01,"$222,946.88",Sold,C1673,222946.88
30095,3,2024-01-09,Apartment,9,1125.84,"$288,325.95",Available,,288325.95
30103,3,2024-01-09,Apartment,10,784.09,"$199,634.30",Available,,199634.3
30125,3,2024-01-09,Apartment,11,1283.1,"$386,247.15",Sold,C0432,386247.15
30133,3,2024-01-09,Apartment,12,657.47,"$199,816.53",Sold,C1095,199816.53
30151,3,2024-01-09,Apartment,16,1587.26,"$561,242.82",Sold,C0239,561242.82
30157,3,2024-01-09,Apartment,18,706.68,"$222,032.52",Sold,C1781,222032.52
30164,3,2024-01-09,Apartment,18,706.68,"$220,806.64",Sold,C0361,220806.64
30212,3,2024-01-09,Apartment,24,776.04,"$259,304.05",Sold,C1868,259304.05
30229,3,2024-01-09,Apartment,26,923.9,"$294,213.22",Sold,C1926,294213.22
30235,3,2024-01-09,Apartment,27,1117.14,"$331,425.23",Sold,C1721,331425.23
30241,3,2024-01-09,Apartment,27,1117.14,"$318,660.06",Available,,318660.06
30243,3,2024-01-09,Office,28,679.93,"$242,053.92",Available,,242053.92
30271,3,2024-01-09,Apartment,30,796.57,"$218,357.69",Sold,C1786,218357.69
30275,3,2024-01-09,Apartment,30,796.57,"$243,603.83",Sold,C0751,243603.83
30282,3,2024-01-09,Apartment,33,683.33,"$231,932.27",Sold,C1282,231932.27
30285,3,2024-01-09,Apartment,34,768.76,"$266,133.71",Sold,C0028,266133.71
30322,3,2024-01-09,Apartment,39,1598.95,"$446,265.37",Sold,C1955,446265.37
30324,3,2024-01-09,Apartment,40,678.71,"$188,578.82",Sold,C1957,188578.82
30326,3,2024-01-09,Apartment,40,678.71,"$204,319.70",Sold,C1750,204319.7
30332,3,2024-01-09,Apartment,40,678.71,"$173,400.82",Available,,173400.82
30341,3,2024-01-09,Apartment,41,965.5,"$282,714.64",Sold,C1656,282714.64
30353,3,2024-01-09,Apartment,43,928.43,"$250,208.08",Sold,C0852,250208.08
30357,3,2024-01-09,Apartment,44,673.86,"$215,993.99",Sold,C0180,215993.99
30358,3,2024-01-09,Apartment,44,673.86,"$206,911.50",Sold,C0199,206911.5
30391,3,2024-01-09,Office,48,783.39,"$295,212.95",Sold,C1419,295212.95
30395,3,2024-01-09,Apartment,48,783.39,"$211,107.79",Available,,211107.79
30398,3,2024-01-09,Apartment,49,1174.48,"$345,694.12",Sold,C1210,345694.12
30441,3,2024-01-09,Apartment,51,693.85,"$172,998.05",Sold,C1387,172998.05
40013,4,2024-01-09,Apartment,2,1620.07,"$474,177.38",Sold,C1647,474177.38
40075,4,2024-01-09,Apartment,10,1614.62,"$503,108.67",Sold,C0759,503108.67
40122,4,2024-01-09,Apartment,14,1322.66,"$428,558.17",Sold,C0620,428558.17
40148,4,2024-01-09,Office,18,1294.91,"$409,266.01",Sold,C0386,409266.01
40182,4,2024-01-09,Apartment,22,737.92,"$236,557.17",Sold,C0420,236557.17
40211,4,2024-01-09,Apartment,26,790.05,"$270,084.21",Sold,C0801,270084.21
40295,4,2024-01-09,Apartment,34,795.1,"$273,177.97",Sold,C1204,273177.97
40304,4,2024-01-09,Apartment,36,736.77,"$208,529.56",Sold,C0416,208529.56
40361,4,2024-01-09,Apartment,43,1616.99,"$564,033.78",Sold,C1895,564033.78
40379,4,2024-01-09,Apartment,45,1160.48,"$375,334.56",Available,,375334.56
40385,4,2024-01-09,Apartment,45,1160.48,"$376,005.15",Sold,C0194,376005.15
40407,4,2024-01-09,Apartment,46,800.23,"$224,651.58",Sold,C1857,224651.58
40409,4,2024-01-09,Apartment,47,805.88,"$219,069.86",Sold,C1396,219069.86
40436,4,2024-01-09,Office,51,802.11,"$281,964.37",Sold,C1865,281964.37
50005,5,2024-01-09,Apartment,2,795.91,"$256,829.42",Sold,C1091,256829.42
50009,5,2024-01-09,Apartment,2,795.91,"$237,033.66",Sold,C0931,237033.66
50039,5,2024-01-09,Apartment,8,782.15,"$258,168.24",Sold,C1067,258168.24
50085,5,2024-01-09,Apartment,11,1058.56,"$311,827.97",Sold,C0468,311827.97
50110,5,2024-01-09,Apartment,13,791.13,"$278,539.81",Sold,C1320,278539.81
50133,5,2024-01-09,Apartment,17,798.74,"$249,689.04",Sold,C0189,249689.04
50148,5,2024-01-09,Apartment,19,819.72,"$242,140.66",Sold,C0313,242140.66
50158,5,2024-01-09,Apartment,22,1059.78,"$295,506.38",Sold,C1148,295506.38
50182,5,2024-01-09,Apartment,23,1006.65,"$236,109.63",Sold,C0967,236109.63
50245,5,2024-01-09,Apartment,32,1051.39,"$294,558.36",Sold,C1106,294558.36
50251,5,2024-01-09,Apartment,33,1787.13,"$533,390.74",Sold,C0207,533390.74
50281,5,2024-01-09,Apartment,36,627.56,"$213,990.68",Sold,C0238,213990.68
50285,5,2024-01-09,Apartment,36,627.56,"$201,970.13",Available,,201970.13
50299,5,2024-01-09,Apartment,40,1053.41,"$281,442.76",Available,,281442.76
50334,5,2024-01-09,Apartment,43,802.72,"$254,694.60",Sold,C0352,254694.6
50363,5,2024-01-09,Apartment,44,806.03,"$218,646.74",Sold,C1018,218646.74
50364,5,2024-01-09,Apartment,44,806.03,"$239,939.60",Available,,239939.6
50387,5,2024-01-09,Office,46,1272.95,"$483,565.19",Sold,C0287,483565.19
50403,5,2024-01-09,Apartment,47,1241.14,"$384,719.50",Sold,C0557,384719.5
50418,5,2024-01-09,Apartment,48,788.04,"$247,655.06",Sold,C0506,247655.06
50424,5,2024-01-09,Apartment,48,788.04,"$246,317.94",Sold,C0167,246317.94
50427,5,2024-01-09,Apartment,49,795.75,"$228,567.85",Sold,C1118,228567.85
60009,6,2024-01-09,Apartment,1,1720.95,"$542,533.89",Sold,C1872,542533.89
60026,6,2024-01-09,Apartment,2,1338.63,"$388,031.05",Sold,C0277,388031.05
60033,6,2024-01-09,Apartment,3,605.21,"$170,201.06",Sold,C0850,170201.06
60050,6,2024-01-09,Office,4,1925.28,"$720,719.85",Sold,C1807,720719.85
60082,6,2024-01-09,Apartment,7,1075.42,"$334,313.56",Sold,C1093,334313.56
60092,6,2024-01-09,Apartment,7,1075.42,"$343,401.00",Sold,C0975,343401.0
60094,6,2024-01-09,Apartment,7,1075.42,"$296,292.91",Sold,C0448,296292.91
60095,6,2024-01-09,Office,7,1075.42,"$308,722.73",Sold,C0248,308722.73
60107,6,2024-01-09,Apartment,9,1194.12,"$377,530.79",Available,,377530.79
60182,6,2024-01-09,Apartment,16,1687.92,"$478,671.87",Available,,478671.87
60184,6,2024-01-09,Apartment,16,1687.92,"$510,876.28",Sold,C0725,510876.28
60224,6,2024-01-09,Apartment,20,1897.17,"$597,196.58",Available,,597196.58
60267,6,2024-01-09,Office,28,1723.12,"$544,042.09",Sold,C0333,544042.09
60321,6,2024-01-09,Office,35,999.85,"$272,816.91",Sold,C0482,272816.91
60328,6,2024-01-09,Apartment,37,1721.96,"$575,027.48",Available,,575027.48
60348,6,2024-01-09,Office,39,744.54,"$227,687.32",Sold,C0240,227687.32
60353,6,2024-01-09,Apartment,40,1640.68,"$438,270.08",Sold,C0944,438270.08
60376,6,2024-01-09,Apartment,43,1492.81,"$401,408.97",Sold,C1544,401408.97
60386,6,2024-01-09,Apartment,44,842.69,"$250,469.75",Available,,250469.75
60415,6,2024-01-09,Apartment,50,1579.99,"$433,524.31",Sold,C1978,433524.31
60427,6,2024-01-09,Apartment,51,1476.63,"$434,102.29",Sold,C0702,434102.29
60433,6,2024-01-09,Apartment,51,1476.63,"$410,494.81",Available,,410494.81
60461,6,2024-01-09,Apartment,53,1170.96,"$376,525.86",Sold,C1809,376525.86
60470,6,2024-01-09,Apartment,55,562.37,"$153,159.21",Available,,153159.21
70061,7,2024-01-09,Apartment,10,1495.37,"$399,023.14",Available,,399023.14
70085,7,2024-01-09,Apartment,12,804.65,"$210,426.14",Sold,C1105,210426.14
70109,7,2024-01-09,Apartment,14,714.65,"$248,239.89",Sold,C0444,248239.89
70131,7,2024-01-09,Apartment,16,1239.87,"$402,393.19",Sold,C0603,402393.19
70165,7,2024-01-09,Apartment,19,751.07,"$191,303.17",Sold,C1900,191303.17
70169,7,2024-01-09,Apartment,19,751.07,"$235,505.29",Sold,C1403,235505.29
70212,7,2024-01-09,Apartment,23,1222.69,"$353,560.25",Sold,C0032,353560.25
70286,7,2024-01-09,Office,34,1487.05,"$508,149.11",Sold,C1368,508149.11
70290,7,2024-01-09,Apartment,35,613.21,"$182,415.09",Sold,C0474,182415.09
70321,7,2024-01-09,Apartment,38,1755.26,"$512,122.41",Sold,C1161,512122.41
70331,7,2024-01-09,Apartment,39,1298.32,"$375,792.14",Sold,C1364,375792.14
70346,7,2024-01-09,Office,41,1093.92,"$351,068.04",Sold,C0493,351068.04
70395,7,2024-01-09,Office,45,1150.93,"$330,795.27",Available,,330795.27
70399,7,2024-01-09,Apartment,46,1677.84,"$481,355.10",Sold,C0623,481355.1
70403,7,2024-01-09,Office,47,1033.08,"$366,308.72",Sold,C0390,366308.72
70422,7,2024-01-09,Apartment,49,1383.05,"$426,442.43",Sold,C0015,426442.43
80039,8,2024-01-09,Apartment,5,887.23,"$238,037.76",Available,,238037.76
80056,8,2024-01-09,Apartment,5,887.23,"$280,450.33",Sold,C1593,280450.33
80058,8,2024-01-09,Office,6,1370.17,"$367,368.12",Sold,C1481,367368.12
80078,8,2024-01-09,Apartment,9,1869.81,"$530,985.40",Sold,C1042,530985.4
80113,8,2024-01-09,Apartment,14,685.93,"$182,835.19",Available,,182835.19
80131,8,2024-01-09,Apartment,16,424.09,"$131,552.38",Available,,131552.38
80150,8,2024-01-09,Apartment,19,865.63,"$265,389.17",Available,,265389.17
80151,8,2024-01-09,Apartment,19,865.63,"$252,615.77",Available,,252615.77
80169,8,2024-01-09,Apartment,22,1495.57,"$436,572.80",Sold,C1120,436572.8
80191,8,2024-01-09,Apartment,26,1625.38,"$572,288.70",Available,,572288.7
80215,8,2024-01-09,Apartment,29,1848.51,"$604,532.80",Sold,C0562,604532.8
80302,8,2024-01-09,Office,34,1684.75,"$486,694.78",Sold,C1395,486694.78
80309,8,2024-01-09,Apartment,36,673.86,"$198,662.43",Sold,C0826,198662.43
80324,8,2024-01-09,Office,37,890.65,"$243,462.74",Sold,C0179,243462.74
80334,8,2024-01-09,Apartment,37,890.65,"$293,037.28",Sold,C1473,293037.28
80340,8,2024-01-09,Apartment,37,890.65,"$272,906.21",Available,,272906.21
80347,8,2024-01-09,Office,39,1290.89,"$417,333.06",Sold,C0175,417333.06
80358,8,2024-01-09,Apartment,43,1490.59,"$515,685.12",Available,,515685.12
80370,8,2024-01-09,Apartment,44,1862.29,"$480,379.75",Sold,C0438,480379.75
80388,8,2024-01-09,Apartment,46,1175.51,"$275,770.45",Sold,C1692,275770.45
80397,8,2024-01-09,Office,46,1175.51,"$352,324.96",Available,,352324.96
80403,8,2024-01-09,Apartment,46,1175.51,"$347,487.04",Available,,347487.04
80413,8,2024-01-09,Apartment,47,543.08,"$174,551.95",Sold,C1950,174551.95
80426,8,2024-01-09,Apartment,49,1081.0,"$344,999.81",Available,,344999.81
80440,8,2024-01-09,Office,52,559.73,"$168,349.69",Sold,C1997,168349.69
80447,8,2024-01-09,Apartment,53,1891.72,"$601,608.38",Sold,C1509,601608.38
80448,8,2024-01-09,Office,53,1891.72,"$456,114.72",Sold,C0966,456114.72
80452,8,2024-01-09,Office,53,1891.72,"$715,271.16",Available,,715271.16
80455,8,2024-01-09,Apartment,54,1699.02,"$514,096.93",Sold,C0211,514096.93
80492,8,2024-01-09,Apartment,57,1949.35,"$547,966.21",Available,,547966.21
90002,9,2024-01-09,Apartment,1,832.35,"$269,152.80",Available,,269152.8
90014,9,2024-01-09,Apartment,2,481.55,"$166,515.01",Sold,C1195,166515.01
90016,9,2024-01-09,Apartment,3,1577.09,"$474,208.49",Sold,C1822,474208.49
90019,9,2024-01-09,Apartment,4,1139.87,"$325,905.90",Available,,325905.9
90085,9,2024-01-09,Apartment,14,1445.3,"$439,795.30",Available,,439795.3
90116,9,2024-01-09,Apartment,17,1481.32,"$443,365.72",Sold,C1044,443365.72
90122,9,2024-01-09,Apartment,18,860.97,"$220,007.41",Sold,C1028,220007.41
90151,9,2024-01-09,Apartment,24,914.61,"$269,296.29",Sold,C0754,269296.29
90181,9,2024-01-09,Apartment,27,1207.33,"$299,244.24",Sold,C0751,299244.24
90183,9,2024-01-09,Apartment,27,1207.33,"$363,263.79",Sold,C0312,363263.79
90192,9,2024-01-09,Apartment,28,1931.82,"$530,069.18",Sold,C1413,530069.18
90213,9,2024-01-09,Apartment,31,1052.27,"$318,001.46",Sold,C0898,318001.46
90217,9,2024-01-09,Apartment,31,1052.27,"$328,063.42",Sold,C1402,328063.42
90227,9,2024-01-09,Apartment,33,973.52,"$266,823.90",Sold,C1866,266823.9
90234,9,2024-01-09,Apartment,33,973.52,"$342,414.51",Sold,C0834,342414.51
90271,9,2024-01-09,Apartment,35,1376.88,"$392,258.56",Sold,C1447,392258.56
90272,9,2024-01-09,Apartment,35,1376.88,"$361,473.36",Available,,361473.36
90300,9,2024-01-09,Office,37,731.44,"$221,099.86",Sold,C0842,221099.86
90313,9,2024-01-09,Apartment,38,1260.31,"$343,641.50",Available,,343641.5
90320,9,2024-01-09,Apartment,38,1260.31,"$324,641.18",Available,,324641.18
90322,9,2024-01-09,Apartment,38,1260.31,"$371,715.86",Available,,371715.86
90400,9,2024-01-09,Apartment,48,1264.94,"$388,635.18",Sold,C0039,388635.18
90409,9,2024-01-09,Apartment,52,1126.02,"$338,497.95",Sold,C1143,338497.95
90435,9,2024-01-09,Apartment,56,1516.4,"$429,024.15",Sold,C0417,429024.15
90453,9,2024-01-09,Apartment,56,1516.4,"$395,043.14",Sold,C1833,395043.14
90466,9,2024-01-09,Apartment,57,1198.57,"$397,171.33",Sold,C0382,397171.33
90478,9,2024-01-09,Office,58,838.34,"$253,598.92",Available,,253598.92
90502,9,2024-01-09,Apartment,58,838.34,"$199,667.31",Sold,C0380,199667.31
90510,9,2024-01-09,Apartment,58,838.34,"$226,861.20",Sold,C1049,226861.2
100060,10,2024-01-09,Apartment,7,1628.71,"$462,676.04",Sold,C1678,462676.04
100063,10,2024-01-09,Apartment,8,1054.86,"$275,862.16",Sold,C0434,275862.16
100073,10,2024-01-09,Apartment,9,1849.4,"$562,973.82",Available,,562973.82
100118,10,2024-01-09,Apartment,15,1948.32,"$597,112.10",Available,,597112.1
100191,10,2024-01-09,Apartment,26,1294.85,"$398,571.59",Sold,C0895,398571.59
100193,10,2024-01-09,Apartment,26,1294.85,"$358,860.18",Sold,C1748,358860.18
100200,10,2024-01-09,Apartment,26,1294.85,"$365,163.25",Sold,C1881,365163.25
100213,10,2024-01-09,Apartment,27,777.35,"$209,156.78",Available,,209156.78
100404,10,2024-01-09,Office,47,1047.27,"$340,376.82",Sold,C1383,340376.82
100430,10,2024-01-09,Apartment,50,1138.32,"$399,036.98",Available,,399036.98
110003,11,2024-01-09,Apartment,1,1902.88,"$589,917.02",Available,,589917.02
110006,11,2024-01-09,Apartment,1,1902.88,"$506,351.81",Sold,C1626,506351.81
110023,11,2024-01-09,Apartment,3,1479.84,"$330,692.17",Available,,330692.17
110040,11,2024-01-09,Apartment,5,1723.2,"$523,867.62",Sold,C1148,523867.62
110095,11,2024-01-09,Apartment,10,1519.64,"$459,717.65",Sold,C0250,459717.65
110098,11,2024-01-09,Office,10,1519.64,"$536,079.52",Sold,C0269,536079.52
110113,11,2024-01-09,Apartment,13,474.93,"$134,678.51",Sold,C0786,134678.51
110114,11,2024-01-09,Apartment,13,474.93,"$134,382.93",Sold,C1006,134382.93
110133,11,2024-01-09,Office,14,524.68,"$140,446.79",Sold,C1240,140446.79
110150,11,2024-01-09,Apartment,15,1385.68,"$416,006.53",Available,,416006.53
110172,11,2024-01-09,Apartment,18,1562.55,"$462,127.71",Sold,C0505,462127.71
110178,11,2024-01-09,Apartment,19,1083.98,"$303,491.24",Sold,C0150,303491.24
110188,11,2024-01-09,Apartment,21,1389.63,"$358,380.74",Sold,C1587,358380.74
110208,11,2024-01-09,Office,24,1481.82,"$508,281.75",Sold,C0984,508281.75
110219,11,2024-01-09,Apartment,26,490.37,"$120,305.09",Sold,C1147,120305.09
110245,11,2024-01-09,Apartment,29,993.51,"$262,278.10",Sold,C0722,262278.1
110279,11,2024-01-09,Apartment,34,680.07,"$199,052.69",Sold,C1612,199052.69
110293,11,2024-01-09,Apartment,36,1752.38,"$466,423.54",Available,,466423.54
110301,11,2024-01-09,Office,37,1368.16,"$413,388.42",Sold,C0506,413388.42
110313,11,2024-01-09,Apartment,38,788.47,"$252,616.68",Available,,252616.68
110331,11,2024-01-09,Office,40,638.97,"$210,197.64",Available,,210197.64
110346,11,2024-01-09,Apartment,42,808.59,"$246,241.40",Sold,C0672,246241.4
110360,11,2024-01-09,Apartment,42,808.59,"$253,485.23",Sold,C1025,253485.23
110372,11,2024-01-09,Apartment,44,434.38,"$128,315.89",Sold,C0850,128315.89
110383,11,2024-01-09,Office,44,434.38,"$138,741.01",Sold,C1726,138741.01
110414,11,2024-01-09,Apartment,49,1095.85,"$332,452.89",Sold,C1040,332452.89
110444,11,2024-01-09,Apartment,52,1397.58,"$419,816.08",Sold,C1586,419816.08
110456,11,2024-01-09,Apartment,52,1397.58,"$477,602.23",Sold,C1757,477602.23
110468,11,2024-01-09,Apartment,56,724.8,"$216,903.45",Sold,C0162,216903.45
110539,11,2024-01-09,Apartment,62,1938.82,"$641,498.15",Sold,C0723,641498.15
120020,12,2024-01-09,Apartment,2,1285.87,"$400,405.25",Sold,C1994,400405.25
120044,12,2024-01-09,Apartment,4,1559.34,"$441,130.90",Sold,C0569,441130.9
120046,12,2024-01-09,Office,4,1559.34,"$486,619.23",Sold,C0635,486619.23
120058,12,2024-01-09,Apartment,6,1347.8,"$353,301.13",Sold,C1197,353301.13
120081,12,2024-01-09,Apartment,10,1642.26,"$468,287.27",Available,,468287.27
120109,12,2024-01-09,Apartment,14,1369.96,"$383,706.79",Sold,C0549,383706.79
120121,12,2024-01-09,Apartment,14,1369.96,"$430,268.83",Sold,C1633,430268.83
120144,12,2024-01-09,Apartment,16,1523.02,"$572,824.93",Sold,C1896,572824.93
120181,12,2024-01-09,Apartment,20,1802.21,"$526,217.19",Sold,C0176,526217.19
120218,12,2024-01-09,Apartment,24,1306.75,"$411,169.25",Sold,C1916,411169.25
120222,12,2024-01-09,Apartment,24,1306.75,"$334,327.68",Sold,C1960,334327.68
120269,12,2024-01-09,Apartment,29,688.73,"$194,179.75",Sold,C1572,194179.75
120273,12,2024-01-09,Apartment,29,688.73,"$170,058.93",Sold,C0758,170058.93
120294,12,2024-01-09,Office,33,1232.2,"$317,233.27",Sold,C0138,317233.27
120299,12,2024-01-09,Apartment,33,1232.2,"$337,025.56",Sold,C0590,337025.56
120307,12,2024-01-09,Office,34,1817.64,"$505,553.38",Sold,C0656,505553.38
120340,12,2024-01-09,Apartment,37,1681.78,"$486,871.86",Sold,C1105,486871.86
120347,12,2024-01-09,Apartment,38,1157.23,"$345,793.55",Available,,345793.55
120355,12,2024-01-09,Apartment,38,1157.23,"$348,940.18",Sold,C0916,348940.18
120371,12,2024-01-09,Office,38,1157.23,"$387,130.78",Sold,C0260,387130.78
130027,13,2024-01-09,Apartment,2,1651.02,"$513,568.69",Available,,513568.69
130112,13,2024-01-09,Apartment,14,777.75,"$227,170.01",Available,,227170.01
130118,13,2024-01-09,Apartment,14,777.75,"$209,154.91",Available,,209154.91
130139,13,2024-01-09,Apartment,16,1772.88,"$560,683.85",Sold,C1236,560683.85
130176,13,2024-01-09,Apartment,20,516.72,"$160,691.77",Available,,160691.77
130180,13,2024-01-09,Office,20,516.72,"$168,771.25",Sold,C1898,168771.25
130254,13,2024-01-09,Apartment,30,1777.51,"$516,854.25",Available,,516854.25
130298,13,2024-01-09,Apartment,33,1445.84,"$372,390.00",Available,,372390.0
130320,13,2024-01-09,Apartment,35,1867.34,"$479,094.82",Available,,479094.82
130399,13,2024-01-09,Apartment,45,986.91,"$295,710.16",Sold,C1660,295710.16
130431,13,2024-01-09,Apartment,47,1874.35,"$533,912.15",Available,,533912.15
130437,13,2024-01-09,Apartment,48,1728.84,"$589,085.76",Sold,C0911,589085.76
130444,13,2024-01-09,Apartment,49,572.01,"$177,039.39",Sold,C1168,177039.39
130456,13,2024-01-09,Apartment,52,1916.1,"$555,693.16",Sold,C0422,555693.16
130583,13,2024-01-09,Apartment,67,524.97,"$180,138.19",Sold,C1144,180138.19
130588,13,2024-01-09,Apartment,68,1590.69,"$446,439.12",Sold,C1050,446439.12
130600,13,2024-01-09,Office,70,750.41,"$228,107.58",Sold,C1084,228107.58
140022,14,2024-01-09,Apartment,4,1797.81,"$417,894.67",Sold,C0099,417894.67
140023,14,2024-01-09,Apartment,4,1797.81,"$505,490.44",Sold,C1021,505490.44
140042,14,2024-01-09,Apartment,7,641.37,"$213,442.59",Sold,C0284,213442.59
140052,14,2024-01-09,Apartment,8,618.89,"$181,142.80",Available,,181142.8
140059,14,2024-01-09,Apartment,8,618.89,"$196,546.06",Sold,C1393,196546.06
140072,14,2024-01-09,Apartment,9,803.5,"$252,053.95",Sold,C0166,252053.95
140096,14,2024-01-09,Apartment,12,459.44,"$131,895.39",Available,,131895.39
140099,14,2024-01-09,Apartment,12,459.44,"$157,957.15",Sold,C0709,157957.15
140124,14,2024-01-09,Apartment,13,442.74,"$126,226.53",Sold,C1843,126226.53
140159,14,2024-01-09,Apartment,17,686.6,"$187,049.47",Sold,C1350,187049.47
140172,14,2024-01-09,Apartment,17,686.6,"$198,304.68",Sold,C0971,198304.68
140183,14,2024-01-09,Apartment,20,1224.91,"$427,733.57",Available,,427733.57
140187,14,2024-01-09,Apartment,21,1560.87,"$460,286.44",Sold,C1509,460286.44
140193,14,2024-01-09,Apartment,21,1560.87,"$515,792.81",Sold,C0954,515792.81
140221,14,2024-01-09,Apartment,23,1610.37,"$531,001.25",Sold,C0871,531001.25
140233,14,2024-01-09,Apartment,25,586.85,"$221,244.15",Available,,221244.15
140289,14,2024-01-09,Apartment,33,1894.96,"$589,905.02",Sold,C0057,589905.02
140299,14,2024-01-09,Apartment,34,513.06,"$140,627.96",Sold,C1157,140627.96
140371,14,2024-01-09,Apartment,45,1388.61,"$430,285.43",Sold,C1979,430285.43
140378,14,2024-01-09,Apartment,46,1258.99,"$414,231.95",Available,,414231.95
140413,14,2024-01-09,Apartment,49,1231.75,"$336,122.59",Sold,C1282,336122.59
140415,14,2024-01-09,Office,50,1114.18,"$312,264.34",Sold,C0201,312264.34
140416,14,2024-01-09,Apartment,51,1346.3,"$366,752.40",Sold,C0992,366752.4
140431,14,2024-01-09,Office,51,1346.3,"$468,906.08",Sold,C0721,468906.08
140439,14,2024-01-09,Apartment,52,571.74,"$192,674.34",Sold,C1533,192674.34
150072,15,2024-01-09,Apartment,10,1072.95,"$347,392.69",Sold,C1644,347392.69
150097,15,2024-01-09,Apartment,15,522.71,"$129,756.46",Sold,C0904,129756.46
150102,15,2024-01-09,Apartment,15,522.71,"$130,733.10",Sold,C1237,130733.1
150111,15,2024-01-09,Apartment,15,522.71,"$140,473.51",Available,,140473.51
150127,15,2024-01-09,Apartment,17,562.64,"$143,613.32",Sold,C0508,143613.32
150148,15,2024-01-09,Apartment,18,567.74,"$173,118.91",Available,,173118.91
150158,15,2024-01-09,Apartment,21,1271.25,"$440,284.74",Available,,440284.74
150160,15,2024-01-09,Apartment,21,1271.25,"$364,815.37",Available,,364815.37
150174,15,2024-01-09,Apartment,22,1317.29,"$383,499.34",Sold,C0491,383499.34
150197,15,2024-01-09,Apartment,23,1279.23,"$380,519.67",Sold,C1070,380519.67
150198,15,2024-01-09,Apartment,23,1279.23,"$422,521.03",Available,,422521.03
150202,15,2024-01-09,Apartment,23,1279.23,"$387,513.74",Sold,C1754,387513.74
150211,15,2024-01-09,Office,24,924.36,"$296,231.36",Sold,C1935,296231.36
150228,15,2024-01-09,Apartment,26,961.01,"$265,442.27",Sold,C1717,265442.27
150258,15,2024-01-09,Apartment,30,1523.22,"$482,341.23",Sold,C1705,482341.23
150266,15,2024-01-09,Apartment,31,1901.65,"$605,700.56",Sold,C0759,605700.56
150275,15,2024-01-09,Apartment,33,958.02,"$280,402.30",Sold,C1511,280402.3
150277,15,2024-01-09,Apartment,34,1304.22,"$380,745.79",Sold,C1107,380745.79
150288,15,2024-01-09,Office,35,745.49,"$201,555.86",Sold,C0734,201555.86
150295,15,2024-01-09,Apartment,35,745.49,"$258,549.13",Sold,C1038,258549.13
150296,15,2024-01-09,Office,35,745.49,"$228,194.83",Sold,C0744,228194.83
150298,15,2024-01-09,Apartment,35,745.49,"$220,021.95",Available,,220021.95
150326,15,2024-01-09,Apartment,38,585.57,"$220,589.57",Available,,220589.57
150364,15,2024-01-09,Office,44,1713.09,"$501,738.52",Sold,C1678,501738.52
150382,15,2024-01-09,Apartment,48,1403.33,"$466,695.89",Available,,466695.89
150388,15,2024-01-09,Apartment,49,460.17,"$141,835.85",Sold,C0329,141835.85
150403,15,2024-01-09,Apartment,50,1841.5,"$571,066.07",Sold,C0801,571066.07
150414,15,2024-01-09,Apartment,52,829.2,"$232,663.21",Sold,C1504,232663.21
150504,15,2024-01-09,Apartment,60,1033.2,"$306,376.09",Available,,306376.09
160002,16,2024-01-09,Apartment,1,637.07,"$167,175.36",Sold,C1629,167175.36
160027,16,2024-01-09,Apartment,4,1561.55,"$517,834.79",Sold,C1965,517834.79
160039,16,2024-01-09,Apartment,5,749.15,"$232,301.46",Sold,C0568,232301.46
160060,16,2024-01-09,Apartment,8,986.18,"$319,446.65",Available,,319446.65
160074,16,2024-01-09,Apartment,9,1524.04,"$432,933.76",Available,,432933.76
160079,16,2024-01-09,Apartment,9,1524.04,"$386,429.67",Sold,C0324,386429.67
160170,16,2024-01-09,Office,21,837.95,"$242,156.78",Sold,C0678,242156.78
160174,16,2024-01-09,Apartment,21,837.95,"$288,299.66",Sold,C1377,288299.66
160178,16,2024-01-09,Apartment,22,1575.06,"$521,067.94",Sold,C0424,521067.94
160180,16,2024-01-09,Apartment,22,1575.06,"$458,308.65",Sold,C1514,458308.65
160210,16,2024-01-09,Office,26,1458.08,"$404,116.95",Sold,C0943,404116.95
160232,16,2024-01-09,Office,28,1440.71,"$364,460.23",Sold,C0804,364460.23
160235,16,2024-01-09,Apartment,28,1440.71,"$428,520.04",Sold,C0809,428520.04
160241,16,2024-01-09,Apartment,28,1440.71,"$451,278.03",Available,,451278.03
160259,16,2024-01-09,Office,31,1336.97,"$385,027.41",Sold,C1037,385027.41
160278,16,2024-01-09,Apartment,33,881.17,"$237,480.92",Available,,237480.92
160280,16,2024-01-09,Apartment,33,881.17,"$273,162.10",Available,,273162.1
160310,16,2024-01-09,Apartment,36,810.94,"$216,206.13",Sold,C1179,216206.13
160325,16,2024-01-09,Apartment,38,431.83,"$120,848.55",Available,,120848.55
160356,16,2024-01-09,Apartment,41,1001.72,"$298,750.15",Sold,C0536,298750.15
160377,16,2024-01-09,Apartment,43,1185.4,"$401,540.54",Sold,C0505,401540.54
160384,16,2024-01-09,Apartment,44,1695.03,"$503,790.55",Sold,C1905,503790.55
160388,16,2024-01-09,Office,45,1653.49,"$586,280.09",Available,,586280.09
170003,17,2024-01-09,Apartment,1,530.28,"$177,408.39",Sold,C1587,177408.39
170074,17,2024-01-09,Apartment,10,1059.07,"$285,091.79",Sold,C0381,285091.79
170107,17,2024-01-09,Apartment,13,916.9,"$291,793.40",Sold,C0983,291793.4
170124,17,2024-01-09,Apartment,14,1646.02,"$509,032.38",Sold,C0130,509032.38
170127,17,2024-01-09,Apartment,15,1365.73,"$441,514.77",Available,,441514.77
170155,17,2024-01-09,Apartment,16,1693.0,"$592,554.14",Sold,C1842,592554.14
170158,17,2024-01-09,Office,17,1827.25,"$616,039.35",Available,,616039.35
170173,17,2024-01-09,Apartment,19,1712.06,"$483,639.68",Sold,C0624,483639.68
170185,17,2024-01-09,Apartment,20,792.27,"$229,915.53",Sold,C0850,229915.53
170190,17,2024-01-09,Apartment,21,1320.97,"$425,040.86",Sold,C0336,425040.86
170217,17,2024-01-09,Apartment,25,939.46,"$278,299.85",Sold,C1539,278299.85
170223,17,2024-01-09,Apartment,26,929.59,"$301,035.57",Sold,C1432,301035.57
170233,17,2024-01-09,Apartment,27,677.24,"$239,724.77",Sold,C1609,239724.77
170266,17,2024-01-09,Apartment,32,954.54,"$267,900.70",Sold,C1421,267900.7
170268,17,2024-01-09,Apartment,32,954.54,"$246,881.14",Sold,C0286,246881.14
170276,17,2024-01-09,Apartment,33,1532.89,"$512,382.03",Available,,512382.03
170280,17,2024-01-09,Apartment,33,1532.89,"$451,291.76",Available,,451291.76
170282,17,2024-01-09,Apartment,34,1672.99,"$528,517.95",Sold,C0675,528517.95
170284,17,2024-01-09,Apartment,34,1672.99,"$498,882.11",Sold,C0618,498882.11
170287,17,2024-01-09,Apartment,35,1667.01,"$508,317.94",Sold,C1623,508317.94
170295,17,2024-01-09,Apartment,36,781.49,"$207,455.90",Sold,C1710,207455.9
170312,17,2024-01-09,Apartment,39,1341.67,"$406,054.98",Available,,406054.98
170331,17,2024-01-09,Apartment,41,1422.93,"$406,001.38",Sold,C0534,406001.38
170337,17,2024-01-09,Apartment,41,1422.93,"$361,394.87",Available,,361394.87
170354,17,2024-01-09,Apartment,45,1574.3,"$437,211.33",Sold,C1203,437211.33
170435,17,2024-01-09,Apartment,51,1375.52,"$502,022.40",Sold,C1197,502022.4
180005,18,2024-01-09,Apartment,1,1379.64,"$436,782.69",Sold,C0864,436782.69
180031,18,2024-01-09,Apartment,4,1096.58,"$362,580.58",Available,,362580.58
180049,18,2024-01-09,Office,6,840.25,"$235,857.38",Sold,C1875,235857.38
180077,18,2024-01-09,Apartment,10,1111.43,"$302,479.22",Sold,C1625,302479.22
180116,18,2024-01-09,Apartment,16,1360.96,"$334,041.57",Sold,C1578,334041.57
180171,18,2024-01-09,Apartment,22,1108.09,"$330,298.49",Sold,C0183,330298.49
180284,18,2024-01-09,Office,35,799.05,"$272,822.22",Available,,272822.22
180299,18,2024-01-09,Apartment,36,1089.77,"$330,207.80",Sold,C1711,330207.8
180305,18,2024-01-09,Apartment,36,1089.77,"$277,491.92",Sold,C0102,277491.92
180328,18,2024-01-09,Apartment,38,1219.8,"$300,710.22",Sold,C1117,300710.22
180416,18,2024-01-09,Apartment,47,520.85,"$167,859.82",Sold,C0785,167859.82
180455,18,2024-01-09,Apartment,51,1527.31,"$502,181.85",Sold,C1122,502181.85
180466,18,2024-01-09,Apartment,52,1424.54,"$418,772.73",Sold,C0121,418772.73
180546,18,2024-01-09,Apartment,62,1330.41,"$393,449.09",Available,,393449.09
180576,18,2024-01-09,Apartment,66,1631.24,"$539,249.94",Sold,C0849,539249.94
190022,19,2024-01-09,Office,4,1225.38,"$392,120.81",Sold,C1838,392120.81
190037,19,2024-01-09,Apartment,7,973.6,"$259,987.87",Sold,C1292,259987.87
190040,19,2024-01-09,Office,7,973.6,"$334,981.20",Sold,C1906,334981.2
190101,19,2024-01-09,Apartment,14,630.47,"$165,707.07",Available,,165707.07
190118,19,2024-01-09,Apartment,16,1711.98,"$602,057.55",Sold,C1087,602057.55
190152,19,2024-01-09,Office,19,1697.73,"$474,165.55",Sold,C0627,474165.55
190171,19,2024-01-09,Apartment,21,477.75,"$152,690.76",Sold,C1831,152690.76
190188,19,2024-01-09,Apartment,22,935.25,"$281,233.40",Sold,C0830,281233.4
190266,19,2024-01-09,Apartment,30,673.27,"$180,693.31",Available,,180693.31
190304,19,2024-01-09,Apartment,37,1565.26,"$449,976.95",Sold,C1585,449976.95
190306,19,2024-01-09,Apartment,37,1565.26,"$529,967.66",Sold,C0418,529967.66
190309,19,2024-01-09,Apartment,37,1565.26,"$410,689.18",Sold,C0682,410689.18
190310,19,2024-01-09,Apartment,37,1565.26,"$494,178.87",Sold,C1144,494178.87
190385,19,2024-01-09,Apartment,43,1697.72,"$373,498.40",Available,,373498.4
190389,19,2024-01-09,Apartment,44,982.8,"$287,776.27",Available,,287776.27
190419,19,2024-01-09,Apartment,48,851.11,"$269,915.64",Available,,269915.64
200029,20,2024-01-09,Apartment,3,1645.93,"$425,737.07",Sold,C0389,425737.07
200053,20,2024-01-09,Apartment,6,1401.0,"$420,300.71",Sold,C0495,420300.71
200157,20,2024-01-09,Apartment,18,1868.01,"$533,690.36",Available,,533690.36
200160,20,2024-01-09,Apartment,18,1868.01,"$551,264.38",Available,,551264.38
200162,20,2024-01-09,Apartment,18,1868.01,"$577,425.07",Sold,C1977,577425.07
200163,20,2024-01-09,Apartment,18,1868.01,"$477,989.82",Sold,C1765,477989.82
200171,20,2024-01-09,Apartment,19,759.72,"$249,924.88",Sold,C0581,249924.88
200204,20,2024-01-09,Apartment,24,1188.07,"$274,417.91",Sold,C1095,274417.91
200242,20,2024-01-09,Apartment,30,1703.94,"$649,524.31",Sold,C1422,649524.31
200257,20,2024-01-09,Apartment,30,1703.94,"$580,528.21",Sold,C0531,580528.21
200264,20,2024-01-09,Apartment,30,1703.94,"$507,885.52",Sold,C1930,507885.52
200269,20,2024-01-09,Apartment,31,1414.44,"$381,295.01",Sold,C1741,381295.01
200294,20,2024-01-09,Apartment,32,1630.81,"$479,643.79",Available,,479643.79
200325,20,2024-01-09,Apartment,36,1484.99,"$504,707.33",Sold,C0328,504707.33
200367,20,2024-01-09,Apartment,40,428.03,"$131,115.08",Sold,C1400,131115.08
200415,20,2024-01-09,Apartment,48,860.8,"$220,364.48",Available,,220364.48
200421,20,2024-01-09,Apartment,48,860.8,"$224,186.65",Sold,C0872,224186.65
200425,20,2024-01-09,Apartment,48,860.8,"$270,773.11",Sold,C0180,270773.11
200494,20,2024-01-09,Apartment,57,445.15,"$142,831.06",Available,,142831.06
200496,20,2024-01-09,Apartment,57,445.15,"$151,645.03",Sold,C0197,151645.03
2020,2,2024-01-10,Apartment,20,785.48,"$241,671.52",Sold,C0037,241671.52
2032,2,2024-01-10,Apartment,32,927.83,"$306,878.46",Sold,C0048,306878.46
2038,2,2024-01-10,Apartment,38,1604.75,"$529,317.28",Sold,C0012,529317.28
2041,2,2024-01-10,Apartment,41,785.48,"$225,050.52",Sold,C0131,225050.52
3010,3,2024-01-10,Apartment,10,923.21,"$294,807.65",Sold,C0099,294807.65
3018,3,2024-01-10,Apartment,18,923.21,"$293,828.69",Sold,C0099,293828.69
4013,4,2024-01-10,Apartment,13,733.19,"$197,053.51",Sold,C0047,197053.51
4040,4,2024-01-10,Apartment,40,794.52,"$241,620.48",Sold,C0119,241620.48
4049,4,2024-01-10,Apartment,49,1336.93,"$388,515.14",Sold,C0046,388515.14
5041,5,2024-01-10,Apartment,41,798.28,"$263,123.42",Sold,C0133,263123.42
5047,5,2024-01-10,Apartment,47,794.52,"$279,191.26",Available,,279191.26
10004,1,2024-01-10,Apartment,1,748.06,"$257,279.32",Available,,257279.32
10019,1,2024-01-10,Apartment,3,788.73,"$256,486.34",Available,,256486.34
10029,1,2024-01-10,Office,3,788.73,"$249,586.52",Sold,C0479,249586.52
10033,1,2024-01-10,Apartment,4,633.61,"$174,206.99",Sold,C0602,174206.99
10062,1,2024-01-10,Apartment,8,763.88,"$230,960.93",Sold,C0050,230960.93
10130,1,2024-01-10,Apartment,16,612.76,"$165,290.21",Available,,165290.21
10133,1,2024-01-10,Apartment,16,612.76,"$183,956.85",Sold,C0260,183956.85
10151,1,2024-01-10,Apartment,19,773.17,"$233,353.01",Available,,233353.01
10172,1,2024-01-10,Apartment,22,740.83,"$203,562.37",Sold,C1931,203562.37
10195,1,2024-01-10,Apartment,23,1201.5,"$400,787.83",Sold,C1727,400787.83
10257,1,2024-01-10,Apartment,29,757.2,"$280,039.75",Sold,C0428,280039.75
10292,1,2024-01-10,Apartment,31,619.78,"$198,448.41",Sold,C1122,198448.41
10311,1,2024-01-10,Apartment,33,827.74,"$186,418.60",Sold,C0609,186418.6
10337,1,2024-01-10,Apartment,36,613.59,"$194,671.27",Available,,194671.27
10356,1,2024-01-10,Apartment,38,1355.85,"$422,702.76",Available,,422702.76
10364,1,2024-01-10,Office,40,784.22,"$192,318.09",Sold,C1669,192318.09
10371,1,2024-01-10,Apartment,41,835.25,"$238,146.95",Sold,C0086,238146.95
10379,1,2024-01-10,Apartment,43,1159.2,"$356,687.55",Sold,C0115,356687.55
10392,1,2024-01-10,Apartment,46,1153.16,"$300,423.34",Sold,C0219,300423.34
10393,1,2024-01-10,Apartment,46,1153.16,"$316,241.81",Sold,C0989,316241.81
10417,1,2024-01-10,Apartment,48,1170.93,"$372,450.20",Sold,C1109,372450.2
10423,1,2024-01-10,Office,49,629.24,"$217,823.42",Sold,C1541,217823.42
20009,2,2024-01-10,Apartment,1,706.3,"$224,035.98",Sold,C1190,224035.98
20029,2,2024-01-10,Apartment,3,645.84,"$205,863.07",Sold,C1696,205863.07
20078,2,2024-01-10,Apartment,9,584.19,"$183,083.45",Sold,C0021,183083.45
20089,2,2024-01-10,Apartment,10,788.79,"$236,082.49",Sold,C0463,236082.49
20095,2,2024-01-10,Office,11,1625.05,"$461,620.65",Sold,C0960,461620.65
20109,2,2024-01-10,Apartment,13,782.33,"$230,135.31",Available,,230135.31
20113,2,2024-01-10,Apartment,14,1296.39,"$380,390.29",Sold,C1929,380390.29
20155,2,2024-01-10,Apartment,18,784.76,"$225,010.98",Sold,C1495,225010.98
20183,2,2024-01-10,Apartment,21,921.38,"$306,850.21",Sold,C0830,306850.21
20192,2,2024-01-10,Office,22,653.41,"$202,606.33",Sold,C1283,202606.33
20203,2,2024-01-10,Apartment,23,1416.33,"$412,591.03",Sold,C0108,412591.03
20210,2,2024-01-10,Apartment,24,785.12,"$231,504.40",Sold,C0974,231504.4
20243,2,2024-01-10,Apartment,26,1577.79,"$502,622.02",Sold,C0469,502622.02
20249,2,2024-01-10,Apartment,27,1211.51,"$361,776.94",Sold,C1232,361776.94
20263,2,2024-01-10,Apartment,31,629.92,"$186,568.83",Available,,186568.83
20267,2,2024-01-10,Apartment,32,925.63,"$249,299.16",Sold,C1925,249299.16
20289,2,2024-01-10,Apartment,34,800.26,"$253,932.86",Available,,253932.86
20290,2,2024-01-10,Apartment,34,800.26,"$259,806.48",Sold,C1555,259806.48
20300,2,2024-01-10,Apartment,35,1391.68,"$374,531.19",Available,,374531.19
20316,2,2024-01-10,Apartment,37,780.46,"$244,233.40",Available,,244233.4
20324,2,2024-01-10,Office,38,710.81,"$257,405.89",Sold,C0649,257405.89
20343,2,2024-01-10,Apartment,41,654.93,"$208,542.96",Sold,C0099,208542.96
20344,2,2024-01-10,Apartment,41,654.93,"$204,454.91",Sold,C1021,204454.91
20385,2,2024-01-10,Apartment,46,697.74,"$212,979.70",Sold,C0249,212979.7
20398,2,2024-01-10,Office,46,697.74,"$217,804.94",Sold,C1235,217804.94
20431,2,2024-01-10,Office,50,1604.8,"$492,537.89",Sold,C0924,492537.89
20438,2,2024-01-10,Apartment,50,1604.8,"$468,241.50",Sold,C1456,468241.5
20442,2,2024-01-10,Apartment,51,699.31,"$220,609.09",Available,,220609.09
20448,2,2024-01-10,Apartment,52,914.01,"$270,864.99",Sold,C1209,270864.99
20468,2,2024-01-10,Apartment,55,579.26,"$189,388.07",Sold,C1448,189388.07
30020,3,2024-01-10,Apartment,2,672.64,"$205,608.05",Sold,C1714,205608.05
30034,3,2024-01-10,Apartment,4,719.96,"$235,818.40",Sold,C1880,235818.4
30052,3,2024-01-10,Apartment,5,701.19,"$232,325.48",Sold,C0662,232325.48
30090,3,2024-01-10,Apartment,9,1125.84,"$366,485.38",Available,,366485.38
30092,3,2024-01-10,Apartment,9,1125.84,"$329,256.08",Sold,C0285,329256.08
30153,3,2024-01-10,Apartment,17,937.24,"$269,684.75",Sold,C1157,269684.75
30155,3,2024-01-10,Apartment,18,706.68,"$213,673.14",Sold,C1410,213673.14
30159,3,2024-01-10,Apartment,18,706.68,"$199,407.76",Sold,C1740,199407.76
30182,3,2024-01-10,Apartment,20,802.97,"$234,510.88",Available,,234510.88
30186,3,2024-01-10,Apartment,20,802.97,"$267,213.25",Sold,C0153,267213.25
30207,3,2024-01-10,Apartment,23,924.21,"$288,254.21",Sold,C1658,288254.21
30224,3,2024-01-10,Apartment,25,765.56,"$215,279.43",Available,,215279.43
30225,3,2024-01-10,Apartment,25,765.56,"$241,165.86",Available,,241165.86
30251,3,2024-01-10,Apartment,28,679.93,"$186,228.06",Available,,186228.06
30256,3,2024-01-10,Office,28,679.93,"$274,806.60",Sold,C1086,274806.6
30316,3,2024-01-10,Apartment,39,1598.95,"$541,200.51",Available,,541200.51
30389,3,2024-01-10,Apartment,48,783.39,"$252,997.47",Sold,C1017,252997.47
30422,3,2024-01-10,Office,49,1174.48,"$361,277.65",Available,,361277.65
30447,3,2024-01-10,Office,51,693.85,"$192,247.67",Sold,C1742,192247.67
30480,3,2024-01-10,Apartment,56,1179.42,"$332,461.48",Available,,332461.48
30485,3,2024-01-10,Apartment,57,1607.94,"$531,267.61",Sold,C0014,531267.61
30499,3,2024-01-10,Office,58,1588.14,"$514,916.07",Sold,C0968,514916.07
40022,4,2024-01-10,Apartment,3,1630.82,"$426,620.64",Sold,C1043,426620.64
40061,4,2024-01-10,Apartment,6,1602.95,"$447,783.62",Sold,C1454,447783.62
40069,4,2024-01-10,Apartment,7,786.36,"$231,660.78",Sold,C1372,231660.78
40111,4,2024-01-10,Apartment,14,1322.66,"$370,479.06",Sold,C0527,370479.06
40115,4,2024-01-10,Apartment,14,1322.66,"$417,968.99",Available,,417968.99
40137,4,2024-01-10,Apartment,16,1128.21,"$334,030.96",Available,,334030.96
40190,4,2024-01-10,Office,23,1110.99,"$392,591.08",Available,,392591.08
40213,4,2024-01-10,Apartment,26,790.05,"$223,944.32",Sold,C1442,223944.32
40214,4,2024-01-10,Apartment,26,790.05,"$242,484.10",Sold,C0930,242484.1
40242,4,2024-01-10,Apartment,29,776.79,"$254,041.58",Sold,C1689,254041.58
40258,4,2024-01-10,Office,31,793.1,"$242,185.49",Available,,242185.49
40277,4,2024-01-10,Apartment,33,734.73,"$246,795.54",Sold,C1680,246795.54
40294,4,2024-01-10,Apartment,34,795.1,"$250,630.81",Available,,250630.81
40371,4,2024-01-10,Apartment,44,799.67,"$243,752.12",Sold,C0654,243752.12
40389,4,2024-01-10,Apartment,45,1160.48,"$366,377.13",Sold,C0922,366377.13
40399,4,2024-01-10,Apartment,46,800.23,"$280,137.79",Sold,C0894,280137.79
40417,4,2024-01-10,Apartment,49,739.7,"$208,210.52",Sold,C1909,208210.52
40442,4,2024-01-10,Apartment,51,802.11,"$250,655.47",Sold,C0941,250655.47
50007,5,2024-01-10,Apartment,2,795.91,"$281,231.73",Sold,C1762,281231.73
50035,5,2024-01-10,Apartment,8,782.15,"$212,497.00",Sold,C0520,212497.0
50050,5,2024-01-10,Apartment,8,782.15,"$236,471.53",Sold,C0673,236471.53
50093,5,2024-01-10,Apartment,11,1058.56,"$316,043.31",Sold,C1444,316043.31
50108,5,2024-01-10,Apartment,13,791.13,"$246,068.77",Sold,C1716,246068.77
50149,5,2024-01-10,Apartment,19,819.72,"$230,931.50",Sold,C0947,230931.5
50157,5,2024-01-10,Apartment,21,1253.3,"$340,442.96",Sold,C1146,340442.96
50159,5,2024-01-10,Apartment,22,1059.78,"$306,923.50",Sold,C1899,306923.5
50163,5,2024-01-10,Apartment,22,1059.78,"$306,987.24",Sold,C0012,306987.24
50164,5,2024-01-10,Apartment,22,1059.78,"$328,382.39",Sold,C1252,328382.39
50181,5,2024-01-10,Apartment,23,1006.65,"$268,561.28",Sold,C1415,268561.28
50206,5,2024-01-10,Apartment,27,1278.6,"$338,601.69",Sold,C1205,338601.69
50221,5,2024-01-10,Apartment,29,786.28,"$244,713.94",Sold,C0127,244713.94
50248,5,2024-01-10,Apartment,33,1787.13,"$535,533.08",Sold,C0770,535533.08
50257,5,2024-01-10,Apartment,34,802.33,"$285,197.86",Sold,C1755,285197.86
50258,5,2024-01-10,Apartment,34,802.33,"$209,153.29",Sold,C0886,209153.29
50274,5,2024-01-10,Apartment,36,627.56,"$183,173.08",Sold,C0017,183173.08
50305,5,2024-01-10,Apartment,41,630.83,"$207,268.00",Sold,C1587,207268.0
50328,5,2024-01-10,Apartment,42,791.2,"$253,398.70",Sold,C1599,253398.7
50336,5,2024-01-10,Apartment,43,802.72,"$262,212.19",Sold,C1440,262212.19
50341,5,2024-01-10,Apartment,44,806.03,"$247,405.59",Sold,C0472,247405.59
50352,5,2024-01-10,Apartment,44,806.03,"$258,517.67",Sold,C0471,258517.67
50354,5,2024-01-10,Apartment,44,806.03,"$270,783.51",Sold,C0511,270783.51
50411,5,2024-01-10,Apartment,47,1241.14,"$433,580.68",Sold,C1990,433580.68
50416,5,2024-01-10,Apartment,48,788.04,"$216,474.36",Available,,216474.36
50420,5,2024-01-10,Apartment,48,788.04,"$222,662.14",Sold,C1543,222662.14
50431,5,2024-01-10,Apartment,50,1261.07,"$420,285.34",Sold,C1439,420285.34
50439,5,2024-01-10,Office,51,1029.59,"$316,522.59",Sold,C1176,316522.59
50449,5,2024-01-10,Apartment,52,1755.18,"$626,423.06",Sold,C1222,626423.06
60006,6,2024-01-10,Apartment,1,1720.95,"$564,663.44",Sold,C1264,564663.44
60011,6,2024-01-10,Apartment,1,1720.95,"$500,882.85",Sold,C0545,500882.85
60022,6,2024-01-10,Apartment,2,1338.63,"$343,865.93",Sold,C0301,343865.93
60093,6,2024-01-10,Apartment,7,1075.42,"$382,332.77",Sold,C1582,382332.77
60128,6,2024-01-10,Office,10,942.08,"$316,622.87",Sold,C1331,316622.87
60133,6,2024-01-10,Apartment,10,942.08,"$311,407.77",Sold,C1623,311407.77
60145,6,2024-01-10,Office,12,1678.17,"$512,134.29",Sold,C0373,512134.29
60152,6,2024-01-10,Apartment,12,1678.17,"$556,748.94",Sold,C1405,556748.94
60159,6,2024-01-10,Apartment,13,581.47,"$149,191.06",Sold,C1114,149191.06
60162,6,2024-01-10,Office,14,1890.0,"$667,262.77",Sold,C0986,667262.77
60180,6,2024-01-10,Apartment,16,1687.92,"$527,627.25",Sold,C0119,527627.25
60183,6,2024-01-10,Apartment,16,1687.92,"$499,179.78",Sold,C1852,499179.78
60200,6,2024-01-10,Office,19,1542.71,"$578,692.29",Sold,C1558,578692.29
60202,6,2024-01-10,Apartment,19,1542.71,"$389,827.78",Sold,C0447,389827.78
60214,6,2024-01-10,Office,20,1897.17,"$505,472.65",Sold,C1702,505472.65
60233,6,2024-01-10,Apartment,22,1656.54,"$378,656.55",Sold,C0526,378656.55
60263,6,2024-01-10,Apartment,27,830.65,"$270,512.28",Sold,C0621,270512.28
60277,6,2024-01-10,Apartment,30,552.59,"$159,532.71",Sold,C1604,159532.71
60286,6,2024-01-10,Apartment,31,1768.9,"$532,386.73",Sold,C0982,532386.73
60308,6,2024-01-10,Apartment,34,1353.81,"$395,125.68",Sold,C1737,395125.68
60390,6,2024-01-10,Apartment,46,1870.54,"$445,742.99",Available,,445742.99
60398,6,2024-01-10,Apartment,47,550.99,"$160,886.49",Sold,C0483,160886.49
60399,6,2024-01-10,Office,47,550.99,"$205,316.40",Sold,C0728,205316.4
60453,6,2024-01-10,Apartment,53,1170.96,"$320,303.92",Sold,C0183,320303.92
70031,7,2024-01-10,Apartment,5,1144.09,"$386,036.16",Sold,C0632,386036.16
70059,7,2024-01-10,Apartment,9,926.11,"$274,985.80",Sold,C1520,274985.8
70065,7,2024-01-10,Apartment,10,1495.37,"$457,007.60",Sold,C0013,457007.6
70082,7,2024-01-10,Office,12,804.65,"$232,475.15",Available,,232475.15
70088,7,2024-01-10,Apartment,12,804.65,"$266,653.15",Sold,C0194,266653.15
70089,7,2024-01-10,Apartment,12,804.65,"$231,176.25",Sold,C0663,231176.25
70090,7,2024-01-10,Apartment,13,604.6,"$179,071.56",Available,,179071.56
70174,7,2024-01-10,Apartment,20,1160.82,"$377,986.05",Sold,C0661,377986.05
70176,7,2024-01-10,Apartment,20,1160.82,"$350,731.87",Available,,350731.87
70191,7,2024-01-10,Office,22,1914.21,"$533,934.58",Sold,C0666,533934.58
70225,7,2024-01-10,Office,25,573.8,"$170,826.21",Available,,170826.21
70245,7,2024-01-10,Apartment,27,768.05,"$241,050.67",Sold,C1363,241050.67
70247,7,2024-01-10,Apartment,28,694.55,"$220,346.61",Available,,220346.61
70317,7,2024-01-10,Apartment,38,1755.26,"$532,979.30",Sold,C1483,532979.3
70324,7,2024-01-10,Apartment,38,1755.26,"$610,952.85",Sold,C0701,610952.85
70347,7,2024-01-10,Apartment,41,1093.92,"$336,200.18",Sold,C0134,336200.18
70353,7,2024-01-10,Office,41,1093.92,"$324,025.61",Available,,324025.61
70380,7,2024-01-10,Office,43,498.61,"$168,842.21",Sold,C1890,168842.21
70386,7,2024-01-10,Apartment,44,1859.83,"$478,602.47",Sold,C1724,478602.47
70396,7,2024-01-10,Apartment,45,1150.93,"$378,118.43",Sold,C1541,378118.43
70421,7,2024-01-10,Apartment,49,1383.05,"$402,062.53",Available,,402062.53
70424,7,2024-01-10,Apartment,49,1383.05,"$382,303.57",Sold,C1696,382303.57
70444,7,2024-01-10,Apartment,52,1281.14,"$349,073.94",Sold,C1211,349073.94
70447,7,2024-01-10,Apartment,53,884.87,"$250,121.34",Available,,250121.34
70451,7,2024-01-10,Apartment,54,1940.69,"$521,044.57",Sold,C1057,521044.57
70458,7,2024-01-10,Apartment,54,1940.69,"$685,296.02",Available,,685296.02
70486,7,2024-01-10,Office,57,1347.67,"$456,678.02",Sold,C0463,456678.02
80019,8,2024-01-10,Apartment,3,1736.05,"$563,291.28",Sold,C0360,563291.28
80022,8,2024-01-10,Apartment,3,1736.05,"$548,218.63",Sold,C1227,548218.63
80037,8,2024-01-10,Apartment,4,1934.75,"$633,197.27",Available,,633197.27
80053,8,2024-01-10,Apartment,5,887.23,"$279,147.67",Available,,279147.67
80152,8,2024-01-10,Office,20,774.16,"$252,589.00",Sold,C1787,252589.0
80183,8,2024-01-10,Apartment,26,1625.38,"$488,976.07",Sold,C1555,488976.07
80184,8,2024-01-10,Apartment,26,1625.38,"$460,816.43",Sold,C0887,460816.43
80197,8,2024-01-10,Apartment,27,1376.34,"$444,121.47",Available,,444121.47
80221,8,2024-01-10,Apartment,29,1848.51,"$581,022.45",Available,,581022.45
80225,8,2024-01-10,Apartment,29,1848.51,"$449,409.92",Sold,C0514,449409.92
80269,8,2024-01-10,Apartment,32,1410.88,"$510,151.14",Sold,C1010,510151.14
80270,8,2024-01-10,Apartment,32,1410.88,"$411,257.15",Sold,C1310,411257.15
80275,8,2024-01-10,Apartment,33,1809.87,"$529,206.10",Sold,C0697,529206.1
80322,8,2024-01-10,Apartment,37,890.65,"$291,725.94",Sold,C1863,291725.94
80337,8,2024-01-10,Apartment,37,890.65,"$259,911.91",Sold,C0427,259911.91
80391,8,2024-01-10,Apartment,46,1175.51,"$393,274.68",Sold,C1552,393274.68
80432,8,2024-01-10,Apartment,50,913.15,"$290,605.55",Available,,290605.55
80461,8,2024-01-10,Apartment,54,1699.02,"$484,921.76",Sold,C1149,484921.76
80463,8,2024-01-10,Apartment,55,1300.05,"$408,265.89",Sold,C0023,408265.89
80472,8,2024-01-10,Office,55,1300.05,"$407,520.26",Available,,407520.26
90023,9,2024-01-10,Apartment,5,1416.81,"$441,668.03",Available,,441668.03
90034,9,2024-01-10,Apartment,7,697.68,"$185,136.75",Sold,C1173,185136.75
90069,9,2024-01-10,Apartment,12,952.38,"$280,593.08",Sold,C0239,280593.08
90081,9,2024-01-10,Office,12,952.38,"$335,629.91",Sold,C1619,335629.91
90086,9,2024-01-10,Office,14,1445.3,"$453,279.83",Sold,C0361,453279.83
90128,9,2024-01-10,Apartment,20,1664.76,"$532,709.69",Available,,532709.69
90130,9,2024-01-10,Apartment,20,1664.76,"$487,224.16",Sold,C0860,487224.16
90136,9,2024-01-10,Apartment,21,1261.65,"$393,101.99",Sold,C1071,393101.99
90144,9,2024-01-10,Apartment,22,1115.88,"$317,072.98",Sold,C1926,317072.98
90208,9,2024-01-10,Apartment,30,1250.17,"$460,086.04",Available,,460086.04
90241,9,2024-01-10,Apartment,34,1577.36,"$527,721.88",Available,,527721.88
90243,9,2024-01-10,Office,34,1577.36,"$543,401.76",Sold,C1780,543401.76
90274,9,2024-01-10,Apartment,35,1376.88,"$464,094.48",Sold,C0303,464094.48
90286,9,2024-01-10,Apartment,36,1582.79,"$521,648.24",Sold,C1096,521648.24
90295,9,2024-01-10,Apartment,36,1582.79,"$496,038.87",Sold,C1323,496038.87
90299,9,2024-01-10,Apartment,37,731.44,"$216,241.14",Sold,C1419,216241.14
90308,9,2024-01-10,Apartment,38,1260.31,"$369,441.60",Sold,C0664,369441.6
90316,9,2024-01-10,Office,38,1260.31,"$353,496.02",Sold,C0542,353496.02
90343,9,2024-01-10,Apartment,40,1090.32,"$351,419.29",Sold,C0001,351419.29
90352,9,2024-01-10,Apartment,41,1488.32,"$362,728.99",Sold,C1698,362728.99
90358,9,2024-01-10,Office,42,605.78,"$174,077.05",Sold,C0478,174077.05
90371,9,2024-01-10,Apartment,44,1351.57,"$394,416.47",Available,,394416.47
90398,9,2024-01-10,Office,47,1262.78,"$348,245.82",Available,,348245.82
90421,9,2024-01-10,Apartment,53,599.72,"$146,552.13",Sold,C1379,146552.13
90461,9,2024-01-10,Apartment,57,1198.57,"$350,655.95",Sold,C0543,350655.95
90495,9,2024-01-10,Apartment,58,838.34,"$276,170.62",Sold,C1806,276170.62
90526,9,2024-01-10,Apartment,60,1919.77,"$617,811.07",Sold,C1496,617811.07
100018,10,2024-01-10,Apartment,4,1765.37,"$433,712.68",Available,,433712.68
100041,10,2024-01-10,Apartment,5,1741.96,"$501,235.19",Available,,501235.19
100140,10,2024-01-10,Apartment,18,1244.03,"$306,507.89",Sold,C1009,306507.89
100143,10,2024-01-10,Office,18,1244.03,"$378,139.97",Sold,C1390,378139.97
100181,10,2024-01-10,Apartment,25,1487.17,"$497,090.51",Sold,C0470,497090.51
100205,10,2024-01-10,Apartment,26,1294.85,"$399,712.39",Sold,C1663,399712.39
100235,10,2024-01-10,Apartment,28,1606.58,"$474,515.88",Sold,C0087,474515.88
100267,10,2024-01-10,Apartment,31,1499.0,"$427,664.89",Sold,C0903,427664.89
100273,10,2024-01-10,Apartment,31,1499.0,"$421,648.47",Available,,421648.47
100285,10,2024-01-10,Apartment,33,1010.7,"$273,820.14",Sold,C0183,273820.14
100302,10,2024-01-10,Apartment,36,1920.65,"$617,703.46",Available,,617703.46
100324,10,2024-01-10,Apartment,39,1188.51,"$315,365.90",Sold,C0132,315365.9
100360,10,2024-01-10,Office,43,1093.67,"$319,434.72",Sold,C0377,319434.72
100369,10,2024-01-10,Apartment,43,1093.67,"$348,445.05",Sold,C1675,348445.05
100385,10,2024-01-10,Apartment,44,1224.71,"$435,943.19",Sold,C1111,435943.19
100411,10,2024-01-10,Apartment,48,1421.82,"$456,551.60",Available,,456551.6
100416,10,2024-01-10,Apartment,50,1138.32,"$330,533.73",Sold,C0318,330533.73
110017,11,2024-01-10,Apartment,2,938.0,"$281,195.93",Sold,C0189,281195.93
110045,11,2024-01-10,Apartment,6,1724.08,"$518,574.57",Available,,518574.57
110065,11,2024-01-10,Apartment,8,1001.41,"$282,918.51",Sold,C0936,282918.51
110085,11,2024-01-10,Apartment,10,1519.64,"$516,482.69",Sold,C0576,516482.69
110094,11,2024-01-10,Apartment,10,1519.64,"$462,577.28",Sold,C1862,462577.28
110124,11,2024-01-10,Office,14,524.68,"$175,426.76",Available,,175426.76
110141,11,2024-01-10,Office,14,524.68,"$146,690.79",Available,,146690.79
110147,11,2024-01-10,Apartment,15,1385.68,"$453,949.46",Sold,C1097,453949.46
110156,11,2024-01-10,Apartment,16,1829.02,"$581,631.78",Sold,C1131,581631.78
110167,11,2024-01-10,Office,18,1562.55,"$522,641.04",Sold,C1528,522641.04
110171,11,2024-01-10,Apartment,18,1562.55,"$463,077.47",Sold,C1874,463077.47
110209,11,2024-01-10,Apartment,24,1481.82,"$531,718.35",Available,,531718.35
110222,11,2024-01-10,Apartment,27,1638.1,"$461,250.81",Sold,C0634,461250.81
110236,11,2024-01-10,Office,29,993.51,"$308,787.35",Available,,308787.35
110247,11,2024-01-10,Apartment,30,642.72,"$202,059.29",Available,,202059.29
110249,11,2024-01-10,Apartment,30,642.72,"$172,359.93",Sold,C0231,172359.93
110253,11,2024-01-10,Apartment,30,642.72,"$183,055.23",Sold,C0617,183055.23
110269,11,2024-01-10,Apartment,32,1285.87,"$317,008.67",Available,,317008.67
110315,11,2024-01-10,Apartment,38,788.47,"$231,783.95",Sold,C1810,231783.95
110321,11,2024-01-10,Apartment,38,788.47,"$258,318.58",Sold,C0314,258318.58
110370,11,2024-01-10,Apartment,44,434.38,"$97,537.58",Available,,97537.58
110442,11,2024-01-10,Apartment,52,1397.58,"$506,996.47",Available,,506996.47
110475,11,2024-01-10,Apartment,56,724.8,"$229,127.73",Sold,C1695,229127.73
110484,11,2024-01-10,Apartment,57,1008.58,"$355,007.88",Sold,C0889,355007.88
110493,11,2024-01-10,Apartment,58,1159.31,"$324,614.29",Available,,324614.29
110531,11,2024-01-10,Apartment,62,1938.82,"$460,371.32",Available,,460371.32
110537,11,2024-01-10,Apartment,62,1938.82,"$662,938.18",Sold,C1852,662938.18
110543,11,2024-01-10,Office,63,871.7,"$242,015.72",Sold,C1203,242015.72
110545,11,2024-01-10,Office,63,871.7,"$320,938.27",Sold,C1125,320938.27
110555,11,2024-01-10,Apartment,65,1427.09,"$396,047.03",Sold,C0222,396047.03
110562,11,2024-01-10,Apartment,65,1427.09,"$401,193.76",Sold,C1208,401193.76
120006,12,2024-01-10,Apartment,1,839.95,"$299,829.82",Sold,C1876,299829.82
120026,12,2024-01-10,Office,3,1469.27,"$420,816.82",Available,,420816.82
120030,12,2024-01-10,Apartment,3,1469.27,"$543,199.93",Available,,543199.93
120054,12,2024-01-10,Apartment,5,495.04,"$141,331.57",Available,,141331.57
120057,12,2024-01-10,Office,6,1347.8,"$428,839.15",Sold,C1648,428839.15
120099,12,2024-01-10,Apartment,13,1394.03,"$464,836.33",Available,,464836.33
120112,12,2024-01-10,Apartment,14,1369.96,"$412,405.94",Available,,412405.94
120124,12,2024-01-10,Apartment,14,1369.96,"$394,884.68",Sold,C1019,394884.68
120128,12,2024-01-10,Apartment,15,1456.98,"$491,474.73",Sold,C1875,491474.73
120132,12,2024-01-10,Apartment,16,1523.02,"$378,116.60",Available,,378116.6
120145,12,2024-01-10,Apartment,16,1523.02,"$461,769.54",Available,,461769.54
120150,12,2024-01-10,Apartment,17,1428.55,"$437,096.17",Sold,C1625,437096.17
120152,12,2024-01-10,Apartment,17,1428.55,"$405,740.25",Sold,C0337,405740.25
120163,12,2024-01-10,Apartment,18,1702.66,"$559,963.06",Sold,C1664,559963.06
120175,12,2024-01-10,Apartment,19,1381.22,"$412,697.67",Sold,C0644,412697.67
120182,12,2024-01-10,Apartment,20,1802.21,"$580,776.87",Available,,580776.87
120223,12,2024-01-10,Apartment,24,1306.75,"$358,023.39",Sold,C1036,358023.39
120224,12,2024-01-10,Apartment,24,1306.75,"$307,839.56",Sold,C0176,307839.56
120240,12,2024-01-10,Apartment,26,557.9,"$169,877.17",Sold,C0258,169877.17
120266,12,2024-01-10,Apartment,28,1563.65,"$484,992.96",Sold,C0192,484992.96
120295,12,2024-01-10,Office,33,1232.2,"$437,270.83",Sold,C0976,437270.83
120296,12,2024-01-10,Apartment,33,1232.2,"$335,957.35",Sold,C0496,335957.35
120302,12,2024-01-10,Apartment,34,1817.64,"$636,508.92",Sold,C0509,636508.92
120322,12,2024-01-10,Apartment,35,1690.62,"$476,620.78",Sold,C1602,476620.78
120388,12,2024-01-10,Apartment,44,635.36,"$205,547.69",Sold,C1894,205547.69
120416,12,2024-01-10,Apartment,48,1919.31,"$520,039.40",Sold,C0760,520039.4
130004,13,2024-01-10,Apartment,1,1899.92,"$459,585.99",Sold,C1900,459585.99
130058,13,2024-01-10,Apartment,5,441.3,"$133,450.04",Available,,133450.04
130066,13,2024-01-10,Apartment,7,1115.82,"$318,852.87",Sold,C1183,318852.87
130067,13,2024-01-10,Apartment,8,1449.43,"$376,895.27",Sold,C1160,376895.27
130076,13,2024-01-10,Apartment,9,1448.68,"$394,592.34",Sold,C1653,394592.34
130105,13,2024-01-10,Apartment,13,585.77,"$159,915.67",Sold,C0383,159915.67
130115,13,2024-01-10,Office,14,777.75,"$252,863.32",Sold,C1271,252863.32
130148,13,2024-01-10,Apartment,17,1278.95,"$381,454.10",Sold,C1196,381454.1
130156,13,2024-01-10,Apartment,18,1820.34,"$623,318.65",Sold,C1483,623318.65
130182,13,2024-01-10,Apartment,20,516.72,"$147,655.88",Available,,147655.88
130188,13,2024-01-10,Apartment,20,516.72,"$159,770.01",Sold,C1665,159770.01
130209,13,2024-01-10,Apartment,24,1044.69,"$262,442.06",Available,,262442.06
130228,13,2024-01-10,Apartment,26,1867.78,"$590,931.68",Sold,C1706,590931.68
130299,13,2024-01-10,Apartment,33,1445.84,"$350,161.05",Sold,C0124,350161.05
130316,13,2024-01-10,Apartment,35,1867.34,"$573,428.92",Sold,C0429,573428.92
130325,13,2024-01-10,Apartment,37,1555.67,"$508,804.43",Sold,C1861,508804.43
130340,13,2024-01-10,Apartment,38,656.42,"$213,741.13",Available,,213741.13
130416,13,2024-01-10,Office,47,1874.35,"$448,234.89",Available,,448234.89
130425,13,2024-01-10,Apartment,47,1874.35,"$573,428.65",Sold,C1535,573428.65
130438,13,2024-01-10,Apartment,48,1728.84,"$479,065.61",Sold,C1414,479065.61
130448,13,2024-01-10,Apartment,50,1469.09,"$400,273.64",Sold,C1164,400273.64
130451,13,2024-01-10,Apartment,50,1469.09,"$453,584.44",Sold,C1318,453584.44
130455,13,2024-01-10,Apartment,51,1253.03,"$340,333.17",Sold,C0010,340333.17
130466,13,2024-01-10,Apartment,53,968.77,"$318,160.65",Available,,318160.65
130474,13,2024-01-10,Apartment,53,968.77,"$264,045.95",Sold,C1519,264045.95
130498,13,2024-01-10,Apartment,58,1115.72,"$429,747.51",Sold,C0452,429747.51
130512,13,2024-01-10,Apartment,59,1434.04,"$456,458.92",Sold,C0823,456458.92
130513,13,2024-01-10,Apartment,59,1434.04,"$422,391.04",Sold,C1764,422391.04
130520,13,2024-01-10,Apartment,60,1401.81,"$444,030.99",Sold,C0469,444030.99
130521,13,2024-01-10,Apartment,60,1401.81,"$398,705.22",Available,,398705.22
130569,13,2024-01-10,Apartment,67,524.97,"$158,069.76",Sold,C1853,158069.76
140027,14,2024-01-10,Office,5,424.34,"$102,745.33",Sold,C1991,102745.33
140066,14,2024-01-10,Apartment,9,803.5,"$266,127.02",Sold,C1308,266127.02
140084,14,2024-01-10,Apartment,11,1431.42,"$462,169.28",Sold,C1863,462169.28
140093,14,2024-01-10,Apartment,12,459.44,"$154,509.23",Sold,C1839,154509.23
140102,14,2024-01-10,Apartment,12,459.44,"$101,076.80",Sold,C1000,101076.8
140139,14,2024-01-10,Apartment,15,784.04,"$190,003.85",Sold,C1075,190003.85
140154,14,2024-01-10,Apartment,16,915.37,"$221,903.24",Sold,C0648,221903.24
140162,14,2024-01-10,Apartment,17,686.6,"$210,426.08",Available,,210426.08
140176,14,2024-01-10,Apartment,18,500.17,"$151,900.65",Sold,C1910,151900.65
140190,14,2024-01-10,Office,21,1560.87,"$446,243.80",Sold,C1480,446243.8
140248,14,2024-01-10,Apartment,29,1618.34,"$478,857.61",Sold,C0939,478857.61
140274,14,2024-01-10,Office,32,1120.81,"$348,757.59",Available,,348757.59
140279,14,2024-01-10,Apartment,33,1894.96,"$521,436.07",Available,,521436.07
140297,14,2024-01-10,Office,34,513.06,"$156,115.46",Sold,C0239,156115.46
140317,14,2024-01-10,Apartment,37,1469.73,"$478,919.10",Available,,478919.1
140328,14,2024-01-10,Apartment,38,1170.11,"$419,677.60",Sold,C1151,419677.6
140368,14,2024-01-10,Apartment,45,1388.61,"$443,404.97",Available,,443404.97
140380,14,2024-01-10,Apartment,46,1258.99,"$347,365.39",Sold,C0754,347365.39
140382,14,2024-01-10,Apartment,46,1258.99,"$351,438.57",Available,,351438.57
140396,14,2024-01-10,Apartment,47,917.53,"$288,108.07",Sold,C1086,288108.07
140449,14,2024-01-10,Apartment,53,1493.72,"$457,748.53",Sold,C1869,457748.53
140452,14,2024-01-10,Apartment,53,1493.72,"$411,386.09",Available,,411386.09
150013,15,2024-01-10,Apartment,2,1522.89,"$411,865.15",Sold,C0852,411865.15
150026,15,2024-01-10,Apartment,3,748.99,"$177,729.83",Sold,C1901,177729.83
150032,15,2024-01-10,Apartment,4,1110.88,"$351,282.64",Sold,C0767,351282.64
150052,15,2024-01-10,Apartment,8,1056.46,"$323,933.40",Available,,323933.4
150055,15,2024-01-10,Apartment,9,565.48,"$147,313.66",Sold,C1639,147313.66
150073,15,2024-01-10,Apartment,11,1437.62,"$405,432.81",Available,,405432.81
150104,15,2024-01-10,Apartment,15,522.71,"$159,782.74",Sold,C1540,159782.74
150109,15,2024-01-10,Apartment,15,522.71,"$168,550.58",Sold,C1387,168550.58
150119,15,2024-01-10,Apartment,16,1692.61,"$484,748.14",Available,,484748.14
150123,15,2024-01-10,Apartment,16,1692.61,"$491,025.48",Sold,C0097,491025.48
150155,15,2024-01-10,Apartment,20,1662.01,"$441,368.29",Sold,C0014,441368.29
150177,15,2024-01-10,Apartment,23,1279.23,"$369,049.21",Sold,C0467,369049.21
150218,15,2024-01-10,Apartment,25,607.01,"$166,140.66",Available,,166140.66
150222,15,2024-01-10,Apartment,26,961.01,"$276,284.34",Sold,C1703,276284.34
150283,15,2024-01-10,Apartment,34,1304.22,"$444,680.77",Sold,C1065,444680.77
150284,15,2024-01-10,Office,34,1304.22,"$390,660.70",Available,,390660.7
150306,15,2024-01-10,Apartment,35,745.49,"$223,449.53",Sold,C1104,223449.53
150323,15,2024-01-10,Apartment,38,585.57,"$154,701.24",Sold,C1314,154701.24
150327,15,2024-01-10,Apartment,38,585.57,"$160,222.84",Available,,160222.84
150332,15,2024-01-10,Office,38,585.57,"$180,762.88",Available,,180762.88
150348,15,2024-01-10,Apartment,41,1586.79,"$470,014.76",Available,,470014.76
150357,15,2024-01-10,Office,43,1655.05,"$483,167.65",Available,,483167.65
150380,15,2024-01-10,Apartment,48,1403.33,"$374,131.45",Available,,374131.45
150416,15,2024-01-10,Apartment,52,829.2,"$283,362.29",Sold,C1458,283362.29
150417,15,2024-01-10,Apartment,52,829.2,"$259,320.70",Available,,259320.7
150421,15,2024-01-10,Apartment,53,696.04,"$211,469.90",Sold,C0485,211469.9
150422,15,2024-01-10,Apartment,53,696.04,"$194,717.01",Sold,C0774,194717.01
150437,15,2024-01-10,Apartment,55,892.75,"$276,552.01",Sold,C0876,276552.01
150441,15,2024-01-10,Apartment,55,892.75,"$289,323.48",Sold,C1560,289323.48
150459,15,2024-01-10,Apartment,56,939.93,"$259,840.79",Sold,C1085,259840.79
150461,15,2024-01-10,Apartment,56,939.93,"$307,452.20",Available,,307452.2
150474,15,2024-01-10,Apartment,57,429.34,"$150,517.02",Available,,150517.02
150492,15,2024-01-10,Apartment,58,1750.89,"$514,682.24",Available,,514682.24
150495,15,2024-01-10,Apartment,58,1750.89,"$492,952.77",Sold,C0416,492952.77
150498,15,2024-01-10,Apartment,59,1286.47,"$345,795.89",Available,,345795.89
150501,15,2024-01-10,Office,59,1286.47,"$312,125.23",Available,,312125.23
150511,15,2024-01-10,Apartment,60,1033.2,"$300,300.85",Sold,C0917,300300.85
150518,15,2024-01-10,Apartment,60,1033.2,"$337,564.17",Available,,337564.17
160047,16,2024-01-10,Apartment,6,1062.34,"$334,381.13",Sold,C0641,334381.13
160122,16,2024-01-10,Apartment,13,500.49,"$142,238.05",Sold,C1051,142238.05
160139,16,2024-01-10,Apartment,17,836.32,"$240,238.68",Available,,240238.68
160143,16,2024-01-10,Apartment,17,836.32,"$275,855.50",Available,,275855.5
160155,16,2024-01-10,Apartment,19,1163.06,"$347,283.41",Sold,C1738,347283.41
160158,16,2024-01-10,Apartment,20,1096.33,"$315,840.76",Sold,C1984,315840.76
160177,16,2024-01-10,Apartment,22,1575.06,"$466,599.16",Sold,C1622,466599.16
160200,16,2024-01-10,Apartment,25,853.37,"$259,327.23",Sold,C0665,259327.23
160216,16,2024-01-10,Apartment,26,1458.08,"$382,971.00",Available,,382971.0
160249,16,2024-01-10,Apartment,29,489.49,"$123,288.92",Sold,C0460,123288.92
160314,16,2024-01-10,Apartment,37,922.03,"$318,562.94",Sold,C1226,318562.94
160350,16,2024-01-10,Apartment,41,1001.72,"$220,378.40",Sold,C0207,220378.4
160360,16,2024-01-10,Apartment,42,1496.62,"$414,588.69",Sold,C1887,414588.69
170065,17,2024-01-10,Apartment,8,1297.3,"$375,027.09",Sold,C1467,375027.09
170076,17,2024-01-10,Apartment,10,1059.07,"$325,597.94",Sold,C0955,325597.94
170114,17,2024-01-10,Apartment,13,916.9,"$311,395.34",Sold,C1135,311395.34
170134,17,2024-01-10,Apartment,15,1365.73,"$385,047.18",Sold,C1242,385047.18
170181,17,2024-01-10,Apartment,20,792.27,"$277,940.01",Sold,C1928,277940.01
170205,17,2024-01-10,Apartment,23,1025.52,"$288,705.15",Sold,C1770,288705.15
170214,17,2024-01-10,Apartment,25,939.46,"$312,132.33",Available,,312132.33
170216,17,2024-01-10,Apartment,25,939.46,"$259,568.71",Sold,C0802,259568.71
170237,17,2024-01-10,Apartment,27,677.24,"$214,837.50",Sold,C1975,214837.5
170245,17,2024-01-10,Apartment,27,677.24,"$189,997.94",Available,,189997.94
170249,17,2024-01-10,Office,28,1201.04,"$398,974.61",Sold,C0375,398974.61
170274,17,2024-01-10,Apartment,33,1532.89,"$467,335.84",Sold,C1074,467335.84
170291,17,2024-01-10,Apartment,35,1667.01,"$486,946.40",Sold,C1424,486946.4
170310,17,2024-01-10,Apartment,38,721.83,"$210,485.41",Available,,210485.41
170316,17,2024-01-10,Apartment,39,1341.67,"$341,188.07",Sold,C1551,341188.07
170374,17,2024-01-10,Apartment,46,1582.61,"$465,014.45",Sold,C1564,465014.45
170383,17,2024-01-10,Apartment,47,1106.83,"$333,320.89",Sold,C0256,333320.89
170446,17,2024-01-10,Apartment,51,1375.52,"$374,757.19",Sold,C1856,374757.19
180017,18,2024-01-10,Apartment,3,524.48,"$183,881.37",Sold,C0643,183881.37
180072,18,2024-01-10,Apartment,9,894.92,"$257,213.45",Sold,C1430,257213.45
180076,18,2024-01-10,Office,9,894.92,"$312,227.38",Available,,312227.38
180080,18,2024-01-10,Apartment,11,507.04,"$165,624.19",Sold,C1257,165624.19
180082,18,2024-01-10,Apartment,11,507.04,"$131,544.50",Sold,C1388,131544.5
180099,18,2024-01-10,Apartment,14,1742.3,"$501,441.18",Sold,C0237,501441.18
180102,18,2024-01-10,Apartment,14,1742.3,"$518,630.99",Available,,518630.99
180105,18,2024-01-10,Apartment,14,1742.3,"$581,837.55",Sold,C1469,581837.55
180120,18,2024-01-10,Apartment,16,1360.96,"$429,565.64",Available,,429565.64
180154,18,2024-01-10,Apartment,20,1631.48,"$403,699.08",Sold,C1223,403699.08
180199,18,2024-01-10,Apartment,25,911.94,"$276,124.59",Available,,276124.59
180223,18,2024-01-10,Apartment,28,514.67,"$153,024.68",Sold,C0394,153024.68
180226,18,2024-01-10,Office,28,514.67,"$159,338.05",Sold,C0509,159338.05
180233,18,2024-01-10,Apartment,29,578.36,"$161,600.76",Sold,C0844,161600.76
180241,18,2024-01-10,Apartment,30,1795.66,"$534,260.23",Sold,C1602,534260.23
180321,18,2024-01-10,Apartment,37,1092.32,"$316,603.14",Sold,C0732,316603.14
180342,18,2024-01-10,Apartment,39,662.88,"$191,623.18",Sold,C1477,191623.18
180371,18,2024-01-10,Apartment,41,852.83,"$275,046.94",Sold,C1460,275046.94
180399,18,2024-01-10,Office,45,1627.52,"$487,865.86",Sold,C1966,487865.86
180480,18,2024-01-10,Apartment,53,1806.7,"$537,806.31",Sold,C0413,537806.31
180515,18,2024-01-10,Apartment,58,955.23,"$283,186.34",Sold,C0088,283186.34
180517,18,2024-01-10,Apartment,58,955.23,"$324,852.10",Available,,324852.1
180588,18,2024-01-10,Apartment,68,1445.28,"$425,612.61",Available,,425612.61
180589,18,2024-01-10,Apartment,68,1445.28,"$476,578.58",Sold,C0368,476578.58
190024,19,2024-01-10,Apartment,5,1408.42,"$410,069.43",Sold,C1517,410069.43
190029,19,2024-01-10,Apartment,5,1408.42,"$395,263.80",Available,,395263.8
190032,19,2024-01-10,Apartment,6,1067.81,"$323,027.63",Available,,323027.63
190060,19,2024-01-10,Apartment,9,695.8,"$189,471.15",Sold,C0116,189471.15
190086,19,2024-01-10,Apartment,13,766.61,"$206,694.75",Sold,C1808,206694.75
190103,19,2024-01-10,Office,14,630.47,"$215,808.72",Sold,C1594,215808.72
190159,19,2024-01-10,Apartment,20,1772.03,"$577,980.13",Sold,C0893,577980.13
190170,19,2024-01-10,Apartment,21,477.75,"$142,429.29",Available,,142429.29
190173,19,2024-01-10,Apartment,21,477.75,"$150,401.04",Sold,C0045,150401.04
190194,19,2024-01-10,Apartment,23,1592.45,"$486,629.72",Sold,C0422,486629.72
190197,19,2024-01-10,Apartment,24,620.51,"$189,301.73",Available,,189301.73
190226,19,2024-01-10,Apartment,26,668.24,"$216,103.44",Sold,C0521,216103.44
190256,19,2024-01-10,Office,29,1657.84,"$515,588.06",Available,,515588.06
190272,19,2024-01-10,Apartment,31,1089.64,"$286,904.35",Sold,C0233,286904.35
190290,19,2024-01-10,Apartment,34,783.42,"$242,972.81",Sold,C0738,242972.81
190350,19,2024-01-10,Office,41,1657.19,"$520,346.45",Sold,C1848,520346.45
190366,19,2024-01-10,Apartment,42,1137.59,"$390,859.32",Sold,C1631,390859.32
190384,19,2024-01-10,Office,43,1697.72,"$512,301.15",Available,,512301.15
190391,19,2024-01-10,Apartment,44,982.8,"$234,480.31",Sold,C1996,234480.31
190393,19,2024-01-10,Apartment,44,982.8,"$248,431.99",Sold,C0249,248431.99
190405,19,2024-01-10,Apartment,46,1926.19,"$557,463.33",Sold,C0827,557463.33
190414,19,2024-01-10,Apartment,47,1126.37,"$357,883.39",Sold,C1863,357883.39
190426,19,2024-01-10,Apartment,49,1004.26,"$304,945.99",Available,,304945.99
200037,20,2024-01-10,Apartment,3,1645.93,"$498,948.04",Sold,C0107,498948.04
200054,20,2024-01-10,Office,6,1401.0,"$445,987.20",Sold,C1075,445987.2
200062,20,2024-01-10,Office,7,1757.4,"$543,241.56",Available,,543241.56
200090,20,2024-01-10,Apartment,13,1587.57,"$539,007.54",Sold,C0971,539007.54
200105,20,2024-01-10,Apartment,14,837.37,"$237,866.80",Sold,C0374,237866.8
200158,20,2024-01-10,Office,18,1868.01,"$575,322.53",Sold,C1798,575322.53
200192,20,2024-01-10,Apartment,21,954.87,"$229,170.82",Sold,C1961,229170.82
200206,20,2024-01-10,Apartment,25,780.74,"$241,644.79",Sold,C1713,241644.79
200240,20,2024-01-10,Apartment,30,1703.94,"$471,871.72",Sold,C0361,471871.72
200244,20,2024-01-10,Apartment,30,1703.94,"$507,372.42",Available,,507372.42
200299,20,2024-01-10,Apartment,33,630.53,"$183,562.93",Sold,C0847,183562.93
200314,20,2024-01-10,Apartment,34,858.93,"$246,938.23",Sold,C1579,246938.23
200328,20,2024-01-10,Apartment,36,1484.99,"$423,292.04",Available,,423292.04
200352,20,2024-01-10,Apartment,38,1499.47,"$368,567.45",Sold,C1463,368567.45
200401,20,2024-01-10,Apartment,46,1227.49,"$360,930.49",Sold,C1337,360930.49
200438,20,2024-01-10,Office,49,880.76,"$319,009.74",Sold,C0303,319009.74
990020,5,2024-01-10,Apartment,25,618.16,"$199,730.73",Available,,199730.73
1024,1,2024-01-11,Apartment,24,782.25,"$235,762.34",Sold,C0050,235762.34
1039,1,2024-01-11,Apartment,39,782.25,"$196,220.05",Sold,C0137,196220.05
2003,2,2024-01-11,Apartment,3,927.08,"$289,727.99",Sold,C0149,289727.99
2031,2,2024-01-11,Apartment,31,1604.75,"$452,667.01",Sold,C0096,452667.01
2049,2,2024-01-11,Apartment,49,1288.62,"$323,915.81",Sold,C0124,323915.81
3008,3,2024-01-11,Apartment,8,697.89,"$219,865.76",Sold,C0088,219865.76
3013,3,2024-01-11,Apartment,13,781.07,"$253,025.78",Sold,C0053,253025.78
3033,3,2024-01-11,Apartment,33,670.89,"$200,300.63",Sold,C0042,200300.63
3038,3,2024-01-11,Apartment,38,1596.35,"$464,549.19",Sold,C0032,464549.19
3039,3,2024-01-11,Apartment,39,923.21,"$312,211.14",Sold,C0103,312211.14
3046,3,2024-01-11,Apartment,46,923.21,"$252,185.99",Sold,C0092,252185.99
3056,3,2024-01-11,Apartment,56,1343.39,"$401,894.82",Available,,401894.82
3058,3,2024-01-11,Apartment,58,758.69,"$264,275.78",Available,,264275.78
4018,4,2024-01-11,Apartment,18,1121.95,"$310,832.59",Sold,C0020,310832.59
4029,4,2024-01-11,Apartment,29,794.52,"$200,148.89",Sold,C0120,200148.89
4030,4,2024-01-11,Apartment,30,1121.95,"$310,577.04",Sold,C0085,310577.04
4041,4,2024-01-11,Apartment,41,1305.62,"$402,081.80",Sold,C0061,402081.8
5026,5,2024-01-11,Apartment,26,1273.55,"$338,482.45",Available,,338482.45
5027,5,2024-01-11,Apartment,27,798.28,"$269,075.30",Sold,C0026,269075.3
10003,1,2024-01-11,Apartment,1,748.06,"$235,768.48",Available,,235768.48
10013,1,2024-01-11,Apartment,2,715.67,"$215,511.14",Sold,C0792,215511.14
10042,1,2024-01-11,Apartment,5,753.87,"$252,968.73",Available,,252968.73
10111,1,2024-01-11,Apartment,14,1181.69,"$337,234.57",Sold,C1351,337234.57
10118,1,2024-01-11,Apartment,14,1181.69,"$346,672.38",Sold,C0484,346672.38
10119,1,2024-01-11,Apartment,14,1181.69,"$374,355.36",Sold,C0916,374355.36
10127,1,2024-01-11,Office,15,765.0,"$207,359.10",Sold,C0282,207359.1
10128,1,2024-01-11,Apartment,15,765.0,"$198,960.72",Available,,198960.72
10136,1,2024-01-11,Apartment,17,608.25,"$167,875.27",Sold,C0203,167875.27
10167,1,2024-01-11,Apartment,21,1957.16,"$545,614.44",Sold,C0501,545614.44
10259,1,2024-01-11,Apartment,29,757.2,"$229,840.97",Sold,C0455,229840.97
10376,1,2024-01-11,Apartment,41,835.25,"$210,587.30",Sold,C0825,210587.3
10390,1,2024-01-11,Apartment,45,767.46,"$214,122.99",Sold,C1199,214122.99
10391,1,2024-01-11,Apartment,46,1153.16,"$326,441.60",Sold,C1212,326441.6
10396,1,2024-01-11,Apartment,46,1153.16,"$380,928.08",Available,,380928.08
10409,1,2024-01-11,Apartment,47,771.08,"$230,895.04",Sold,C1428,230895.04
20003,2,2024-01-11,Apartment,1,706.3,"$202,389.15",Sold,C0280,202389.15
20037,2,2024-01-11,Apartment,4,1281.85,"$407,225.63",Sold,C1670,407225.63
20096,2,2024-01-11,Apartment,11,1625.05,"$401,094.64",Sold,C0855,401094.64
20106,2,2024-01-11,Apartment,12,1610.5,"$430,917.22",Sold,C1594,430917.22
20115,2,2024-01-11,Apartment,14,1296.39,"$352,637.60",Sold,C1502,352637.6
20140,2,2024-01-11,Apartment,17,1397.4,"$436,648.96",Available,,436648.96
20175,2,2024-01-11,Apartment,20,727.55,"$207,221.76",Sold,C0726,207221.76
20186,2,2024-01-11,Apartment,21,921.38,"$247,542.86",Available,,247542.86
20194,2,2024-01-11,Apartment,22,653.41,"$172,520.48",Sold,C0299,172520.48
20280,2,2024-01-11,Apartment,33,931.4,"$271,241.62",Sold,C1812,271241.62
20298,2,2024-01-11,Apartment,35,1391.68,"$414,228.09",Sold,C0418,414228.09
20331,2,2024-01-11,Apartment,40,1599.45,"$424,080.23",Sold,C0462,424080.23
20348,2,2024-01-11,Apartment,42,786.45,"$232,997.81",Sold,C1976,232997.81
20377,2,2024-01-11,Apartment,45,782.2,"$272,124.69",Available,,272124.69
20379,2,2024-01-11,Office,45,782.2,"$234,213.56",Sold,C0790,234213.56
20380,2,2024-01-11,Office,45,782.2,"$268,510.94",Sold,C1515,268510.94
20389,2,2024-01-11,Apartment,46,697.74,"$195,064.03",Sold,C1202,195064.03
20395,2,2024-01-11,Apartment,46,697.74,"$233,644.34",Sold,C1395,233644.34
20400,2,2024-01-11,Apartment,46,697.74,"$203,506.46",Sold,C0826,203506.46
20408,2,2024-01-11,Apartment,47,708.32,"$223,015.27",Available,,223015.27
20417,2,2024-01-11,Apartment,47,708.32,"$231,277.63",Sold,C1918,231277.63
20445,2,2024-01-11,Apartment,51,699.31,"$211,377.64",Sold,C1766,211377.64
20446,2,2024-01-11,Apartment,51,699.31,"$170,898.56",Sold,C1531,170898.56
20474,2,2024-01-11,Apartment,55,579.26,"$186,508.92",Sold,C1692,186508.92
20478,2,2024-01-11,Apartment,55,579.26,"$180,470.85",Sold,C1600,180470.85
20479,2,2024-01-11,Apartment,55,579.26,"$149,722.30",Sold,C0863,149722.3
20482,2,2024-01-11,Apartment,55,579.26,"$183,552.54",Sold,C0914,183552.54
20486,2,2024-01-11,Apartment,56,722.22,"$213,732.45",Sold,C1350,213732.45
30001,3,2024-01-11,Apartment,1,689.75,"$191,864.06",Sold,C0071,191864.06
30022,3,2024-01-11,Apartment,2,672.64,"$240,374.88",Sold,C0788,240374.88
30060,3,2024-01-11,Apartment,7,744.01,"$220,411.63",Sold,C0168,220411.63
30105,3,2024-01-11,Apartment,10,784.09,"$219,225.38",Sold,C1822,219225.38
30115,3,2024-01-11,Office,10,784.09,"$237,286.38",Sold,C1077,237286.38
30167,3,2024-01-11,Apartment,19,1602.22,"$482,466.49",Sold,C1422,482466.49
30193,3,2024-01-11,Apartment,21,1122.15,"$305,315.50",Sold,C1794,305315.5
30205,3,2024-01-11,Apartment,22,1165.89,"$383,302.73",Sold,C1172,383302.73
30260,3,2024-01-11,Apartment,28,679.93,"$198,426.44",Sold,C0243,198426.44
30276,3,2024-01-11,Apartment,31,915.38,"$301,015.09",Available,,301015.09
30299,3,2024-01-11,Apartment,36,733.45,"$207,396.58",Sold,C1166,207396.58
30306,3,2024-01-11,Apartment,37,659.12,"$185,073.47",Sold,C1873,185073.47
30347,3,2024-01-11,Apartment,42,1343.96,"$398,769.10",Sold,C0450,398769.1
30359,3,2024-01-11,Apartment,44,673.86,"$220,677.17",Sold,C0144,220677.17
30363,3,2024-01-11,Apartment,45,1598.85,"$428,464.18",Available,,428464.18
30364,3,2024-01-11,Apartment,45,1598.85,"$485,278.06",Sold,C0880,485278.06
30368,3,2024-01-11,Apartment,46,1599.81,"$395,214.07",Sold,C0303,395214.07
30402,3,2024-01-11,Apartment,49,1174.48,"$399,369.84",Available,,399369.84
30438,3,2024-01-11,Apartment,50,713.67,"$259,597.98",Available,,259597.98
30473,3,2024-01-11,Office,56,1179.42,"$392,645.79",Sold,C0101,392645.79
30486,3,2024-01-11,Apartment,57,1607.94,"$493,269.39",Available,,493269.39
30496,3,2024-01-11,Apartment,58,1588.14,"$528,227.73",Sold,C0308,528227.73
40010,4,2024-01-11,Apartment,1,1615.98,"$507,625.15",Sold,C0262,507625.15
40031,4,2024-01-11,Apartment,3,1630.82,"$419,373.26",Sold,C1704,419373.26
40087,4,2024-01-11,Apartment,11,802.79,"$248,706.16",Sold,C1562,248706.16
40096,4,2024-01-11,Office,12,789.38,"$262,483.04",Sold,C0816,262483.04
40110,4,2024-01-11,Apartment,14,1322.66,"$336,673.91",Sold,C0082,336673.91
40119,4,2024-01-11,Office,14,1322.66,"$443,646.85",Sold,C0449,443646.85
40123,4,2024-01-11,Apartment,14,1322.66,"$449,636.39",Available,,449636.39
40145,4,2024-01-11,Apartment,18,1294.91,"$339,650.50",Sold,C0170,339650.5
40149,4,2024-01-11,Office,18,1294.91,"$411,474.59",Sold,C1992,411474.59
40151,4,2024-01-11,Apartment,18,1294.91,"$432,835.22",Sold,C0030,432835.22
40185,4,2024-01-11,Apartment,23,1110.99,"$318,695.18",Sold,C1047,318695.18
40209,4,2024-01-11,Apartment,26,790.05,"$227,041.65",Sold,C1771,227041.65
40220,4,2024-01-11,Apartment,26,790.05,"$239,720.69",Sold,C0831,239720.69
40236,4,2024-01-11,Apartment,29,776.79,"$248,289.51",Sold,C1651,248289.51
40248,4,2024-01-11,Office,30,1307.35,"$415,366.42",Sold,C1560,415366.42
40256,4,2024-01-11,Apartment,31,793.1,"$267,974.26",Available,,267974.26
40259,4,2024-01-11,Apartment,31,793.1,"$232,921.37",Sold,C0270,232921.37
40267,4,2024-01-11,Apartment,31,793.1,"$246,750.84",Sold,C1085,246750.84
40284,4,2024-01-11,Apartment,33,734.73,"$240,169.93",Sold,C0470,240169.93
40287,4,2024-01-11,Office,33,734.73,"$228,208.94",Sold,C0928,228208.94
40291,4,2024-01-11,Office,34,795.1,"$304,292.56",Available,,304292.56
40330,4,2024-01-11,Apartment,39,743.73,"$229,285.01",Sold,C0700,229285.01
40351,4,2024-01-11,Apartment,42,738.34,"$222,155.47",Sold,C0342,222155.47
40354,4,2024-01-11,Office,43,1616.99,"$581,950.52",Sold,C1537,581950.52
40378,4,2024-01-11,Apartment,45,1160.48,"$358,031.05",Available,,358031.05
40380,4,2024-01-11,Apartment,45,1160.48,"$339,771.48",Sold,C0903,339771.48
40383,4,2024-01-11,Apartment,45,1160.48,"$419,164.55",Sold,C0641,419164.55
40387,4,2024-01-11,Office,45,1160.48,"$324,753.68",Sold,C0358,324753.68
40394,4,2024-01-11,Apartment,45,1160.48,"$348,785.34",Sold,C1734,348785.34
40418,4,2024-01-11,Apartment,49,739.7,"$243,338.41",Sold,C0324,243338.41
40421,4,2024-01-11,Office,49,739.7,"$263,102.72",Available,,263102.72
50004,5,2024-01-11,Office,1,790.55,"$257,071.38",Sold,C1933,257071.38
50015,5,2024-01-11,Apartment,4,799.1,"$222,889.34",Sold,C0157,222889.34
50030,5,2024-01-11,Apartment,6,775.85,"$231,930.65",Sold,C1840,231930.65
50068,5,2024-01-11,Office,10,629.27,"$208,569.64",Sold,C0553,208569.64
50083,5,2024-01-11,Apartment,11,1058.56,"$339,165.46",Sold,C0535,339165.46
50121,5,2024-01-11,Office,15,1050.95,"$296,079.64",Sold,C0804,296079.64
50122,5,2024-01-11,Apartment,15,1050.95,"$331,811.36",Sold,C1626,331811.36
50130,5,2024-01-11,Apartment,17,798.74,"$245,892.17",Sold,C0048,245892.17
50147,5,2024-01-11,Apartment,19,819.72,"$230,776.08",Sold,C1037,230776.08
50186,5,2024-01-11,Office,23,1006.65,"$311,141.43",Sold,C1002,311141.43
50208,5,2024-01-11,Apartment,27,1278.6,"$481,540.50",Sold,C0899,481540.5
50237,5,2024-01-11,Apartment,32,1051.39,"$305,116.48",Sold,C0371,305116.48
50287,5,2024-01-11,Apartment,37,1790.7,"$575,737.82",Sold,C0184,575737.82
50290,5,2024-01-11,Apartment,38,1283.87,"$379,665.90",Sold,C1063,379665.9
50295,5,2024-01-11,Apartment,39,591.14,"$186,077.63",Sold,C1341,186077.63
50337,5,2024-01-11,Apartment,43,802.72,"$229,725.79",Available,,229725.79
50340,5,2024-01-11,Apartment,44,806.03,"$199,052.96",Sold,C1829,199052.96
50346,5,2024-01-11,Apartment,44,806.03,"$204,999.29",Sold,C0750,204999.29
50389,5,2024-01-11,Apartment,46,1272.95,"$343,500.43",Sold,C1374,343500.43
50425,5,2024-01-11,Apartment,49,795.75,"$203,817.34",Sold,C0098,203817.34
60021,6,2024-01-11,Apartment,1,1720.95,"$486,875.04",Available,,486875.04
60023,6,2024-01-11,Apartment,2,1338.63,"$330,762.51",Available,,330762.51
60044,6,2024-01-11,Apartment,4,1925.28,"$487,921.83",Sold,C0669,487921.83
60083,6,2024-01-11,Apartment,7,1075.42,"$327,614.46",Sold,C1609,327614.46
60103,6,2024-01-11,Apartment,8,986.97,"$334,482.01",Sold,C0704,334482.01
60104,6,2024-01-11,Apartment,8,986.97,"$329,294.11",Available,,329294.11
60125,6,2024-01-11,Apartment,10,942.08,"$257,759.96",Sold,C0162,257759.96
60134,6,2024-01-11,Apartment,11,1719.85,"$542,668.47",Sold,C0180,542668.47
60203,6,2024-01-11,Apartment,19,1542.71,"$418,659.41",Available,,418659.41
60210,6,2024-01-11,Apartment,20,1897.17,"$581,422.65",Available,,581422.65
60223,6,2024-01-11,Apartment,20,1897.17,"$495,367.08",Sold,C1014,495367.08
60226,6,2024-01-11,Apartment,21,833.23,"$304,037.29",Sold,C0795,304037.29
60284,6,2024-01-11,Apartment,31,1768.9,"$586,091.18",Sold,C1856,586091.18
60315,6,2024-01-11,Apartment,34,1353.81,"$432,277.14",Available,,432277.14
60340,6,2024-01-11,Apartment,37,1721.96,"$600,992.42",Sold,C0564,600992.42
60370,6,2024-01-11,Apartment,42,1766.89,"$574,929.03",Sold,C0064,574929.03
60387,6,2024-01-11,Apartment,44,842.69,"$222,108.32",Sold,C0457,222108.32
60393,6,2024-01-11,Office,46,1870.54,"$553,675.21",Sold,C1982,553675.21
60449,6,2024-01-11,Office,53,1170.96,"$410,695.68",Sold,C1435,410695.68
60474,6,2024-01-11,Apartment,55,562.37,"$173,084.07",Sold,C1462,173084.07
70012,7,2024-01-11,Apartment,3,888.5,"$292,195.46",Sold,C1305,292195.46
70013,7,2024-01-11,Apartment,3,888.5,"$254,393.27",Available,,254393.27
70048,7,2024-01-11,Apartment,8,1561.28,"$470,603.40",Sold,C0509,470603.4
70124,7,2024-01-11,Apartment,15,602.92,"$149,595.29",Available,,149595.29
70128,7,2024-01-11,Apartment,15,602.92,"$143,567.50",Available,,143567.5
70160,7,2024-01-11,Apartment,19,751.07,"$245,886.58",Sold,C0760,245886.58
70173,7,2024-01-11,Apartment,20,1160.82,"$399,084.27",Sold,C0293,399084.27
70179,7,2024-01-11,Apartment,20,1160.82,"$304,852.58",Available,,304852.58
70180,7,2024-01-11,Apartment,20,1160.82,"$337,242.59",Sold,C1694,337242.59
70197,7,2024-01-11,Apartment,22,1914.21,"$541,890.18",Sold,C1243,541890.18
70222,7,2024-01-11,Apartment,25,573.8,"$194,575.52",Sold,C1160,194575.52
70223,7,2024-01-11,Apartment,25,573.8,"$199,102.71",Available,,199102.71
70240,7,2024-01-11,Apartment,27,768.05,"$266,565.70",Available,,266565.7
70297,7,2024-01-11,Apartment,35,613.21,"$187,821.39",Available,,187821.39
70345,7,2024-01-11,Apartment,41,1093.92,"$356,161.33",Sold,C1476,356161.33
70354,7,2024-01-11,Apartment,41,1093.92,"$377,039.12",Sold,C0601,377039.12
70468,7,2024-01-11,Apartment,55,601.23,"$212,513.83",Sold,C1134,212513.83
70487,7,2024-01-11,Apartment,57,1347.67,"$345,879.21",Available,,345879.21
70517,7,2024-01-11,Apartment,60,1219.54,"$362,889.52",Available,,362889.52
80032,8,2024-01-11,Apartment,4,1934.75,"$562,008.09",Sold,C0627,562008.09
80046,8,2024-01-11,Apartment,5,887.23,"$272,263.19",Available,,272263.19
80074,8,2024-01-11,Apartment,8,1552.34,"$518,735.40",Sold,C0473,518735.4
80101,8,2024-01-11,Apartment,12,1430.46,"$406,304.61",Available,,406304.61
80115,8,2024-01-11,Apartment,14,685.93,"$179,753.73",Available,,179753.73
80133,8,2024-01-11,Office,16,424.09,"$114,987.30",Sold,C1760,114987.3
80136,8,2024-01-11,Apartment,16,424.09,"$133,385.68",Sold,C0533,133385.68
80177,8,2024-01-11,Office,23,1114.67,"$372,407.25",Available,,372407.25
80181,8,2024-01-11,Apartment,25,1833.58,"$486,921.52",Available,,486921.52
80186,8,2024-01-11,Office,26,1625.38,"$579,412.56",Sold,C1654,579412.56
80208,8,2024-01-11,Apartment,28,1431.61,"$429,778.33",Sold,C1728,429778.33
80209,8,2024-01-11,Apartment,28,1431.61,"$436,529.91",Sold,C0331,436529.91
80281,8,2024-01-11,Apartment,33,1809.87,"$629,276.73",Sold,C0790,629276.73
80284,8,2024-01-11,Apartment,33,1809.87,"$577,250.82",Available,,577250.82
80313,8,2024-01-11,Apartment,37,890.65,"$255,727.61",Available,,255727.61
80342,8,2024-01-11,Apartment,39,1290.89,"$446,169.39",Sold,C1000,446169.39
80363,8,2024-01-11,Office,43,1490.59,"$517,271.54",Sold,C1407,517271.54
80417,8,2024-01-11,Apartment,47,543.08,"$152,252.04",Sold,C1687,152252.04
80464,8,2024-01-11,Apartment,55,1300.05,"$293,754.17",Sold,C1371,293754.17
80466,8,2024-01-11,Apartment,55,1300.05,"$410,171.80",Sold,C1241,410171.8
80483,8,2024-01-11,Apartment,56,1874.7,"$535,453.26",Sold,C1934,535453.26
90012,9,2024-01-11,Apartment,1,832.35,"$232,726.96",Sold,C0292,232726.96
90027,9,2024-01-11,Office,6,1821.59,"$498,028.07",Sold,C1981,498028.07
90040,9,2024-01-11,Office,7,697.68,"$242,154.43",Sold,C1590,242154.43
90041,9,2024-01-11,Apartment,8,1315.55,"$369,604.60",Sold,C1030,369604.6
90044,9,2024-01-11,Apartment,8,1315.55,"$413,870.18",Sold,C1095,413870.18
90045,9,2024-01-11,Apartment,8,1315.55,"$332,067.85",Sold,C0221,332067.85
90050,9,2024-01-11,Apartment,8,1315.55,"$317,799.98",Sold,C1595,317799.98
90112,9,2024-01-11,Apartment,17,1481.32,"$399,912.07",Sold,C1923,399912.07
90155,9,2024-01-11,Apartment,24,914.61,"$252,664.87",Sold,C0563,252664.87
90156,9,2024-01-11,Apartment,24,914.61,"$288,228.27",Sold,C1611,288228.27
90163,9,2024-01-11,Office,25,1904.38,"$580,258.17",Available,,580258.17
90176,9,2024-01-11,Apartment,26,1038.39,"$299,753.36",Sold,C0949,299753.36
90180,9,2024-01-11,Apartment,27,1207.33,"$318,135.46",Sold,C1251,318135.46
90203,9,2024-01-11,Apartment,30,1250.17,"$408,434.17",Sold,C1166,408434.17
90263,9,2024-01-11,Apartment,34,1577.36,"$564,424.34",Sold,C0144,564424.34
90270,9,2024-01-11,Apartment,35,1376.88,"$456,333.23",Sold,C1901,456333.23
90333,9,2024-01-11,Apartment,40,1090.32,"$273,525.85",Sold,C0798,273525.85
90384,9,2024-01-11,Office,45,786.13,"$255,671.55",Sold,C1628,255671.55
90422,9,2024-01-11,Apartment,53,599.72,"$170,472.55",Sold,C0435,170472.55
90436,9,2024-01-11,Apartment,56,1516.4,"$460,188.45",Available,,460188.45
90446,9,2024-01-11,Apartment,56,1516.4,"$418,981.24",Sold,C0165,418981.24
90470,9,2024-01-11,Apartment,57,1198.57,"$370,077.40",Sold,C1717,370077.4
90496,9,2024-01-11,Apartment,58,838.34,"$242,857.89",Available,,242857.89
90504,9,2024-01-11,Apartment,58,838.34,"$268,594.51",Sold,C0486,268594.51
90513,9,2024-01-11,Office,58,838.34,"$263,976.08",Sold,C1194,263976.08
100023,10,2024-01-11,Apartment,4,1765.37,"$469,177.34",Available,,469177.34
100028,10,2024-01-11,Office,4,1765.37,"$570,222.00",Sold,C0995,570222.0
100033,10,2024-01-11,Apartment,4,1765.37,"$542,510.83",Sold,C1069,542510.83
100038,10,2024-01-11,Apartment,5,1741.96,"$444,902.95",Sold,C0862,444902.95
100043,10,2024-01-11,Apartment,5,1741.96,"$559,209.89",Sold,C1817,559209.89
100076,10,2024-01-11,Apartment,9,1849.4,"$588,644.89",Sold,C0420,588644.89
100108,10,2024-01-11,Apartment,14,1318.01,"$384,006.83",Sold,C1504,384006.83
100115,10,2024-01-11,Apartment,15,1948.32,"$564,194.97",Sold,C0774,564194.97
100116,10,2024-01-11,Apartment,15,1948.32,"$564,388.00",Sold,C0051,564388.0
100121,10,2024-01-11,Apartment,15,1948.32,"$693,149.90",Available,,693149.9
100128,10,2024-01-11,Apartment,17,647.35,"$203,491.65",Sold,C0814,203491.65
100149,10,2024-01-11,Apartment,19,948.04,"$289,760.74",Available,,289760.74
100159,10,2024-01-11,Apartment,20,1264.43,"$334,152.70",Sold,C1549,334152.7
100163,10,2024-01-11,Apartment,20,1264.43,"$349,197.14",Sold,C0378,349197.14
100168,10,2024-01-11,Apartment,22,1116.68,"$394,144.56",Sold,C1119,394144.56
100196,10,2024-01-11,Apartment,26,1294.85,"$383,816.78",Sold,C0412,383816.78
100232,10,2024-01-11,Apartment,28,1606.58,"$426,208.52",Sold,C0446,426208.52
100245,10,2024-01-11,Apartment,30,1559.4,"$546,710.43",Sold,C1537,546710.43
100316,10,2024-01-11,Office,37,1177.85,"$366,995.11",Sold,C0941,366995.11
100329,10,2024-01-11,Apartment,39,1188.51,"$339,275.85",Sold,C0640,339275.85
100346,10,2024-01-11,Apartment,42,1757.51,"$522,599.89",Sold,C0454,522599.89
100390,10,2024-01-11,Apartment,45,1119.1,"$333,823.75",Sold,C1377,333823.75
100393,10,2024-01-11,Apartment,45,1119.1,"$366,955.61",Sold,C1622,366955.61
100394,10,2024-01-11,Apartment,45,1119.1,"$332,700.31",Sold,C0424,332700.31
100422,10,2024-01-11,Apartment,50,1138.32,"$369,834.68",Sold,C1320,369834.68
110016,11,2024-01-11,Apartment,2,938.0,"$312,873.77",Sold,C0354,312873.77
110031,11,2024-01-11,Apartment,4,1414.25,"$516,866.80",Sold,C1464,516866.8
110047,11,2024-01-11,Apartment,6,1724.08,"$504,984.93",Available,,504984.93
110068,11,2024-01-11,Apartment,8,1001.41,"$311,102.25",Available,,311102.25
110084,11,2024-01-11,Apartment,10,1519.64,"$361,461.89",Sold,C1179,361461.89
110092,11,2024-01-11,Office,10,1519.64,"$519,571.55",Sold,C0616,519571.55
110117,11,2024-01-11,Apartment,13,474.93,"$162,211.14",Sold,C0259,162211.14
110145,11,2024-01-11,Apartment,15,1385.68,"$507,714.49",Sold,C0555,507714.49
110165,11,2024-01-11,Apartment,17,1946.06,"$622,819.85",Available,,622819.85
110182,11,2024-01-11,Office,20,570.62,"$205,017.07",Sold,C0927,205017.07
110196,11,2024-01-11,Apartment,23,1098.83,"$258,369.14",Available,,258369.14
110266,11,2024-01-11,Apartment,32,1285.87,"$376,063.41",Sold,C0815,376063.41
110275,11,2024-01-11,Apartment,34,680.07,"$189,535.24",Sold,C0573,189535.24
110329,11,2024-01-11,Apartment,39,1816.63,"$609,045.19",Sold,C0192,609045.19
110336,11,2024-01-11,Apartment,41,1125.56,"$353,854.21",Sold,C1709,353854.21
110350,11,2024-01-11,Apartment,42,808.59,"$241,210.83",Sold,C0295,241210.83
110354,11,2024-01-11,Apartment,42,808.59,"$249,424.37",Sold,C0301,249424.37
110406,11,2024-01-11,Apartment,48,661.7,"$179,875.05",Sold,C1650,179875.05
110407,11,2024-01-11,Office,48,661.7,"$209,179.48",Available,,209179.48
110411,11,2024-01-11,Apartment,49,1095.85,"$320,839.12",Available,,320839.12
110420,11,2024-01-11,Apartment,49,1095.85,"$292,610.53",Sold,C0061,292610.53
110428,11,2024-01-11,Apartment,50,948.72,"$331,896.95",Sold,C0921,331896.95
110462,11,2024-01-11,Apartment,54,802.65,"$223,780.85",Sold,C0578,223780.85
110490,11,2024-01-11,Apartment,58,1159.31,"$327,566.38",Sold,C0373,327566.38
110504,11,2024-01-11,Office,60,1295.04,"$403,011.66",Sold,C0500,403011.66
110542,11,2024-01-11,Apartment,62,1938.82,"$598,158.07",Sold,C0278,598158.07
120025,12,2024-01-11,Apartment,3,1469.27,"$430,665.65",Sold,C1452,430665.65
120100,12,2024-01-11,Office,13,1394.03,"$458,362.92",Sold,C0523,458362.92
120131,12,2024-01-11,Apartment,15,1456.98,"$482,509.93",Sold,C1778,482509.93
120148,12,2024-01-11,Office,17,1428.55,"$512,659.60",Sold,C0143,512659.6
120156,12,2024-01-11,Apartment,17,1428.55,"$385,976.11",Available,,385976.11
120160,12,2024-01-11,Apartment,18,1702.66,"$576,725.19",Sold,C0915,576725.19
120161,12,2024-01-11,Apartment,18,1702.66,"$512,721.62",Sold,C1366,512721.62
120173,12,2024-01-11,Apartment,19,1381.22,"$496,924.72",Sold,C0064,496924.72
120188,12,2024-01-11,Apartment,21,1408.9,"$451,859.26",Sold,C1982,451859.26
120189,12,2024-01-11,Apartment,22,892.67,"$262,270.44",Sold,C1578,262270.44
120200,12,2024-01-11,Apartment,22,892.67,"$260,362.03",Available,,260362.03
120245,12,2024-01-11,Apartment,26,557.9,"$178,488.52",Sold,C0396,178488.52
120248,12,2024-01-11,Apartment,27,871.52,"$244,246.04",Available,,244246.04
120285,12,2024-01-11,Apartment,32,1906.38,"$496,630.54",Sold,C1927,496630.54
120321,12,2024-01-11,Apartment,35,1690.62,"$532,684.51",Available,,532684.51
120325,12,2024-01-11,Apartment,35,1690.62,"$572,833.62",Available,,572833.62
120352,12,2024-01-11,Apartment,38,1157.23,"$409,994.99",Sold,C1988,409994.99
120353,12,2024-01-11,Apartment,38,1157.23,"$343,936.88",Sold,C1913,343936.88
120362,12,2024-01-11,Apartment,38,1157.23,"$386,654.16",Sold,C1759,386654.16
120372,12,2024-01-11,Apartment,39,1653.93,"$399,974.10",Sold,C0444,399974.1
120412,12,2024-01-11,Office,48,1919.31,"$591,264.92",Available,,591264.92
130077,13,2024-01-11,Apartment,9,1448.68,"$441,779.65",Available,,441779.65
130081,13,2024-01-11,Office,10,1314.38,"$465,277.30",Available,,465277.3
130121,13,2024-01-11,Office,14,777.75,"$227,143.34",Available,,227143.34
130136,13,2024-01-11,Apartment,16,1772.88,"$478,656.41",Sold,C0034,478656.41
130160,13,2024-01-11,Office,18,1820.34,"$724,345.49",Sold,C1161,724345.49
130164,13,2024-01-11,Apartment,19,758.69,"$231,244.89",Sold,C0701,231244.89
130167,13,2024-01-11,Apartment,19,758.69,"$248,982.96",Sold,C1700,248982.96
130172,13,2024-01-11,Office,20,516.72,"$185,140.26",Sold,C0746,185140.26
130177,13,2024-01-11,Office,20,516.72,"$132,138.97",Sold,C0684,132138.97
130183,13,2024-01-11,Office,20,516.72,"$197,033.27",Sold,C0041,197033.27
130207,13,2024-01-11,Apartment,24,1044.69,"$298,657.80",Sold,C0585,298657.8
130308,13,2024-01-11,Apartment,33,1445.84,"$460,172.30",Sold,C1725,460172.3
130378,13,2024-01-11,Office,42,1044.42,"$353,067.60",Available,,353067.6
130392,13,2024-01-11,Apartment,43,1875.83,"$650,500.68",Available,,650500.68
130410,13,2024-01-11,Apartment,46,1098.38,"$339,242.23",Sold,C1013,339242.23
130476,13,2024-01-11,Office,54,1029.15,"$343,339.00",Available,,343339.0
130478,13,2024-01-11,Office,55,710.41,"$241,240.19",Sold,C0865,241240.19
130504,13,2024-01-11,Apartment,59,1434.04,"$402,812.70",Sold,C1908,402812.7
130518,13,2024-01-11,Apartment,60,1401.81,"$427,505.73",Available,,427505.73
130537,13,2024-01-11,Apartment,61,1333.63,"$372,328.20",Sold,C1973,372328.2
130547,13,2024-01-11,Apartment,63,1623.8,"$470,140.59",Sold,C0399,470140.59
130581,13,2024-01-11,Apartment,67,524.97,"$150,051.67",Sold,C1016,150051.67
140031,14,2024-01-11,Apartment,5,424.34,"$132,481.59",Sold,C1723,132481.59
140060,14,2024-01-11,Apartment,8,618.89,"$157,537.50",Sold,C1996,157537.5
140064,14,2024-01-11,Apartment,8,618.89,"$160,534.76",Sold,C1864,160534.76
140073,14,2024-01-11,Apartment,9,803.5,"$228,990.94",Sold,C0080,228990.94
140095,14,2024-01-11,Apartment,12,459.44,"$127,809.54",Sold,C1500,127809.54
140101,14,2024-01-11,Apartment,12,459.44,"$134,739.12",Sold,C1940,134739.12
140109,14,2024-01-11,Apartment,12,459.44,"$146,274.65",Sold,C0315,146274.65
140116,14,2024-01-11,Office,13,442.74,"$149,389.92",Sold,C1531,149389.92
140126,14,2024-01-11,Apartment,13,442.74,"$128,009.61",Sold,C0566,128009.61
140142,14,2024-01-11,Apartment,15,784.04,"$198,795.95",Sold,C1692,198795.95
140180,14,2024-01-11,Apartment,19,1554.83,"$452,869.84",Available,,452869.84
140184,14,2024-01-11,Apartment,20,1224.91,"$361,431.92",Available,,361431.92
140192,14,2024-01-11,Apartment,21,1560.87,"$403,540.53",Sold,C0638,403540.53
140230,14,2024-01-11,Apartment,25,586.85,"$165,634.39",Available,,165634.39
140234,14,2024-01-11,Apartment,25,586.85,"$180,342.16",Sold,C0612,180342.16
140245,14,2024-01-11,Office,28,486.35,"$180,048.26",Sold,C1758,180048.26
140258,14,2024-01-11,Apartment,29,1618.34,"$441,652.41",Sold,C1077,441652.41
140263,14,2024-01-11,Apartment,29,1618.34,"$485,471.20",Sold,C0304,485471.2
140302,14,2024-01-11,Apartment,35,1152.84,"$349,684.96",Sold,C0005,349684.96
140312,14,2024-01-11,Apartment,36,1034.47,"$322,414.06",Sold,C0361,322414.06
140318,14,2024-01-11,Office,37,1469.73,"$527,180.96",Sold,C0981,527180.96
140356,14,2024-01-11,Apartment,43,520.49,"$152,118.46",Sold,C0011,152118.46
140367,14,2024-01-11,Apartment,45,1388.61,"$383,650.52",Sold,C0692,383650.52
140400,14,2024-01-11,Apartment,48,1941.78,"$705,388.85",Sold,C1389,705388.85
140418,14,2024-01-11,Apartment,51,1346.3,"$424,933.22",Available,,424933.22
140428,14,2024-01-11,Apartment,51,1346.3,"$444,521.07",Sold,C1099,444521.07
140442,14,2024-01-11,Office,52,571.74,"$188,431.43",Sold,C1873,188431.43
140453,14,2024-01-11,Apartment,53,1493.72,"$387,618.51",Sold,C1512,387618.51
140457,14,2024-01-11,Apartment,54,1724.77,"$552,928.83",Sold,C0693,552928.83
140466,14,2024-01-11,Apartment,55,1415.9,"$427,830.22",Sold,C1957,427830.22
150047,15,2024-01-11,Apartment,7,1113.85,"$342,414.51",Sold,C0123,342414.51
150061,15,2024-01-11,Apartment,9,565.48,"$185,323.76",Sold,C1185,185323.76
150076,15,2024-01-11,Apartment,11,1437.62,"$369,075.29",Sold,C1885,369075.29
150082,15,2024-01-11,Apartment,13,653.54,"$235,328.67",Sold,C0326,235328.67
150094,15,2024-01-11,Apartment,15,522.71,"$145,287.94",Available,,145287.94
150105,15,2024-01-11,Apartment,15,522.71,"$180,780.95",Sold,C1698,180780.95
150115,15,2024-01-11,Apartment,16,1692.61,"$461,119.91",Sold,C1742,461119.91
150121,15,2024-01-11,Apartment,16,1692.61,"$522,875.60",Sold,C1643,522875.6
150126,15,2024-01-11,Apartment,16,1692.61,"$490,209.93",Available,,490209.93
150141,15,2024-01-11,Office,17,562.64,"$166,805.88",Available,,166805.88
150175,15,2024-01-11,Office,22,1317.29,"$468,522.56",Sold,C1652,468522.56
150179,15,2024-01-11,Apartment,23,1279.23,"$356,062.49",Sold,C0435,356062.49
150195,15,2024-01-11,Apartment,23,1279.23,"$498,655.74",Sold,C0811,498655.74
150201,15,2024-01-11,Apartment,23,1279.23,"$381,526.41",Available,,381526.41
150238,15,2024-01-11,Office,28,1567.93,"$600,656.79",Available,,600656.79
150257,15,2024-01-11,Apartment,30,1523.22,"$463,318.62",Sold,C1806,463318.62
150292,15,2024-01-11,Apartment,35,745.49,"$210,487.89",Sold,C0816,210487.89
150356,15,2024-01-11,Apartment,43,1655.05,"$364,678.48",Sold,C0068,364678.48
150391,15,2024-01-11,Apartment,50,1841.5,"$627,817.81",Sold,C0236,627817.81
150432,15,2024-01-11,Apartment,54,1495.13,"$471,331.07",Sold,C1015,471331.07
150507,15,2024-01-11,Office,60,1033.2,"$310,009.56",Available,,310009.56
160011,16,2024-01-11,Apartment,2,1388.75,"$364,283.73",Available,,364283.73
160012,16,2024-01-11,Office,2,1388.75,"$508,371.29",Sold,C0087,508371.29
160025,16,2024-01-11,Apartment,4,1561.55,"$395,742.90",Sold,C1492,395742.9
160058,16,2024-01-11,Apartment,8,986.18,"$315,292.46",Sold,C1380,315292.46
160077,16,2024-01-11,Apartment,9,1524.04,"$459,850.51",Sold,C0777,459850.51
160093,16,2024-01-11,Apartment,10,1608.56,"$558,250.19",Sold,C1286,558250.19
160121,16,2024-01-11,Apartment,13,500.49,"$157,919.68",Available,,157919.68
160203,16,2024-01-11,Apartment,25,853.37,"$260,928.85",Sold,C0905,260928.85
160227,16,2024-01-11,Apartment,27,1164.55,"$369,105.44",Sold,C0929,369105.44
160247,16,2024-01-11,Apartment,29,489.49,"$174,809.50",Sold,C1730,174809.5
160285,16,2024-01-11,Office,34,743.19,"$252,948.01",Sold,C1159,252948.01
160326,16,2024-01-11,Apartment,38,431.83,"$127,936.41",Sold,C0899,127936.41
160338,16,2024-01-11,Apartment,41,1001.72,"$277,637.08",Available,,277637.08
160352,16,2024-01-11,Office,41,1001.72,"$303,985.03",Sold,C1215,303985.03
160378,16,2024-01-11,Apartment,43,1185.4,"$438,939.75",Sold,C0238,438939.75
170020,17,2024-01-11,Apartment,1,530.28,"$153,669.57",Available,,153669.57
170029,17,2024-01-11,Apartment,2,1738.5,"$472,362.72",Sold,C1440,472362.72
170039,17,2024-01-11,Office,4,448.67,"$149,645.32",Sold,C0750,149645.32
170046,17,2024-01-11,Office,6,1739.03,"$505,829.95",Sold,C0511,505829.95
170049,17,2024-01-11,Apartment,6,1739.03,"$486,833.55",Sold,C0919,486833.55
170079,17,2024-01-11,Apartment,10,1059.07,"$282,046.70",Sold,C0815,282046.7
170080,17,2024-01-11,Apartment,10,1059.07,"$363,238.99",Sold,C1889,363238.99
170091,17,2024-01-11,Apartment,11,596.22,"$186,406.84",Sold,C1939,186406.84
170105,17,2024-01-11,Apartment,13,916.9,"$250,569.40",Sold,C1248,250569.4
170130,17,2024-01-11,Apartment,15,1365.73,"$441,846.20",Available,,441846.2
170132,17,2024-01-11,Apartment,15,1365.73,"$445,150.57",Sold,C1810,445150.57
170151,17,2024-01-11,Apartment,16,1693.0,"$447,263.48",Sold,C0584,447263.48
170189,17,2024-01-11,Apartment,20,792.27,"$263,038.44",Sold,C1536,263038.44
170256,17,2024-01-11,Apartment,30,1200.23,"$365,284.07",Sold,C0704,365284.07
170307,17,2024-01-11,Apartment,38,721.83,"$204,844.07",Sold,C1217,204844.07
170333,17,2024-01-11,Office,41,1422.93,"$472,361.05",Available,,472361.05
170336,17,2024-01-11,Office,41,1422.93,"$462,947.81",Sold,C1914,462947.81
170339,17,2024-01-11,Office,42,691.03,"$221,164.52",Sold,C0715,221164.52
170348,17,2024-01-11,Apartment,45,1574.3,"$480,390.25",Sold,C0725,480390.25
170424,17,2024-01-11,Apartment,49,1283.67,"$385,520.65",Sold,C0635,385520.65
180022,18,2024-01-11,Apartment,3,524.48,"$158,224.66",Sold,C1729,158224.66
180027,18,2024-01-11,Apartment,4,1096.58,"$290,759.45",Sold,C0355,290759.45
180034,18,2024-01-11,Apartment,4,1096.58,"$309,174.78",Available,,309174.78
180061,18,2024-01-11,Office,6,840.25,"$338,265.11",Available,,338265.11
180079,18,2024-01-11,Apartment,11,507.04,"$150,284.25",Sold,C0337,150284.25
180097,18,2024-01-11,Office,13,537.4,"$161,031.99",Available,,161031.99
180125,18,2024-01-11,Apartment,16,1360.96,"$346,882.78",Sold,C1265,346882.78
180159,18,2024-01-11,Apartment,21,1790.69,"$485,944.71",Sold,C0078,485944.71
180168,18,2024-01-11,Office,22,1108.09,"$303,789.51",Available,,303789.51
180222,18,2024-01-11,Apartment,28,514.67,"$135,283.13",Available,,135283.13
180255,18,2024-01-11,Apartment,30,1795.66,"$567,788.73",Sold,C1431,567788.73
180276,18,2024-01-11,Office,33,1191.96,"$468,524.95",Sold,C0363,468524.95
180278,18,2024-01-11,Apartment,34,684.02,"$220,432.21",Sold,C1825,220432.21
180280,18,2024-01-11,Apartment,35,799.05,"$235,947.23",Sold,C0282,235947.23
180296,18,2024-01-11,Apartment,36,1089.77,"$350,287.08",Available,,350287.08
180301,18,2024-01-11,Apartment,36,1089.77,"$308,545.24",Sold,C0625,308545.24
180325,18,2024-01-11,Apartment,38,1219.8,"$383,353.46",Available,,383353.46
180333,18,2024-01-11,Apartment,38,1219.8,"$405,186.38",Available,,405186.38
180343,18,2024-01-11,Apartment,39,662.88,"$193,455.41",Sold,C0200,193455.41
180347,18,2024-01-11,Apartment,40,990.46,"$330,669.52",Sold,C0973,330669.52
180354,18,2024-01-11,Apartment,40,990.46,"$295,905.81",Sold,C0516,295905.81
180387,18,2024-01-11,Office,44,1334.77,"$380,861.11",Available,,380861.11
180401,18,2024-01-11,Apartment,45,1627.52,"$485,373.77",Sold,C1459,485373.77
180407,18,2024-01-11,Apartment,45,1627.52,"$588,706.93",Available,,588706.93
180439,18,2024-01-11,Apartment,49,1457.92,"$433,115.11",Sold,C0063,433115.11
180464,18,2024-01-11,Apartment,52,1424.54,"$407,789.69",Sold,C0668,407789.69
180475,18,2024-01-11,Apartment,53,1806.7,"$516,252.84",Sold,C0589,516252.84
180479,18,2024-01-11,Apartment,53,1806.7,"$555,330.51",Sold,C0883,555330.51
180489,18,2024-01-11,Apartment,54,1756.12,"$492,343.42",Sold,C0035,492343.42
180499,18,2024-01-11,Apartment,55,930.04,"$267,387.07",Sold,C1180,267387.07
180503,18,2024-01-11,Apartment,56,1311.59,"$368,548.96",Available,,368548.96
180522,18,2024-01-11,Apartment,58,955.23,"$260,867.71",Sold,C0223,260867.71
180563,18,2024-01-11,Apartment,66,1631.24,"$406,624.17",Available,,406624.17
190025,19,2024-01-11,Apartment,5,1408.42,"$411,233.36",Sold,C0161,411233.36
190034,19,2024-01-11,Apartment,6,1067.81,"$326,716.56",Sold,C0062,326716.56
190072,19,2024-01-11,Apartment,10,747.71,"$216,518.11",Sold,C1580,216518.11
190077,19,2024-01-11,Apartment,11,1869.93,"$619,787.84",Sold,C0112,619787.84
190096,19,2024-01-11,Apartment,14,630.47,"$168,270.43",Sold,C0962,168270.43
190106,19,2024-01-11,Apartment,14,630.47,"$195,542.61",Available,,195542.61
190136,19,2024-01-11,Office,18,1599.44,"$510,826.71",Available,,510826.71
190154,19,2024-01-11,Apartment,19,1697.73,"$550,990.78",Available,,550990.78
190179,19,2024-01-11,Apartment,22,935.25,"$256,486.59",Sold,C1491,256486.59
190190,19,2024-01-11,Apartment,23,1592.45,"$451,808.00",Available,,451808.0
190210,19,2024-01-11,Apartment,25,996.38,"$296,420.21",Sold,C0311,296420.21
190218,19,2024-01-11,Apartment,26,668.24,"$180,602.57",Available,,180602.57
190220,19,2024-01-11,Office,26,668.24,"$213,075.10",Sold,C1330,213075.1
190232,19,2024-01-11,Apartment,28,1599.78,"$516,197.37",Available,,516197.37
190239,19,2024-01-11,Office,28,1599.78,"$662,403.71",Sold,C1821,662403.71
190242,19,2024-01-11,Office,28,1599.78,"$463,547.14",Sold,C0502,463547.14
190249,19,2024-01-11,Office,29,1657.84,"$575,177.72",Sold,C1764,575177.72
190288,19,2024-01-11,Apartment,33,1454.84,"$418,163.55",Sold,C1120,418163.55
190298,19,2024-01-11,Office,35,1099.62,"$354,463.37",Sold,C0887,354463.37
190300,19,2024-01-11,Apartment,36,855.94,"$244,636.06",Available,,244636.06
190311,19,2024-01-11,Apartment,37,1565.26,"$539,294.72",Sold,C0481,539294.72
190335,19,2024-01-11,Apartment,40,893.49,"$268,225.04",Sold,C0462,268225.04
190347,19,2024-01-11,Office,41,1657.19,"$520,340.47",Sold,C0487,520340.47
190359,19,2024-01-11,Apartment,42,1137.59,"$336,636.28",Sold,C0268,336636.28
190364,19,2024-01-11,Office,42,1137.59,"$361,288.82",Available,,361288.82
190383,19,2024-01-11,Apartment,43,1697.72,"$454,489.63",Available,,454489.63
190410,19,2024-01-11,Office,46,1926.19,"$578,726.68",Sold,C1326,578726.68
200036,20,2024-01-11,Office,3,1645.93,"$564,116.06",Sold,C1767,564116.06
200063,20,2024-01-11,Apartment,8,1268.45,"$430,028.88",Sold,C1600,430028.88
200079,20,2024-01-11,Apartment,11,1722.28,"$426,159.42",Available,,426159.42
200080,20,2024-01-11,Apartment,11,1722.28,"$420,273.62",Sold,C1687,420273.62
200082,20,2024-01-11,Apartment,11,1722.28,"$531,069.60",Sold,C1434,531069.6
200089,20,2024-01-11,Apartment,12,856.15,"$251,932.36",Available,,251932.36
200101,20,2024-01-11,Apartment,14,837.37,"$221,887.98",Sold,C1910,221887.98
200128,20,2024-01-11,Apartment,16,645.44,"$189,778.78",Sold,C1371,189778.78
200133,20,2024-01-11,Apartment,16,645.44,"$209,532.60",Available,,209532.6
200151,20,2024-01-11,Office,18,1868.01,"$556,002.13",Available,,556002.13
200167,20,2024-01-11,Apartment,18,1868.01,"$632,746.53",Available,,632746.53
200191,20,2024-01-11,Apartment,21,954.87,"$239,906.90",Available,,239906.9
200203,20,2024-01-11,Apartment,24,1188.07,"$359,309.12",Sold,C1983,359309.12
200225,20,2024-01-11,Office,28,463.13,"$150,726.44",Available,,150726.44
200232,20,2024-01-11,Apartment,29,1844.16,"$579,944.58",Sold,C1550,579944.58
200239,20,2024-01-11,Apartment,30,1703.94,"$477,371.12",Available,,477371.12
200248,20,2024-01-11,Office,30,1703.94,"$515,916.62",Sold,C1293,515916.62
200266,20,2024-01-11,Office,30,1703.94,"$411,253.40",Sold,C0532,411253.4
200280,20,2024-01-11,Apartment,31,1414.44,"$441,780.05",Available,,441780.05
200308,20,2024-01-11,Apartment,33,630.53,"$159,563.73",Sold,C0781,159563.73
200319,20,2024-01-11,Office,34,858.93,"$297,822.29",Sold,C0191,297822.29
200324,20,2024-01-11,Apartment,36,1484.99,"$487,337.89",Sold,C0530,487337.89
200364,20,2024-01-11,Apartment,40,428.03,"$127,354.14",Available,,127354.14
200375,20,2024-01-11,Apartment,40,428.03,"$110,458.66",Sold,C1873,110458.66
200396,20,2024-01-11,Apartment,45,1532.67,"$465,402.48",Sold,C1866,465402.48
200398,20,2024-01-11,Apartment,45,1532.67,"$430,163.14",Sold,C1957,430163.14
200422,20,2024-01-11,Apartment,48,860.8,"$260,547.09",Sold,C1142,260547.09
200428,20,2024-01-11,Apartment,48,860.8,"$287,022.15",Sold,C0144,287022.15
200448,20,2024-01-11,Apartment,50,493.06,"$163,085.03",Sold,C1851,163085.03
200458,20,2024-01-11,Apartment,51,1062.33,"$280,856.50",Available,,280856.5
200489,20,2024-01-11,Apartment,56,1333.01,"$344,381.29",Available,,344381.29
990018,4,2024-01-11,Apartment,49,1325.31,"$377,043.60",Available,,377043.6
990022,5,2024-01-11,Apartment,34,798.28,"$212,916.36",Available,,212916.36
1020,1,2024-01-12,Apartment,20,1160.36,"$398,903.42",Sold,C0005,398903.42
1035,1,2024-01-12,Apartment,35,827.87,"$238,811.06",Sold,C0132,238811.06
2006,2,2024-01-12,Apartment,6,1307.45,"$396,973.83",Sold,C0009,396973.83
2011,2,2024-01-12,Apartment,11,649.69,"$225,401.62",Sold,C0091,225401.62
2035,2,2024-01-12,Apartment,35,785.48,"$192,092.24",Sold,C0028,192092.24
2048,2,2024-01-12,Apartment,48,785.48,"$220,865.00",Sold,C0043,220865.0
3053,3,2024-01-12,Apartment,53,670.24,"$190,119.50",Sold,C0122,190119.5
4021,4,2024-01-12,Apartment,21,789.25,"$256,376.28",Available,,256376.28
4027,4,2024-01-12,Apartment,27,789.25,"$233,172.49",Available,,233172.49
4051,4,2024-01-12,Apartment,51,1608.84,"$496,266.41",Sold,C0001,496266.41
5009,5,2024-01-12,Apartment,9,798.5,"$227,072.88",Available,,227072.88
10028,1,2024-01-12,Office,3,788.73,"$261,844.74",Available,,261844.74
10034,1,2024-01-12,Apartment,4,633.61,"$199,203.79",Available,,199203.79
10039,1,2024-01-12,Apartment,5,753.87,"$189,843.68",Sold,C1897,189843.68
10044,1,2024-01-12,Office,5,753.87,"$232,407.25",Sold,C0209,232407.25
10049,1,2024-01-12,Apartment,6,740.75,"$200,107.88",Sold,C1008,200107.88
10077,1,2024-01-12,Apartment,10,1439.52,"$493,851.26",Sold,C1907,493851.26
10089,1,2024-01-12,Apartment,12,621.14,"$193,074.48",Sold,C0254,193074.48
10098,1,2024-01-12,Apartment,13,719.47,"$199,968.31",Available,,199968.31
10121,1,2024-01-12,Apartment,15,765.0,"$296,667.95",Sold,C1170,296667.95
10131,1,2024-01-12,Apartment,16,612.76,"$213,430.42",Sold,C1917,213430.42
10134,1,2024-01-12,Office,17,608.25,"$239,307.41",Available,,239307.41
10219,1,2024-01-12,Apartment,25,1154.92,"$354,701.55",Sold,C1243,354701.55
10225,1,2024-01-12,Apartment,26,828.98,"$263,940.60",Sold,C1649,263940.6
10231,1,2024-01-12,Apartment,26,828.98,"$268,587.60",Available,,268587.6
10240,1,2024-01-12,Apartment,28,1946.26,"$530,674.29",Sold,C1459,530674.29
10242,1,2024-01-12,Apartment,28,1946.26,"$605,564.38",Sold,C1446,605564.38
10258,1,2024-01-12,Apartment,29,757.2,"$230,266.96",Available,,230266.96
10260,1,2024-01-12,Apartment,29,757.2,"$243,084.29",Sold,C1919,243084.29
10267,1,2024-01-12,Apartment,29,757.2,"$261,721.60",Sold,C1333,261721.6
10295,1,2024-01-12,Apartment,31,619.78,"$181,475.71",Sold,C0611,181475.71
10319,1,2024-01-12,Apartment,34,1469.14,"$395,086.10",Sold,C0883,395086.1
10357,1,2024-01-12,Apartment,38,1355.85,"$405,898.92",Sold,C0041,405898.92
10366,1,2024-01-12,Apartment,40,784.22,"$252,147.89",Sold,C0161,252147.89
10381,1,2024-01-12,Apartment,44,779.24,"$270,937.97",Available,,270937.97
10389,1,2024-01-12,Apartment,45,767.46,"$234,640.23",Sold,C1169,234640.23
20032,2,2024-01-12,Apartment,4,1281.85,"$393,085.72",Available,,393085.72
20038,2,2024-01-12,Apartment,4,1281.85,"$391,902.09",Sold,C0037,391902.09
20074,2,2024-01-12,Apartment,9,584.19,"$199,444.82",Sold,C1668,199444.82
20083,2,2024-01-12,Office,10,788.79,"$259,489.79",Sold,C0074,259489.79
20090,2,2024-01-12,Apartment,10,788.79,"$204,957.28",Sold,C1808,204957.28
20133,2,2024-01-12,Apartment,16,1117.38,"$401,500.38",Sold,C0289,401500.38
20136,2,2024-01-12,Apartment,17,1397.4,"$427,677.52",Sold,C0561,427677.52
20139,2,2024-01-12,Apartment,17,1397.4,"$407,127.60",Available,,407127.6
20164,2,2024-01-12,Apartment,19,795.52,"$238,133.99",Sold,C1761,238133.99
20189,2,2024-01-12,Apartment,22,653.41,"$187,636.65",Available,,187636.65
20216,2,2024-01-12,Apartment,24,785.12,"$234,080.49",Sold,C1370,234080.49
20242,2,2024-01-12,Apartment,26,1577.79,"$527,169.72",Sold,C0341,527169.72
20251,2,2024-01-12,Apartment,28,650.67,"$201,418.27",Sold,C0067,201418.27
20254,2,2024-01-12,Apartment,28,650.67,"$203,858.66",Sold,C0407,203858.66
20297,2,2024-01-12,Office,35,1391.68,"$387,396.64",Sold,C0464,387396.64
20310,2,2024-01-12,Apartment,36,641.72,"$175,163.42",Sold,C1050,175163.42
20327,2,2024-01-12,Apartment,39,788.77,"$221,263.52",Available,,221263.52
20341,2,2024-01-12,Apartment,41,654.93,"$174,694.61",Sold,C1848,174694.61
20356,2,2024-01-12,Apartment,42,786.45,"$272,856.66",Sold,C0605,272856.66
20378,2,2024-01-12,Apartment,45,782.2,"$244,301.69",Sold,C0338,244301.69
20416,2,2024-01-12,Apartment,47,708.32,"$210,817.61",Sold,C1774,210817.61
20419,2,2024-01-12,Office,47,708.32,"$232,550.78",Available,,232550.78
20434,2,2024-01-12,Apartment,50,1604.8,"$507,541.50",Sold,C1033,507541.5
20451,2,2024-01-12,Apartment,52,914.01,"$314,302.72",Sold,C0026,314302.72
20454,2,2024-01-12,Office,53,781.27,"$260,279.37",Sold,C0107,260279.37
20477,2,2024-01-12,Apartment,55,579.26,"$165,052.35",Sold,C0140,165052.35
20481,2,2024-01-12,Apartment,55,579.26,"$173,779.21",Sold,C0648,173779.21
20483,2,2024-01-12,Apartment,56,722.22,"$219,431.86",Sold,C1556,219431.86
30079,3,2024-01-12,Apartment,7,744.01,"$204,992.11",Sold,C1958,204992.11
30083,3,2024-01-12,Apartment,8,1152.39,"$376,093.90",Available,,376093.9
30129,3,2024-01-12,Apartment,11,1283.1,"$361,971.44",Sold,C1590,361971.44
30137,3,2024-01-12,Apartment,13,754.84,"$220,531.20",Available,,220531.2
30175,3,2024-01-12,Apartment,19,1602.22,"$535,348.43",Sold,C1151,535348.43
30187,3,2024-01-12,Apartment,20,802.97,"$271,251.53",Sold,C1066,271251.53
30239,3,2024-01-12,Apartment,27,1117.14,"$266,757.35",Sold,C1579,266757.35
30246,3,2024-01-12,Apartment,28,679.93,"$195,873.81",Sold,C0191,195873.81
30261,3,2024-01-12,Apartment,29,666.0,"$215,208.07",Available,,215208.07
30317,3,2024-01-12,Office,39,1598.95,"$427,479.02",Sold,C0693,427479.02
30319,3,2024-01-12,Apartment,39,1598.95,"$473,117.57",Sold,C1340,473117.57
30329,3,2024-01-12,Office,40,678.71,"$213,999.90",Sold,C1337,213999.9
30334,3,2024-01-12,Apartment,41,965.5,"$304,008.75",Sold,C0541,304008.75
30352,3,2024-01-12,Apartment,43,928.43,"$290,577.04",Sold,C1142,290577.04
30361,3,2024-01-12,Apartment,44,673.86,"$190,741.67",Sold,C0504,190741.67
30362,3,2024-01-12,Apartment,44,673.86,"$209,364.49",Available,,209364.49
30366,3,2024-01-12,Apartment,45,1598.85,"$470,911.04",Sold,C1447,470911.04
30397,3,2024-01-12,Apartment,49,1174.48,"$316,007.47",Sold,C1185,316007.47
30462,3,2024-01-12,Apartment,55,688.14,"$177,394.92",Sold,C1548,177394.92
30502,3,2024-01-12,Apartment,58,1588.14,"$459,626.95",Available,,459626.95
30504,3,2024-01-12,Apartment,58,1588.14,"$519,834.80",Available,,519834.8
40066,4,2024-01-12,Apartment,7,786.36,"$235,332.62",Sold,C1806,235332.62
40070,4,2024-01-12,Office,7,786.36,"$229,822.20",Sold,C1345,229822.2
40080,4,2024-01-12,Apartment,10,1614.62,"$557,392.74",Sold,C1719,557392.74
40121,4,2024-01-12,Apartment,14,1322.66,"$361,289.62",Available,,361289.62
40218,4,2024-01-12,Apartment,26,790.05,"$224,595.39",Sold,C0114,224595.39
40228,4,2024-01-12,Apartment,26,790.05,"$240,880.70",Sold,C0774,240880.7
40268,4,2024-01-12,Office,31,793.1,"$257,496.93",Sold,C0042,257496.93
40278,4,2024-01-12,Apartment,33,734.73,"$189,152.52",Sold,C0046,189152.52
40293,4,2024-01-12,Apartment,34,795.1,"$212,131.44",Sold,C0729,212131.44
40353,4,2024-01-12,Apartment,42,738.34,"$254,680.10",Available,,254680.1
40366,4,2024-01-12,Apartment,43,1616.99,"$506,566.27",Available,,506566.27
40374,4,2024-01-12,Apartment,44,799.67,"$226,191.71",Available,,226191.71
40384,4,2024-01-12,Apartment,45,1160.48,"$323,933.82",Available,,323933.82
40398,4,2024-01-12,Apartment,45,1160.48,"$336,264.83",Available,,336264.83
40404,4,2024-01-12,Apartment,46,800.23,"$216,829.01",Available,,216829.01
40432,4,2024-01-12,Apartment,50,791.37,"$273,481.02",Available,,273481.02
50010,5,2024-01-12,Apartment,2,795.91,"$211,632.57",Available,,211632.57
50031,5,2024-01-12,Apartment,6,775.85,"$201,788.02",Sold,C0187,201788.02
50032,5,2024-01-12,Apartment,7,625.24,"$207,450.34",Available,,207450.34
50051,5,2024-01-12,Apartment,8,782.15,"$207,569.34",Sold,C1675,207569.34
50072,5,2024-01-12,Apartment,10,629.27,"$200,300.40",Sold,C0946,200300.4
50111,5,2024-01-12,Apartment,13,791.13,"$259,068.93",Sold,C0629,259068.93
50120,5,2024-01-12,Apartment,15,1050.95,"$306,423.34",Sold,C0991,306423.34
50139,5,2024-01-12,Apartment,18,1267.03,"$391,039.93",Available,,391039.93
50171,5,2024-01-12,Apartment,23,1006.65,"$309,187.49",Sold,C0188,309187.49
50174,5,2024-01-12,Apartment,23,1006.65,"$302,949.76",Sold,C0718,302949.76
50175,5,2024-01-12,Office,23,1006.65,"$271,409.35",Sold,C0137,271409.35
50184,5,2024-01-12,Apartment,23,1006.65,"$349,312.79",Available,,349312.79
50187,5,2024-01-12,Apartment,23,1006.65,"$290,605.38",Available,,290605.38
50192,5,2024-01-12,Apartment,24,807.02,"$231,022.58",Available,,231022.58
50230,5,2024-01-12,Apartment,31,1008.52,"$278,817.56",Available,,278817.56
50252,5,2024-01-12,Office,33,1787.13,"$664,530.42",Sold,C1215,664530.42
50276,5,2024-01-12,Office,36,627.56,"$184,184.30",Sold,C0789,184184.3
50311,5,2024-01-12,Apartment,41,630.83,"$174,843.11",Sold,C1959,174843.11
50312,5,2024-01-12,Apartment,41,630.83,"$167,124.56",Sold,C0900,167124.56
50356,5,2024-01-12,Apartment,44,806.03,"$260,684.22",Available,,260684.22
50380,5,2024-01-12,Office,46,1272.95,"$433,722.55",Available,,433722.55
50422,5,2024-01-12,Office,48,788.04,"$300,501.51",Sold,C1277,300501.51
50443,5,2024-01-12,Office,52,1755.18,"$569,679.58",Sold,C1276,569679.58
60013,6,2024-01-12,Apartment,1,1720.95,"$582,011.89",Sold,C1026,582011.89
60016,6,2024-01-12,Office,1,1720.95,"$607,591.51",Available,,607591.51
60123,6,2024-01-12,Apartment,10,942.08,"$254,290.00",Available,,254290.0
60157,6,2024-01-12,Office,13,581.47,"$203,255.63",Available,,203255.63
60227,6,2024-01-12,Apartment,21,833.23,"$240,771.42",Sold,C1269,240771.42
60231,6,2024-01-12,Apartment,22,1656.54,"$493,038.86",Sold,C1922,493038.86
60236,6,2024-01-12,Apartment,23,1243.4,"$365,713.38",Sold,C0854,365713.38
60264,6,2024-01-12,Apartment,28,1723.12,"$545,741.02",Sold,C0565,545741.02
60306,6,2024-01-12,Apartment,33,1131.0,"$376,815.49",Sold,C0643,376815.49
60319,6,2024-01-12,Apartment,35,999.85,"$294,335.41",Sold,C0152,294335.41
60327,6,2024-01-12,Apartment,37,1721.96,"$499,912.08",Sold,C0779,499912.08
60366,6,2024-01-12,Apartment,41,940.72,"$281,317.87",Sold,C1082,281317.87
60372,6,2024-01-12,Apartment,42,1766.89,"$599,850.78",Sold,C0644,599850.78
60413,6,2024-01-12,Apartment,50,1579.99,"$416,694.88",Available,,416694.88
60421,6,2024-01-12,Apartment,51,1476.63,"$381,644.71",Available,,381644.71
60425,6,2024-01-12,Apartment,51,1476.63,"$485,832.54",Sold,C1916,485832.54
60432,6,2024-01-12,Apartment,51,1476.63,"$476,404.88",Available,,476404.88
60444,6,2024-01-12,Apartment,53,1170.96,"$319,044.27",Sold,C1223,319044.27
60446,6,2024-01-12,Apartment,53,1170.96,"$391,496.99",Sold,C0843,391496.99
60450,6,2024-01-12,Apartment,53,1170.96,"$286,069.52",Sold,C0459,286069.52
60457,6,2024-01-12,Apartment,53,1170.96,"$330,774.86",Sold,C1854,330774.86
60475,6,2024-01-12,Apartment,55,562.37,"$172,351.28",Available,,172351.28
70039,7,2024-01-12,Apartment,7,1071.02,"$328,219.18",Available,,328219.18
70057,7,2024-01-12,Apartment,9,926.11,"$231,116.53",Available,,231116.53
70083,7,2024-01-12,Apartment,12,804.65,"$225,540.10",Available,,225540.1
70091,7,2024-01-12,Apartment,13,604.6,"$157,057.02",Sold,C0799,157057.02
70184,7,2024-01-12,Apartment,21,1528.62,"$433,359.30",Available,,433359.3
70200,7,2024-01-12,Apartment,23,1222.69,"$406,088.62",Sold,C1904,406088.62
70214,7,2024-01-12,Apartment,24,852.99,"$264,681.72",Sold,C1284,264681.72
70236,7,2024-01-12,Apartment,26,717.0,"$173,398.40",Sold,C0428,173398.4
70257,7,2024-01-12,Apartment,28,694.55,"$197,254.69",Sold,C0063,197254.69
70262,7,2024-01-12,Apartment,29,441.65,"$159,881.50",Sold,C0094,159881.5
70266,7,2024-01-12,Office,30,1237.23,"$383,676.59",Sold,C0711,383676.59
70267,7,2024-01-12,Office,30,1237.23,"$348,872.01",Sold,C1995,348872.01
70291,7,2024-01-12,Apartment,35,613.21,"$191,074.27",Sold,C0121,191074.27
70296,7,2024-01-12,Apartment,35,613.21,"$166,487.84",Sold,C0724,166487.84
70298,7,2024-01-12,Apartment,35,613.21,"$209,673.07",Available,,209673.07
70311,7,2024-01-12,Apartment,37,1171.04,"$386,845.88",Sold,C1196,386845.88
70322,7,2024-01-12,Apartment,38,1755.26,"$558,904.53",Sold,C1507,558904.53
70326,7,2024-01-12,Apartment,38,1755.26,"$592,648.66",Available,,592648.66
70328,7,2024-01-12,Apartment,38,1755.26,"$570,156.97",Sold,C1503,570156.97
70370,7,2024-01-12,Apartment,43,498.61,"$139,398.80",Sold,C1212,139398.8
70372,7,2024-01-12,Apartment,43,498.61,"$146,361.74",Sold,C0989,146361.74
70377,7,2024-01-12,Apartment,43,498.61,"$144,307.67",Sold,C1618,144307.67
70384,7,2024-01-12,Apartment,43,498.61,"$155,195.53",Sold,C1428,155195.53
70385,7,2024-01-12,Apartment,44,1859.83,"$575,207.87",Sold,C0698,575207.87
70404,7,2024-01-12,Apartment,47,1033.08,"$302,499.83",Sold,C0667,302499.83
70410,7,2024-01-12,Apartment,48,533.35,"$175,165.70",Sold,C1546,175165.7
70426,7,2024-01-12,Apartment,49,1383.05,"$396,729.97",Sold,C1571,396729.97
70449,7,2024-01-12,Apartment,53,884.87,"$194,671.40",Sold,C0739,194671.4
70463,7,2024-01-12,Apartment,54,1940.69,"$629,574.18",Sold,C0116,629574.18
70482,7,2024-01-12,Office,56,1589.6,"$426,772.21",Available,,426772.21
70483,7,2024-01-12,Apartment,56,1589.6,"$517,811.18",Sold,C1046,517811.18
70485,7,2024-01-12,Apartment,57,1347.67,"$431,607.68",Sold,C1498,431607.68
70500,7,2024-01-12,Apartment,58,1629.83,"$485,419.29",Sold,C0040,485419.29
80014,8,2024-01-12,Apartment,2,1097.36,"$344,860.78",Available,,344860.78
80031,8,2024-01-12,Apartment,4,1934.75,"$474,239.63",Sold,C0679,474239.63
80085,8,2024-01-12,Apartment,9,1869.81,"$629,874.36",Available,,629874.36
80097,8,2024-01-12,Apartment,11,742.87,"$234,850.32",Sold,C1697,234850.32
80112,8,2024-01-12,Apartment,14,685.93,"$163,848.69",Available,,163848.69
80160,8,2024-01-12,Apartment,21,1501.64,"$446,866.23",Available,,446866.23
80189,8,2024-01-12,Apartment,26,1625.38,"$478,106.01",Sold,C1585,478106.01
80192,8,2024-01-12,Apartment,26,1625.38,"$462,200.84",Sold,C0464,462200.84
80218,8,2024-01-12,Apartment,29,1848.51,"$498,074.48",Sold,C1084,498074.48
80226,8,2024-01-12,Apartment,29,1848.51,"$630,993.32",Sold,C0462,630993.32
80235,8,2024-01-12,Apartment,30,1070.46,"$374,039.09",Available,,374039.09
80240,8,2024-01-12,Apartment,30,1070.46,"$301,339.52",Sold,C1848,301339.52
80247,8,2024-01-12,Apartment,31,1253.18,"$406,291.57",Sold,C1021,406291.57
80255,8,2024-01-12,Office,31,1253.18,"$385,368.41",Available,,385368.41
80277,8,2024-01-12,Office,33,1809.87,"$540,572.80",Sold,C1035,540572.8
80298,8,2024-01-12,Apartment,34,1684.75,"$456,582.84",Available,,456582.84
80299,8,2024-01-12,Apartment,34,1684.75,"$537,968.77",Available,,537968.77
80374,8,2024-01-12,Apartment,45,1185.72,"$313,503.99",Available,,313503.99
80384,8,2024-01-12,Office,46,1175.51,"$356,052.72",Available,,356052.72
80401,8,2024-01-12,Office,46,1175.51,"$317,963.00",Sold,C0914,317963.0
80412,8,2024-01-12,Apartment,47,543.08,"$131,564.73",Available,,131564.73
80422,8,2024-01-12,Apartment,48,480.99,"$163,987.28",Sold,C0720,163987.28
80490,8,2024-01-12,Apartment,57,1949.35,"$511,531.50",Sold,C0764,511531.5
80502,8,2024-01-12,Apartment,58,1448.59,"$444,560.41",Sold,C1765,444560.41
90029,9,2024-01-12,Apartment,6,1821.59,"$483,462.07",Sold,C0369,483462.07
90073,9,2024-01-12,Apartment,12,952.38,"$293,944.69",Sold,C1410,293944.69
90090,9,2024-01-12,Office,15,1732.33,"$586,460.03",Sold,C1334,586460.03
90106,9,2024-01-12,Apartment,16,924.6,"$284,298.65",Sold,C0532,284298.65
90109,9,2024-01-12,Apartment,17,1481.32,"$453,518.72",Sold,C0405,453518.72
90110,9,2024-01-12,Apartment,17,1481.32,"$401,749.61",Available,,401749.61
90115,9,2024-01-12,Apartment,17,1481.32,"$551,780.87",Sold,C1932,551780.87
90119,9,2024-01-12,Apartment,18,860.97,"$271,354.98",Sold,C0419,271354.98
90125,9,2024-01-12,Apartment,19,1866.15,"$537,563.89",Sold,C1868,537563.89
90131,9,2024-01-12,Apartment,21,1261.65,"$378,534.84",Available,,378534.84
90132,9,2024-01-12,Apartment,21,1261.65,"$384,401.32",Available,,384401.32
90189,9,2024-01-12,Office,28,1931.82,"$512,682.59",Sold,C0028,512682.59
90204,9,2024-01-12,Apartment,30,1250.17,"$363,862.74",Sold,C1400,363862.74
90214,9,2024-01-12,Apartment,31,1052.27,"$319,340.28",Sold,C0958,319340.28
90219,9,2024-01-12,Apartment,32,707.0,"$222,525.37",Sold,C1512,222525.37
90285,9,2024-01-12,Apartment,36,1582.79,"$505,127.63",Sold,C0002,505127.63
90310,9,2024-01-12,Apartment,38,1260.31,"$374,028.63",Available,,374028.63
90314,9,2024-01-12,Apartment,38,1260.31,"$368,901.23",Sold,C1404,368901.23
90377,9,2024-01-12,Apartment,44,1351.57,"$403,458.01",Sold,C0385,403458.01
90417,9,2024-01-12,Apartment,53,599.72,"$195,087.94",Sold,C0491,195087.94
90462,9,2024-01-12,Apartment,57,1198.57,"$324,849.30",Available,,324849.3
90477,9,2024-01-12,Office,58,838.34,"$270,283.97",Available,,270283.97
90482,9,2024-01-12,Apartment,58,838.34,"$240,394.52",Sold,C1121,240394.52
90490,9,2024-01-12,Apartment,58,838.34,"$255,059.53",Sold,C0513,255059.53
90528,9,2024-01-12,Apartment,60,1919.77,"$530,119.92",Sold,C0816,530119.92
90536,9,2024-01-12,Apartment,62,1263.44,"$426,745.42",Sold,C0097,426745.42
100026,10,2024-01-12,Apartment,4,1765.37,"$446,138.39",Sold,C1314,446138.39
100079,10,2024-01-12,Apartment,9,1849.4,"$554,297.11",Sold,C1488,554297.11
100081,10,2024-01-12,Apartment,10,1196.84,"$357,028.07",Sold,C1231,357028.07
100085,10,2024-01-12,Office,10,1196.84,"$353,703.41",Sold,C0236,353703.41
100109,10,2024-01-12,Apartment,14,1318.01,"$306,030.71",Sold,C1620,306030.71
100120,10,2024-01-12,Office,15,1948.32,"$705,817.01",Sold,C0910,705817.01
100127,10,2024-01-12,Apartment,17,647.35,"$193,463.80",Available,,193463.8
100132,10,2024-01-12,Apartment,17,647.35,"$152,799.46",Sold,C1621,152799.46
100164,10,2024-01-12,Office,21,1251.45,"$454,589.30",Sold,C1823,454589.3
100180,10,2024-01-12,Office,24,708.64,"$207,485.50",Available,,207485.5
100198,10,2024-01-12,Apartment,26,1294.85,"$456,412.46",Sold,C1688,456412.46
100203,10,2024-01-12,Apartment,26,1294.85,"$354,252.16",Sold,C0204,354252.16
100204,10,2024-01-12,Apartment,26,1294.85,"$324,190.87",Sold,C0600,324190.87
100276,10,2024-01-12,Office,32,1661.46,"$379,173.42",Available,,379173.42
100304,10,2024-01-12,Office,36,1920.65,"$580,992.98",Sold,C1059,580992.98
100314,10,2024-01-12,Apartment,37,1177.85,"$342,176.37",Sold,C1921,342176.37
100336,10,2024-01-12,Apartment,39,1188.51,"$311,878.98",Sold,C0440,311878.98
100351,10,2024-01-12,Apartment,42,1757.51,"$468,096.73",Available,,468096.73
100395,10,2024-01-12,Office,45,1119.1,"$346,660.08",Sold,C0575,346660.08
100415,10,2024-01-12,Apartment,50,1138.32,"$408,310.10",Sold,C0905,408310.1
100425,10,2024-01-12,Apartment,50,1138.32,"$354,595.01",Sold,C0388,354595.01
110024,11,2024-01-12,Office,3,1479.84,"$442,609.68",Sold,C1358,442609.68
110025,11,2024-01-12,Office,3,1479.84,"$366,569.28",Sold,C0266,366569.28
110157,11,2024-01-12,Apartment,16,1829.02,"$621,750.26",Available,,621750.26
110163,11,2024-01-12,Apartment,17,1946.06,"$578,341.45",Available,,578341.45
110164,11,2024-01-12,Apartment,17,1946.06,"$589,311.20",Sold,C1542,589311.2
110180,11,2024-01-12,Apartment,19,1083.98,"$293,740.15",Available,,293740.15
110276,11,2024-01-12,Apartment,34,680.07,"$195,416.64",Sold,C1835,195416.64
110297,11,2024-01-12,Apartment,36,1752.38,"$552,866.95",Sold,C1534,552866.95
110302,11,2024-01-12,Apartment,37,1368.16,"$318,619.68",Sold,C1145,318619.68
110317,11,2024-01-12,Apartment,38,788.47,"$245,885.21",Sold,C1242,245885.21
110320,11,2024-01-12,Apartment,38,788.47,"$216,600.53",Sold,C1313,216600.53
110375,11,2024-01-12,Apartment,44,434.38,"$111,035.88",Sold,C0336,111035.88
110394,11,2024-01-12,Office,46,1798.85,"$569,216.17",Available,,569216.17
110408,11,2024-01-12,Office,48,661.7,"$177,247.30",Available,,177247.3
110413,11,2024-01-12,Apartment,49,1095.85,"$378,804.75",Sold,C0805,378804.75
110436,11,2024-01-12,Apartment,52,1397.58,"$427,331.65",Available,,427331.65
110463,11,2024-01-12,Apartment,54,802.65,"$223,827.64",Sold,C0558,223827.64
110481,11,2024-01-12,Apartment,57,1008.58,"$281,566.76",Sold,C0317,281566.76
110482,11,2024-01-12,Apartment,57,1008.58,"$312,680.76",Available,,312680.76
110528,11,2024-01-12,Apartment,62,1938.82,"$537,168.96",Sold,C1048,537168.96
120008,12,2024-01-12,Office,1,839.95,"$230,696.30",Sold,C0708,230696.3
120038,12,2024-01-12,Apartment,4,1559.34,"$469,904.90",Available,,469904.9
120041,12,2024-01-12,Apartment,4,1559.34,"$543,417.09",Available,,543417.09
120092,12,2024-01-12,Apartment,12,959.05,"$256,455.73",Sold,C0783,256455.73
120117,12,2024-01-12,Apartment,14,1369.96,"$444,751.33",Available,,444751.33
120129,12,2024-01-12,Apartment,15,1456.98,"$477,431.41",Sold,C0610,477431.41
120133,12,2024-01-12,Apartment,16,1523.02,"$496,384.24",Sold,C0372,496384.24
120157,12,2024-01-12,Apartment,17,1428.55,"$427,099.27",Available,,427099.27
120265,12,2024-01-12,Apartment,28,1563.65,"$462,834.75",Available,,462834.75
120267,12,2024-01-12,Apartment,28,1563.65,"$524,949.43",Available,,524949.43
120283,12,2024-01-12,Office,31,1245.29,"$368,829.15",Sold,C1401,368829.15
120290,12,2024-01-12,Apartment,33,1232.2,"$392,338.13",Sold,C0050,392338.13
120310,12,2024-01-12,Office,34,1817.64,"$593,581.03",Sold,C0335,593581.03
120327,12,2024-01-12,Apartment,35,1690.62,"$526,901.70",Sold,C0765,526901.7
120360,12,2024-01-12,Office,38,1157.23,"$431,727.12",Sold,C1420,431727.12
120361,12,2024-01-12,Apartment,38,1157.23,"$359,484.97",Sold,C1825,359484.97
120364,12,2024-01-12,Apartment,38,1157.23,"$334,058.93",Available,,334058.93
120370,12,2024-01-12,Office,38,1157.23,"$364,356.74",Available,,364356.74
120375,12,2024-01-12,Apartment,39,1653.93,"$401,863.68",Sold,C1772,401863.68
120406,12,2024-01-12,Office,47,1528.05,"$565,288.74",Sold,C0334,565288.74
130006,13,2024-01-12,Apartment,1,1899.92,"$502,325.67",Sold,C1133,502325.67
130008,13,2024-01-12,Apartment,1,1899.92,"$607,483.38",Sold,C1403,607483.38
130023,13,2024-01-12,Apartment,2,1651.02,"$588,858.11",Available,,588858.11
130054,13,2024-01-12,Apartment,5,441.3,"$104,509.38",Sold,C0707,104509.38
130085,13,2024-01-12,Apartment,10,1314.38,"$416,004.34",Available,,416004.34
130162,13,2024-01-12,Apartment,19,758.69,"$207,387.45",Available,,207387.45
130185,13,2024-01-12,Apartment,20,516.72,"$183,522.61",Sold,C0088,183522.61
130190,13,2024-01-12,Apartment,20,516.72,"$148,388.65",Sold,C0161,148388.65
130194,13,2024-01-12,Apartment,21,1680.5,"$432,134.46",Sold,C0493,432134.46
130205,13,2024-01-12,Apartment,24,1044.69,"$279,992.40",Sold,C1784,279992.4
130219,13,2024-01-12,Apartment,25,633.86,"$168,610.91",Sold,C0989,168610.91
130225,13,2024-01-12,Apartment,26,1867.78,"$567,758.66",Sold,C1618,567758.66
130238,13,2024-01-12,Office,28,1173.72,"$347,424.71",Available,,347424.71
130241,13,2024-01-12,Apartment,28,1173.72,"$346,821.16",Available,,346821.16
130264,13,2024-01-12,Apartment,31,627.57,"$203,411.23",Sold,C1546,203411.23
130305,13,2024-01-12,Apartment,33,1445.84,"$443,394.23",Sold,C0841,443394.23
130391,13,2024-01-12,Apartment,43,1875.83,"$605,988.38",Available,,605988.38
130412,13,2024-01-12,Office,47,1874.35,"$604,278.58",Available,,604278.58
130415,13,2024-01-12,Apartment,47,1874.35,"$627,385.67",Sold,C1227,627385.67
130432,13,2024-01-12,Apartment,47,1874.35,"$518,691.38",Sold,C0940,518691.38
130462,13,2024-01-12,Apartment,53,968.77,"$351,354.52",Sold,C1736,351354.52
130469,13,2024-01-12,Apartment,53,968.77,"$287,821.17",Sold,C0108,287821.17
130482,13,2024-01-12,Apartment,55,710.41,"$177,998.09",Sold,C0752,177998.09
130494,13,2024-01-12,Apartment,57,1717.49,"$445,580.19",Sold,C0837,445580.19
130533,13,2024-01-12,Apartment,61,1333.63,"$402,189.34",Sold,C1790,402189.34
130540,13,2024-01-12,Apartment,63,1623.8,"$523,216.37",Sold,C0574,523216.37
130546,13,2024-01-12,Apartment,63,1623.8,"$407,382.75",Sold,C1925,407382.75
130595,13,2024-01-12,Apartment,69,736.95,"$201,663.74",Sold,C1718,201663.74
130603,13,2024-01-12,Office,70,750.41,"$191,764.78",Sold,C0881,191764.78
140044,14,2024-01-12,Apartment,7,641.37,"$200,311.05",Sold,C1310,200311.05
140048,14,2024-01-12,Apartment,8,618.89,"$201,373.78",Available,,201373.78
140056,14,2024-01-12,Apartment,8,618.89,"$159,063.45",Sold,C0790,159063.45
140068,14,2024-01-12,Apartment,9,803.5,"$255,711.66",Sold,C1202,255711.66
140090,14,2024-01-12,Apartment,11,1431.42,"$399,457.77",Sold,C1774,399457.77
140103,14,2024-01-12,Apartment,12,459.44,"$141,906.57",Sold,C0924,141906.57
140121,14,2024-01-12,Apartment,13,442.74,"$134,015.89",Sold,C0026,134015.89
140146,14,2024-01-12,Apartment,15,784.04,"$256,044.78",Sold,C1552,256044.78
140215,14,2024-01-12,Apartment,23,1610.37,"$583,905.11",Sold,C1397,583905.11
140250,14,2024-01-12,Apartment,29,1618.34,"$488,803.45",Sold,C1822,488803.45
140257,14,2024-01-12,Office,29,1618.34,"$507,713.37",Available,,507713.37
140275,14,2024-01-12,Apartment,32,1120.81,"$361,235.70",Available,,361235.7
140296,14,2024-01-12,Apartment,34,513.06,"$151,459.02",Sold,C0272,151459.02
140301,14,2024-01-12,Apartment,35,1152.84,"$353,902.36",Sold,C1410,353902.36
140314,14,2024-01-12,Apartment,37,1469.73,"$507,209.24",Sold,C0387,507209.24
140320,14,2024-01-12,Apartment,38,1170.11,"$374,000.47",Available,,374000.47
140331,14,2024-01-12,Apartment,39,1811.84,"$542,239.24",Sold,C0952,542239.24
140339,14,2024-01-12,Apartment,40,532.44,"$161,368.51",Sold,C0488,161368.51
140341,14,2024-01-12,Apartment,40,532.44,"$152,258.24",Sold,C0532,152258.24
140350,14,2024-01-12,Office,42,1350.7,"$361,293.73",Sold,C1693,361293.73
140374,14,2024-01-12,Apartment,45,1388.61,"$382,289.82",Sold,C0694,382289.82
140417,14,2024-01-12,Apartment,51,1346.3,"$432,797.51",Sold,C0028,432797.51
140427,14,2024-01-12,Apartment,51,1346.3,"$392,801.93",Sold,C1814,392801.93
140468,14,2024-01-12,Apartment,55,1415.9,"$428,653.51",Sold,C0834,428653.51
140471,14,2024-01-12,Apartment,55,1415.9,"$412,865.90",Sold,C0637,412865.9
140474,14,2024-01-12,Apartment,55,1415.9,"$446,560.50",Sold,C0541,446560.5
150014,15,2024-01-12,Apartment,2,1522.89,"$494,892.28",Sold,C1575,494892.28
150034,15,2024-01-12,Apartment,5,769.6,"$245,975.45",Available,,245975.45
150056,15,2024-01-12,Office,9,565.48,"$158,297.69",Sold,C1017,158297.69
150081,15,2024-01-12,Apartment,13,653.54,"$164,118.35",Available,,164118.35
150098,15,2024-01-12,Apartment,15,522.71,"$161,288.11",Available,,161288.11
150103,15,2024-01-12,Apartment,15,522.71,"$181,197.22",Sold,C1971,181197.22
150129,15,2024-01-12,Apartment,17,562.64,"$188,067.00",Sold,C1548,188067.0
150136,15,2024-01-12,Apartment,17,562.64,"$181,983.18",Available,,181983.18
150154,15,2024-01-12,Office,20,1662.01,"$527,912.18",Sold,C0039,527912.18
150190,15,2024-01-12,Apartment,23,1279.23,"$374,108.25",Sold,C1267,374108.25
150204,15,2024-01-12,Apartment,23,1279.23,"$373,202.64",Sold,C0925,373202.64
150208,15,2024-01-12,Apartment,24,924.36,"$241,356.60",Sold,C1568,241356.6
150212,15,2024-01-12,Office,24,924.36,"$283,751.00",Available,,283751.0
150226,15,2024-01-12,Apartment,26,961.01,"$276,181.48",Available,,276181.48
150236,15,2024-01-12,Apartment,27,1437.97,"$352,435.83",Available,,352435.83
150243,15,2024-01-12,Office,29,1748.18,"$568,008.79",Sold,C1121,568008.79
150259,15,2024-01-12,Apartment,30,1523.22,"$394,401.98",Sold,C1372,394401.98
150269,15,2024-01-12,Apartment,31,1901.65,"$483,089.44",Available,,483089.44
150404,15,2024-01-12,Apartment,51,1689.08,"$543,106.45",Sold,C0551,543106.45
150448,15,2024-01-12,Apartment,55,892.75,"$271,118.72",Sold,C0300,271118.72
150450,15,2024-01-12,Office,55,892.75,"$301,393.71",Sold,C0270,301393.71
150464,15,2024-01-12,Office,56,939.93,"$255,723.60",Sold,C0193,255723.6
150470,15,2024-01-12,Apartment,57,429.34,"$125,572.05",Sold,C1672,125572.05
150500,15,2024-01-12,Apartment,59,1286.47,"$381,719.77",Sold,C1329,381719.77
150514,15,2024-01-12,Apartment,60,1033.2,"$309,389.23",Sold,C1818,309389.23
160009,16,2024-01-12,Apartment,2,1388.75,"$400,540.86",Sold,C0749,400540.86
160010,16,2024-01-12,Apartment,2,1388.75,"$355,804.31",Sold,C0498,355804.31
160029,16,2024-01-12,Apartment,4,1561.55,"$463,587.51",Available,,463587.51
160137,16,2024-01-12,Apartment,16,1451.17,"$436,603.35",Sold,C0519,436603.35
160145,16,2024-01-12,Apartment,18,1432.77,"$419,555.74",Sold,C0402,419555.74
160151,16,2024-01-12,Apartment,19,1163.06,"$314,295.78",Sold,C0673,314295.78
160167,16,2024-01-12,Apartment,21,837.95,"$260,759.58",Sold,C0524,260759.58
160188,16,2024-01-12,Apartment,23,594.14,"$166,825.11",Available,,166825.11
160202,16,2024-01-12,Apartment,25,853.37,"$262,709.90",Available,,262709.9
160217,16,2024-01-12,Apartment,26,1458.08,"$471,348.92",Available,,471348.92
160267,16,2024-01-12,Office,32,431.76,"$131,562.21",Sold,C1146,131562.21
160271,16,2024-01-12,Apartment,33,881.17,"$263,447.22",Available,,263447.22
160302,16,2024-01-12,Apartment,35,629.97,"$219,338.00",Available,,219338.0
160305,16,2024-01-12,Apartment,35,629.97,"$182,607.12",Sold,C1002,182607.12
160312,16,2024-01-12,Apartment,37,922.03,"$285,332.67",Sold,C0576,285332.67
160318,16,2024-01-12,Apartment,38,431.83,"$130,514.41",Sold,C0616,130514.41
160335,16,2024-01-12,Apartment,40,688.81,"$233,630.18",Sold,C0988,233630.18
160379,16,2024-01-12,Apartment,44,1695.03,"$579,072.02",Sold,C0846,579072.02
170045,17,2024-01-12,Office,5,1829.38,"$423,868.45",Sold,C0884,423868.45
170073,17,2024-01-12,Apartment,9,1505.53,"$425,964.32",Sold,C0660,425964.32
170102,17,2024-01-12,Apartment,12,451.91,"$129,987.09",Available,,129987.09
170116,17,2024-01-12,Apartment,13,916.9,"$305,098.44",Sold,C0395,305098.44
170136,17,2024-01-12,Office,15,1365.73,"$417,096.92",Sold,C0314,417096.92
170170,17,2024-01-12,Apartment,17,1827.25,"$560,968.54",Sold,C1416,560968.54
170180,17,2024-01-12,Apartment,20,792.27,"$276,688.99",Sold,C1025,276688.99
170201,17,2024-01-12,Apartment,23,1025.52,"$330,602.94",Sold,C0918,330602.94
170212,17,2024-01-12,Office,24,894.72,"$262,975.64",Available,,262975.64
170244,17,2024-01-12,Apartment,27,677.24,"$187,719.53",Sold,C0448,187719.53
170277,17,2024-01-12,Office,33,1532.89,"$434,121.60",Sold,C0162,434121.6
170296,17,2024-01-12,Apartment,37,644.06,"$227,389.86",Sold,C0241,227389.86
170303,17,2024-01-12,Apartment,38,721.83,"$244,736.09",Available,,244736.09
170318,17,2024-01-12,Apartment,39,1341.67,"$415,809.78",Sold,C0500,415809.78
170323,17,2024-01-12,Apartment,39,1341.67,"$399,182.83",Sold,C0986,399182.83
170335,17,2024-01-12,Apartment,41,1422.93,"$363,367.60",Sold,C0607,363367.6
170373,17,2024-01-12,Office,46,1582.61,"$495,697.84",Sold,C0861,495697.84
170410,17,2024-01-12,Apartment,48,1833.96,"$610,364.02",Sold,C0879,610364.02
170414,17,2024-01-12,Apartment,48,1833.96,"$561,574.14",Sold,C0305,561574.14
170431,17,2024-01-12,Apartment,50,1392.01,"$413,894.32",Sold,C1081,413894.32
170448,17,2024-01-12,Apartment,52,1742.3,"$567,471.58",Sold,C0982,567471.58
180009,18,2024-01-12,Apartment,1,1379.64,"$377,504.51",Sold,C0858,377504.51
180010,18,2024-01-12,Apartment,1,1379.64,"$419,346.92",Sold,C0717,419346.92
180013,18,2024-01-12,Office,2,650.96,"$212,599.63",Available,,212599.63
180032,18,2024-01-12,Apartment,4,1096.58,"$400,375.74",Available,,400375.74
180058,18,2024-01-12,Apartment,6,840.25,"$299,889.06",Available,,299889.06
180117,18,2024-01-12,Apartment,16,1360.96,"$381,213.39",Sold,C0695,381213.39
180149,18,2024-01-12,Apartment,20,1631.48,"$536,689.03",Available,,536689.03
180155,18,2024-01-12,Apartment,21,1790.69,"$638,860.68",Available,,638860.68
180156,18,2024-01-12,Apartment,21,1790.69,"$504,632.86",Available,,504632.86
180291,18,2024-01-12,Apartment,36,1089.77,"$347,608.97",Sold,C1827,347608.97
180307,18,2024-01-12,Apartment,36,1089.77,"$323,499.11",Sold,C1101,323499.11
180335,18,2024-01-12,Apartment,38,1219.8,"$356,599.56",Available,,356599.56
180361,18,2024-01-12,Apartment,40,990.46,"$311,777.53",Available,,311777.53
180364,18,2024-01-12,Apartment,41,852.83,"$267,144.13",Sold,C1694,267144.13
180380,18,2024-01-12,Office,42,1045.42,"$357,661.01",Sold,C1094,357661.01
180382,18,2024-01-12,Apartment,43,937.7,"$254,439.10",Sold,C0696,254439.1
180400,18,2024-01-12,Office,45,1627.52,"$575,967.88",Sold,C1284,575967.88
180436,18,2024-01-12,Apartment,49,1457.92,"$444,915.47",Available,,444915.47
180451,18,2024-01-12,Apartment,51,1527.31,"$477,444.00",Sold,C1271,477444.0
180461,18,2024-01-12,Apartment,52,1424.54,"$412,200.04",Sold,C0069,412200.04
180486,18,2024-01-12,Apartment,54,1756.12,"$559,177.67",Sold,C1529,559177.67
180539,18,2024-01-12,Apartment,61,1019.7,"$312,674.39",Sold,C1684,312674.39
180552,18,2024-01-12,Apartment,64,893.66,"$227,339.25",Available,,227339.25
180553,18,2024-01-12,Apartment,64,893.66,"$208,140.68",Sold,C0198,208140.68
180559,18,2024-01-12,Apartment,66,1631.24,"$483,647.09",Sold,C1890,483647.09
180571,18,2024-01-12,Apartment,66,1631.24,"$501,575.25",Sold,C0247,501575.25
180577,18,2024-01-12,Apartment,66,1631.24,"$412,683.22",Sold,C1541,412683.22
180578,18,2024-01-12,Apartment,66,1631.24,"$452,777.15",Sold,C1484,452777.15
190016,19,2024-01-12,Apartment,4,1225.38,"$344,641.40",Sold,C0050,344641.4
190019,19,2024-01-12,Apartment,4,1225.38,"$327,077.64",Sold,C0853,327077.64
190075,19,2024-01-12,Apartment,11,1869.93,"$585,167.95",Sold,C0421,585167.95
190092,19,2024-01-12,Apartment,13,766.61,"$255,608.63",Sold,C0960,255608.63
190104,19,2024-01-12,Apartment,14,630.47,"$205,486.74",Sold,C1316,205486.74
190124,19,2024-01-12,Apartment,17,574.75,"$175,749.34",Sold,C0951,175749.34
190129,19,2024-01-12,Apartment,18,1599.44,"$521,125.08",Sold,C0321,521125.08
190142,19,2024-01-12,Apartment,19,1697.73,"$491,253.25",Sold,C0261,491253.25
190143,19,2024-01-12,Apartment,19,1697.73,"$487,600.08",Sold,C1227,487600.08
190160,19,2024-01-12,Apartment,20,1772.03,"$459,381.05",Sold,C0840,459381.05
190172,19,2024-01-12,Apartment,21,477.75,"$151,362.59",Available,,151362.59
190177,19,2024-01-12,Apartment,22,935.25,"$298,017.54",Sold,C1168,298017.54
190200,19,2024-01-12,Apartment,24,620.51,"$206,458.43",Available,,206458.43
190201,19,2024-01-12,Apartment,25,996.38,"$289,350.19",Sold,C0473,289350.19
190217,19,2024-01-12,Office,26,668.24,"$199,931.08",Sold,C0008,199931.08
190221,19,2024-01-12,Apartment,26,668.24,"$199,853.80",Sold,C0090,199853.8
190235,19,2024-01-12,Apartment,28,1599.78,"$566,395.41",Sold,C1032,566395.41
190245,19,2024-01-12,Apartment,29,1657.84,"$473,439.56",Sold,C0539,473439.56
190258,19,2024-01-12,Apartment,29,1657.84,"$477,048.94",Sold,C1328,477048.94
190292,19,2024-01-12,Apartment,34,783.42,"$259,829.62",Sold,C0173,259829.62
190297,19,2024-01-12,Apartment,35,1099.62,"$435,759.96",Available,,435759.96
190305,19,2024-01-12,Apartment,37,1565.26,"$458,129.19",Sold,C0464,458129.19
190323,19,2024-01-12,Apartment,39,1237.04,"$363,695.77",Sold,C0891,363695.77
190329,19,2024-01-12,Apartment,39,1237.04,"$344,804.54",Available,,344804.54
190334,19,2024-01-12,Apartment,40,893.49,"$225,808.71",Sold,C0514,225808.71
190337,19,2024-01-12,Apartment,40,893.49,"$283,267.47",Sold,C1218,283267.47
190344,19,2024-01-12,Apartment,40,893.49,"$264,363.94",Sold,C0691,264363.94
190357,19,2024-01-12,Apartment,42,1137.59,"$340,542.60",Sold,C1991,340542.6
190365,19,2024-01-12,Apartment,42,1137.59,"$316,898.28",Sold,C0605,316898.28
190371,19,2024-01-12,Apartment,42,1137.59,"$354,756.38",Sold,C0284,354756.38
190399,19,2024-01-12,Apartment,46,1926.19,"$577,630.33",Sold,C1920,577630.33
200018,20,2024-01-12,Office,1,1898.39,"$699,865.87",Available,,699865.87
200022,20,2024-01-12,Apartment,2,1669.84,"$594,550.99",Available,,594550.99
200028,20,2024-01-12,Office,3,1645.93,"$509,367.59",Sold,C1531,509367.59
200107,20,2024-01-12,Apartment,14,837.37,"$252,186.35",Sold,C1997,252186.35
200114,20,2024-01-12,Apartment,15,1805.12,"$470,809.32",Sold,C0966,470809.32
200140,20,2024-01-12,Apartment,17,1089.33,"$285,954.40",Sold,C1566,285954.4
200166,20,2024-01-12,Apartment,18,1868.01,"$541,416.84",Sold,C1260,541416.84
200173,20,2024-01-12,Apartment,19,759.72,"$232,129.93",Sold,C0939,232129.93
200176,20,2024-01-12,Apartment,19,759.72,"$225,648.44",Available,,225648.44
200193,20,2024-01-12,Apartment,22,460.81,"$146,612.19",Sold,C1173,146612.19
200202,20,2024-01-12,Apartment,24,1188.07,"$394,828.55",Sold,C1030,394828.55
200205,20,2024-01-12,Apartment,25,780.74,"$244,512.28",Sold,C0221,244512.28
200211,20,2024-01-12,Apartment,26,1941.62,"$532,651.76",Sold,C1423,532651.76
200213,20,2024-01-12,Apartment,26,1941.62,"$502,440.47",Sold,C0409,502440.47
200291,20,2024-01-12,Apartment,32,1630.81,"$462,356.44",Sold,C0866,462356.44
200295,20,2024-01-12,Apartment,33,630.53,"$218,348.87",Sold,C1855,218348.87
200312,20,2024-01-12,Office,34,858.93,"$312,624.46",Sold,C0754,312624.46
200320,20,2024-01-12,Apartment,34,858.93,"$244,324.93",Sold,C0406,244324.93
200323,20,2024-01-12,Apartment,36,1484.99,"$467,621.17",Sold,C0348,467621.17
200349,20,2024-01-12,Apartment,38,1499.47,"$387,376.74",Sold,C0028,387376.74
200402,20,2024-01-12,Apartment,46,1227.49,"$356,609.27",Sold,C1686,356609.27
200433,20,2024-01-12,Apartment,48,860.8,"$236,640.56",Available,,236640.56
200451,20,2024-01-12,Apartment,51,1062.33,"$334,718.74",Sold,C1096,334718.74
200482,20,2024-01-12,Apartment,54,589.61,"$148,198.24",Sold,C0379,148198.24
200485,20,2024-01-12,Apartment,56,1333.01,"$343,595.19",Sold,C1214,343595.19
200486,20,2024-01-12,Apartment,56,1333.01,"$373,874.21",Sold,C0370,373874.21
200500,20,2024-01-12,Office,58,1208.52,"$384,992.37",Sold,C0095,384992.37
990008,3,2024-01-12,Apartment,7,720.38,"$216,552.71",Available,,216552.71
990021,5,2024-01-12,Apartment,30,1057.92,"$351,304.58",Available,,351304.58
1002,1,2025-01-01,Office,2,1238.58,"$410,932.67",Sold,C0102,410932.67
1033,1,2025-01-01,Apartment,33,1434.09,"$412,856.56",Sold,C0025,412856.56
2001,2,2025-01-01,Apartment,1,587.28,"$169,158.29",Sold,C0014,169158.29
3019,3,2025-01-01,Apartment,19,680.57,"$230,154.53",Sold,C0118,230154.53
4020,4,2025-01-01,Apartment,20,1611.85,"$498,994.03",Available,,498994.03
4023,4,2025-01-01,Apartment,23,794.52,"$235,633.26",Sold,C0158,235633.26
4025,4,2025-01-01,Apartment,25,733.19,"$236,608.95",Sold,C0007,236608.95
10017,1,2025-01-01,Apartment,3,788.73,"$285,152.79",Available,,285152.79
10045,1,2025-01-01,Apartment,5,753.87,"$226,602.24",Sold,C1305,226602.24
10050,1,2025-01-01,Office,6,740.75,"$236,641.59",Available,,236641.59
10075,1,2025-01-01,Apartment,10,1439.52,"$421,479.88",Sold,C0509,421479.88
10097,1,2025-01-01,Apartment,13,719.47,"$205,329.68",Sold,C1080,205329.68
10142,1,2025-01-01,Apartment,18,716.85,"$187,240.43",Available,,187240.43
10154,1,2025-01-01,Apartment,20,1146.24,"$342,738.34",Available,,342738.34
10163,1,2025-01-01,Office,20,1146.24,"$286,502.53",Available,,286502.53
10196,1,2025-01-01,Apartment,23,1201.5,"$369,648.47",Available,,369648.47
10205,1,2025-01-01,Apartment,24,1146.11,"$372,663.50",Available,,372663.5
10226,1,2025-01-01,Apartment,26,828.98,"$302,468.70",Sold,C0186,302468.7
10245,1,2025-01-01,Office,29,757.2,"$277,875.52",Sold,C1160,277875.52
10265,1,2025-01-01,Apartment,29,757.2,"$267,927.55",Available,,267927.55
10304,1,2025-01-01,Apartment,32,800.77,"$228,154.68",Sold,C0668,228154.68
10327,1,2025-01-01,Apartment,35,1168.59,"$310,562.19",Sold,C0120,310562.19
10348,1,2025-01-01,Apartment,37,758.3,"$240,860.60",Sold,C1503,240860.6
10350,1,2025-01-01,Apartment,38,1355.85,"$474,858.86",Sold,C0746,474858.86
10420,1,2025-01-01,Apartment,49,629.24,"$184,627.23",Available,,184627.23
20015,2,2025-01-01,Apartment,2,788.72,"$267,893.43",Sold,C1605,267893.43
20141,2,2025-01-01,Office,17,1397.4,"$474,237.35",Sold,C1013,474237.35
20165,2,2025-01-01,Office,19,795.52,"$254,773.64",Sold,C1951,254773.64
20177,2,2025-01-01,Apartment,20,727.55,"$218,055.03",Sold,C1392,218055.03
20214,2,2025-01-01,Apartment,24,785.12,"$237,035.97",Sold,C1330,237035.97
20372,2,2025-01-01,Apartment,44,580.26,"$188,055.47",Sold,C1850,188055.47
20415,2,2025-01-01,Apartment,47,708.32,"$214,449.87",Sold,C0047,214449.87
20456,2,2025-01-01,Apartment,54,924.4,"$268,881.64",Sold,C1843,268881.64
20460,2,2025-01-01,Apartment,54,924.4,"$282,193.58",Sold,C1989,282193.58
20476,2,2025-01-01,Office,55,579.26,"$136,944.18",Sold,C1552,136944.18
30086,3,2025-01-01,Apartment,8,1152.39,"$337,354.39",Available,,337354.39
30136,3,2025-01-01,Apartment,13,754.84,"$221,376.35",Sold,C0874,221376.35
30191,3,2025-01-01,Apartment,21,1122.15,"$378,433.14",Available,,378433.14
30198,3,2025-01-01,Apartment,21,1122.15,"$325,454.57",Sold,C1923,325454.57
30234,3,2025-01-01,Apartment,27,1117.14,"$395,854.74",Sold,C1445,395854.74
30244,3,2025-01-01,Apartment,28,679.93,"$207,951.17",Sold,C0563,207951.17
30247,3,2025-01-01,Apartment,28,679.93,"$214,175.32",Sold,C0406,214175.32
30252,3,2025-01-01,Apartment,28,679.93,"$225,228.02",Sold,C0197,225228.02
30281,3,2025-01-01,Apartment,32,777.85,"$244,977.74",Sold,C0084,244977.74
30348,3,2025-01-01,Apartment,42,1343.96,"$406,705.44",Sold,C0544,406705.44
30384,3,2025-01-01,Apartment,47,691.09,"$202,725.25",Sold,C1576,202725.25
30387,3,2025-01-01,Apartment,47,691.09,"$204,994.87",Sold,C0103,204994.87
30406,3,2025-01-01,Apartment,49,1174.48,"$325,999.89",Sold,C1404,325999.89
30407,3,2025-01-01,Apartment,49,1174.48,"$385,011.74",Sold,C0542,385011.74
30419,3,2025-01-01,Apartment,49,1174.48,"$338,313.48",Sold,C1820,338313.48
30458,3,2025-01-01,Apartment,54,787.64,"$247,736.87",Sold,C1140,247736.87
30465,3,2025-01-01,Apartment,56,1179.42,"$390,678.42",Sold,C1178,390678.42
30476,3,2025-01-01,Apartment,56,1179.42,"$352,620.85",Available,,352620.85
30478,3,2025-01-01,Apartment,56,1179.42,"$396,573.07",Sold,C1268,396573.07
30495,3,2025-01-01,Apartment,58,1588.14,"$468,351.84",Available,,468351.84
40041,4,2025-01-01,Apartment,4,783.03,"$280,086.40",Sold,C1717,280086.4
40045,4,2025-01-01,Apartment,5,786.98,"$239,134.14",Sold,C0397,239134.14
40055,4,2025-01-01,Apartment,5,786.98,"$251,404.16",Sold,C0349,251404.16
40077,4,2025-01-01,Apartment,10,1614.62,"$500,013.28",Sold,C1049,500013.28
40217,4,2025-01-01,Apartment,26,790.05,"$248,127.36",Sold,C1072,248127.36
40225,4,2025-01-01,Apartment,26,790.05,"$238,107.01",Sold,C0410,238107.01
40310,4,2025-01-01,Apartment,37,800.13,"$225,340.35",Available,,225340.35
40311,4,2025-01-01,Apartment,37,800.13,"$200,713.96",Available,,200713.96
40316,4,2025-01-01,Apartment,39,743.73,"$231,799.35",Sold,C1581,231799.35
40321,4,2025-01-01,Apartment,39,743.73,"$255,069.28",Sold,C0917,255069.28
40364,4,2025-01-01,Apartment,43,1616.99,"$531,552.36",Available,,531552.36
50022,5,2025-01-01,Apartment,4,799.1,"$229,209.92",Sold,C1443,229209.92
50060,5,2025-01-01,Office,9,793.56,"$241,777.75",Sold,C0741,241777.75
50062,5,2025-01-01,Apartment,9,793.56,"$245,523.79",Sold,C1349,245523.79
50100,5,2025-01-01,Apartment,12,787.5,"$208,063.37",Sold,C1055,208063.37
50134,5,2025-01-01,Office,17,798.74,"$232,448.63",Sold,C1747,232448.63
50165,5,2025-01-01,Apartment,22,1059.78,"$344,895.35",Sold,C1373,344895.35
50166,5,2025-01-01,Apartment,22,1059.78,"$306,962.07",Sold,C1449,306962.07
50176,5,2025-01-01,Apartment,23,1006.65,"$324,753.38",Available,,324753.38
50188,5,2025-01-01,Apartment,24,807.02,"$260,912.82",Sold,C0652,260912.82
50222,5,2025-01-01,Apartment,29,786.28,"$231,969.34",Available,,231969.34
50266,5,2025-01-01,Apartment,35,605.55,"$197,165.85",Sold,C1598,197165.85
50377,5,2025-01-01,Apartment,46,1272.95,"$327,517.83",Sold,C1206,327517.83
50388,5,2025-01-01,Apartment,46,1272.95,"$363,708.24",Sold,C0033,363708.24
50390,5,2025-01-01,Apartment,46,1272.95,"$359,443.76",Available,,359443.76
50414,5,2025-01-01,Office,47,1241.14,"$354,546.23",Sold,C0395,354546.23
60048,6,2025-01-01,Apartment,4,1925.28,"$521,054.42",Sold,C1356,521054.42
60056,6,2025-01-01,Apartment,5,1617.43,"$521,703.52",Sold,C0220,521703.52
60061,6,2025-01-01,Apartment,5,1617.43,"$573,660.29",Sold,C1650,573660.29
60072,6,2025-01-01,Apartment,7,1075.42,"$317,822.29",Sold,C1797,317822.29
60098,6,2025-01-01,Apartment,7,1075.42,"$316,514.21",Sold,C0375,316514.21
60136,6,2025-01-01,Apartment,11,1719.85,"$602,654.49",Sold,C1424,602654.49
60173,6,2025-01-01,Apartment,15,1392.45,"$482,685.96",Sold,C1914,482685.96
60189,6,2025-01-01,Apartment,19,1542.71,"$389,622.67",Sold,C1354,389622.67
60207,6,2025-01-01,Apartment,20,1897.17,"$530,773.97",Sold,C0861,530773.97
60250,6,2025-01-01,Apartment,25,1086.43,"$339,531.13",Sold,C0836,339531.13
60276,6,2025-01-01,Apartment,30,552.59,"$159,939.07",Sold,C0158,159939.07
60358,6,2025-01-01,Apartment,41,940.72,"$322,598.15",Sold,C1559,322598.15
60384,6,2025-01-01,Apartment,43,1492.81,"$475,627.51",Available,,475627.51
60424,6,2025-01-01,Apartment,51,1476.63,"$402,848.90",Sold,C1041,402848.9
70030,7,2025-01-01,Apartment,5,1144.09,"$349,604.45",Available,,349604.45
70101,7,2025-01-01,Office,13,604.6,"$172,730.12",Sold,C1420,172730.12
70103,7,2025-01-01,Apartment,13,604.6,"$168,102.17",Sold,C1759,168102.17
70110,7,2025-01-01,Apartment,15,602.92,"$183,532.39",Available,,183532.39
70118,7,2025-01-01,Apartment,15,602.92,"$197,392.19",Sold,C1052,197392.19
70133,7,2025-01-01,Apartment,16,1239.87,"$392,998.19",Sold,C1238,392998.19
70148,7,2025-01-01,Apartment,18,703.28,"$237,741.19",Sold,C1931,237741.19
70219,7,2025-01-01,Apartment,24,852.99,"$291,299.93",Sold,C1183,291299.93
70228,7,2025-01-01,Apartment,25,573.8,"$181,396.76",Sold,C0027,181396.76
70234,7,2025-01-01,Apartment,26,717.0,"$175,221.24",Sold,C1653,175221.24
70254,7,2025-01-01,Apartment,28,694.55,"$189,255.74",Available,,189255.74
70335,7,2025-01-01,Apartment,40,1138.18,"$349,106.37",Sold,C0587,349106.37
70341,7,2025-01-01,Apartment,41,1093.92,"$330,897.08",Sold,C1669,330897.08
70342,7,2025-01-01,Apartment,41,1093.92,"$282,085.85",Sold,C0161,282085.85
70374,7,2025-01-01,Apartment,43,498.61,"$164,944.49",Sold,C0198,164944.49
70376,7,2025-01-01,Apartment,43,498.61,"$148,232.84",Available,,148232.84
70413,7,2025-01-01,Apartment,48,533.35,"$157,806.81",Sold,C1289,157806.81
70417,7,2025-01-01,Apartment,49,1383.05,"$434,807.71",Available,,434807.71
70438,7,2025-01-01,Apartment,51,648.27,"$214,948.78",Sold,C1871,214948.78
70450,7,2025-01-01,Office,54,1940.69,"$550,949.39",Sold,C0136,550949.39
70501,7,2025-01-01,Office,58,1629.83,"$464,148.93",Sold,C1610,464148.93
70516,7,2025-01-01,Office,60,1219.54,"$334,261.40",Available,,334261.4
80015,8,2025-01-01,Apartment,2,1097.36,"$363,064.89",Sold,C0198,363064.89
80050,8,2025-01-01,Apartment,5,887.23,"$296,098.37",Sold,C0911,296098.37
80082,8,2025-01-01,Apartment,9,1869.81,"$567,459.84",Sold,C1275,567459.84
80149,8,2025-01-01,Apartment,19,865.63,"$244,406.00",Sold,C0574,244406.0
80204,8,2025-01-01,Office,28,1431.61,"$389,141.48",Sold,C0163,389141.48
80233,8,2025-01-01,Apartment,30,1070.46,"$318,391.04",Available,,318391.04
80261,8,2025-01-01,Apartment,31,1253.18,"$375,272.42",Sold,C1319,375272.42
80278,8,2025-01-01,Apartment,33,1809.87,"$580,646.02",Available,,580646.02
80318,8,2025-01-01,Apartment,37,890.65,"$282,175.27",Sold,C0537,282175.27
90121,9,2025-01-01,Apartment,18,860.97,"$244,266.24",Sold,C0011,244266.24
90235,9,2025-01-01,Apartment,33,973.52,"$306,463.10",Available,,306463.1
90258,9,2025-01-01,Apartment,34,1577.36,"$437,298.41",Available,,437298.41
90287,9,2025-01-01,Apartment,36,1582.79,"$502,456.39",Sold,C0123,502456.39
90297,9,2025-01-01,Apartment,36,1582.79,"$434,288.76",Sold,C1639,434288.76
90306,9,2025-01-01,Apartment,38,1260.31,"$409,323.23",Sold,C1210,409323.23
90348,9,2025-01-01,Apartment,41,1488.32,"$433,230.74",Sold,C1540,433230.74
90367,9,2025-01-01,Apartment,44,1351.57,"$370,487.95",Available,,370487.95
90368,9,2025-01-01,Apartment,44,1351.57,"$398,764.96",Available,,398764.96
90379,9,2025-01-01,Office,44,1351.57,"$463,860.46",Sold,C0508,463860.46
90394,9,2025-01-01,Apartment,47,1262.78,"$354,323.80",Sold,C1342,354323.8
90413,9,2025-01-01,Apartment,53,599.72,"$199,212.53",Available,,199212.53
90425,9,2025-01-01,Apartment,53,599.72,"$159,920.20",Sold,C0365,159920.2
90451,9,2025-01-01,Office,56,1516.4,"$570,859.46",Sold,C1568,570859.46
90476,9,2025-01-01,Apartment,58,838.34,"$242,986.14",Sold,C0645,242986.14
90517,9,2025-01-01,Apartment,59,1697.13,"$522,341.36",Available,,522341.36
100055,10,2025-01-01,Apartment,6,842.66,"$256,100.46",Sold,C0195,256100.46
100067,10,2025-01-01,Office,9,1849.4,"$561,351.99",Sold,C0832,561351.99
100095,10,2025-01-01,Apartment,11,1675.44,"$510,194.12",Sold,C0332,510194.12
100101,10,2025-01-01,Apartment,12,852.74,"$271,729.26",Sold,C0930,271729.26
100167,10,2025-01-01,Office,22,1116.68,"$285,833.85",Sold,C0193,285833.85
100222,10,2025-01-01,Apartment,27,777.35,"$213,904.67",Available,,213904.67
100301,10,2025-01-01,Apartment,35,1675.74,"$543,673.09",Sold,C1942,543673.09
100349,10,2025-01-01,Apartment,42,1757.51,"$535,002.72",Sold,C0187,535002.72
100356,10,2025-01-01,Apartment,43,1093.67,"$331,504.20",Sold,C1115,331504.2
100372,10,2025-01-01,Apartment,43,1093.67,"$282,078.89",Sold,C1738,282078.89
100396,10,2025-01-01,Apartment,46,1525.34,"$434,337.24",Sold,C1514,434337.24
110033,11,2025-01-01,Office,4,1414.25,"$381,879.40",Sold,C0313,381879.4
110036,11,2025-01-01,Office,4,1414.25,"$446,236.57",Sold,C0135,446236.57
110048,11,2025-01-01,Apartment,6,1724.08,"$585,004.16",Sold,C1186,585004.16
110050,11,2025-01-01,Apartment,6,1724.08,"$516,397.54",Sold,C0012,516397.54
110067,11,2025-01-01,Apartment,8,1001.41,"$279,379.41",Sold,C0577,279379.41
110073,11,2025-01-01,Apartment,8,1001.41,"$283,671.40",Sold,C0967,283671.4
110089,11,2025-01-01,Office,10,1519.64,"$527,746.08",Sold,C0768,527746.08
110120,11,2025-01-01,Office,13,474.93,"$161,687.29",Available,,161687.29
110166,11,2025-01-01,Apartment,18,1562.55,"$449,725.17",Sold,C0789,449725.17
110221,11,2025-01-01,Apartment,27,1638.1,"$418,232.26",Available,,418232.26
110224,11,2025-01-01,Apartment,27,1638.1,"$529,761.19",Sold,C0472,529761.19
110242,11,2025-01-01,Apartment,29,993.51,"$307,831.28",Sold,C0181,307831.28
110284,11,2025-01-01,Office,34,680.07,"$191,273.75",Sold,C0582,191273.75
110306,11,2025-01-01,Apartment,37,1368.16,"$375,698.11",Sold,C0130,375698.11
110311,11,2025-01-01,Apartment,38,788.47,"$217,061.60",Available,,217061.6
110427,11,2025-01-01,Apartment,50,948.72,"$237,505.20",Sold,C1609,237505.2
110472,11,2025-01-01,Apartment,56,724.8,"$203,988.37",Available,,203988.37
110523,11,2025-01-01,Apartment,62,1938.82,"$611,138.02",Available,,611138.02
110524,11,2025-01-01,Apartment,62,1938.82,"$523,101.86",Sold,C0715,523101.86
110541,11,2025-01-01,Office,62,1938.82,"$693,830.82",Sold,C1354,693830.82
120032,12,2025-01-01,Apartment,3,1469.27,"$445,260.24",Sold,C0683,445260.24
120050,12,2025-01-01,Apartment,5,495.04,"$148,566.34",Sold,C0621,148566.34
120052,12,2025-01-01,Apartment,5,495.04,"$164,106.72",Available,,164106.72
120064,12,2025-01-01,Apartment,8,1803.36,"$526,401.55",Sold,C1453,526401.55
120079,12,2025-01-01,Apartment,9,857.88,"$268,688.51",Sold,C1381,268688.51
120116,12,2025-01-01,Apartment,14,1369.96,"$381,173.34",Sold,C0152,381173.34
120127,12,2025-01-01,Apartment,15,1456.98,"$477,616.00",Available,,477616.0
120151,12,2025-01-01,Apartment,17,1428.55,"$450,975.70",Available,,450975.7
120165,12,2025-01-01,Apartment,18,1702.66,"$417,251.87",Sold,C0322,417251.87
120187,12,2025-01-01,Apartment,20,1802.21,"$450,541.60",Sold,C0670,450541.6
120190,12,2025-01-01,Apartment,22,892.67,"$286,110.52",Sold,C0695,286110.52
120195,12,2025-01-01,Apartment,22,892.67,"$304,758.75",Sold,C0483,304758.75
120221,12,2025-01-01,Apartment,24,1306.75,"$437,978.56",Sold,C0702,437978.56
120226,12,2025-01-01,Apartment,24,1306.75,"$421,012.83",Available,,421012.83
120262,12,2025-01-01,Apartment,27,871.52,"$281,637.63",Sold,C1782,281637.63
120277,12,2025-01-01,Apartment,30,622.2,"$216,541.46",Sold,C0209,216541.46
120282,12,2025-01-01,Apartment,30,622.2,"$234,791.28",Sold,C1008,234791.28
120293,12,2025-01-01,Apartment,33,1232.2,"$364,975.55",Sold,C0632,364975.55
120300,12,2025-01-01,Apartment,34,1817.64,"$600,821.21",Sold,C0394,600821.21
120332,12,2025-01-01,Apartment,35,1690.62,"$536,210.24",Sold,C0351,536210.24
120338,12,2025-01-01,Apartment,37,1681.78,"$463,430.97",Sold,C1431,463430.97
120344,12,2025-01-01,Apartment,38,1157.23,"$319,615.17",Sold,C1351,319615.17
120345,12,2025-01-01,Apartment,38,1157.23,"$334,438.68",Sold,C0194,334438.68
120389,12,2025-01-01,Apartment,45,1898.75,"$524,988.70",Sold,C1238,524988.7
120401,12,2025-01-01,Apartment,47,1528.05,"$483,527.37",Available,,483527.37
130057,13,2025-01-01,Office,5,441.3,"$135,427.72",Sold,C1259,135427.72
130062,13,2025-01-01,Apartment,6,1240.96,"$273,011.20",Sold,C1966,273011.2
130065,13,2025-01-01,Apartment,7,1115.82,"$307,845.19",Sold,C1446,307845.19
130072,13,2025-01-01,Office,8,1449.43,"$427,086.44",Sold,C0027,427086.44
130099,13,2025-01-01,Apartment,11,1678.3,"$465,116.85",Sold,C1249,465116.85
130117,13,2025-01-01,Apartment,14,777.75,"$262,108.83",Available,,262108.83
130143,13,2025-01-01,Apartment,16,1772.88,"$552,662.92",Sold,C0883,552662.92
130226,13,2025-01-01,Apartment,26,1867.78,"$541,536.26",Available,,541536.26
130273,13,2025-01-01,Apartment,32,1114.07,"$351,539.71",Available,,351539.71
130315,13,2025-01-01,Apartment,35,1867.34,"$490,501.95",Sold,C0343,490501.95
130317,13,2025-01-01,Apartment,35,1867.34,"$538,677.47",Sold,C1152,538677.47
130329,13,2025-01-01,Apartment,37,1555.67,"$439,078.00",Sold,C1668,439078.0
130330,13,2025-01-01,Office,37,1555.67,"$555,297.43",Available,,555297.43
130337,13,2025-01-01,Apartment,37,1555.67,"$538,355.40",Available,,538355.4
130372,13,2025-01-01,Apartment,41,1168.7,"$301,991.77",Sold,C1316,301991.77
130379,13,2025-01-01,Apartment,42,1044.42,"$282,504.55",Sold,C1502,282504.55
130458,13,2025-01-01,Apartment,53,968.77,"$294,203.62",Sold,C0651,294203.62
130485,13,2025-01-01,Apartment,56,606.9,"$164,608.18",Sold,C1370,164608.18
130536,13,2025-01-01,Apartment,61,1333.63,"$391,577.58",Available,,391577.58
130544,13,2025-01-01,Apartment,63,1623.8,"$474,039.53",Sold,C1676,474039.53
130556,13,2025-01-01,Office,64,792.66,"$205,474.20",Sold,C1583,205474.2
130565,13,2025-01-01,Apartment,66,1283.8,"$365,694.22",Sold,C1779,365694.22
140016,14,2025-01-01,Apartment,4,1797.81,"$542,265.03",Sold,C0487,542265.03
140041,14,2025-01-01,Apartment,7,641.37,"$192,882.89",Sold,C1565,192882.89
140079,14,2025-01-01,Apartment,11,1431.42,"$387,972.92",Sold,C0848,387972.92
140089,14,2025-01-01,Apartment,11,1431.42,"$459,403.88",Sold,C0047,459403.88
140161,14,2025-01-01,Apartment,17,686.6,"$187,481.07",Sold,C0327,187481.07
140171,14,2025-01-01,Apartment,17,686.6,"$219,459.84",Sold,C1089,219459.84
140226,14,2025-01-01,Apartment,24,1205.25,"$390,537.99",Sold,C1061,390537.99
140270,14,2025-01-01,Apartment,29,1618.34,"$513,021.02",Sold,C0164,513021.02
140300,14,2025-01-01,Office,34,513.06,"$181,212.20",Sold,C1193,181212.2
140321,14,2025-01-01,Apartment,38,1170.11,"$350,292.46",Sold,C1334,350292.46
150008,15,2025-01-01,Apartment,2,1522.89,"$472,485.62",Sold,C0450,472485.62
150077,15,2025-01-01,Apartment,11,1437.62,"$491,966.69",Sold,C1214,491966.69
150282,15,2025-01-01,Apartment,34,1304.22,"$400,330.93",Sold,C1911,400330.93
150290,15,2025-01-01,Apartment,35,745.49,"$257,914.02",Sold,C1496,257914.02
150312,15,2025-01-01,Apartment,35,745.49,"$234,624.17",Sold,C1655,234624.17
150318,15,2025-01-01,Office,36,1424.81,"$484,693.93",Sold,C0620,484693.93
150342,15,2025-01-01,Office,39,1713.42,"$515,035.42",Available,,515035.42
150389,15,2025-01-01,Apartment,49,460.17,"$116,092.04",Sold,C1253,116092.04
150440,15,2025-01-01,Apartment,55,892.75,"$284,965.13",Sold,C1390,284965.13
150465,15,2025-01-01,Apartment,56,939.93,"$288,907.22",Sold,C1119,288907.22
150488,15,2025-01-01,Apartment,58,1750.89,"$585,649.12",Available,,585649.12
150497,15,2025-01-01,Apartment,59,1286.47,"$392,351.64",Sold,C1881,392351.64
150515,15,2025-01-01,Apartment,60,1033.2,"$302,845.83",Sold,C0700,302845.83
160005,16,2025-01-01,Apartment,1,637.07,"$226,490.60",Available,,226490.6
160008,16,2025-01-01,Office,2,1388.75,"$372,421.45",Sold,C0446,372421.45
160054,16,2025-01-01,Apartment,7,941.57,"$248,945.18",Available,,248945.18
160107,16,2025-01-01,Apartment,11,1288.42,"$340,036.99",Available,,340036.99
160112,16,2025-01-01,Apartment,11,1288.42,"$379,602.60",Sold,C0931,379602.6
160125,16,2025-01-01,Apartment,14,660.84,"$181,790.56",Sold,C1557,181790.56
160156,16,2025-01-01,Apartment,19,1163.06,"$377,230.63",Sold,C0263,377230.63
160205,16,2025-01-01,Apartment,25,853.37,"$269,027.59",Sold,C1607,269027.59
160268,16,2025-01-01,Apartment,33,881.17,"$264,303.57",Sold,C1148,264303.57
160321,16,2025-01-01,Apartment,38,431.83,"$125,935.98",Sold,C0250,125935.98
160347,16,2025-01-01,Apartment,41,1001.72,"$308,315.97",Sold,C0770,308315.97
160365,16,2025-01-01,Apartment,42,1496.62,"$437,082.22",Sold,C0706,437082.22
160366,16,2025-01-01,Apartment,42,1496.62,"$479,711.66",Sold,C0362,479711.66
160371,16,2025-01-01,Office,42,1496.62,"$457,384.74",Sold,C0017,457384.74
160372,16,2025-01-01,Apartment,42,1496.62,"$479,358.58",Sold,C1542,479358.58
170032,17,2025-01-01,Office,2,1738.5,"$498,320.91",Sold,C0634,498320.91
170041,17,2025-01-01,Apartment,5,1829.38,"$519,866.77",Sold,C0044,519866.77
170061,17,2025-01-01,Apartment,8,1297.3,"$346,864.73",Sold,C1521,346864.73
170081,17,2025-01-01,Apartment,10,1059.07,"$306,057.52",Sold,C0287,306057.52
170137,17,2025-01-01,Apartment,16,1693.0,"$520,252.16",Available,,520252.16
170146,17,2025-01-01,Apartment,16,1693.0,"$536,802.30",Sold,C1690,536802.3
170159,17,2025-01-01,Apartment,17,1827.25,"$420,462.70",Available,,420462.7
170174,17,2025-01-01,Apartment,19,1712.06,"$466,184.49",Available,,466184.49
170238,17,2025-01-01,Apartment,27,677.24,"$219,537.26",Sold,C0703,219537.26
170261,17,2025-01-01,Apartment,31,1806.06,"$556,733.50",Sold,C1270,556733.5
170317,17,2025-01-01,Apartment,39,1341.67,"$401,901.30",Available,,401901.3
170340,17,2025-01-01,Office,42,691.03,"$228,875.86",Sold,C1048,228875.86
170369,17,2025-01-01,Apartment,46,1582.61,"$483,164.81",Available,,483164.81
170371,17,2025-01-01,Apartment,46,1582.61,"$406,250.16",Sold,C0222,406250.16
170378,17,2025-01-01,Apartment,47,1106.83,"$314,114.79",Sold,C1208,314114.79
170436,17,2025-01-01,Apartment,51,1375.52,"$426,338.68",Sold,C0845,426338.68
180052,18,2025-01-01,Apartment,6,840.25,"$219,795.98",Sold,C1778,219795.98
180065,18,2025-01-01,Apartment,7,505.94,"$155,133.85",Sold,C0901,155133.85
180095,18,2025-01-01,Apartment,13,537.4,"$131,819.04",Sold,C0685,131819.04
180110,18,2025-01-01,Office,15,1728.6,"$513,299.69",Sold,C1250,513299.69
180111,18,2025-01-01,Apartment,15,1728.6,"$471,855.64",Sold,C1309,471855.64
180144,18,2025-01-01,Apartment,19,1268.1,"$374,750.52",Sold,C1036,374750.52
180177,18,2025-01-01,Apartment,23,1659.02,"$483,905.55",Available,,483905.55
180213,18,2025-01-01,Apartment,27,650.82,"$199,115.19",Sold,C1597,199115.19
180230,18,2025-01-01,Apartment,29,578.36,"$180,205.66",Sold,C1058,180205.66
180252,18,2025-01-01,Apartment,30,1795.66,"$584,611.99",Sold,C0003,584611.99
180281,18,2025-01-01,Apartment,35,799.05,"$240,417.02",Available,,240417.02
180288,18,2025-01-01,Apartment,35,799.05,"$223,242.17",Sold,C0444,223242.17
180309,18,2025-01-01,Apartment,36,1089.77,"$308,720.40",Sold,C0753,308720.4
180324,18,2025-01-01,Apartment,38,1219.8,"$319,114.04",Sold,C0959,319114.04
180334,18,2025-01-01,Office,38,1219.8,"$410,772.92",Sold,C1573,410772.92
180346,18,2025-01-01,Apartment,39,662.88,"$199,623.02",Sold,C0760,199623.02
180349,18,2025-01-01,Apartment,40,990.46,"$238,075.26",Sold,C0687,238075.26
180444,18,2025-01-01,Apartment,50,854.74,"$261,667.93",Available,,261667.93
180476,18,2025-01-01,Apartment,53,1806.7,"$568,990.61",Available,,568990.61
180514,18,2025-01-01,Apartment,58,955.23,"$292,794.12",Available,,292794.12
180564,18,2025-01-01,Apartment,66,1631.24,"$494,656.28",Sold,C1953,494656.28
190001,19,2025-01-01,Apartment,1,1688.31,"$496,466.31",Sold,C0932,496466.31
190002,19,2025-01-01,Apartment,1,1688.31,"$558,730.59",Sold,C0518,558730.59
190088,19,2025-01-01,Office,13,766.61,"$241,468.69",Sold,C0367,241468.69
190095,19,2025-01-01,Apartment,14,630.47,"$172,253.45",Sold,C0151,172253.45
190134,19,2025-01-01,Apartment,18,1599.44,"$503,687.91",Sold,C0561,503687.91
190181,19,2025-01-01,Apartment,22,935.25,"$278,958.96",Available,,278958.96
190185,19,2025-01-01,Apartment,22,935.25,"$353,029.52",Available,,353029.52
190204,19,2025-01-01,Office,25,996.38,"$297,272.73",Sold,C1022,297272.73
190264,19,2025-01-01,Apartment,30,673.27,"$191,782.03",Available,,191782.03
190268,19,2025-01-01,Apartment,31,1089.64,"$292,398.57",Sold,C1790,292398.57
190326,19,2025-01-01,Apartment,39,1237.04,"$431,971.97",Available,,431971.97
190369,19,2025-01-01,Apartment,42,1137.59,"$321,045.92",Sold,C1020,321045.92
190425,19,2025-01-01,Apartment,49,1004.26,"$292,433.99",Sold,C1774,292433.99
200012,20,2025-01-01,Apartment,1,1898.39,"$485,326.73",Sold,C0762,485326.73
200019,20,2025-01-01,Apartment,1,1898.39,"$611,749.24",Available,,611749.24
200052,20,2025-01-01,Apartment,6,1401.0,"$456,799.28",Sold,C1448,456799.28
200086,20,2025-01-01,Apartment,12,856.15,"$230,351.54",Available,,230351.54
200094,20,2025-01-01,Apartment,13,1587.57,"$448,959.32",Sold,C0392,448959.32
200117,20,2025-01-01,Apartment,16,645.44,"$208,927.52",Sold,C0638,208927.52
200119,20,2025-01-01,Apartment,16,645.44,"$184,932.22",Sold,C0211,184932.22
200139,20,2025-01-01,Apartment,17,1089.33,"$338,195.62",Sold,C0662,338195.62
200154,20,2025-01-01,Apartment,18,1868.01,"$513,250.83",Sold,C1958,513250.83
200187,20,2025-01-01,Apartment,20,1110.23,"$323,595.45",Sold,C0304,323595.45
200199,20,2025-01-01,Apartment,24,1188.07,"$377,107.87",Sold,C0572,377107.87
200259,20,2025-01-01,Apartment,30,1703.94,"$521,182.71",Sold,C0952,521182.71
200303,20,2025-01-01,Apartment,33,630.53,"$168,406.60",Sold,C1926,168406.6
200376,20,2025-01-01,Apartment,40,428.03,"$129,284.34",Available,,129284.34
200443,20,2025-01-01,Office,50,493.06,"$136,987.43",Sold,C1163,136987.43
200461,20,2025-01-01,Apartment,51,1062.33,"$365,691.35",Sold,C0103,365691.35
200465,20,2025-01-01,Apartment,52,1634.67,"$451,642.29",Sold,C1419,451642.29
990019,5,2025-01-01,Apartment,16,798.5,"$234,032.88",Available,,234032.88
1016,1,2025-01-02,Apartment,16,782.25,"$224,076.84",Sold,C0016,224076.84
1049,1,2025-01-02,Apartment,49,1375.45,"$467,083.31",Sold,C0087,467083.31
2046,2,2025-01-02,Apartment,46,928.16,"$253,831.02",Sold,C0018,253831.02
3029,3,2025-01-02,Apartment,29,1127.76,"$310,831.21",Sold,C0017,310831.21
3059,3,2025-01-02,Apartment,59,1171.55,"$367,976.46",Sold,C0093,367976.46
5020,5,2025-01-02,Apartment,20,1273.55,"$349,865.22",Available,,349865.22
10090,1,2025-01-02,Apartment,12,621.14,"$170,047.61",Sold,C1613,170047.61
10124,1,2025-01-02,Office,15,765.0,"$220,409.41",Sold,C1420,220409.41
10143,1,2025-01-02,Apartment,18,716.85,"$234,207.26",Sold,C1052,234207.26
10144,1,2025-01-02,Apartment,18,716.85,"$254,207.29",Available,,254207.29
10173,1,2025-01-02,Apartment,22,740.83,"$235,996.49",Sold,C1117,235996.49
10202,1,2025-01-02,Apartment,24,1146.11,"$330,642.27",Sold,C1694,330642.27
10223,1,2025-01-02,Apartment,26,828.98,"$257,018.21",Sold,C1004,257018.21
10227,1,2025-01-02,Apartment,26,828.98,"$253,333.84",Available,,253333.84
10250,1,2025-01-02,Office,29,757.2,"$212,438.42",Sold,C0294,212438.42
10282,1,2025-01-02,Office,30,753.29,"$213,710.41",Sold,C0094,213710.41
10290,1,2025-01-02,Apartment,31,619.78,"$185,249.68",Sold,C0173,185249.68
10317,1,2025-01-02,Apartment,34,1469.14,"$382,707.57",Sold,C1805,382707.57
10358,1,2025-01-02,Office,39,742.93,"$251,029.99",Sold,C0088,251029.99
10361,1,2025-01-02,Apartment,39,742.93,"$215,537.99",Available,,215537.99
10368,1,2025-01-02,Apartment,41,835.25,"$246,579.07",Sold,C1476,246579.07
20027,2,2025-01-02,Apartment,3,645.84,"$169,113.16",Sold,C0015,169113.16
20111,2,2025-01-02,Apartment,13,782.33,"$239,666.38",Available,,239666.38
20135,2,2025-01-02,Apartment,16,1117.38,"$390,742.56",Available,,390742.56
20153,2,2025-01-02,Apartment,18,784.76,"$244,660.43",Sold,C0433,244660.43
20171,2,2025-01-02,Apartment,20,727.55,"$205,668.10",Available,,205668.1
20212,2,2025-01-02,Apartment,24,785.12,"$235,049.47",Sold,C0752,235049.47
20239,2,2025-01-02,Office,26,1577.79,"$487,791.17",Sold,C1764,487791.17
20268,2,2025-01-02,Apartment,32,925.63,"$240,269.82",Sold,C0399,240269.82
20279,2,2025-01-02,Apartment,33,931.4,"$305,773.57",Sold,C1120,305773.57
20296,2,2025-01-02,Apartment,35,1391.68,"$407,027.74",Sold,C1585,407027.74
20303,2,2025-01-02,Apartment,35,1391.68,"$454,375.43",Sold,C0682,454375.43
20305,2,2025-01-02,Office,36,641.72,"$178,222.98",Sold,C0481,178222.98
20347,2,2025-01-02,Apartment,41,654.93,"$197,579.07",Sold,C0208,197579.07
20357,2,2025-01-02,Apartment,42,786.45,"$273,717.69",Sold,C1631,273717.69
20404,2,2025-01-02,Apartment,47,708.32,"$232,033.87",Sold,C1326,232033.87
20410,2,2025-01-02,Apartment,47,708.32,"$169,534.41",Sold,C1863,169534.41
20411,2,2025-01-02,Apartment,47,708.32,"$220,615.20",Sold,C1034,220615.2
20423,2,2025-01-02,Apartment,48,788.44,"$232,961.90",Sold,C1473,232961.9
30055,3,2025-01-02,Apartment,6,668.89,"$191,680.58",Available,,191680.58
30058,3,2025-01-02,Apartment,7,744.01,"$186,193.10",Available,,186193.1
30094,3,2025-01-02,Apartment,9,1125.84,"$354,725.76",Sold,C1471,354725.76
30113,3,2025-01-02,Apartment,10,784.09,"$239,494.90",Available,,239494.9
30141,3,2025-01-02,Apartment,14,788.59,"$232,882.70",Sold,C1423,232882.7
30154,3,2025-01-02,Office,17,937.24,"$360,341.50",Sold,C1193,360341.5
30200,3,2025-01-02,Office,21,1122.15,"$317,794.58",Available,,317794.58
30201,3,2025-01-02,Apartment,21,1122.15,"$388,570.89",Sold,C0139,388570.89
30218,3,2025-01-02,Office,25,765.56,"$249,123.19",Sold,C1071,249123.19
30266,3,2025-01-02,Apartment,29,666.0,"$232,418.01",Available,,232418.01
30273,3,2025-01-02,Apartment,30,796.57,"$261,361.16",Sold,C1394,261361.16
30283,3,2025-01-02,Apartment,34,768.76,"$227,965.28",Sold,C0201,227965.28
30381,3,2025-01-02,Apartment,46,1599.81,"$526,063.15",Sold,C0451,526063.15
30399,3,2025-01-02,Apartment,49,1174.48,"$342,590.98",Sold,C0664,342590.98
30451,3,2025-01-02,Apartment,52,1361.9,"$489,316.52",Sold,C0997,489316.52
30477,3,2025-01-02,Apartment,56,1179.42,"$295,003.43",Sold,C0808,295003.43
30479,3,2025-01-02,Apartment,56,1179.42,"$324,029.03",Available,,324029.03
40074,4,2025-01-02,Apartment,9,792.66,"$215,782.79",Available,,215782.79
40100,4,2025-01-02,Apartment,13,809.06,"$199,578.85",Sold,C1181,199578.85
40106,4,2025-01-02,Apartment,13,809.06,"$251,590.54",Available,,251590.54
40140,4,2025-01-02,Apartment,17,780.68,"$223,765.97",Sold,C1225,223765.97
40169,4,2025-01-02,Apartment,21,801.66,"$258,574.46",Sold,C0740,258574.46
40201,4,2025-01-02,Apartment,25,1310.16,"$438,877.49",Available,,438877.49
40229,4,2025-01-02,Apartment,26,790.05,"$261,614.90",Sold,C0051,261614.9
40272,4,2025-01-02,Apartment,31,793.1,"$281,815.97",Sold,C1743,281815.97
40349,4,2025-01-02,Apartment,42,738.34,"$256,968.41",Sold,C1353,256968.41
40355,4,2025-01-02,Apartment,43,1616.99,"$522,854.67",Sold,C0178,522854.67
40356,4,2025-01-02,Apartment,43,1616.99,"$441,147.68",Sold,C1492,441147.68
40386,4,2025-01-02,Apartment,45,1160.48,"$315,150.92",Available,,315150.92
50018,5,2025-01-02,Apartment,4,799.1,"$236,524.71",Sold,C0426,236524.71
50027,5,2025-01-02,Apartment,5,821.43,"$268,385.32",Available,,268385.32
50037,5,2025-01-02,Apartment,8,782.15,"$201,120.11",Available,,201120.11
50038,5,2025-01-02,Apartment,8,782.15,"$248,699.46",Sold,C0519,248699.46
50053,5,2025-01-02,Apartment,9,793.56,"$253,517.90",Sold,C1849,253517.9
50056,5,2025-01-02,Apartment,9,793.56,"$252,929.91",Available,,252929.91
50080,5,2025-01-02,Apartment,10,629.27,"$180,268.05",Sold,C0424,180268.05
50098,5,2025-01-02,Apartment,12,787.5,"$233,010.15",Sold,C0665,233010.15
50116,5,2025-01-02,Apartment,15,1050.95,"$330,647.39",Sold,C1409,330647.39
50123,5,2025-01-02,Apartment,15,1050.95,"$320,250.05",Sold,C1378,320250.05
50124,5,2025-01-02,Apartment,15,1050.95,"$338,565.22",Sold,C0809,338565.22
50168,5,2025-01-02,Apartment,22,1059.78,"$313,882.70",Sold,C0594,313882.7
50180,5,2025-01-02,Office,23,1006.65,"$286,546.53",Sold,C1116,286546.53
50193,5,2025-01-02,Apartment,24,807.02,"$281,449.31",Sold,C1478,281449.31
50201,5,2025-01-02,Apartment,26,1272.4,"$363,278.34",Sold,C0616,363278.34
50223,5,2025-01-02,Apartment,29,786.28,"$237,733.07",Available,,237733.07
50308,5,2025-01-02,Apartment,41,630.83,"$166,623.49",Sold,C1845,166623.49
50313,5,2025-01-02,Apartment,41,630.83,"$181,139.35",Available,,181139.35
50371,5,2025-01-02,Apartment,45,608.89,"$181,792.91",Sold,C0671,181792.91
50405,5,2025-01-02,Apartment,47,1241.14,"$371,938.81",Sold,C1248,371938.81
50444,5,2025-01-02,Office,52,1755.18,"$549,519.31",Available,,549519.31
60055,6,2025-01-02,Apartment,5,1617.43,"$543,286.73",Available,,543286.73
60119,6,2025-01-02,Apartment,10,942.08,"$216,531.18",Sold,C0578,216531.18
60138,6,2025-01-02,Apartment,12,1678.17,"$447,904.01",Sold,C0317,447904.01
60209,6,2025-01-02,Apartment,20,1897.17,"$634,070.07",Sold,C1564,634070.07
60254,6,2025-01-02,Apartment,26,1538.47,"$473,238.41",Sold,C0591,473238.41
60275,6,2025-01-02,Apartment,30,552.59,"$153,396.33",Sold,C1453,153396.33
60296,6,2025-01-02,Apartment,33,1131.0,"$325,206.04",Available,,325206.04
60332,6,2025-01-02,Apartment,37,1721.96,"$492,821.75",Sold,C1875,492821.75
60388,6,2025-01-02,Apartment,44,842.69,"$258,741.18",Available,,258741.18
60407,6,2025-01-02,Office,49,1167.52,"$322,088.43",Sold,C0926,322088.43
60410,6,2025-01-02,Apartment,49,1167.52,"$414,385.38",Available,,414385.38
60417,6,2025-01-02,Apartment,51,1476.63,"$427,031.50",Available,,427031.5
60445,6,2025-01-02,Apartment,53,1170.96,"$342,357.64",Sold,C0078,342357.64
60464,6,2025-01-02,Apartment,54,1633.19,"$474,954.11",Sold,C0142,474954.11
70014,7,2025-01-02,Apartment,3,888.5,"$247,222.26",Sold,C0401,247222.26
70111,7,2025-01-02,Apartment,15,602.92,"$198,180.92",Sold,C0203,198180.92
70116,7,2025-01-02,Apartment,15,602.92,"$168,489.90",Available,,168489.9
70120,7,2025-01-02,Office,15,602.92,"$170,552.15",Sold,C0625,170552.15
70125,7,2025-01-02,Apartment,15,602.92,"$165,907.49",Sold,C1101,165907.49
70175,7,2025-01-02,Apartment,20,1160.82,"$373,814.11",Available,,373814.11
70265,7,2025-01-02,Office,30,1237.23,"$384,080.49",Available,,384080.49
70292,7,2025-01-02,Apartment,35,613.21,"$171,388.38",Sold,C1635,171388.38
70315,7,2025-01-02,Apartment,38,1755.26,"$520,127.02",Sold,C0442,520127.02
70389,7,2025-01-02,Apartment,44,1859.83,"$553,756.62",Sold,C0247,553756.62
70418,7,2025-01-02,Apartment,49,1383.05,"$415,154.19",Sold,C1744,415154.19
70425,7,2025-01-02,Office,49,1383.05,"$434,241.53",Available,,434241.53
70439,7,2025-01-02,Office,51,648.27,"$175,097.75",Sold,C1292,175097.75
70466,7,2025-01-02,Apartment,54,1940.69,"$507,423.55",Sold,C1861,507423.55
70467,7,2025-01-02,Apartment,55,601.23,"$189,501.07",Sold,C0782,189501.07
80055,8,2025-01-02,Apartment,5,887.23,"$272,174.29",Sold,C0045,272174.29
80062,8,2025-01-02,Apartment,6,1370.17,"$430,340.07",Available,,430340.07
80073,8,2025-01-02,Apartment,8,1552.34,"$495,541.93",Sold,C0299,495541.93
80102,8,2025-01-02,Office,12,1430.46,"$527,730.49",Sold,C0690,527730.49
80104,8,2025-01-02,Apartment,13,660.3,"$205,786.97",Sold,C0837,205786.97
80106,8,2025-01-02,Apartment,13,660.3,"$187,336.30",Available,,187336.3
80110,8,2025-01-02,Apartment,14,685.93,"$190,406.88",Available,,190406.88
80117,8,2025-01-02,Office,14,685.93,"$210,058.02",Sold,C1908,210058.02
80170,8,2025-01-02,Apartment,22,1495.57,"$406,648.60",Sold,C1812,406648.6
80174,8,2025-01-02,Apartment,23,1114.67,"$301,038.15",Available,,301038.15
80222,8,2025-01-02,Apartment,29,1848.51,"$591,360.76",Available,,591360.76
80248,8,2025-01-02,Apartment,31,1253.18,"$352,347.86",Sold,C0208,352347.86
80267,8,2025-01-02,Apartment,32,1410.88,"$448,837.59",Available,,448837.59
80287,8,2025-01-02,Apartment,33,1809.87,"$489,564.98",Sold,C0249,489564.98
80304,8,2025-01-02,Apartment,36,673.86,"$200,870.54",Available,,200870.54
80315,8,2025-01-02,Apartment,37,890.65,"$231,059.65",Sold,C1326,231059.65
80316,8,2025-01-02,Apartment,37,890.65,"$284,422.16",Sold,C0400,284422.16
80380,8,2025-01-02,Apartment,45,1185.72,"$316,429.20",Sold,C1375,316429.2
80409,8,2025-01-02,Apartment,47,543.08,"$143,682.52",Sold,C0031,143682.52
80428,8,2025-01-02,Office,49,1081.0,"$362,667.03",Available,,362667.03
80451,8,2025-01-02,Apartment,53,1891.72,"$527,612.39",Sold,C0638,527612.39
80459,8,2025-01-02,Apartment,54,1699.02,"$536,046.25",Sold,C1466,536046.25
80473,8,2025-01-02,Apartment,55,1300.05,"$385,361.66",Sold,C1566,385361.66
80481,8,2025-01-02,Apartment,56,1874.7,"$561,295.70",Available,,561295.7
90053,9,2025-01-02,Apartment,9,1391.22,"$410,603.84",Available,,410603.84
90060,9,2025-01-02,Apartment,11,559.6,"$179,388.02",Available,,179388.02
90066,9,2025-01-02,Apartment,12,952.38,"$277,070.00",Sold,C0812,277070.0
90075,9,2025-01-02,Apartment,12,952.38,"$280,193.32",Sold,C1781,280193.32
90080,9,2025-01-02,Apartment,12,952.38,"$287,245.48",Sold,C1532,287245.48
90133,9,2025-01-02,Apartment,21,1261.65,"$382,547.93",Available,,382547.93
90161,9,2025-01-02,Apartment,25,1904.38,"$729,836.68",Available,,729836.68
90167,9,2025-01-02,Apartment,26,1038.39,"$312,442.45",Sold,C1086,312442.45
90168,9,2025-01-02,Apartment,26,1038.39,"$335,383.02",Sold,C0766,335383.02
90242,9,2025-01-02,Apartment,34,1577.36,"$481,949.20",Sold,C1591,481949.2
90375,9,2025-01-02,Apartment,44,1351.57,"$362,893.07",Sold,C0097,362893.07
90402,9,2025-01-02,Apartment,48,1264.94,"$312,096.70",Sold,C1525,312096.7
90415,9,2025-01-02,Apartment,53,599.72,"$171,267.91",Sold,C0964,171267.91
90433,9,2025-01-02,Apartment,55,1182.51,"$295,744.88",Sold,C1964,295744.88
90434,9,2025-01-02,Apartment,55,1182.51,"$332,249.26",Sold,C0262,332249.26
90459,9,2025-01-02,Office,57,1198.57,"$441,154.94",Sold,C1704,441154.94
90497,9,2025-01-02,Apartment,58,838.34,"$301,410.90",Sold,C1705,301410.9
90529,9,2025-01-02,Apartment,62,1263.44,"$357,655.99",Sold,C1490,357655.99
90531,9,2025-01-02,Apartment,62,1263.44,"$380,051.12",Available,,380051.12
100017,10,2025-01-02,Apartment,4,1765.37,"$596,435.43",Sold,C1261,596435.43
100056,10,2025-01-02,Office,6,842.66,"$266,868.89",Sold,C0350,266868.89
100062,10,2025-01-02,Apartment,8,1054.86,"$265,540.40",Sold,C1637,265540.4
100091,10,2025-01-02,Apartment,11,1675.44,"$516,067.93",Sold,C0747,516067.93
100093,10,2025-01-02,Office,11,1675.44,"$464,815.25",Sold,C0824,464815.25
100119,10,2025-01-02,Office,15,1948.32,"$594,434.15",Available,,594434.15
100147,10,2025-01-02,Apartment,19,948.04,"$361,049.96",Sold,C0384,361049.96
100195,10,2025-01-02,Apartment,26,1294.85,"$326,351.74",Sold,C1949,326351.74
100221,10,2025-01-02,Apartment,27,777.35,"$242,708.74",Sold,C0499,242708.74
100223,10,2025-01-02,Apartment,27,777.35,"$247,387.97",Sold,C0089,247387.97
100233,10,2025-01-02,Apartment,28,1606.58,"$526,465.62",Sold,C0749,526465.62
100348,10,2025-01-02,Office,42,1757.51,"$490,529.51",Sold,C1840,490529.51
100383,10,2025-01-02,Apartment,44,1224.71,"$375,810.64",Sold,C0553,375810.64
110062,11,2025-01-02,Office,7,1734.79,"$406,298.92",Sold,C0718,406298.92
110099,11,2025-01-02,Apartment,10,1519.64,"$440,930.72",Sold,C0899,440930.72
110123,11,2025-01-02,Apartment,13,474.93,"$126,637.08",Available,,126637.08
110146,11,2025-01-02,Apartment,15,1385.68,"$395,511.02",Available,,395511.02
110194,11,2025-01-02,Apartment,23,1098.83,"$385,857.81",Sold,C0404,385857.81
110202,11,2025-01-02,Apartment,24,1481.82,"$498,779.18",Sold,C0126,498779.18
110241,11,2025-01-02,Office,29,993.51,"$267,233.83",Sold,C1606,267233.83
110258,11,2025-01-02,Apartment,31,1232.68,"$354,022.30",Available,,354022.3
110262,11,2025-01-02,Apartment,32,1285.87,"$337,448.81",Sold,C1938,337448.81
110287,11,2025-01-02,Apartment,34,680.07,"$190,843.28",Sold,C1867,190843.28
110303,11,2025-01-02,Office,37,1368.16,"$390,611.21",Sold,C1543,390611.21
110305,11,2025-01-02,Apartment,37,1368.16,"$451,310.88",Available,,451310.88
110330,11,2025-01-02,Office,39,1816.63,"$460,780.85",Sold,C1056,460780.85
110334,11,2025-01-02,Apartment,40,638.97,"$187,291.27",Sold,C0584,187291.27
110339,11,2025-01-02,Apartment,42,808.59,"$278,521.93",Sold,C1092,278521.93
110341,11,2025-01-02,Apartment,42,808.59,"$225,455.98",Sold,C0366,225455.98
110343,11,2025-01-02,Apartment,42,808.59,"$246,266.66",Sold,C1872,246266.66
110347,11,2025-01-02,Apartment,42,808.59,"$180,903.98",Sold,C0425,180903.98
110349,11,2025-01-02,Apartment,42,808.59,"$234,941.79",Sold,C0624,234941.79
110403,11,2025-01-02,Apartment,48,661.7,"$201,779.65",Sold,C0220,201779.65
110422,11,2025-01-02,Apartment,50,948.72,"$268,278.37",Sold,C0177,268278.37
110446,11,2025-01-02,Apartment,52,1397.58,"$513,689.05",Available,,513689.05
110467,11,2025-01-02,Apartment,55,1713.32,"$495,437.61",Sold,C1090,495437.61
120007,12,2025-01-02,Apartment,1,839.95,"$296,060.71",Sold,C1014,296060.71
120158,12,2025-01-02,Office,18,1702.66,"$673,008.78",Sold,C0944,673008.78
120164,12,2025-01-02,Office,18,1702.66,"$634,835.96",Available,,634835.96
120179,12,2025-01-02,Apartment,20,1802.21,"$596,353.18",Sold,C1544,596353.18
120225,12,2025-01-02,Apartment,24,1306.75,"$363,577.18",Available,,363577.18
120253,12,2025-01-02,Apartment,27,871.52,"$256,747.85",Sold,C1854,256747.85
120256,12,2025-01-02,Apartment,27,871.52,"$291,656.08",Sold,C0792,291656.08
120346,12,2025-01-02,Apartment,38,1157.23,"$356,613.57",Available,,356613.57
120354,12,2025-01-02,Office,38,1157.23,"$412,809.69",Sold,C0484,412809.69
130017,13,2025-01-02,Apartment,1,1899.92,"$552,644.49",Available,,552644.49
130091,13,2025-01-02,Apartment,11,1678.3,"$523,310.82",Available,,523310.82
130146,13,2025-01-02,Apartment,17,1278.95,"$407,835.54",Sold,C0413,407835.54
130189,13,2025-01-02,Office,20,516.72,"$162,335.17",Sold,C1669,162335.17
130232,13,2025-01-02,Apartment,27,885.68,"$292,667.00",Sold,C1699,292667.0
130255,13,2025-01-02,Apartment,30,1777.51,"$533,306.66",Sold,C0554,533306.66
130291,13,2025-01-02,Apartment,33,1445.84,"$438,504.35",Sold,C0957,438504.35
130313,13,2025-01-02,Apartment,34,1557.0,"$377,174.02",Sold,C1057,377174.02
130314,13,2025-01-02,Apartment,35,1867.34,"$524,863.71",Sold,C1522,524863.71
130336,13,2025-01-02,Apartment,37,1555.67,"$503,083.73",Sold,C0421,503083.73
130338,13,2025-01-02,Apartment,38,656.42,"$214,023.32",Sold,C0856,214023.32
130349,13,2025-01-02,Apartment,38,656.42,"$180,340.51",Sold,C1498,180340.51
130351,13,2025-01-02,Apartment,38,656.42,"$211,245.25",Available,,211245.25
130463,13,2025-01-02,Apartment,53,968.77,"$244,847.22",Sold,C1022,244847.22
130465,13,2025-01-02,Office,53,968.77,"$326,702.90",Sold,C0828,326702.9
130479,13,2025-01-02,Apartment,55,710.41,"$197,075.07",Sold,C0004,197075.07
130488,13,2025-01-02,Apartment,56,606.9,"$173,524.87",Sold,C0521,173524.87
130578,13,2025-01-02,Apartment,67,524.97,"$162,549.19",Sold,C1298,162549.19
140005,14,2025-01-02,Apartment,2,922.7,"$297,571.83",Available,,297571.83
140019,14,2025-01-02,Apartment,4,1797.81,"$599,434.98",Available,,599434.98
140091,14,2025-01-02,Apartment,12,459.44,"$136,551.67",Sold,C1918,136551.67
140148,14,2025-01-02,Apartment,16,915.37,"$263,773.21",Sold,C1600,263773.21
140166,14,2025-01-02,Apartment,17,686.6,"$192,542.32",Sold,C0071,192542.32
140198,14,2025-01-02,Apartment,22,1148.66,"$425,275.93",Sold,C1466,425275.93
140240,14,2025-01-02,Apartment,27,1866.49,"$517,052.17",Available,,517052.17
140249,14,2025-01-02,Apartment,29,1618.34,"$475,030.73",Sold,C1195,475030.73
140252,14,2025-01-02,Apartment,29,1618.34,"$476,326.35",Sold,C1011,476326.35
140255,14,2025-01-02,Apartment,29,1618.34,"$518,926.42",Sold,C0414,518926.42
140313,14,2025-01-02,Apartment,37,1469.73,"$436,673.97",Available,,436673.97
140366,14,2025-01-02,Apartment,44,840.77,"$257,084.92",Sold,C1071,257084.92
140387,14,2025-01-02,Apartment,47,917.53,"$265,736.45",Sold,C1611,265736.45
140398,14,2025-01-02,Office,48,1941.78,"$587,630.43",Sold,C0766,587630.43
140433,14,2025-01-02,Apartment,51,1346.3,"$426,811.39",Sold,C1400,426811.39
140469,14,2025-01-02,Apartment,55,1415.9,"$472,750.27",Sold,C1337,472750.27
150033,15,2025-01-02,Apartment,5,769.6,"$227,720.97",Sold,C1681,227720.97
150035,15,2025-01-02,Apartment,5,769.6,"$232,747.31",Available,,232747.31
150057,15,2025-01-02,Office,9,565.48,"$180,509.34",Sold,C1419,180509.34
150149,15,2025-01-02,Apartment,18,567.74,"$204,975.53",Sold,C0808,204975.53
150181,15,2025-01-02,Apartment,23,1279.23,"$358,223.33",Sold,C1262,358223.33
150186,15,2025-01-02,Apartment,23,1279.23,"$413,166.71",Sold,C0276,413166.71
150206,15,2025-01-02,Apartment,24,924.36,"$318,156.13",Sold,C0165,318156.13
150245,15,2025-01-02,Apartment,29,1748.18,"$508,674.80",Sold,C1228,508674.8
150310,15,2025-01-02,Apartment,35,745.49,"$202,307.22",Sold,C0579,202307.22
150329,15,2025-01-02,Apartment,38,585.57,"$163,782.67",Available,,163782.67
150333,15,2025-01-02,Office,38,585.57,"$207,212.83",Available,,207212.83
150344,15,2025-01-02,Apartment,40,982.37,"$292,030.79",Sold,C1225,292030.79
150351,15,2025-01-02,Apartment,42,1298.37,"$364,634.43",Available,,364634.43
150408,15,2025-01-02,Apartment,51,1689.08,"$461,101.00",Sold,C0118,461101.0
150419,15,2025-01-02,Apartment,52,829.2,"$259,423.47",Sold,C0410,259423.47
150467,15,2025-01-02,Apartment,56,939.93,"$281,265.09",Available,,281265.09
150506,15,2025-01-02,Apartment,60,1033.2,"$324,615.74",Sold,C1943,324615.74
150513,15,2025-01-02,Office,60,1033.2,"$340,778.92",Sold,C1501,340778.92
160043,16,2025-01-02,Apartment,6,1062.34,"$401,252.51",Sold,C0490,401252.51
160062,16,2025-01-02,Apartment,8,986.18,"$271,891.69",Sold,C0546,271891.69
160066,16,2025-01-02,Apartment,8,986.18,"$302,579.35",Available,,302579.35
160078,16,2025-01-02,Apartment,9,1524.04,"$450,533.33",Sold,C1909,450533.33
160111,16,2025-01-02,Apartment,11,1288.42,"$375,916.09",Sold,C1347,375916.09
160117,16,2025-01-02,Apartment,12,549.98,"$153,033.12",Sold,C0157,153033.12
160191,16,2025-01-02,Apartment,23,594.14,"$177,597.95",Available,,177597.95
160206,16,2025-01-02,Apartment,26,1458.08,"$386,781.39",Available,,386781.39
160251,16,2025-01-02,Apartment,29,489.49,"$139,220.68",Sold,C1358,139220.68
160265,16,2025-01-02,Apartment,32,431.76,"$122,072.19",Available,,122072.19
160282,16,2025-01-02,Apartment,33,881.17,"$246,388.55",Available,,246388.55
160288,16,2025-01-02,Apartment,34,743.19,"$228,152.13",Sold,C0188,228152.13
160327,16,2025-01-02,Apartment,38,431.83,"$141,982.12",Sold,C1878,141982.12
160348,16,2025-01-02,Apartment,41,1001.72,"$301,088.09",Sold,C1588,301088.09
160351,16,2025-01-02,Apartment,41,1001.72,"$282,183.87",Available,,282183.87
160355,16,2025-01-02,Apartment,41,1001.72,"$343,497.51",Sold,C1240,343497.51
170062,17,2025-01-02,Apartment,8,1297.3,"$367,286.05",Sold,C0231,367286.05
170078,17,2025-01-02,Apartment,10,1059.07,"$331,410.45",Available,,331410.45
170086,17,2025-01-02,Apartment,10,1059.07,"$243,250.45",Available,,243250.45
170090,17,2025-01-02,Apartment,11,596.22,"$181,421.79",Sold,C1835,181421.79
170119,17,2025-01-02,Apartment,14,1646.02,"$545,914.63",Available,,545914.63
170140,17,2025-01-02,Apartment,16,1693.0,"$504,379.44",Available,,504379.44
170226,17,2025-01-02,Apartment,26,929.59,"$317,758.61",Sold,C0597,317758.61
170231,17,2025-01-02,Apartment,27,677.24,"$213,538.13",Available,,213538.13
170250,17,2025-01-02,Apartment,28,1201.04,"$408,993.51",Sold,C0212,408993.51
170350,17,2025-01-02,Apartment,45,1574.3,"$441,706.47",Sold,C0723,441706.47
170357,17,2025-01-02,Office,46,1582.61,"$425,502.86",Sold,C1125,425502.86
170375,17,2025-01-02,Apartment,46,1582.61,"$382,955.82",Available,,382955.82
180026,18,2025-01-02,Apartment,3,524.48,"$170,571.14",Sold,C0549,170571.14
180055,18,2025-01-02,Apartment,6,840.25,"$237,460.80",Sold,C1970,237460.8
180073,18,2025-01-02,Apartment,9,894.92,"$219,920.56",Sold,C0143,219920.56
180075,18,2025-01-02,Apartment,9,894.92,"$293,067.82",Sold,C0240,293067.82
180078,18,2025-01-02,Apartment,10,1111.43,"$273,871.34",Available,,273871.34
180129,18,2025-01-02,Apartment,17,1195.81,"$363,575.75",Sold,C0763,363575.75
180164,18,2025-01-02,Apartment,22,1108.09,"$366,169.68",Available,,366169.68
180197,18,2025-01-02,Apartment,25,911.94,"$297,415.23",Available,,297415.23
180240,18,2025-01-02,Apartment,30,1795.66,"$562,818.96",Sold,C0013,562818.96
180249,18,2025-01-02,Apartment,30,1795.66,"$499,251.91",Available,,499251.91
180251,18,2025-01-02,Apartment,30,1795.66,"$526,416.26",Sold,C0351,526416.26
180275,18,2025-01-02,Apartment,33,1191.96,"$334,939.30",Sold,C0181,334939.3
180279,18,2025-01-02,Apartment,35,799.05,"$242,910.33",Sold,C1759,242910.33
180340,18,2025-01-02,Apartment,38,1219.8,"$346,043.52",Available,,346043.52
180374,18,2025-01-02,Apartment,42,1045.42,"$344,722.40",Sold,C0515,344722.4
180420,18,2025-01-02,Apartment,48,564.59,"$200,099.00",Sold,C0428,200099.0
180496,18,2025-01-02,Apartment,55,930.04,"$263,674.47",Sold,C0701,263674.47
180502,18,2025-01-02,Apartment,55,930.04,"$278,811.89",Sold,C1344,278811.89
180512,18,2025-01-02,Apartment,57,636.39,"$203,193.41",Sold,C0587,203193.41
180541,18,2025-01-02,Apartment,61,1019.7,"$315,923.54",Sold,C0659,315923.54
180542,18,2025-01-02,Office,61,1019.7,"$261,651.11",Sold,C1169,261651.11
180573,18,2025-01-02,Office,66,1631.24,"$486,354.46",Sold,C0906,486354.46
190041,19,2025-01-02,Apartment,7,973.6,"$307,421.87",Sold,C0307,307421.87
190051,19,2025-01-02,Office,8,974.77,"$315,031.62",Sold,C0136,315031.62
190089,19,2025-01-02,Apartment,13,766.61,"$196,028.29",Available,,196028.29
190100,19,2025-01-02,Apartment,14,630.47,"$215,726.19",Sold,C0128,215726.19
190102,19,2025-01-02,Apartment,14,630.47,"$213,497.85",Sold,C1451,213497.85
190120,19,2025-01-02,Apartment,16,1711.98,"$467,106.95",Available,,467106.95
190123,19,2025-01-02,Apartment,17,574.75,"$209,680.44",Available,,209680.44
190131,19,2025-01-02,Apartment,18,1599.44,"$426,712.10",Available,,426712.1
190199,19,2025-01-02,Apartment,24,620.51,"$182,623.67",Available,,182623.67
190205,19,2025-01-02,Apartment,25,996.38,"$305,412.40",Sold,C1042,305412.4
190238,19,2025-01-02,Apartment,28,1599.78,"$436,128.05",Sold,C1174,436128.05
190265,19,2025-01-02,Office,30,673.27,"$197,900.76",Sold,C1836,197900.76
190281,19,2025-01-02,Office,32,1048.61,"$327,521.14",Sold,C0070,327521.14
190282,19,2025-01-02,Apartment,33,1454.84,"$503,290.73",Sold,C0339,503290.73
190299,19,2025-01-02,Apartment,35,1099.62,"$327,921.89",Sold,C1853,327921.89
190314,19,2025-01-02,Apartment,37,1565.26,"$533,438.18",Available,,533438.18
190388,19,2025-01-02,Apartment,44,982.8,"$310,988.41",Sold,C1393,310988.41
190404,19,2025-01-02,Apartment,46,1926.19,"$611,112.10",Sold,C1235,611112.1
190420,19,2025-01-02,Apartment,48,851.11,"$266,270.58",Sold,C1034,266270.58
200020,20,2025-01-02,Apartment,2,1669.84,"$503,401.23",Sold,C0283,503401.23
200043,20,2025-01-02,Apartment,5,802.5,"$257,463.69",Available,,257463.69
200047,20,2025-01-02,Apartment,5,802.5,"$239,207.88",Available,,239207.88
200087,20,2025-01-02,Office,12,856.15,"$273,895.07",Sold,C1089,273895.07
200096,20,2025-01-02,Apartment,13,1587.57,"$406,942.26",Available,,406942.26
200138,20,2025-01-02,Apartment,17,1089.33,"$341,503.37",Sold,C1397,341503.37
200217,20,2025-01-02,Apartment,26,1941.62,"$619,157.65",Sold,C1399,619157.65
200310,20,2025-01-02,Apartment,33,630.53,"$187,899.97",Available,,187899.97
200412,20,2025-01-02,Apartment,47,590.12,"$164,834.69",Sold,C1567,164834.69
200460,20,2025-01-02,Apartment,51,1062.33,"$315,514.31",Sold,C1323,315514.31
200474,20,2025-01-02,Apartment,54,589.61,"$189,747.29",Available,,189747.29
200495,20,2025-01-02,Apartment,57,445.15,"$140,335.17",Sold,C0598,140335.17
1022,1,2025-01-03,Apartment,22,743.09,"$210,745.17",Sold,C0005,210745.17
1044,1,2025-01-03,Apartment,44,827.87,"$229,464.71",Sold,C0094,229464.71
2027,2,2025-01-03,Apartment,27,785.48,"$247,739.44",Sold,C0007,247739.44
2037,2,2025-01-03,Apartment,37,723.83,"$229,581.78",Sold,C0051,229581.78
4024,4,2025-01-03,Apartment,24,1121.95,"$372,001.70",Sold,C0139,372001.7
4034,4,2025-01-03,Apartment,34,794.52,"$243,052.59",Sold,C0114,243052.59
5022,5,2025-01-03,Apartment,22,798.28,"$287,466.41",Sold,C0072,287466.41
5030,5,2025-01-03,Apartment,30,1057.92,"$357,538.20",Sold,C0130,357538.2
10006,1,2025-01-03,Apartment,2,715.67,"$223,171.15",Sold,C0183,223171.15
10010,1,2025-01-03,Apartment,2,715.67,"$215,269.12",Sold,C1854,215269.12
10015,1,2025-01-03,Apartment,3,788.73,"$269,440.75",Sold,C0142,269440.75
10047,1,2025-01-03,Apartment,5,753.87,"$216,862.53",Sold,C0195,216862.53
10053,1,2025-01-03,Apartment,7,758.88,"$243,318.88",Sold,C1207,243318.88
10059,1,2025-01-03,Apartment,7,758.88,"$261,397.12",Sold,C0186,261397.12
10083,1,2025-01-03,Office,11,1429.46,"$510,261.37",Sold,C0844,510261.37
10096,1,2025-01-03,Apartment,13,719.47,"$226,445.32",Sold,C0185,226445.32
10138,1,2025-01-03,Apartment,17,608.25,"$192,041.76",Available,,192041.76
10147,1,2025-01-03,Apartment,19,773.17,"$218,014.00",Available,,218014.0
10204,1,2025-01-03,Apartment,24,1146.11,"$411,828.28",Sold,C0956,411828.28
10246,1,2025-01-03,Apartment,29,757.2,"$256,617.65",Sold,C0445,256617.65
10302,1,2025-01-03,Apartment,32,800.77,"$237,300.35",Available,,237300.35
10422,1,2025-01-03,Apartment,49,629.24,"$200,128.76",Available,,200128.76
20013,2,2025-01-03,Apartment,2,788.72,"$260,832.79",Sold,C0518,260832.79
20031,2,2025-01-03,Office,3,645.84,"$201,088.27",Available,,201088.27
20043,2,2025-01-03,Apartment,5,933.95,"$284,116.54",Sold,C0596,284116.54
20129,2,2025-01-03,Apartment,15,1603.33,"$529,448.55",Sold,C1660,529448.55
20134,2,2025-01-03,Apartment,16,1117.38,"$313,850.22",Sold,C0198,313850.22
20185,2,2025-01-03,Apartment,21,921.38,"$267,340.32",Sold,C1254,267340.32
20195,2,2025-01-03,Apartment,22,653.41,"$214,779.83",Sold,C0473,214779.83
20213,2,2025-01-03,Apartment,24,785.12,"$252,088.96",Available,,252088.96
20260,2,2025-01-03,Apartment,30,786.4,"$251,909.58",Sold,C0233,251909.58
20301,2,2025-01-03,Apartment,35,1391.68,"$425,215.43",Available,,425215.43
20315,2,2025-01-03,Apartment,37,780.46,"$199,200.35",Sold,C0891,199200.35
20355,2,2025-01-03,Apartment,42,786.45,"$218,343.57",Sold,C1319,218343.57
20360,2,2025-01-03,Apartment,42,786.45,"$272,617.43",Available,,272617.43
20364,2,2025-01-03,Apartment,42,786.45,"$213,633.08",Available,,213633.08
20387,2,2025-01-03,Apartment,46,697.74,"$207,424.44",Sold,C1308,207424.44
20399,2,2025-01-03,Office,46,697.74,"$213,454.35",Sold,C0827,213454.35
20418,2,2025-01-03,Office,47,708.32,"$218,276.55",Available,,218276.55
20430,2,2025-01-03,Apartment,49,1617.9,"$507,869.00",Sold,C1000,507869.0
20463,2,2025-01-03,Apartment,55,579.26,"$181,212.71",Sold,C1844,181212.71
30003,3,2025-01-03,Apartment,1,689.75,"$204,858.89",Sold,C1434,204858.89
30007,3,2025-01-03,Apartment,1,689.75,"$221,364.52",Sold,C0720,221364.52
30014,3,2025-01-03,Apartment,1,689.75,"$172,763.55",Sold,C1910,172763.55
30017,3,2025-01-03,Apartment,1,689.75,"$196,425.12",Sold,C1997,196425.12
30045,3,2025-01-03,Office,5,701.19,"$217,700.03",Sold,C1834,217700.03
30050,3,2025-01-03,Apartment,5,701.19,"$191,573.49",Sold,C0141,191573.49
30102,3,2025-01-03,Apartment,9,1125.84,"$337,104.83",Sold,C0939,337104.83
30160,3,2025-01-03,Apartment,18,706.68,"$232,965.64",Sold,C1524,232965.64
30161,3,2025-01-03,Apartment,18,706.68,"$205,599.43",Sold,C1532,205599.43
30220,3,2025-01-03,Apartment,25,765.56,"$200,763.27",Available,,200763.27
30226,3,2025-01-03,Office,26,923.9,"$304,707.65",Sold,C1979,304707.65
30236,3,2025-01-03,Apartment,27,1117.14,"$304,737.66",Available,,304737.66
30270,3,2025-01-03,Apartment,29,666.0,"$222,047.97",Available,,222047.97
30286,3,2025-01-03,Apartment,34,768.76,"$259,647.03",Sold,C1463,259647.03
30301,3,2025-01-03,Apartment,36,733.45,"$204,902.86",Sold,C1083,204902.86
30339,3,2025-01-03,Apartment,41,965.5,"$334,240.70",Sold,C1780,334240.7
30372,3,2025-01-03,Apartment,46,1599.81,"$433,989.62",Sold,C0829,433989.62
30376,3,2025-01-03,Office,46,1599.81,"$568,142.17",Sold,C1851,568142.17
30409,3,2025-01-03,Apartment,49,1174.48,"$311,720.22",Available,,311720.22
30452,3,2025-01-03,Apartment,52,1361.9,"$373,635.26",Sold,C1732,373635.26
30454,3,2025-01-03,Office,53,567.84,"$177,709.65",Sold,C0065,177709.65
40036,4,2025-01-03,Apartment,4,783.03,"$181,705.84",Sold,C0622,181705.84
40060,4,2025-01-03,Apartment,5,786.98,"$232,426.35",Available,,232426.35
40083,4,2025-01-03,Apartment,11,802.79,"$255,732.58",Sold,C1511,255732.58
40086,4,2025-01-03,Apartment,11,802.79,"$199,370.74",Sold,C1679,199370.74
40107,4,2025-01-03,Office,13,809.06,"$258,147.75",Available,,258147.75
40135,4,2025-01-03,Apartment,16,1128.21,"$353,988.11",Sold,C0787,353988.11
40164,4,2025-01-03,Apartment,20,1609.62,"$574,177.29",Sold,C0907,574177.29
40193,4,2025-01-03,Office,24,786.05,"$256,722.44",Available,,256722.44
40226,4,2025-01-03,Office,26,790.05,"$218,259.42",Sold,C0075,218259.42
40281,4,2025-01-03,Apartment,33,734.73,"$206,454.32",Available,,206454.32
40288,4,2025-01-03,Apartment,33,734.73,"$217,334.75",Sold,C1088,217334.75
40302,4,2025-01-03,Apartment,36,736.77,"$222,972.29",Sold,C0412,222972.29
40320,4,2025-01-03,Apartment,39,743.73,"$206,292.08",Available,,206292.08
40328,4,2025-01-03,Office,39,743.73,"$216,749.68",Available,,216749.68
40334,4,2025-01-03,Apartment,40,780.74,"$272,122.22",Sold,C1137,272122.22
40390,4,2025-01-03,Apartment,45,1160.48,"$354,717.69",Available,,354717.69
40416,4,2025-01-03,Apartment,49,739.7,"$212,434.99",Available,,212434.99
40434,4,2025-01-03,Apartment,50,791.37,"$245,818.42",Sold,C1286,245818.42
50061,5,2025-01-03,Apartment,9,793.56,"$246,714.42",Sold,C1912,246714.42
50079,5,2025-01-03,Apartment,10,629.27,"$220,638.59",Sold,C1622,220638.59
50113,5,2025-01-03,Office,14,624.96,"$211,905.97",Sold,C0388,211905.97
50115,5,2025-01-03,Apartment,15,1050.95,"$340,987.95",Sold,C0246,340987.95
50129,5,2025-01-03,Office,17,798.74,"$269,956.40",Available,,269956.4
50135,5,2025-01-03,Apartment,17,798.74,"$236,197.69",Sold,C1730,236197.69
50196,5,2025-01-03,Office,25,1049.99,"$279,852.10",Sold,C0768,279852.1
50238,5,2025-01-03,Office,32,1051.39,"$351,533.62",Available,,351533.62
50270,5,2025-01-03,Apartment,36,627.56,"$179,421.99",Available,,179421.99
60008,6,2025-01-03,Apartment,1,1720.95,"$564,815.29",Sold,C0477,564815.29
60012,6,2025-01-03,Apartment,1,1720.95,"$478,936.91",Available,,478936.91
60086,6,2025-01-03,Apartment,7,1075.42,"$359,309.30",Sold,C0719,359309.3
60115,6,2025-01-03,Apartment,10,942.08,"$277,376.95",Sold,C0286,277376.95
60147,6,2025-01-03,Office,12,1678.17,"$666,248.73",Sold,C1385,666248.73
60177,6,2025-01-03,Apartment,16,1687.92,"$500,551.32",Sold,C0245,500551.32
60186,6,2025-01-03,Apartment,17,1502.18,"$470,839.17",Sold,C0723,470839.17
60206,6,2025-01-03,Apartment,20,1897.17,"$597,216.83",Sold,C0148,597216.83
60208,6,2025-01-03,Apartment,20,1897.17,"$686,530.85",Available,,686530.85
60258,6,2025-01-03,Office,26,1538.47,"$503,560.15",Sold,C0635,503560.15
60314,6,2025-01-03,Apartment,34,1353.81,"$465,516.42",Available,,465516.42
60373,6,2025-01-03,Apartment,43,1492.81,"$461,758.65",Sold,C1513,461758.65
60389,6,2025-01-03,Apartment,45,435.53,"$121,496.74",Available,,121496.74
60400,6,2025-01-03,Apartment,47,550.99,"$170,552.87",Available,,170552.87
60434,6,2025-01-03,Apartment,51,1476.63,"$410,957.65",Available,,410957.65
60463,6,2025-01-03,Apartment,54,1633.19,"$503,034.95",Sold,C1645,503034.95
60467,6,2025-01-03,Apartment,55,562.37,"$176,261.92",Available,,176261.92
60473,6,2025-01-03,Apartment,55,562.37,"$151,179.06",Sold,C1782,151179.06
70006,7,2025-01-03,Apartment,2,1478.43,"$453,645.31",Sold,C0758,453645.31
70019,7,2025-01-03,Apartment,4,1309.78,"$347,849.83",Sold,C1927,347849.83
70058,7,2025-01-03,Apartment,9,926.11,"$268,177.27",Sold,C0994,268177.27
70092,7,2025-01-03,Apartment,13,604.6,"$172,642.90",Sold,C0264,172642.9
70106,7,2025-01-03,Apartment,14,714.65,"$207,166.22",Sold,C1917,207166.22
70108,7,2025-01-03,Office,14,714.65,"$250,498.72",Sold,C0260,250498.72
70134,7,2025-01-03,Office,16,1239.87,"$387,314.45",Available,,387314.45
70190,7,2025-01-03,Apartment,21,1528.62,"$447,108.45",Sold,C0515,447108.45
70194,7,2025-01-03,Apartment,22,1914.21,"$693,731.35",Sold,C0961,693731.35
70198,7,2025-01-03,Apartment,22,1914.21,"$570,050.15",Available,,570050.15
70211,7,2025-01-03,Apartment,23,1222.69,"$412,118.88",Sold,C0077,412118.88
70301,7,2025-01-03,Apartment,36,1748.75,"$513,627.42",Available,,513627.42
70402,7,2025-01-03,Office,47,1033.08,"$356,614.79",Sold,C0554,356614.79
70515,7,2025-01-03,Apartment,60,1219.54,"$329,030.02",Sold,C1624,329030.02
80021,8,2025-01-03,Apartment,3,1736.05,"$502,610.03",Sold,C0261,502610.03
80025,8,2025-01-03,Office,3,1736.05,"$530,898.76",Sold,C1792,530898.76
80090,8,2025-01-03,Apartment,9,1869.81,"$537,291.01",Sold,C0008,537291.01
80116,8,2025-01-03,Apartment,14,685.93,"$175,256.09",Sold,C1821,175256.09
80118,8,2025-01-03,Apartment,14,685.93,"$201,911.89",Sold,C0502,201911.89
80224,8,2025-01-03,Office,29,1848.51,"$536,177.39",Sold,C1662,536177.39
80234,8,2025-01-03,Apartment,30,1070.46,"$307,826.14",Sold,C0691,307826.14
80242,8,2025-01-03,Apartment,31,1253.18,"$415,476.82",Sold,C0188,415476.82
80272,8,2025-01-03,Apartment,33,1809.87,"$556,388.88",Sold,C0232,556388.88
80292,8,2025-01-03,Apartment,34,1684.75,"$547,341.89",Available,,547341.89
80331,8,2025-01-03,Apartment,37,890.65,"$297,513.05",Sold,C1258,297513.05
80338,8,2025-01-03,Office,37,890.65,"$286,051.39",Available,,286051.39
80416,8,2025-01-03,Apartment,47,543.08,"$141,656.98",Available,,141656.98
80423,8,2025-01-03,Apartment,48,480.99,"$138,782.37",Available,,138782.37
80439,8,2025-01-03,Office,51,803.06,"$255,042.44",Available,,255042.44
80442,8,2025-01-03,Apartment,52,559.73,"$182,831.05",Sold,C1799,182831.05
80446,8,2025-01-03,Apartment,53,1891.72,"$599,896.96",Sold,C0788,599896.96
80471,8,2025-01-03,Apartment,55,1300.05,"$425,583.77",Sold,C0662,425583.77
90003,9,2025-01-03,Apartment,1,832.35,"$230,038.43",Available,,230038.43
90009,9,2025-01-03,Apartment,1,832.35,"$219,973.09",Available,,219973.09
90046,9,2025-01-03,Apartment,8,1315.55,"$388,878.86",Sold,C1713,388878.86
90092,9,2025-01-03,Office,15,1732.33,"$586,679.08",Sold,C0913,586679.08
90126,9,2025-01-03,Apartment,19,1866.15,"$547,017.84",Available,,547017.84
90162,9,2025-01-03,Apartment,25,1904.38,"$562,194.46",Available,,562194.46
90210,9,2025-01-03,Office,30,1250.17,"$479,088.84",Sold,C1533,479088.84
90225,9,2025-01-03,Apartment,33,973.52,"$292,852.50",Sold,C1340,292852.5
90233,9,2025-01-03,Apartment,33,973.52,"$318,942.96",Available,,318942.96
90255,9,2025-01-03,Apartment,34,1577.36,"$449,790.86",Available,,449790.86
90292,9,2025-01-03,Apartment,36,1582.79,"$448,348.86",Sold,C1325,448348.86
90334,9,2025-01-03,Apartment,40,1090.32,"$310,903.56",Sold,C1820,310903.56
90356,9,2025-01-03,Apartment,41,1488.32,"$454,222.45",Available,,454222.45
90363,9,2025-01-03,Apartment,43,1908.91,"$558,618.92",Sold,C0512,558618.92
90370,9,2025-01-03,Apartment,44,1351.57,"$458,342.78",Sold,C0065,458342.78
90465,9,2025-01-03,Apartment,57,1198.57,"$382,528.88",Sold,C0776,382528.88
90471,9,2025-01-03,Office,57,1198.57,"$360,318.53",Sold,C1246,360318.53
90472,9,2025-01-03,Apartment,57,1198.57,"$348,984.03",Sold,C0353,348984.03
90480,9,2025-01-03,Apartment,58,838.34,"$247,507.53",Sold,C1367,247507.53
90485,9,2025-01-03,Apartment,58,838.34,"$262,587.26",Available,,262587.26
90509,9,2025-01-03,Office,58,838.34,"$263,088.10",Sold,C1300,263088.1
90525,9,2025-01-03,Apartment,59,1697.13,"$478,022.04",Sold,C1972,478022.04
100054,10,2025-01-03,Office,5,1741.96,"$459,558.39",Sold,C0068,459558.39
100066,10,2025-01-03,Apartment,9,1849.4,"$527,522.52",Available,,527522.52
100074,10,2025-01-03,Apartment,9,1849.4,"$527,107.10",Sold,C0073,527107.1
100099,10,2025-01-03,Apartment,12,852.74,"$265,492.59",Sold,C0551,265492.59
100111,10,2025-01-03,Apartment,15,1948.32,"$524,175.54",Sold,C0410,524175.54
100144,10,2025-01-03,Apartment,18,1244.03,"$347,987.67",Sold,C1560,347987.67
100207,10,2025-01-03,Apartment,26,1294.85,"$413,491.65",Available,,413491.65
100209,10,2025-01-03,Office,26,1294.85,"$518,409.30",Sold,C1581,518409.3
100218,10,2025-01-03,Apartment,27,777.35,"$232,234.81",Sold,C1501,232234.81
100269,10,2025-01-03,Apartment,31,1499.0,"$463,667.58",Sold,C0641,463667.58
100282,10,2025-01-03,Apartment,33,1010.7,"$300,235.90",Sold,C0894,300235.9
100293,10,2025-01-03,Apartment,34,1435.44,"$387,981.26",Sold,C1322,387981.26
100308,10,2025-01-03,Apartment,36,1920.65,"$531,282.16",Sold,C0184,531282.16
100335,10,2025-01-03,Office,39,1188.51,"$359,387.46",Available,,359387.46
100345,10,2025-01-03,Apartment,42,1757.51,"$618,238.68",Sold,C1443,618238.68
100347,10,2025-01-03,Apartment,42,1757.51,"$509,155.44",Sold,C1165,509155.44
100401,10,2025-01-03,Apartment,46,1525.34,"$375,800.81",Sold,C1614,375800.81
100413,10,2025-01-03,Apartment,50,1138.32,"$373,299.40",Sold,C1055,373299.4
110010,11,2025-01-03,Apartment,1,1902.88,"$555,202.09",Sold,C0821,555202.09
110011,11,2025-01-03,Apartment,2,938.0,"$235,785.16",Available,,235785.16
110034,11,2025-01-03,Apartment,4,1414.25,"$488,382.72",Sold,C0947,488382.72
110052,11,2025-01-03,Apartment,6,1724.08,"$609,943.05",Sold,C1373,609943.05
110090,11,2025-01-03,Apartment,10,1519.64,"$489,897.85",Available,,489897.85
110126,11,2025-01-03,Apartment,14,524.68,"$140,749.68",Sold,C0770,140749.68
110138,11,2025-01-03,Apartment,14,524.68,"$158,061.44",Sold,C0996,158061.44
110168,11,2025-01-03,Apartment,18,1562.55,"$467,446.40",Sold,C0713,467446.4
110177,11,2025-01-03,Apartment,19,1083.98,"$289,695.75",Sold,C0184,289695.75
110185,11,2025-01-03,Apartment,20,570.62,"$206,179.46",Sold,C1187,206179.46
110212,11,2025-01-03,Apartment,25,1802.24,"$534,988.59",Available,,534988.59
110225,11,2025-01-03,Apartment,27,1638.1,"$497,575.53",Sold,C0820,497575.53
110289,11,2025-01-03,Apartment,35,540.82,"$156,638.87",Sold,C0983,156638.87
110333,11,2025-01-03,Apartment,40,638.97,"$211,286.34",Available,,211286.34
110344,11,2025-01-03,Apartment,42,808.59,"$226,783.93",Sold,C0545,226783.93
110387,11,2025-01-03,Apartment,45,1651.09,"$528,153.88",Available,,528153.88
110443,11,2025-01-03,Apartment,52,1397.58,"$450,319.99",Available,,450319.99
110466,11,2025-01-03,Apartment,55,1713.32,"$450,951.38",Available,,450951.38
110491,11,2025-01-03,Apartment,58,1159.31,"$376,729.35",Available,,376729.35
110530,11,2025-01-03,Apartment,62,1938.82,"$574,413.17",Available,,574413.17
120013,12,2025-01-03,Office,2,1285.87,"$384,219.60",Sold,C0079,384219.6
120036,12,2025-01-03,Office,4,1559.34,"$442,139.42",Sold,C0305,442139.42
120037,12,2025-01-03,Office,4,1559.34,"$441,228.83",Sold,C0836,441228.83
120039,12,2025-01-03,Apartment,4,1559.34,"$392,122.42",Sold,C1433,392122.42
120045,12,2025-01-03,Apartment,4,1559.34,"$508,239.14",Sold,C1317,508239.14
120137,12,2025-01-03,Apartment,16,1523.02,"$508,184.49",Available,,508184.49
120142,12,2025-01-03,Apartment,16,1523.02,"$461,655.95",Sold,C0018,461655.95
120166,12,2025-01-03,Apartment,18,1702.66,"$447,987.25",Sold,C1280,447987.25
120170,12,2025-01-03,Apartment,19,1381.22,"$365,814.85",Sold,C0685,365814.85
120171,12,2025-01-03,Apartment,19,1381.22,"$393,216.26",Available,,393216.26
120211,12,2025-01-03,Apartment,23,1094.46,"$341,221.59",Sold,C1574,341221.59
120281,12,2025-01-03,Apartment,30,622.2,"$156,634.64",Available,,156634.64
120335,12,2025-01-03,Apartment,36,813.16,"$227,280.56",Available,,227280.56
120378,12,2025-01-03,Apartment,41,938.23,"$279,698.29",Sold,C1052,279698.29
130018,13,2025-01-03,Apartment,1,1899.92,"$652,896.45",Available,,652896.45
130095,13,2025-01-03,Apartment,11,1678.3,"$455,545.83",Available,,455545.83
130111,13,2025-01-03,Apartment,14,777.75,"$241,168.73",Available,,241168.73
130246,13,2025-01-03,Apartment,28,1173.72,"$296,226.57",Available,,296226.57
130248,13,2025-01-03,Apartment,29,568.7,"$164,991.39",Sold,C1541,164991.39
130272,13,2025-01-03,Apartment,32,1114.07,"$337,590.23",Available,,337590.23
130279,13,2025-01-03,Apartment,32,1114.07,"$357,213.90",Sold,C0015,357213.9
130370,13,2025-01-03,Apartment,41,1168.7,"$356,090.10",Sold,C1451,356090.1
130376,13,2025-01-03,Apartment,42,1044.42,"$262,496.75",Available,,262496.75
130394,13,2025-01-03,Apartment,43,1875.83,"$530,003.66",Available,,530003.66
130430,13,2025-01-03,Apartment,47,1874.35,"$614,304.54",Sold,C1437,614304.54
130446,13,2025-01-03,Apartment,49,572.01,"$180,013.62",Sold,C1491,180013.62
130450,13,2025-01-03,Apartment,50,1469.09,"$480,172.84",Sold,C0830,480172.84
130480,13,2025-01-03,Apartment,55,710.41,"$189,589.64",Sold,C0974,189589.64
130516,13,2025-01-03,Apartment,60,1401.81,"$341,221.35",Available,,341221.35
130585,13,2025-01-03,Apartment,67,524.97,"$179,942.16",Sold,C1124,179942.16
130592,13,2025-01-03,Apartment,68,1590.69,"$492,001.45",Sold,C0851,492001.45
130599,13,2025-01-03,Apartment,70,750.41,"$252,362.11",Available,,252362.11
140035,14,2025-01-03,Apartment,6,1733.36,"$458,349.81",Sold,C0631,458349.81
140077,14,2025-01-03,Apartment,10,686.98,"$198,869.37",Sold,C0189,198869.37
140086,14,2025-01-03,Apartment,11,1431.42,"$358,234.23",Sold,C0179,358234.23
140113,14,2025-01-03,Apartment,12,459.44,"$132,687.06",Available,,132687.06
140141,14,2025-01-03,Apartment,15,784.04,"$205,905.46",Available,,205905.46
140157,14,2025-01-03,Apartment,16,915.37,"$295,485.71",Sold,C0046,295485.71
140201,14,2025-01-03,Apartment,22,1148.66,"$382,113.57",Sold,C1149,382113.57
140224,14,2025-01-03,Apartment,24,1205.25,"$337,423.76",Sold,C1673,337423.76
140237,14,2025-01-03,Office,27,1866.49,"$608,264.77",Sold,C1977,608264.77
140280,14,2025-01-03,Apartment,33,1894.96,"$538,973.07",Sold,C0221,538973.07
140377,14,2025-01-03,Apartment,46,1258.99,"$404,402.26",Sold,C1445,404402.26
140437,14,2025-01-03,Apartment,51,1346.3,"$413,330.24",Sold,C0517,413330.24
140455,14,2025-01-03,Apartment,53,1493.72,"$507,394.76",Sold,C1129,507394.76
150031,15,2025-01-03,Apartment,4,1110.88,"$340,794.83",Sold,C0303,340794.83
150062,15,2025-01-03,Apartment,9,565.48,"$183,064.12",Sold,C1210,183064.12
150086,15,2025-01-03,Apartment,14,1832.17,"$444,156.91",Available,,444156.91
150151,15,2025-01-03,Apartment,19,1550.36,"$467,492.04",Sold,C1128,467492.04
150162,15,2025-01-03,Apartment,21,1271.25,"$393,044.79",Available,,393044.79
150163,15,2025-01-03,Apartment,21,1271.25,"$408,366.16",Available,,408366.16
150172,15,2025-01-03,Apartment,22,1317.29,"$398,333.55",Available,,398333.55
150182,15,2025-01-03,Apartment,23,1279.23,"$380,799.02",Available,,380799.02
150240,15,2025-01-03,Office,28,1567.93,"$416,427.59",Available,,416427.59
150241,15,2025-01-03,Apartment,28,1567.93,"$470,015.42",Available,,470015.42
150349,15,2025-01-03,Apartment,41,1586.79,"$391,450.82",Available,,391450.82
150383,15,2025-01-03,Apartment,48,1403.33,"$436,176.31",Sold,C0224,436176.31
150407,15,2025-01-03,Apartment,51,1689.08,"$485,561.11",Sold,C0060,485561.11
150426,15,2025-01-03,Apartment,53,696.04,"$233,058.54",Sold,C0910,233058.54
150443,15,2025-01-03,Office,55,892.75,"$298,596.43",Sold,C0202,298596.43
150472,15,2025-01-03,Apartment,57,429.34,"$145,693.65",Sold,C0046,145693.65
150477,15,2025-01-03,Apartment,57,429.34,"$125,457.43",Available,,125457.43
150486,15,2025-01-03,Apartment,58,1750.89,"$603,910.96",Sold,C1204,603910.96
160081,16,2025-01-03,Apartment,9,1524.04,"$506,404.29",Available,,506404.29
160082,16,2025-01-03,Office,9,1524.04,"$482,645.67",Available,,482645.67
160096,16,2025-01-03,Office,10,1608.56,"$546,573.79",Sold,C0552,546573.79
160190,16,2025-01-03,Apartment,23,594.14,"$182,540.03",Available,,182540.03
160228,16,2025-01-03,Apartment,28,1440.71,"$440,954.34",Available,,440954.34
160250,16,2025-01-03,Apartment,29,489.49,"$152,218.98",Available,,152218.98
160275,16,2025-01-03,Apartment,33,881.17,"$246,824.34",Sold,C0012,246824.34
160304,16,2025-01-03,Office,35,629.97,"$190,181.08",Sold,C1007,190181.08
170016,17,2025-01-03,Apartment,1,530.28,"$158,604.20",Sold,C0595,158604.2
170093,17,2025-01-03,Apartment,11,596.22,"$175,259.38",Sold,C1617,175259.38
170095,17,2025-01-03,Apartment,11,596.22,"$176,104.69",Available,,176104.69
170112,17,2025-01-03,Apartment,13,916.9,"$253,453.37",Sold,C1990,253453.37
170145,17,2025-01-03,Office,16,1693.0,"$523,881.71",Sold,C1276,523881.71
170152,17,2025-01-03,Office,16,1693.0,"$598,240.70",Sold,C1244,598240.7
170175,17,2025-01-03,Apartment,19,1712.06,"$480,709.27",Sold,C0295,480709.27
170183,17,2025-01-03,Office,20,792.27,"$289,102.68",Sold,C0117,289102.68
170197,17,2025-01-03,Apartment,22,1221.66,"$347,335.46",Sold,C0226,347335.46
170300,17,2025-01-03,Apartment,37,644.06,"$207,576.51",Sold,C0373,207576.51
170376,17,2025-01-03,Apartment,46,1582.61,"$490,828.61",Sold,C1352,490828.61
180089,18,2025-01-03,Apartment,12,1692.5,"$451,978.85",Sold,C1664,451978.85
180180,18,2025-01-03,Apartment,23,1659.02,"$498,617.70",Sold,C1645,498617.7
180221,18,2025-01-03,Office,28,514.67,"$169,373.25",Available,,169373.25
180339,18,2025-01-03,Apartment,38,1219.8,"$388,297.11",Available,,388297.11
180356,18,2025-01-03,Apartment,40,990.46,"$299,605.04",Sold,C0661,299605.04
180389,18,2025-01-03,Apartment,44,1334.77,"$399,778.78",Sold,C1004,399778.78
180412,18,2025-01-03,Office,46,1410.38,"$398,235.67",Sold,C0027,398235.67
180582,18,2025-01-03,Apartment,67,1664.17,"$527,806.89",Sold,C0554,527806.89
190017,19,2025-01-03,Apartment,4,1225.38,"$348,262.50",Available,,348262.5
190021,19,2025-01-03,Apartment,4,1225.38,"$305,943.58",Sold,C1571,305943.58
190055,19,2025-01-03,Office,8,974.77,"$260,831.80",Sold,C0429,260831.8
190059,19,2025-01-03,Apartment,9,695.8,"$216,366.01",Sold,C0538,216366.01
190068,19,2025-01-03,Apartment,10,747.71,"$196,219.32",Sold,C1739,196219.32
190161,19,2025-01-03,Apartment,20,1772.03,"$498,959.88",Sold,C0803,498959.88
190253,19,2025-01-03,Apartment,29,1657.84,"$414,744.38",Available,,414744.38
190255,19,2025-01-03,Office,29,1657.84,"$522,401.95",Available,,522401.95
190358,19,2025-01-03,Apartment,42,1137.59,"$334,977.57",Sold,C0775,334977.57
190367,19,2025-01-03,Apartment,42,1137.59,"$331,618.34",Available,,331618.34
190407,19,2025-01-03,Apartment,46,1926.19,"$631,227.87",Sold,C0189,631227.87
190412,19,2025-01-03,Office,46,1926.19,"$595,842.66",Sold,C0537,595842.66
200004,20,2025-01-03,Apartment,1,1898.39,"$558,878.17",Sold,C0709,558878.17
200030,20,2025-01-03,Apartment,3,1645.93,"$387,777.74",Sold,C1209,387777.74
200038,20,2025-01-03,Apartment,3,1645.93,"$567,155.53",Available,,567155.53
200065,20,2025-01-03,Apartment,8,1268.45,"$342,407.94",Sold,C1773,342407.94
200085,20,2025-01-03,Office,12,856.15,"$257,796.80",Sold,C0720,257796.8
200099,20,2025-01-03,Apartment,13,1587.57,"$424,941.45",Available,,424941.45
200102,20,2025-01-03,Apartment,14,837.37,"$236,063.06",Available,,236063.06
200120,20,2025-01-03,Apartment,16,645.44,"$208,186.37",Sold,C1880,208186.37
200134,20,2025-01-03,Apartment,16,645.44,"$207,492.13",Sold,C0436,207492.13
200136,20,2025-01-03,Apartment,17,1089.33,"$329,276.52",Available,,329276.52
200188,20,2025-01-03,Apartment,20,1110.23,"$325,628.04",Sold,C0369,325628.04
200207,20,2025-01-03,Apartment,25,780.74,"$229,143.41",Sold,C0874,229143.41
200243,20,2025-01-03,Apartment,30,1703.94,"$565,105.27",Available,,565105.27
200316,20,2025-01-03,Office,34,858.93,"$250,793.60",Sold,C0563,250793.6
200359,20,2025-01-03,Apartment,39,1106.36,"$315,013.84",Available,,315013.84
200370,20,2025-01-03,Apartment,40,428.03,"$121,120.05",Available,,121120.05
200374,20,2025-01-03,Office,40,428.03,"$157,369.37",Sold,C1533,157369.37
200388,20,2025-01-03,Apartment,42,811.56,"$264,162.30",Available,,264162.3
200399,20,2025-01-03,Apartment,45,1532.67,"$509,429.47",Sold,C1750,509429.47
1034,1,2025-01-04,Apartment,34,625.8,"$204,434.68",Sold,C0005,204434.68
1036,1,2025-01-04,Apartment,36,1160.36,"$317,473.86",Sold,C0151,317473.86
1041,1,2025-01-04,Apartment,41,1434.09,"$480,545.81",Sold,C0150,480545.81
2024,2,2025-01-04,Apartment,24,1604.75,"$456,919.46",Sold,C0143,456919.46
2057,2,2025-01-04,Apartment,57,1396.86,"$382,277.15",Sold,C0144,382277.15
3027,3,2025-01-04,Apartment,27,781.07,"$245,572.79",Sold,C0136,245572.79
3030,3,2025-01-04,Apartment,30,720.81,"$215,774.28",Sold,C0076,215774.28
5014,5,2025-01-04,Apartment,14,1273.55,"$372,016.56",Available,,372016.56
5039,5,2025-01-04,Apartment,39,798.28,"$195,874.94",Sold,C0006,195874.94
5052,5,2025-01-04,Apartment,52,1769.48,"$532,877.38",Available,,532877.38
10016,1,2025-01-04,Apartment,3,788.73,"$258,432.34",Sold,C0870,258432.34
10046,1,2025-01-04,Apartment,5,753.87,"$227,495.05",Sold,C0401,227495.05
10085,1,2025-01-04,Apartment,11,1429.46,"$345,603.17",Sold,C0994,345603.17
10116,1,2025-01-04,Apartment,14,1181.69,"$400,855.51",Sold,C1988,400855.51
10156,1,2025-01-04,Apartment,20,1146.24,"$314,853.73",Available,,314853.73
10175,1,2025-01-04,Apartment,22,740.83,"$221,183.29",Available,,221183.29
10178,1,2025-01-04,Apartment,22,740.83,"$223,568.77",Sold,C0344,223568.77
10251,1,2025-01-04,Apartment,29,757.2,"$189,273.09",Available,,189273.09
10256,1,2025-01-04,Apartment,29,757.2,"$203,308.36",Available,,203308.36
10332,1,2025-01-04,Apartment,35,1168.59,"$365,818.56",Sold,C1247,365818.56
10347,1,2025-01-04,Office,37,758.3,"$189,015.42",Sold,C1700,189015.42
10369,1,2025-01-04,Apartment,41,835.25,"$251,376.49",Sold,C0493,251376.49
10406,1,2025-01-04,Office,47,771.08,"$238,409.16",Sold,C1953,238409.16
20131,2,2025-01-04,Apartment,15,1603.33,"$541,634.06",Sold,C0321,541634.06
20169,2,2025-01-04,Apartment,20,727.55,"$249,065.14",Sold,C0045,249065.14
20202,2,2025-01-04,Apartment,23,1416.33,"$411,480.90",Sold,C1482,411480.9
20227,2,2025-01-04,Apartment,25,943.48,"$299,860.84",Sold,C1032,299860.84
20308,2,2025-01-04,Apartment,36,641.72,"$188,705.75",Sold,C0163,188705.75
20370,2,2025-01-04,Apartment,44,580.26,"$148,713.22",Available,,148713.22
20413,2,2025-01-04,Apartment,47,708.32,"$212,683.17",Sold,C0492,212683.17
20455,2,2025-01-04,Apartment,53,781.27,"$238,017.83",Available,,238017.83
20465,2,2025-01-04,Apartment,55,579.26,"$189,638.47",Available,,189638.47
20473,2,2025-01-04,Apartment,55,579.26,"$182,930.76",Available,,182930.76
30037,3,2025-01-04,Office,4,719.96,"$220,289.68",Available,,220289.68
30053,3,2025-01-04,Apartment,5,701.19,"$248,159.95",Sold,C1566,248159.95
30100,3,2025-01-04,Apartment,9,1125.84,"$294,905.73",Available,,294905.73
30150,3,2025-01-04,Apartment,16,1587.26,"$446,778.13",Sold,C0272,446778.13
30169,3,2025-01-04,Apartment,19,1602.22,"$477,744.58",Sold,C0981,477744.58
30221,3,2025-01-04,Apartment,25,765.56,"$232,747.53",Available,,232747.53
30300,3,2025-01-04,Apartment,36,733.45,"$224,405.33",Sold,C1400,224405.33
30310,3,2025-01-04,Apartment,38,1173.4,"$377,838.86",Sold,C1768,377838.86
30315,3,2025-01-04,Apartment,39,1598.95,"$494,864.22",Sold,C1129,494864.22
30355,3,2025-01-04,Apartment,44,673.86,"$200,567.03",Available,,200567.03
30370,3,2025-01-04,Office,46,1599.81,"$484,626.56",Sold,C1681,484626.56
30423,3,2025-01-04,Apartment,49,1174.48,"$344,231.92",Sold,C0598,344231.92
30450,3,2025-01-04,Apartment,52,1361.9,"$418,410.07",Available,,418410.07
30455,3,2025-01-04,Office,54,787.64,"$251,578.52",Sold,C0097,251578.52
30464,3,2025-01-04,Apartment,56,1179.42,"$369,992.93",Sold,C1628,369992.93
40026,4,2025-01-04,Apartment,3,1630.82,"$483,098.81",Sold,C1256,483098.81
40040,4,2025-01-04,Apartment,4,783.03,"$234,324.70",Sold,C1846,234324.7
40048,4,2025-01-04,Apartment,5,786.98,"$240,730.31",Available,,240730.31
40049,4,2025-01-04,Apartment,5,786.98,"$258,340.90",Sold,C1667,258340.9
40064,4,2025-01-04,Apartment,6,1602.95,"$476,692.43",Available,,476692.43
40089,4,2025-01-04,Apartment,12,789.38,"$212,764.22",Sold,C1065,212764.22
40099,4,2025-01-04,Apartment,13,809.06,"$293,294.07",Sold,C0744,293294.07
40117,4,2025-01-04,Apartment,14,1322.66,"$398,376.72",Sold,C0257,398376.72
40128,4,2025-01-04,Apartment,15,760.39,"$262,156.81",Sold,C0995,262156.81
40141,4,2025-01-04,Apartment,17,780.68,"$216,907.86",Sold,C0024,216907.86
40156,4,2025-01-04,Office,18,1294.91,"$366,379.21",Available,,366379.21
40203,4,2025-01-04,Apartment,25,1310.16,"$384,261.45",Available,,384261.45
40205,4,2025-01-04,Apartment,26,790.05,"$213,545.23",Sold,C0882,213545.23
40234,4,2025-01-04,Apartment,28,1070.72,"$349,761.45",Sold,C1108,349761.45
40240,4,2025-01-04,Apartment,29,776.79,"$206,436.34",Sold,C0234,206436.34
40251,4,2025-01-04,Apartment,30,1307.35,"$390,539.15",Sold,C0868,390539.15
40271,4,2025-01-04,Apartment,31,793.1,"$263,291.82",Sold,C0096,263291.82
40275,4,2025-01-04,Apartment,32,1328.09,"$361,228.37",Sold,C1672,361228.37
40299,4,2025-01-04,Apartment,35,777.82,"$222,493.85",Sold,C1685,222493.85
40346,4,2025-01-04,Apartment,41,779.87,"$238,498.46",Available,,238498.46
40359,4,2025-01-04,Apartment,43,1616.99,"$453,748.83",Sold,C0794,453748.83
50036,5,2025-01-04,Apartment,8,782.15,"$250,548.46",Sold,C1115,250548.46
50059,5,2025-01-04,Apartment,9,793.56,"$264,566.37",Available,,264566.37
50074,5,2025-01-04,Apartment,10,629.27,"$225,125.36",Sold,C0965,225125.36
50082,5,2025-01-04,Office,11,1058.56,"$319,262.64",Sold,C1514,319262.64
50096,5,2025-01-04,Apartment,11,1058.56,"$353,207.20",Sold,C1946,353207.2
50107,5,2025-01-04,Apartment,13,791.13,"$210,611.20",Sold,C0735,210611.2
50141,5,2025-01-04,Apartment,18,1267.03,"$423,535.41",Sold,C0266,423535.41
50195,5,2025-01-04,Apartment,24,807.02,"$177,544.40",Available,,177544.4
50205,5,2025-01-04,Apartment,27,1278.6,"$393,641.91",Sold,C1915,393641.91
50233,5,2025-01-04,Apartment,31,1008.52,"$317,877.17",Sold,C1006,317877.17
50289,5,2025-01-04,Apartment,38,1283.87,"$362,406.24",Available,,362406.24
50368,5,2025-01-04,Apartment,45,608.89,"$218,883.32",Available,,218883.32
50438,5,2025-01-04,Apartment,51,1029.59,"$300,788.15",Sold,C1153,300788.15
60005,6,2025-01-04,Apartment,1,1720.95,"$492,551.34",Sold,C1092,492551.34
60045,6,2025-01-04,Apartment,4,1925.28,"$549,773.40",Sold,C1023,549773.4
60046,6,2025-01-04,Apartment,4,1925.28,"$538,254.22",Available,,538254.22
60078,6,2025-01-04,Apartment,7,1075.42,"$341,503.87",Sold,C1777,341503.87
60096,6,2025-01-04,Apartment,7,1075.42,"$330,158.13",Sold,C1586,330158.13
60122,6,2025-01-04,Apartment,10,942.08,"$250,769.15",Sold,C1090,250769.15
60228,6,2025-01-04,Apartment,21,833.23,"$261,951.73",Sold,C1338,261951.73
60239,6,2025-01-04,Apartment,23,1243.4,"$359,341.40",Sold,C1994,359341.4
60240,6,2025-01-04,Office,23,1243.4,"$492,557.23",Sold,C1993,492557.23
60252,6,2025-01-04,Apartment,25,1086.43,"$271,652.39",Sold,C1198,271652.39
60274,6,2025-01-04,Apartment,29,1691.02,"$502,693.56",Sold,C0833,502693.56
60341,6,2025-01-04,Apartment,38,698.21,"$175,143.52",Sold,C0018,175143.52
60350,6,2025-01-04,Apartment,39,744.54,"$203,285.70",Sold,C0337,203285.7
60374,6,2025-01-04,Apartment,43,1492.81,"$477,598.19",Sold,C1469,477598.19
60409,6,2025-01-04,Apartment,49,1167.52,"$394,871.49",Sold,C0763,394871.49
60442,6,2025-01-04,Apartment,53,1170.96,"$374,820.34",Available,,374820.34
60468,6,2025-01-04,Apartment,55,562.37,"$161,026.68",Available,,161026.68
70026,7,2025-01-04,Apartment,5,1144.09,"$358,801.76",Sold,C0050,358801.76
70075,7,2025-01-04,Apartment,11,834.5,"$217,019.16",Available,,217019.16
70076,7,2025-01-04,Office,11,834.5,"$232,221.73",Sold,C0351,232221.73
70137,7,2025-01-04,Office,16,1239.87,"$413,475.24",Sold,C0154,413475.24
70142,7,2025-01-04,Apartment,17,1586.15,"$451,507.70",Sold,C0172,451507.7
70154,7,2025-01-04,Apartment,19,751.07,"$247,162.69",Available,,247162.69
70155,7,2025-01-04,Apartment,19,751.07,"$207,641.48",Sold,C1956,207641.48
70186,7,2025-01-04,Apartment,21,1528.62,"$441,373.04",Sold,C1813,441373.04
70252,7,2025-01-04,Apartment,28,694.55,"$209,114.19",Sold,C1893,209114.19
70293,7,2025-01-04,Apartment,35,613.21,"$187,384.47",Sold,C0034,187384.47
70309,7,2025-01-04,Apartment,37,1171.04,"$361,700.25",Sold,C0413,361700.25
70368,7,2025-01-04,Apartment,43,498.61,"$137,339.47",Sold,C1199,137339.47
70381,7,2025-01-04,Apartment,43,498.61,"$149,860.49",Sold,C1100,149860.49
70400,7,2025-01-04,Apartment,46,1677.84,"$473,146.44",Sold,C0280,473146.44
70454,7,2025-01-04,Apartment,54,1940.69,"$626,989.80",Sold,C0343,626989.8
70494,7,2025-01-04,Apartment,58,1629.83,"$499,350.81",Sold,C0960,499350.81
70507,7,2025-01-04,Apartment,58,1629.83,"$512,486.22",Available,,512486.22
70510,7,2025-01-04,Apartment,58,1629.83,"$437,806.03",Sold,C1929,437806.03
70520,7,2025-01-04,Apartment,60,1219.54,"$364,036.93",Available,,364036.93
80005,8,2025-01-04,Apartment,1,1109.29,"$359,079.71",Sold,C0951,359079.71
80068,8,2025-01-04,Apartment,7,1352.74,"$455,070.84",Sold,C1254,455070.84
80145,8,2025-01-04,Apartment,17,1109.27,"$363,016.75",Available,,363016.75
80153,8,2025-01-04,Apartment,20,774.16,"$249,418.11",Sold,C1676,249418.11
80172,8,2025-01-04,Apartment,22,1495.57,"$426,507.47",Available,,426507.47
80175,8,2025-01-04,Apartment,23,1114.67,"$389,259.62",Available,,389259.62
80207,8,2025-01-04,Apartment,28,1431.61,"$341,892.98",Sold,C1050,341892.98
80211,8,2025-01-04,Office,28,1431.61,"$550,825.37",Available,,550825.37
80214,8,2025-01-04,Apartment,29,1848.51,"$544,032.25",Sold,C0891,544032.25
80268,8,2025-01-04,Apartment,32,1410.88,"$452,041.67",Sold,C0284,452041.67
80289,8,2025-01-04,Apartment,33,1809.87,"$494,313.18",Sold,C1864,494313.18
80293,8,2025-01-04,Apartment,34,1684.75,"$518,174.75",Sold,C0025,518174.75
80295,8,2025-01-04,Apartment,34,1684.75,"$478,604.33",Sold,C1920,478604.33
80335,8,2025-01-04,Office,37,890.65,"$268,851.49",Sold,C1130,268851.49
80392,8,2025-01-04,Apartment,46,1175.51,"$316,632.64",Available,,316632.64
80411,8,2025-01-04,Office,47,543.08,"$141,410.93",Available,,141410.93
80414,8,2025-01-04,Apartment,47,543.08,"$170,974.32",Available,,170974.32
80430,8,2025-01-04,Apartment,50,913.15,"$308,556.94",Sold,C0890,308556.94
80485,8,2025-01-04,Apartment,56,1874.7,"$635,580.39",Sold,C1200,635580.39
90099,9,2025-01-04,Apartment,16,924.6,"$268,708.07",Sold,C0092,268708.07
90139,9,2025-01-04,Apartment,21,1261.65,"$380,843.87",Sold,C1802,380843.87
90149,9,2025-01-04,Apartment,23,901.21,"$273,914.04",Available,,273914.04
90165,9,2025-01-04,Apartment,26,1038.39,"$250,841.37",Sold,C0197,250841.37
90329,9,2025-01-04,Apartment,39,1839.34,"$552,125.64",Sold,C0370,552125.64
90390,9,2025-01-04,Apartment,46,662.32,"$224,375.63",Sold,C1312,224375.63
90395,9,2025-01-04,Apartment,47,1262.78,"$385,179.19",Sold,C0808,385179.19
90405,9,2025-01-04,Apartment,51,1816.78,"$525,344.23",Sold,C0310,525344.23
90424,9,2025-01-04,Apartment,53,599.72,"$180,754.72",Available,,180754.72
90456,9,2025-01-04,Apartment,56,1516.4,"$528,928.11",Available,,528928.11
90506,9,2025-01-04,Apartment,58,838.34,"$255,802.61",Sold,C0461,255802.61
90518,9,2025-01-04,Office,59,1697.13,"$587,797.99",Sold,C1679,587797.99
100012,10,2025-01-04,Apartment,3,1197.61,"$405,117.95",Available,,405117.95
100046,10,2025-01-04,Apartment,5,1741.96,"$525,251.32",Sold,C0170,525251.32
100069,10,2025-01-04,Apartment,9,1849.4,"$557,229.76",Sold,C1079,557229.76
100075,10,2025-01-04,Apartment,9,1849.4,"$535,865.96",Sold,C0113,535865.96
100088,10,2025-01-04,Apartment,11,1675.44,"$564,226.60",Sold,C0733,564226.6
100096,10,2025-01-04,Apartment,11,1675.44,"$520,562.02",Sold,C0801,520562.02
100153,10,2025-01-04,Apartment,19,948.04,"$301,000.32",Sold,C1304,301000.32
100185,10,2025-01-04,Apartment,25,1487.17,"$460,665.54",Sold,C1088,460665.54
100201,10,2025-01-04,Apartment,26,1294.85,"$378,742.91",Available,,378742.91
100211,10,2025-01-04,Apartment,27,777.35,"$207,013.27",Sold,C0592,207013.27
100212,10,2025-01-04,Apartment,27,777.35,"$248,150.99",Available,,248150.99
100266,10,2025-01-04,Apartment,31,1499.0,"$493,844.01",Sold,C1291,493844.01
100279,10,2025-01-04,Apartment,33,1010.7,"$354,490.38",Sold,C1450,354490.38
100296,10,2025-01-04,Apartment,34,1435.44,"$471,813.07",Sold,C0978,471813.07
100300,10,2025-01-04,Apartment,35,1675.74,"$476,510.16",Sold,C0819,476510.16
100380,10,2025-01-04,Apartment,44,1224.71,"$406,156.68",Available,,406156.68
100387,10,2025-01-04,Apartment,44,1224.71,"$378,567.66",Sold,C0946,378567.66
100397,10,2025-01-04,Apartment,46,1525.34,"$464,919.18",Sold,C0535,464919.18
100408,10,2025-01-04,Apartment,48,1421.82,"$398,340.41",Sold,C1348,398340.41
110059,11,2025-01-04,Office,7,1734.79,"$615,305.89",Sold,C0188,615305.89
110103,11,2025-01-04,Apartment,11,1581.88,"$457,152.28",Sold,C0646,457152.28
110108,11,2025-01-04,Apartment,13,474.93,"$143,450.98",Available,,143450.98
110132,11,2025-01-04,Apartment,14,524.68,"$174,422.08",Sold,C1357,174422.08
110154,11,2025-01-04,Apartment,16,1829.02,"$476,184.87",Available,,476184.87
110201,11,2025-01-04,Apartment,23,1098.83,"$365,015.60",Sold,C0185,365015.6
110204,11,2025-01-04,Apartment,24,1481.82,"$491,381.22",Sold,C0595,491381.22
110218,11,2025-01-04,Office,26,490.37,"$166,438.51",Sold,C1440,166438.51
110244,11,2025-01-04,Apartment,29,993.51,"$279,311.68",Sold,C1018,279311.68
110254,11,2025-01-04,Apartment,30,642.72,"$202,392.01",Sold,C1999,202392.01
110291,11,2025-01-04,Apartment,35,540.82,"$159,899.33",Sold,C1272,159899.33
110385,11,2025-01-04,Apartment,45,1651.09,"$490,981.35",Sold,C1661,490981.35
120029,12,2025-01-04,Apartment,3,1469.27,"$405,947.93",Sold,C0879,405947.93
120060,12,2025-01-04,Apartment,7,1179.99,"$309,402.26",Sold,C0022,309402.26
120107,12,2025-01-04,Apartment,13,1394.03,"$393,863.57",Sold,C1729,393863.57
120153,12,2025-01-04,Apartment,17,1428.55,"$426,047.28",Available,,426047.28
120259,12,2025-01-04,Office,27,871.52,"$280,596.77",Sold,C0870,280596.77
120278,12,2025-01-04,Apartment,30,622.2,"$161,146.12",Sold,C1305,161146.12
120289,12,2025-01-04,Apartment,33,1232.2,"$359,785.64",Sold,C0186,359785.64
120301,12,2025-01-04,Apartment,34,1817.64,"$523,732.73",Sold,C1837,523732.73
120319,12,2025-01-04,Apartment,35,1690.62,"$512,688.27",Sold,C0013,512688.27
120366,12,2025-01-04,Apartment,38,1157.23,"$357,999.55",Available,,357999.55
120374,12,2025-01-04,Apartment,39,1653.93,"$483,612.33",Sold,C1827,483612.33
120398,12,2025-01-04,Apartment,47,1528.05,"$403,107.84",Sold,C0172,403107.84
120415,12,2025-01-04,Apartment,48,1919.31,"$612,698.53",Sold,C1479,612698.53
130029,13,2025-01-04,Apartment,2,1651.02,"$535,653.54",Available,,535653.54
130051,13,2025-01-04,Apartment,4,1629.74,"$520,697.90",Available,,520697.9
130088,13,2025-01-04,Apartment,11,1678.3,"$549,102.55",Sold,C1815,549102.55
130089,13,2025-01-04,Office,11,1678.3,"$468,875.36",Sold,C1363,468875.36
130126,13,2025-01-04,Apartment,15,458.29,"$142,219.93",Sold,C1547,142219.93
130195,13,2025-01-04,Apartment,22,1811.36,"$543,700.18",Available,,543700.18
130203,13,2025-01-04,Apartment,23,882.35,"$246,940.65",Sold,C0825,246940.65
130204,13,2025-01-04,Apartment,23,882.35,"$242,668.27",Available,,242668.27
130284,13,2025-01-04,Office,32,1114.07,"$435,998.52",Available,,435998.52
130286,13,2025-01-04,Apartment,32,1114.07,"$299,263.58",Sold,C1517,299263.58
130312,13,2025-01-04,Apartment,34,1557.0,"$517,123.58",Sold,C0136,517123.58
130348,13,2025-01-04,Apartment,38,656.42,"$210,320.24",Sold,C1189,210320.24
130367,13,2025-01-04,Apartment,40,571.5,"$172,816.68",Sold,C1610,172816.68
130501,13,2025-01-04,Office,58,1115.72,"$345,154.56",Sold,C1174,345154.56
130542,13,2025-01-04,Apartment,63,1623.8,"$522,057.75",Available,,522057.75
130577,13,2025-01-04,Apartment,67,524.97,"$158,612.64",Sold,C0418,158612.64
130580,13,2025-01-04,Apartment,67,524.97,"$168,464.51",Available,,168464.51
130604,13,2025-01-04,Office,70,750.41,"$238,812.89",Sold,C0649,238812.89
140025,14,2025-01-04,Apartment,5,424.34,"$104,911.93",Sold,C1976,104911.93
140088,14,2025-01-04,Apartment,11,1431.42,"$500,962.79",Sold,C0942,500962.79
140092,14,2025-01-04,Office,12,459.44,"$134,549.97",Sold,C1258,134549.97
140232,14,2025-01-04,Apartment,25,586.85,"$161,280.03",Sold,C1475,161280.03
140271,14,2025-01-04,Apartment,30,1746.48,"$588,343.01",Sold,C1980,588343.01
140272,14,2025-01-04,Apartment,30,1746.48,"$450,012.44",Sold,C0572,450012.44
140277,14,2025-01-04,Apartment,32,1120.81,"$367,127.00",Sold,C1983,367127.0
140294,14,2025-01-04,Apartment,34,513.06,"$157,775.85",Sold,C1399,157775.85
140311,14,2025-01-04,Apartment,36,1034.47,"$274,000.72",Available,,274000.72
140322,14,2025-01-04,Apartment,38,1170.11,"$359,308.65",Sold,C1293,359308.65
140326,14,2025-01-04,Apartment,38,1170.11,"$396,445.50",Available,,396445.5
140337,14,2025-01-04,Apartment,40,532.44,"$164,423.48",Available,,164423.48
140390,14,2025-01-04,Apartment,47,917.53,"$244,186.44",Sold,C0348,244186.44
140451,14,2025-01-04,Apartment,53,1493.72,"$429,874.58",Sold,C0007,429874.58
150009,15,2025-01-04,Apartment,2,1522.89,"$504,689.77",Sold,C0544,504689.77
150050,15,2025-01-04,Apartment,8,1056.46,"$360,765.64",Sold,C1325,360765.64
150064,15,2025-01-04,Office,9,565.48,"$139,782.57",Sold,C0664,139782.57
150118,15,2025-01-04,Apartment,16,1692.61,"$597,681.88",Sold,C1732,597681.88
150225,15,2025-01-04,Apartment,26,961.01,"$270,078.98",Available,,270078.98
150233,15,2025-01-04,Apartment,26,961.01,"$267,093.52",Sold,C0016,267093.52
150242,15,2025-01-04,Apartment,29,1748.18,"$511,596.53",Sold,C1367,511596.53
150271,15,2025-01-04,Office,31,1901.65,"$575,463.20",Sold,C1952,575463.2
150297,15,2025-01-04,Apartment,35,745.49,"$191,419.30",Sold,C1181,191419.3
150352,15,2025-01-04,Office,42,1298.37,"$471,352.97",Sold,C1992,471352.97
150381,15,2025-01-04,Office,48,1403.33,"$434,894.10",Sold,C0420,434894.1
150425,15,2025-01-04,Apartment,53,696.04,"$213,043.96",Sold,C1569,213043.96
150447,15,2025-01-04,Apartment,55,892.75,"$264,804.47",Sold,C1304,264804.47
150508,15,2025-01-04,Office,60,1033.2,"$373,155.57",Sold,C1581,373155.57
160014,16,2025-01-04,Apartment,2,1388.75,"$400,575.75",Sold,C0626,400575.75
160015,16,2025-01-04,Office,2,1388.75,"$424,874.50",Available,,424874.5
160026,16,2025-01-04,Apartment,4,1561.55,"$551,751.96",Available,,551751.96
160028,16,2025-01-04,Apartment,4,1561.55,"$490,807.65",Available,,490807.65
160071,16,2025-01-04,Apartment,9,1524.04,"$461,651.60",Sold,C1322,461651.6
160101,16,2025-01-04,Apartment,11,1288.42,"$448,751.61",Sold,C0938,448751.61
160108,16,2025-01-04,Apartment,11,1288.42,"$403,463.16",Sold,C0132,403463.16
160138,16,2025-01-04,Apartment,17,836.32,"$265,976.26",Sold,C1067,265976.26
160192,16,2025-01-04,Apartment,23,594.14,"$185,581.94",Sold,C1383,185581.94
160213,16,2025-01-04,Apartment,26,1458.08,"$417,431.61",Available,,417431.61
160214,16,2025-01-04,Office,26,1458.08,"$423,191.37",Available,,423191.37
160225,16,2025-01-04,Apartment,27,1164.55,"$361,991.73",Sold,C0029,361991.73
160231,16,2025-01-04,Apartment,28,1440.71,"$416,298.42",Sold,C0991,416298.42
160237,16,2025-01-04,Office,28,1440.71,"$464,047.92",Sold,C0821,464047.92
160246,16,2025-01-04,Apartment,29,489.49,"$127,065.41",Available,,127065.41
160269,16,2025-01-04,Apartment,33,881.17,"$240,781.62",Sold,C1899,240781.62
160322,16,2025-01-04,Office,38,431.83,"$123,213.47",Sold,C1915,123213.47
160361,16,2025-01-04,Apartment,42,1496.62,"$480,842.09",Sold,C0085,480842.09
160374,16,2025-01-04,Apartment,43,1185.4,"$361,775.45",Sold,C1528,361775.45
170058,17,2025-01-04,Apartment,7,1300.91,"$428,259.32",Sold,C0722,428259.32
170106,17,2025-01-04,Apartment,13,916.9,"$297,966.85",Available,,297966.85
170156,17,2025-01-04,Apartment,17,1827.25,"$442,174.78",Sold,C1092,442174.78
170157,17,2025-01-04,Apartment,17,1827.25,"$460,504.52",Available,,460504.52
170215,17,2025-01-04,Apartment,25,939.46,"$286,880.36",Available,,286880.36
170315,17,2025-01-04,Apartment,39,1341.67,"$413,675.04",Sold,C0497,413675.04
170347,17,2025-01-04,Office,45,1574.3,"$511,954.11",Sold,C1852,511954.11
170362,17,2025-01-04,Office,46,1582.61,"$504,560.47",Available,,504560.47
170382,17,2025-01-04,Office,47,1106.83,"$327,842.55",Available,,327842.55
170404,17,2025-01-04,Apartment,48,1833.96,"$549,422.32",Sold,C1993,549422.32
170411,17,2025-01-04,Apartment,48,1833.96,"$484,751.08",Sold,C0683,484751.08
170413,17,2025-01-04,Office,48,1833.96,"$540,188.44",Sold,C1376,540188.44
170429,17,2025-01-04,Apartment,49,1283.67,"$372,530.49",Sold,C0621,372530.49
170432,17,2025-01-04,Apartment,50,1392.01,"$444,764.89",Sold,C0333,444764.89
170434,17,2025-01-04,Apartment,50,1392.01,"$339,080.79",Sold,C1648,339080.79
170438,17,2025-01-04,Apartment,51,1375.52,"$467,548.41",Available,,467548.41
170447,17,2025-01-04,Apartment,51,1375.52,"$381,360.21",Sold,C0716,381360.21
180002,18,2025-01-04,Apartment,1,1379.64,"$354,219.71",Sold,C0658,354219.71
180003,18,2025-01-04,Office,1,1379.64,"$346,780.22",Sold,C0755,346780.22
180015,18,2025-01-04,Apartment,2,650.96,"$203,374.52",Sold,C0523,203374.52
180068,18,2025-01-04,Apartment,8,1196.23,"$366,299.04",Sold,C1896,366299.04
180083,18,2025-01-04,Apartment,11,507.04,"$143,851.79",Sold,C0915,143851.79
180113,18,2025-01-04,Apartment,15,1728.6,"$596,228.96",Sold,C0457,596228.96
180151,18,2025-01-04,Apartment,20,1631.48,"$574,927.34",Sold,C1132,574927.34
180214,18,2025-01-04,Apartment,27,650.82,"$171,733.24",Sold,C0632,171733.24
180215,18,2025-01-04,Office,27,650.82,"$179,263.23",Sold,C0138,179263.23
180244,18,2025-01-04,Apartment,30,1795.66,"$559,547.45",Sold,C0185,559547.45
180245,18,2025-01-04,Apartment,30,1795.66,"$437,201.32",Sold,C1080,437201.32
180248,18,2025-01-04,Apartment,30,1795.66,"$549,656.89",Sold,C1365,549656.89
180266,18,2025-01-04,Apartment,31,945.46,"$350,745.37",Sold,C0799,350745.37
180285,18,2025-01-04,Apartment,35,799.05,"$265,499.47",Sold,C1888,265499.47
180312,18,2025-01-04,Apartment,36,1089.77,"$316,098.65",Sold,C1894,316098.65
180384,18,2025-01-04,Apartment,43,937.7,"$301,088.15",Sold,C0431,301088.15
180421,18,2025-01-04,Apartment,48,564.59,"$202,636.75",Sold,C0455,202636.75
180447,18,2025-01-04,Apartment,50,854.74,"$263,784.17",Sold,C1824,263784.17
180452,18,2025-01-04,Apartment,51,1527.31,"$412,010.61",Available,,412010.61
180471,18,2025-01-04,Apartment,53,1806.7,"$539,078.45",Sold,C0609,539078.45
180521,18,2025-01-04,Apartment,58,955.23,"$306,670.78",Sold,C0161,306670.78
180528,18,2025-01-04,Apartment,59,1900.58,"$497,893.62",Sold,C0086,497893.62
180543,18,2025-01-04,Apartment,62,1330.41,"$367,400.47",Sold,C1199,367400.47
190020,19,2025-01-04,Apartment,4,1225.38,"$346,500.14",Sold,C1696,346500.14
190026,19,2025-01-04,Apartment,5,1408.42,"$441,253.62",Sold,C1670,441253.62
190043,19,2025-01-04,Apartment,7,973.6,"$329,064.09",Available,,329064.09
190067,19,2025-01-04,Apartment,10,747.71,"$220,548.69",Sold,C1668,220548.69
190167,19,2025-01-04,Apartment,21,477.75,"$150,133.36",Available,,150133.36
190176,19,2025-01-04,Apartment,22,935.25,"$277,608.69",Sold,C1481,277608.69
190180,19,2025-01-04,Apartment,22,935.25,"$273,831.37",Available,,273831.37
190189,19,2025-01-04,Apartment,22,935.25,"$289,023.56",Sold,C1318,289023.56
190227,19,2025-01-04,Apartment,26,668.24,"$221,518.38",Sold,C1162,221518.38
190241,19,2025-01-04,Apartment,28,1599.78,"$466,641.00",Available,,466641.0
190315,19,2025-01-04,Apartment,37,1565.26,"$472,632.31",Sold,C0163,472632.31
190319,19,2025-01-04,Apartment,39,1237.04,"$418,320.77",Sold,C0331,418320.77
190331,19,2025-01-04,Office,39,1237.04,"$393,996.50",Sold,C0649,393996.5
190355,19,2025-01-04,Apartment,41,1657.19,"$503,445.63",Sold,C1976,503445.63
190377,19,2025-01-04,Apartment,43,1697.72,"$495,491.79",Sold,C1850,495491.79
190423,19,2025-01-04,Apartment,49,1004.26,"$395,405.61",Sold,C0942,395405.61
200002,20,2025-01-04,Office,1,1898.39,"$678,504.41",Sold,C1130,678504.41
200025,20,2025-01-04,Apartment,2,1669.84,"$562,229.33",Sold,C1766,562229.33
200035,20,2025-01-04,Apartment,3,1645.93,"$383,399.62",Sold,C0026,383399.62
200066,20,2025-01-04,Apartment,8,1268.45,"$404,330.66",Sold,C0648,404330.66
200069,20,2025-01-04,Apartment,8,1268.45,"$367,661.21",Sold,C0046,367661.21
200093,20,2025-01-04,Apartment,13,1587.57,"$555,052.72",Available,,555052.72
200137,20,2025-01-04,Apartment,17,1089.33,"$333,422.42",Available,,333422.42
200153,20,2025-01-04,Apartment,18,1868.01,"$596,267.69",Sold,C0764,596267.69
200159,20,2025-01-04,Apartment,18,1868.01,"$555,615.27",Available,,555615.27
200251,20,2025-01-04,Apartment,30,1703.94,"$497,713.05",Available,,497713.05
200298,20,2025-01-04,Apartment,33,630.53,"$178,721.82",Sold,C0692,178721.82
200345,20,2025-01-04,Office,38,1499.47,"$517,695.89",Sold,C0084,517695.89
200356,20,2025-01-04,Apartment,38,1499.47,"$447,756.59",Available,,447756.59
200390,20,2025-01-04,Apartment,43,1697.49,"$443,038.02",Available,,443038.02
200411,20,2025-01-04,Office,47,590.12,"$151,178.64",Sold,C1656,151178.64
200418,20,2025-01-04,Apartment,48,860.8,"$245,942.10",Available,,245942.1
200466,20,2025-01-04,Office,52,1634.67,"$507,216.30",Sold,C0842,507216.3
200477,20,2025-01-04,Apartment,54,589.61,"$179,336.56",Sold,C1382,179336.56
1005,1,2025-01-05,Office,5,410.71,"$117,564.07",Sold,C0155,117564.07
1013,1,2025-01-05,Apartment,13,756.21,"$206,958.71",Sold,C0005,206958.71
2004,2,2025-01-05,Apartment,4,649.69,"$168,834.04",Sold,C0009,168834.04
2015,2,2025-01-05,Apartment,15,723.93,"$228,170.03",Sold,C0108,228170.03
2033,2,2025-01-05,Apartment,33,649.8,"$205,085.40",Sold,C0108,205085.4
2036,2,2025-01-05,Apartment,36,1109.25,"$460,001.26",Sold,C0067,460001.26
3017,3,2025-01-05,Apartment,17,743.41,"$205,098.21",Sold,C0022,205098.21
5006,5,2025-01-05,Apartment,6,1058.25,"$264,011.70",Available,,264011.7
5048,5,2025-01-05,Apartment,48,1013.27,"$287,996.53",Available,,287996.53
10043,1,2025-01-05,Apartment,5,753.87,"$192,382.99",Available,,192382.99
10065,1,2025-01-05,Apartment,8,763.88,"$224,101.03",Sold,C0632,224101.03
10086,1,2025-01-05,Apartment,11,1429.46,"$425,847.12",Sold,C1520,425847.12
10099,1,2025-01-05,Apartment,13,719.47,"$213,970.00",Sold,C0145,213970.0
10123,1,2025-01-05,Apartment,15,765.0,"$227,057.19",Sold,C0363,227057.19
10141,1,2025-01-05,Apartment,18,716.85,"$197,556.99",Sold,C0104,197556.99
10150,1,2025-01-05,Apartment,19,773.17,"$213,333.34",Sold,C0083,213333.34
10177,1,2025-01-05,Apartment,22,740.83,"$208,869.86",Sold,C1573,208869.86
10188,1,2025-01-05,Apartment,23,1201.5,"$333,805.80",Available,,333805.8
10190,1,2025-01-05,Apartment,23,1201.5,"$354,052.01",Sold,C0687,354052.01
10237,1,2025-01-05,Apartment,27,725.12,"$239,200.56",Sold,C0032,239200.56
10296,1,2025-01-05,Apartment,31,619.78,"$166,744.56",Available,,166744.56
10303,1,2025-01-05,Apartment,32,800.77,"$227,545.66",Sold,C1368,227545.66
10322,1,2025-01-05,Office,34,1469.14,"$528,013.52",Available,,528013.52
10405,1,2025-01-05,Apartment,47,771.08,"$287,674.64",Available,,287674.64
10414,1,2025-01-05,Apartment,48,1170.93,"$333,101.77",Sold,C0247,333101.77
20019,2,2025-01-05,Apartment,2,788.72,"$263,962.33",Sold,C1603,263962.33
20042,2,2025-01-05,Apartment,5,933.95,"$253,388.70",Available,,253388.7
20045,2,2025-01-05,Apartment,5,933.95,"$312,262.95",Sold,C1657,312262.95
20047,2,2025-01-05,Apartment,5,933.95,"$265,780.53",Sold,C1292,265780.53
20051,2,2025-01-05,Apartment,6,967.84,"$275,527.07",Sold,C0841,275527.07
20057,2,2025-01-05,Office,6,967.84,"$263,877.34",Sold,C0136,263877.34
20065,2,2025-01-05,Apartment,8,715.54,"$252,468.08",Sold,C0538,252468.08
20088,2,2025-01-05,Apartment,10,788.79,"$277,290.50",Sold,C1498,277290.5
20098,2,2025-01-05,Office,11,1625.05,"$395,093.69",Sold,C1828,395093.69
20104,2,2025-01-05,Apartment,12,1610.5,"$481,672.65",Sold,C0128,481672.65
20163,2,2025-01-05,Office,19,795.52,"$278,522.00",Sold,C0193,278522.0
20173,2,2025-01-05,Office,20,727.55,"$218,325.78",Sold,C1481,218325.78
20176,2,2025-01-05,Apartment,20,727.55,"$204,717.20",Sold,C1491,204717.2
20223,2,2025-01-05,Apartment,25,943.48,"$339,365.18",Sold,C0255,339365.18
20230,2,2025-01-05,Apartment,26,1577.79,"$559,717.96",Sold,C1821,559717.96
20349,2,2025-01-05,Apartment,42,786.45,"$257,788.12",Sold,C1715,257788.12
20354,2,2025-01-05,Apartment,42,786.45,"$293,846.83",Sold,C0631,293846.83
20369,2,2025-01-05,Apartment,44,580.26,"$178,180.61",Sold,C0232,178180.61
20466,2,2025-01-05,Apartment,55,579.26,"$149,623.91",Sold,C1375,149623.91
30018,3,2025-01-05,Apartment,1,689.75,"$257,295.13",Available,,257295.13
30051,3,2025-01-05,Apartment,5,701.19,"$203,257.42",Sold,C1397,203257.42
30106,3,2025-01-05,Apartment,10,784.09,"$217,542.01",Sold,C0630,217542.01
30114,3,2025-01-05,Apartment,10,784.09,"$227,403.28",Available,,227403.28
30162,3,2025-01-05,Apartment,18,706.68,"$204,218.36",Sold,C1619,204218.36
30181,3,2025-01-05,Apartment,20,802.97,"$248,953.74",Available,,248953.74
30195,3,2025-01-05,Apartment,21,1122.15,"$363,901.47",Sold,C0405,363901.47
30215,3,2025-01-05,Apartment,24,776.04,"$239,388.89",Sold,C0860,239388.89
30279,3,2025-01-05,Apartment,32,777.85,"$219,257.86",Sold,C0312,219257.86
30284,3,2025-01-05,Apartment,34,768.76,"$251,749.52",Sold,C0992,251749.52
30291,3,2025-01-05,Apartment,35,925.48,"$271,586.15",Sold,C0476,271586.15
30296,3,2025-01-05,Office,36,733.45,"$251,482.95",Sold,C0026,251482.95
30308,3,2025-01-05,Apartment,37,659.12,"$196,469.40",Sold,C0898,196469.4
30349,3,2025-01-05,Apartment,42,1343.96,"$395,199.65",Available,,395199.65
30350,3,2025-01-05,Apartment,42,1343.96,"$378,986.47",Sold,C0872,378986.47
30428,3,2025-01-05,Apartment,50,713.67,"$207,652.43",Available,,207652.43
30430,3,2025-01-05,Apartment,50,713.67,"$221,898.05",Sold,C0095,221898.05
30433,3,2025-01-05,Apartment,50,713.67,"$182,601.13",Available,,182601.13
30435,3,2025-01-05,Office,50,713.67,"$216,692.83",Sold,C1237,216692.83
30460,3,2025-01-05,Apartment,54,787.64,"$234,267.90",Available,,234267.9
40009,4,2025-01-05,Office,1,1615.98,"$501,520.52",Sold,C1964,501520.52
40033,4,2025-01-05,Office,4,783.03,"$246,720.63",Sold,C0543,246720.63
40062,4,2025-01-05,Apartment,6,1602.95,"$445,333.44",Sold,C1438,445333.44
40072,4,2025-01-05,Apartment,7,786.36,"$222,912.15",Sold,C0486,222912.15
40139,4,2025-01-05,Apartment,17,780.68,"$234,107.29",Sold,C1817,234107.29
40157,4,2025-01-05,Apartment,19,1063.07,"$297,965.35",Sold,C0350,297965.35
40243,4,2025-01-05,Apartment,29,776.79,"$247,342.01",Sold,C0876,247342.01
40252,4,2025-01-05,Apartment,30,1307.35,"$409,647.06",Sold,C1029,409647.06
40253,4,2025-01-05,Office,30,1307.35,"$403,369.61",Available,,403369.61
40279,4,2025-01-05,Apartment,33,734.73,"$246,127.73",Available,,246127.73
40319,4,2025-01-05,Apartment,39,743.73,"$227,607.98",Available,,227607.98
40342,4,2025-01-05,Apartment,40,780.74,"$243,877.45",Sold,C0749,243877.45
40373,4,2025-01-05,Apartment,44,799.67,"$236,051.30",Sold,C0058,236051.3
50043,5,2025-01-05,Apartment,8,782.15,"$213,915.00",Sold,C0945,213915.0
50065,5,2025-01-05,Apartment,9,793.56,"$265,768.77",Available,,265768.77
50078,5,2025-01-05,Apartment,10,629.27,"$220,388.67",Sold,C1530,220388.67
50101,5,2025-01-05,Apartment,12,787.5,"$261,463.31",Available,,261463.31
50143,5,2025-01-05,Apartment,18,1267.03,"$374,103.56",Sold,C1233,374103.56
50179,5,2025-01-05,Apartment,23,1006.65,"$248,569.02",Sold,C0577,248569.02
50210,5,2025-01-05,Apartment,27,1278.6,"$408,109.75",Available,,408109.75
50215,5,2025-01-05,Apartment,28,1247.24,"$329,008.00",Sold,C1425,329008.0
50228,5,2025-01-05,Apartment,31,1008.52,"$337,197.82",Available,,337197.82
50267,5,2025-01-05,Office,35,605.55,"$176,582.96",Available,,176582.96
50269,5,2025-01-05,Apartment,36,627.56,"$189,545.13",Sold,C0052,189545.13
50298,5,2025-01-05,Apartment,39,591.14,"$153,072.85",Available,,153072.85
50306,5,2025-01-05,Office,41,630.83,"$236,306.88",Available,,236306.88
50329,5,2025-01-05,Apartment,42,791.2,"$251,971.56",Sold,C0984,251971.56
50338,5,2025-01-05,Apartment,43,802.72,"$229,942.63",Sold,C1147,229942.63
50429,5,2025-01-05,Apartment,50,1261.07,"$340,608.67",Sold,C0655,340608.67
50442,5,2025-01-05,Apartment,52,1755.18,"$448,811.40",Available,,448811.4
60067,6,2025-01-05,Apartment,6,951.22,"$311,096.80",Sold,C1040,311096.8
60181,6,2025-01-05,Apartment,16,1687.92,"$510,808.24",Sold,C1526,510808.24
60218,6,2025-01-05,Office,20,1897.17,"$468,592.51",Sold,C0009,468592.51
60220,6,2025-01-05,Apartment,20,1897.17,"$565,996.94",Sold,C1355,565996.94
60238,6,2025-01-05,Apartment,23,1243.4,"$349,749.68",Available,,349749.68
60253,6,2025-01-05,Apartment,25,1086.43,"$359,202.38",Sold,C0877,359202.38
60290,6,2025-01-05,Apartment,32,793.11,"$241,805.57",Sold,C0346,241805.57
60307,6,2025-01-05,Office,34,1353.81,"$448,817.69",Sold,C1306,448817.69
60326,6,2025-01-05,Office,36,463.91,"$149,767.48",Sold,C1633,149767.48
60357,6,2025-01-05,Office,41,940.72,"$259,855.15",Available,,259855.15
60360,6,2025-01-05,Apartment,41,940.72,"$279,865.70",Available,,279865.7
60439,6,2025-01-05,Apartment,52,1408.23,"$427,534.07",Sold,C0817,427534.07
60448,6,2025-01-05,Apartment,53,1170.96,"$306,183.74",Sold,C0258,306183.74
70001,7,2025-01-05,Apartment,1,759.04,"$260,441.29",Sold,C0192,260441.29
70015,7,2025-01-05,Office,3,888.5,"$266,544.05",Sold,C0195,266544.05
70127,7,2025-01-05,Apartment,15,602.92,"$190,314.12",Sold,C0753,190314.12
70146,7,2025-01-05,Office,18,703.28,"$231,837.71",Available,,231837.71
70147,7,2025-01-05,Apartment,18,703.28,"$204,864.62",Available,,204864.62
70152,7,2025-01-05,Office,19,751.07,"$195,740.81",Sold,C1573,195740.81
70153,7,2025-01-05,Apartment,19,751.07,"$230,306.24",Sold,C0344,230306.24
70195,7,2025-01-05,Apartment,22,1914.21,"$606,086.60",Sold,C1094,606086.6
70260,7,2025-01-05,Apartment,29,441.65,"$126,200.04",Sold,C0383,126200.04
70268,7,2025-01-05,Office,30,1237.23,"$368,764.14",Available,,368764.14
70282,7,2025-01-05,Apartment,34,1487.05,"$455,404.07",Sold,C1547,455404.07
70295,7,2025-01-05,Apartment,35,613.21,"$187,620.95",Available,,187620.95
70312,7,2025-01-05,Apartment,37,1171.04,"$370,830.27",Sold,C0177,370830.27
70339,7,2025-01-05,Office,41,1093.92,"$334,197.72",Sold,C1795,334197.72
70405,7,2025-01-05,Apartment,47,1033.08,"$256,543.63",Sold,C0076,256543.63
70469,7,2025-01-05,Apartment,55,601.23,"$187,791.70",Sold,C1668,187791.7
70504,7,2025-01-05,Apartment,58,1629.83,"$524,785.88",Sold,C1594,524785.88
80017,8,2025-01-05,Apartment,2,1097.36,"$340,541.60",Sold,C0393,340541.6
80030,8,2025-01-05,Apartment,4,1934.75,"$595,656.86",Available,,595656.86
80038,8,2025-01-05,Apartment,5,887.23,"$243,883.40",Sold,C0893,243883.4
80071,8,2025-01-05,Apartment,8,1552.34,"$407,657.44",Sold,C1283,407657.44
80137,8,2025-01-05,Apartment,16,424.09,"$152,382.95",Available,,152382.95
80167,8,2025-01-05,Apartment,21,1501.64,"$409,979.77",Sold,C1583,409979.77
80212,8,2025-01-05,Apartment,29,1848.51,"$577,483.25",Sold,C1718,577483.25
80241,8,2025-01-05,Apartment,30,1070.46,"$299,341.47",Available,,299341.47
80345,8,2025-01-05,Office,39,1290.89,"$381,192.56",Sold,C1033,381192.56
80352,8,2025-01-05,Apartment,41,610.26,"$159,707.09",Available,,159707.09
80357,8,2025-01-05,Office,42,1473.68,"$439,227.72",Sold,C0389,439227.72
80366,8,2025-01-05,Office,43,1490.59,"$488,108.91",Sold,C1767,488108.91
80383,8,2025-01-05,Apartment,46,1175.51,"$379,740.64",Sold,C1075,379740.64
80470,8,2025-01-05,Apartment,55,1300.05,"$422,703.93",Sold,C1397,422703.93
80477,8,2025-01-05,Apartment,56,1874.7,"$491,384.80",Available,,491384.8
80489,8,2025-01-05,Apartment,57,1949.35,"$529,541.23",Available,,529541.23
90021,9,2025-01-05,Apartment,4,1139.87,"$408,511.51",Sold,C0306,408511.51
90025,9,2025-01-05,Office,5,1416.81,"$423,694.55",Sold,C1683,423694.55
90051,9,2025-01-05,Apartment,9,1391.22,"$417,103.42",Sold,C1804,417103.42
90077,9,2025-01-05,Apartment,12,952.38,"$244,096.92",Sold,C1550,244096.92
90137,9,2025-01-05,Apartment,21,1261.65,"$395,284.05",Sold,C0692,395284.05
90193,9,2025-01-05,Apartment,28,1931.82,"$675,285.62",Sold,C0727,675285.62
90232,9,2025-01-05,Apartment,33,973.52,"$309,061.29",Available,,309061.29
90246,9,2025-01-05,Apartment,34,1577.36,"$507,504.36",Sold,C1567,507504.36
90281,9,2025-01-05,Apartment,35,1376.88,"$364,329.06",Available,,364329.06
90341,9,2025-01-05,Office,40,1090.32,"$326,851.69",Sold,C0095,326851.69
90345,9,2025-01-05,Apartment,40,1090.32,"$340,807.81",Sold,C1237,340807.81
90366,9,2025-01-05,Apartment,43,1908.91,"$576,858.24",Available,,576858.24
90374,9,2025-01-05,Apartment,44,1351.57,"$358,419.01",Available,,358419.01
90450,9,2025-01-05,Apartment,56,1516.4,"$397,503.10",Sold,C1043,397503.1
90507,9,2025-01-05,Apartment,58,838.34,"$218,992.09",Sold,C0759,218992.09
90523,9,2025-01-05,Apartment,59,1697.13,"$437,506.24",Sold,C0340,437506.24
100005,10,2025-01-05,Apartment,1,1006.89,"$289,076.11",Sold,C1104,289076.11
100027,10,2025-01-05,Apartment,4,1765.37,"$515,578.93",Available,,515578.93
100098,10,2025-01-05,Apartment,12,852.74,"$250,926.91",Available,,250926.91
100106,10,2025-01-05,Apartment,14,1318.01,"$417,201.93",Sold,C1701,417201.93
100122,10,2025-01-05,Apartment,15,1948.32,"$516,476.18",Sold,C1108,516476.18
100141,10,2025-01-05,Apartment,18,1244.03,"$382,842.94",Available,,382842.94
100158,10,2025-01-05,Apartment,20,1264.43,"$410,347.16",Available,,410347.16
100214,10,2025-01-05,Apartment,27,777.35,"$201,415.36",Sold,C0917,201415.36
100219,10,2025-01-05,Apartment,27,777.35,"$262,420.84",Sold,C1818,262420.84
100317,10,2025-01-05,Apartment,37,1177.85,"$340,374.80",Available,,340374.8
100337,10,2025-01-05,Apartment,40,1322.98,"$389,328.46",Sold,C1746,389328.46
100341,10,2025-01-05,Apartment,41,1750.64,"$565,457.28",Sold,C1335,565457.28
100359,10,2025-01-05,Apartment,43,1093.67,"$383,263.24",Available,,383263.24
100421,10,2025-01-05,Apartment,50,1138.32,"$342,174.93",Sold,C0943,342174.93
110038,11,2025-01-05,Apartment,4,1414.25,"$398,416.60",Sold,C0430,398416.6
110041,11,2025-01-05,Apartment,5,1723.2,"$494,410.43",Available,,494410.43
110058,11,2025-01-05,Apartment,6,1724.08,"$487,075.17",Sold,C1638,487075.17
110093,11,2025-01-05,Apartment,10,1519.64,"$430,666.39",Sold,C1219,430666.39
110106,11,2025-01-05,Apartment,13,474.93,"$140,213.02",Sold,C0244,140213.02
110134,11,2025-01-05,Apartment,14,524.68,"$172,200.35",Sold,C0536,172200.35
110193,11,2025-01-05,Apartment,22,1755.05,"$596,516.36",Sold,C1158,596516.36
110234,11,2025-01-05,Apartment,29,993.51,"$336,177.61",Sold,C0884,336177.61
110237,11,2025-01-05,Office,29,993.51,"$313,924.14",Sold,C0511,313924.14
110239,11,2025-01-05,Apartment,29,993.51,"$310,876.37",Sold,C0919,310876.37
110263,11,2025-01-05,Apartment,32,1285.87,"$391,255.01",Available,,391255.01
110373,11,2025-01-05,Apartment,44,434.38,"$131,519.77",Sold,C0228,131519.77
110378,11,2025-01-05,Apartment,44,434.38,"$137,674.50",Available,,137674.5
110386,11,2025-01-05,Apartment,45,1651.09,"$548,150.16",Sold,C0226,548150.16
110432,11,2025-01-05,Office,51,1318.98,"$454,364.35",Sold,C1975,454364.35
110438,11,2025-01-05,Apartment,52,1397.58,"$427,948.68",Available,,427948.68
110469,11,2025-01-05,Apartment,56,724.8,"$195,152.94",Sold,C1417,195152.94
120002,12,2025-01-05,Apartment,1,839.95,"$205,528.92",Sold,C0009,205528.92
120004,12,2025-01-05,Apartment,1,839.95,"$252,295.18",Sold,C1355,252295.18
120009,12,2025-01-05,Apartment,1,839.95,"$265,630.46",Sold,C0795,265630.46
120014,12,2025-01-05,Apartment,2,1285.87,"$380,015.64",Available,,380015.64
120072,12,2025-01-05,Apartment,8,1803.36,"$466,253.04",Available,,466253.04
120073,12,2025-01-05,Apartment,8,1803.36,"$634,188.62",Sold,C1596,634188.62
120085,12,2025-01-05,Apartment,11,1348.81,"$348,797.92",Sold,C0755,348797.92
120103,12,2025-01-05,Apartment,13,1394.03,"$520,101.47",Sold,C1737,520101.47
120113,12,2025-01-05,Apartment,14,1369.96,"$367,617.71",Sold,C0355,367617.71
120146,12,2025-01-05,Apartment,16,1523.02,"$505,829.79",Sold,C1553,505829.79
120198,12,2025-01-05,Apartment,22,892.67,"$290,299.07",Sold,C0756,290299.07
120235,12,2025-01-05,Apartment,24,1306.75,"$349,839.43",Sold,C1223,349839.43
120359,12,2025-01-05,Apartment,38,1157.23,"$367,496.03",Sold,C0363,367496.03
120377,12,2025-01-05,Apartment,41,938.23,"$282,768.90",Available,,282768.9
120395,12,2025-01-05,Apartment,47,1528.05,"$509,148.56",Sold,C0501,509148.56
120407,12,2025-01-05,Apartment,47,1528.05,"$360,456.35",Sold,C1573,360456.35
130024,13,2025-01-05,Office,2,1651.02,"$475,718.50",Sold,C0956,475718.5
130028,13,2025-01-05,Apartment,2,1651.02,"$538,246.86",Sold,C1461,538246.86
130056,13,2025-01-05,Office,5,441.3,"$117,558.15",Sold,C0325,117558.15
130075,13,2025-01-05,Apartment,9,1448.68,"$431,877.48",Sold,C0785,431877.48
130082,13,2025-01-05,Apartment,10,1314.38,"$396,126.59",Available,,396126.59
130086,13,2025-01-05,Apartment,11,1678.3,"$498,317.73",Sold,C1919,498317.73
130087,13,2025-01-05,Apartment,11,1678.3,"$469,476.95",Sold,C1255,469476.95
130102,13,2025-01-05,Apartment,12,1858.65,"$538,375.93",Sold,C0063,538375.93
130173,13,2025-01-05,Apartment,20,516.72,"$184,957.97",Available,,184957.97
130181,13,2025-01-05,Apartment,20,516.72,"$154,757.84",Sold,C0587,154757.84
130258,13,2025-01-05,Apartment,30,1777.51,"$534,630.42",Sold,C0076,534630.42
130274,13,2025-01-05,Apartment,32,1114.07,"$298,538.23",Available,,298538.23
130277,13,2025-01-05,Apartment,32,1114.07,"$307,504.71",Sold,C0235,307504.71
130301,13,2025-01-05,Apartment,33,1445.84,"$424,439.28",Available,,424439.28
130350,13,2025-01-05,Apartment,38,656.42,"$182,096.35",Available,,182096.35
130362,13,2025-01-05,Apartment,40,571.5,"$138,257.97",Sold,C1828,138257.97
130368,13,2025-01-05,Apartment,40,571.5,"$183,248.76",Sold,C0128,183248.76
130389,13,2025-01-05,Apartment,43,1875.83,"$535,236.81",Sold,C0167,535236.81
130404,13,2025-01-05,Apartment,45,986.91,"$302,325.29",Sold,C0990,302325.29
130429,13,2025-01-05,Apartment,47,1874.35,"$595,397.77",Sold,C0803,595397.77
130493,13,2025-01-05,Apartment,57,1717.49,"$539,317.69",Available,,539317.69
130511,13,2025-01-05,Apartment,59,1434.04,"$353,752.57",Sold,C1369,353752.57
130529,13,2025-01-05,Apartment,60,1401.81,"$438,895.96",Sold,C0533,438895.96
130564,13,2025-01-05,Apartment,66,1283.8,"$367,765.98",Sold,C0173,367765.98
140008,14,2025-01-05,Office,2,922.7,"$231,951.22",Available,,231951.22
140083,14,2025-01-05,Office,11,1431.42,"$492,509.45",Sold,C0302,492509.45
140118,14,2025-01-05,Apartment,13,442.74,"$141,101.65",Sold,C1209,141101.65
140128,14,2025-01-05,Apartment,14,1628.68,"$517,610.73",Sold,C0438,517610.73
140150,14,2025-01-05,Apartment,16,915.37,"$268,606.11",Available,,268606.11
140156,14,2025-01-05,Apartment,16,915.37,"$302,441.81",Sold,C1556,302441.81
140170,14,2025-01-05,Office,17,686.6,"$299,967.93",Available,,299967.93
140267,14,2025-01-05,Apartment,29,1618.34,"$501,471.56",Sold,C1961,501471.56
140286,14,2025-01-05,Apartment,33,1894.96,"$616,501.26",Available,,616501.26
140324,14,2025-01-05,Apartment,38,1170.11,"$372,305.86",Available,,372305.86
140347,14,2025-01-05,Apartment,41,543.61,"$162,818.91",Sold,C1923,162818.91
140353,14,2025-01-05,Apartment,43,520.49,"$155,210.56",Sold,C1172,155210.56
140375,14,2025-01-05,Apartment,45,1388.61,"$392,569.11",Sold,C0216,392569.11
140379,14,2025-01-05,Apartment,46,1258.99,"$379,081.98",Sold,C1721,379081.98
140429,14,2025-01-05,Apartment,51,1346.3,"$372,457.73",Sold,C0773,372457.73
140435,14,2025-01-05,Apartment,51,1346.3,"$422,800.28",Available,,422800.28
140467,14,2025-01-05,Apartment,55,1415.9,"$502,780.15",Sold,C1750,502780.15
150070,15,2025-01-05,Apartment,10,1072.95,"$317,628.80",Sold,C1404,317628.8
150099,15,2025-01-05,Apartment,15,522.71,"$175,599.90",Sold,C0001,175599.9
150106,15,2025-01-05,Office,15,522.71,"$155,535.10",Sold,C1287,155535.1
150133,15,2025-01-05,Apartment,17,562.64,"$177,349.05",Available,,177349.05
150140,15,2025-01-05,Apartment,17,562.64,"$187,358.70",Sold,C1312,187358.7
150143,15,2025-01-05,Apartment,17,562.64,"$167,897.44",Sold,C0101,167897.44
150165,15,2025-01-05,Apartment,21,1271.25,"$376,814.30",Sold,C0310,376814.3
150183,15,2025-01-05,Apartment,23,1279.23,"$435,723.27",Sold,C0365,435723.27
150189,15,2025-01-05,Apartment,23,1279.23,"$434,858.74",Available,,434858.74
150194,15,2025-01-05,Apartment,23,1279.23,"$401,460.83",Sold,C1647,401460.83
150250,15,2025-01-05,Apartment,30,1523.22,"$425,190.67",Available,,425190.67
150261,15,2025-01-05,Apartment,30,1523.22,"$432,917.50",Available,,432917.5
150268,15,2025-01-05,Apartment,31,1901.65,"$557,626.79",Sold,C1300,557626.79
150280,15,2025-01-05,Apartment,34,1304.22,"$407,450.17",Sold,C1679,407450.17
150314,15,2025-01-05,Office,35,745.49,"$212,947.87",Sold,C0257,212947.87
150341,15,2025-01-05,Apartment,39,1713.42,"$476,819.19",Sold,C1627,476819.19
150483,15,2025-01-05,Apartment,57,429.34,"$125,064.35",Available,,125064.35
160024,16,2025-01-05,Office,4,1561.55,"$548,503.64",Sold,C0178,548503.64
160196,16,2025-01-05,Office,24,1077.77,"$264,146.36",Sold,C0689,264146.36
160223,16,2025-01-05,Apartment,27,1164.55,"$369,524.95",Sold,C0246,369524.95
160242,16,2025-01-05,Apartment,28,1440.71,"$493,044.25",Sold,C0048,493044.25
160301,16,2025-01-05,Office,35,629.97,"$205,003.87",Sold,C1054,205003.87
170010,17,2025-01-05,Apartment,1,530.28,"$171,074.17",Sold,C0999,171074.17
170011,17,2025-01-05,Apartment,1,530.28,"$155,277.30",Sold,C0769,155277.3
170018,17,2025-01-05,Office,1,530.28,"$170,733.90",Sold,C0985,170733.9
170024,17,2025-01-05,Office,2,1738.5,"$618,068.19",Sold,C0290,618068.19
170048,17,2025-01-05,Apartment,6,1739.03,"$495,814.92",Available,,495814.92
170082,17,2025-01-05,Office,10,1059.07,"$328,477.73",Sold,C0033,328477.73
170100,17,2025-01-05,Apartment,12,451.91,"$137,774.09",Sold,C1278,137774.09
170209,17,2025-01-05,Office,23,1025.52,"$281,260.70",Sold,C1769,281260.7
170236,17,2025-01-05,Apartment,27,677.24,"$236,838.98",Sold,C1136,236838.98
170246,17,2025-01-05,Apartment,28,1201.04,"$375,578.61",Available,,375578.61
170262,17,2025-01-05,Apartment,32,954.54,"$302,112.82",Sold,C1398,302112.82
170271,17,2025-01-05,Apartment,33,1532.89,"$392,498.69",Available,,392498.69
170286,17,2025-01-05,Apartment,35,1667.01,"$490,050.27",Sold,C1360,490050.27
170313,17,2025-01-05,Apartment,39,1341.67,"$479,425.55",Available,,479425.55
170338,17,2025-01-05,Apartment,42,691.03,"$222,293.76",Available,,222293.76
170344,17,2025-01-05,Apartment,43,1602.46,"$483,360.49",Available,,483360.49
170358,17,2025-01-05,Apartment,46,1582.61,"$444,006.51",Sold,C0748,444006.51
170384,17,2025-01-05,Apartment,48,1833.96,"$580,903.05",Sold,C0009,580903.05
170426,17,2025-01-05,Apartment,49,1283.67,"$390,972.72",Sold,C0122,390972.72
180036,18,2025-01-05,Apartment,4,1096.58,"$312,109.48",Sold,C0482,312109.48
180038,18,2025-01-05,Apartment,4,1096.58,"$288,304.74",Sold,C1076,288304.74
180044,18,2025-01-05,Apartment,5,883.32,"$278,963.92",Available,,278963.92
180054,18,2025-01-05,Apartment,6,840.25,"$266,282.79",Sold,C1584,266282.79
180109,18,2025-01-05,Apartment,14,1742.3,"$514,682.27",Sold,C0176,514682.27
180128,18,2025-01-05,Apartment,17,1195.81,"$306,003.32",Sold,C1752,306003.32
180190,18,2025-01-05,Apartment,25,911.94,"$284,177.91",Sold,C1572,284177.91
180195,18,2025-01-05,Apartment,25,911.94,"$253,775.13",Sold,C0835,253775.13
180210,18,2025-01-05,Apartment,27,650.82,"$174,212.21",Sold,C0186,174212.21
180217,18,2025-01-05,Apartment,27,650.82,"$173,179.78",Sold,C0496,173179.78
180225,18,2025-01-05,Apartment,28,514.67,"$142,843.57",Sold,C1837,142843.57
180260,18,2025-01-05,Apartment,30,1795.66,"$477,379.71",Available,,477379.71
180263,18,2025-01-05,Office,30,1795.66,"$610,038.08",Sold,C0194,610038.08
180317,18,2025-01-05,Apartment,37,1092.32,"$340,086.33",Available,,340086.33
180322,18,2025-01-05,Apartment,37,1092.32,"$270,158.79",Available,,270158.79
180326,18,2025-01-05,Apartment,38,1219.8,"$381,620.77",Sold,C1674,381620.77
180359,18,2025-01-05,Apartment,40,990.46,"$278,073.35",Available,,278073.35
180456,18,2025-01-05,Apartment,51,1527.31,"$496,847.34",Sold,C1775,496847.34
180477,18,2025-01-05,Apartment,53,1806.7,"$510,663.36",Available,,510663.36
180493,18,2025-01-05,Apartment,54,1756.12,"$480,611.69",Available,,480611.69
180494,18,2025-01-05,Apartment,54,1756.12,"$485,852.20",Sold,C1682,485852.2
180526,18,2025-01-05,Apartment,58,955.23,"$309,544.73",Sold,C0134,309544.73
190030,19,2025-01-05,Apartment,5,1408.42,"$358,445.19",Sold,C1826,358445.19
190056,19,2025-01-05,Apartment,8,974.77,"$298,003.07",Sold,C1152,298003.07
190063,19,2025-01-05,Apartment,10,747.71,"$239,035.92",Sold,C1861,239035.92
190078,19,2025-01-05,Apartment,11,1869.93,"$613,288.15",Available,,613288.15
190165,19,2025-01-05,Apartment,21,477.75,"$149,634.66",Sold,C1761,149634.66
190230,19,2025-01-05,Apartment,27,1691.96,"$484,359.77",Sold,C0837,484359.77
190284,19,2025-01-05,Apartment,33,1454.84,"$474,802.39",Available,,474802.39
190286,19,2025-01-05,Apartment,33,1454.84,"$464,979.69",Available,,464979.69
190339,19,2025-01-05,Office,40,893.49,"$302,160.55",Sold,C1902,302160.55
190352,19,2025-01-05,Apartment,41,1657.19,"$385,563.10",Sold,C0099,385563.1
190362,19,2025-01-05,Office,42,1137.59,"$348,718.59",Sold,C0631,348718.59
190413,19,2025-01-05,Apartment,46,1926.19,"$712,128.48",Sold,C0302,712128.48
190422,19,2025-01-05,Apartment,49,1004.26,"$258,687.05",Sold,C0492,258687.05
200016,20,2025-01-05,Apartment,1,1898.39,"$560,474.88",Sold,C0315,560474.88
200023,20,2025-01-05,Apartment,2,1669.84,"$539,787.73",Sold,C1847,539787.73
200031,20,2025-01-05,Apartment,3,1645.93,"$450,173.43",Available,,450173.43
200071,20,2025-01-05,Apartment,8,1268.45,"$317,764.63",Available,,317764.63
200091,20,2025-01-05,Apartment,13,1587.57,"$538,931.69",Sold,C0131,538931.69
200147,20,2025-01-05,Office,18,1868.01,"$516,360.61",Sold,C1673,516360.61
200168,20,2025-01-05,Office,19,759.72,"$229,230.27",Available,,229230.27
200333,20,2025-01-05,Office,36,1484.99,"$511,551.83",Sold,C1389,511551.83
200379,20,2025-01-05,Apartment,41,541.22,"$159,669.21",Sold,C0958,159669.21
200403,20,2025-01-05,Apartment,46,1227.49,"$404,547.78",Sold,C0637,404547.78
200410,20,2025-01-05,Apartment,47,590.12,"$175,837.18",Sold,C1336,175837.18
200432,20,2025-01-05,Apartment,48,860.8,"$245,338.37",Available,,245338.37
200450,20,2025-01-05,Apartment,51,1062.33,"$336,892.39",Sold,C0002,336892.39
200488,20,2025-01-05,Apartment,56,1333.01,"$443,597.74",Sold,C1523,443597.74
200491,20,2025-01-05,Apartment,57,445.15,"$161,786.97",Sold,C0798,161786.97
200498,20,2025-01-05,Apartment,58,1208.52,"$387,163.37",Sold,C1001,387163.37
200502,20,2025-01-05,Apartment,58,1208.52,"$362,699.48",Available,,362699.48
990001,1,2025-01-05,Apartment,2,1238.58,"$400,865.92",Available,,400865.92
990003,1,2025-01-05,Apartment,8,763.21,"$219,630.90",Available,,219630.9
1025,1,2025-01-06,Apartment,25,1434.09,"$382,041.13",Sold,C0065,382041.13
1040,1,2025-01-06,Apartment,40,782.25,"$234,172.39",Sold,C0030,234172.39
1047,1,2025-01-06,Apartment,47,1479.72,"$448,134.27",Sold,C0104,448134.27
3002,3,2025-01-06,Apartment,2,923.21,"$261,871.70",Sold,C0083,261871.7
5003,5,2025-01-06,Apartment,3,798.5,"$212,644.39",Available,,212644.39
10026,1,2025-01-06,Apartment,3,788.73,"$225,196.58",Available,,225196.58
10027,1,2025-01-06,Apartment,3,788.73,"$219,973.45",Sold,C1462,219973.45
10054,1,2025-01-06,Apartment,7,758.88,"$203,777.68",Sold,C1927,203777.68
10088,1,2025-01-06,Apartment,12,621.14,"$198,416.21",Sold,C1616,198416.21
10102,1,2025-01-06,Apartment,13,719.47,"$191,700.01",Sold,C1365,191700.01
10122,1,2025-01-06,Office,15,765.0,"$274,098.77",Sold,C0181,274098.77
10162,1,2025-01-06,Apartment,20,1146.24,"$368,811.30",Sold,C1238,368811.3
10216,1,2025-01-06,Apartment,25,1154.92,"$339,799.90",Sold,C1094,339799.9
10233,1,2025-01-06,Apartment,27,725.12,"$219,325.04",Sold,C1259,219325.04
10277,1,2025-01-06,Apartment,30,753.29,"$204,682.12",Sold,C0063,204682.12
10331,1,2025-01-06,Apartment,35,1168.59,"$374,662.04",Available,,374662.04
10346,1,2025-01-06,Apartment,37,758.3,"$197,514.96",Sold,C1180,197514.96
10413,1,2025-01-06,Apartment,48,1170.93,"$375,305.68",Available,,375305.68
20030,2,2025-01-06,Apartment,3,645.84,"$233,677.77",Sold,C1571,233677.77
20077,2,2025-01-06,Office,9,584.19,"$180,025.94",Sold,C1580,180025.94
20082,2,2025-01-06,Apartment,10,788.79,"$266,730.80",Sold,C0112,266730.8
20093,2,2025-01-06,Apartment,11,1625.05,"$526,987.75",Available,,526987.75
20154,2,2025-01-06,Apartment,18,784.76,"$250,182.28",Sold,C1535,250182.28
20261,2,2025-01-06,Apartment,31,629.92,"$183,932.23",Sold,C0574,183932.23
20314,2,2025-01-06,Apartment,37,780.46,"$241,560.55",Sold,C1718,241560.55
20361,2,2025-01-06,Apartment,42,786.45,"$227,817.72",Available,,227817.72
20382,2,2025-01-06,Apartment,45,782.2,"$236,688.40",Sold,C0793,236688.4
20426,2,2025-01-06,Apartment,49,1617.9,"$444,828.73",Available,,444828.73
30011,3,2025-01-06,Apartment,1,689.75,"$211,623.61",Sold,C0131,211623.61
30026,3,2025-01-06,Apartment,3,783.65,"$248,612.76",Available,,248612.76
30030,3,2025-01-06,Apartment,4,719.96,"$216,233.33",Available,,216233.33
30040,3,2025-01-06,Apartment,4,719.96,"$178,170.39",Sold,C0653,178170.39
30047,3,2025-01-06,Apartment,5,701.19,"$234,957.50",Sold,C0178,234957.5
30069,3,2025-01-06,Apartment,7,744.01,"$258,599.68",Available,,258599.68
30098,3,2025-01-06,Apartment,9,1125.84,"$298,173.59",Available,,298173.59
30158,3,2025-01-06,Apartment,18,706.68,"$195,341.00",Sold,C1550,195341.0
30209,3,2025-01-06,Office,23,924.21,"$248,050.00",Sold,C0011,248050.0
30210,3,2025-01-06,Apartment,23,924.21,"$286,172.72",Sold,C1028,286172.72
30295,3,2025-01-06,Apartment,36,733.45,"$222,919.30",Sold,C0773,222919.3
30311,3,2025-01-06,Office,38,1173.4,"$341,826.64",Sold,C1869,341826.64
30340,3,2025-01-06,Apartment,41,965.5,"$314,641.73",Sold,C1336,314641.73
30356,3,2025-01-06,Apartment,44,673.86,"$202,812.57",Sold,C1575,202812.57
30380,3,2025-01-06,Apartment,46,1599.81,"$522,366.69",Available,,522366.69
30405,3,2025-01-06,Apartment,49,1174.48,"$296,753.67",Available,,296753.67
30414,3,2025-01-06,Apartment,49,1174.48,"$366,989.11",Sold,C0370,366989.11
30429,3,2025-01-06,Apartment,50,713.67,"$238,169.16",Sold,C1783,238169.16
30434,3,2025-01-06,Apartment,50,713.67,"$191,594.66",Sold,C1327,191594.66
30437,3,2025-01-06,Apartment,50,713.67,"$249,497.22",Sold,C1540,249497.22
40014,4,2025-01-06,Apartment,2,1620.07,"$503,513.09",Available,,503513.09
40023,4,2025-01-06,Apartment,3,1630.82,"$561,592.03",Sold,C1568,561592.03
40067,4,2025-01-06,Apartment,7,786.36,"$248,235.55",Sold,C1705,248235.55
40104,4,2025-01-06,Apartment,13,809.06,"$214,784.29",Available,,214784.29
40108,4,2025-01-06,Apartment,14,1322.66,"$409,829.82",Available,,409829.82
40222,4,2025-01-06,Apartment,26,790.05,"$255,135.92",Sold,C1504,255135.92
40238,4,2025-01-06,Apartment,29,776.79,"$245,279.18",Sold,C0814,245279.18
40250,4,2025-01-06,Apartment,30,1307.35,"$446,358.88",Sold,C0202,446358.88
40262,4,2025-01-06,Apartment,31,793.1,"$269,484.63",Sold,C1455,269484.63
40292,4,2025-01-06,Apartment,34,795.1,"$264,746.45",Available,,264746.45
40312,4,2025-01-06,Apartment,37,800.13,"$237,481.19",Sold,C0204,237481.19
40350,4,2025-01-06,Apartment,42,738.34,"$211,507.17",Sold,C0251,211507.17
40391,4,2025-01-06,Apartment,45,1160.48,"$332,875.80",Sold,C1527,332875.8
50040,5,2025-01-06,Apartment,8,782.15,"$246,908.49",Sold,C0377,246908.49
50048,5,2025-01-06,Apartment,8,782.15,"$245,895.64",Sold,C1307,245895.64
50105,5,2025-01-06,Apartment,13,791.13,"$246,755.89",Available,,246755.89
50150,5,2025-01-06,Apartment,19,819.72,"$229,878.61",Available,,229878.61
50160,5,2025-01-06,Apartment,22,1059.78,"$300,950.66",Sold,C0507,300950.66
50235,5,2025-01-06,Apartment,32,1051.39,"$295,517.69",Sold,C1870,295517.69
50291,5,2025-01-06,Apartment,38,1283.87,"$441,600.42",Available,,441600.42
50378,5,2025-01-06,Apartment,46,1272.95,"$373,991.51",Sold,C0660,373991.51
50406,5,2025-01-06,Apartment,47,1241.14,"$354,787.43",Sold,C0983,354787.43
60001,6,2025-01-06,Apartment,1,1720.95,"$501,136.87",Sold,C0584,501136.87
60003,6,2025-01-06,Apartment,1,1720.95,"$480,292.70",Sold,C1709,480292.7
60020,6,2025-01-06,Apartment,1,1720.95,"$628,455.63",Sold,C0295,628455.63
60035,6,2025-01-06,Office,4,1925.28,"$687,894.92",Sold,C1536,687894.92
60073,6,2025-01-06,Apartment,7,1075.42,"$346,651.01",Available,,346651.01
60111,6,2025-01-06,Apartment,9,1194.12,"$388,454.83",Sold,C1757,388454.83
60121,6,2025-01-06,Office,10,942.08,"$305,183.98",Sold,C1074,305183.98
60166,6,2025-01-06,Apartment,14,1890.0,"$594,789.16",Available,,594789.16
60249,6,2025-01-06,Apartment,25,1086.43,"$324,022.67",Sold,C0305,324022.67
60256,6,2025-01-06,Apartment,26,1538.47,"$481,603.96",Available,,481603.96
60312,6,2025-01-06,Apartment,34,1353.81,"$367,911.80",Sold,C1963,367911.8
60346,6,2025-01-06,Office,39,744.54,"$253,458.89",Available,,253458.89
60359,6,2025-01-06,Office,41,940.72,"$378,059.82",Sold,C1664,378059.82
60363,6,2025-01-06,Apartment,41,940.72,"$325,187.70",Sold,C1280,325187.7
60403,6,2025-01-06,Apartment,48,1521.71,"$469,567.78",Available,,469567.78
60440,6,2025-01-06,Apartment,52,1408.23,"$415,927.28",Sold,C1132,415927.28
60458,6,2025-01-06,Apartment,53,1170.96,"$371,616.82",Sold,C0230,371616.82
60472,6,2025-01-06,Apartment,55,562.37,"$156,014.92",Sold,C1508,156014.92
70024,7,2025-01-06,Office,5,1144.09,"$339,779.92",Available,,339779.92
70051,7,2025-01-06,Office,8,1561.28,"$528,764.40",Sold,C1907,528764.4
70074,7,2025-01-06,Apartment,11,834.5,"$275,248.14",Sold,C1365,275248.14
70114,7,2025-01-06,Apartment,15,602.92,"$162,365.24",Sold,C1772,162365.24
70189,7,2025-01-06,Office,21,1528.62,"$497,159.94",Available,,497159.94
70192,7,2025-01-06,Apartment,22,1914.21,"$603,087.62",Available,,603087.62
70193,7,2025-01-06,Apartment,22,1914.21,"$529,783.19",Sold,C0588,529783.19
70220,7,2025-01-06,Apartment,24,852.99,"$270,019.71",Available,,270019.71
70251,7,2025-01-06,Apartment,28,694.55,"$221,149.90",Sold,C0330,221149.9
70264,7,2025-01-06,Office,30,1237.23,"$301,253.43",Sold,C1824,301253.43
70269,7,2025-01-06,Office,30,1237.23,"$405,353.74",Sold,C0225,405353.74
70270,7,2025-01-06,Apartment,30,1237.23,"$427,828.94",Sold,C1271,427828.94
70343,7,2025-01-06,Apartment,41,1093.92,"$304,478.01",Sold,C0223,304478.01
70411,7,2025-01-06,Apartment,48,533.35,"$149,462.76",Sold,C1605,149462.76
70475,7,2025-01-06,Apartment,55,601.23,"$189,238.02",Sold,C0021,189238.02
70489,7,2025-01-06,Office,58,1629.83,"$593,682.12",Sold,C0367,593682.12
70518,7,2025-01-06,Apartment,60,1219.54,"$345,685.38",Sold,C1263,345685.38
80013,8,2025-01-06,Apartment,2,1097.36,"$359,043.67",Available,,359043.67
80049,8,2025-01-06,Apartment,5,887.23,"$284,075.06",Sold,C1951,284075.06
80075,8,2025-01-06,Apartment,9,1869.81,"$659,880.36",Sold,C1720,659880.36
80134,8,2025-01-06,Apartment,16,424.09,"$121,543.19",Sold,C1328,121543.19
80178,8,2025-01-06,Office,23,1114.67,"$377,525.28",Available,,377525.28
80180,8,2025-01-06,Apartment,25,1833.58,"$595,227.23",Sold,C1779,595227.23
80253,8,2025-01-06,Office,31,1253.18,"$300,033.75",Sold,C1715,300033.75
80260,8,2025-01-06,Apartment,31,1253.18,"$326,975.92",Available,,326975.92
80382,8,2025-01-06,Apartment,46,1175.51,"$387,502.88",Sold,C0495,387502.88
80386,8,2025-01-06,Apartment,46,1175.51,"$374,700.13",Sold,C0191,374700.13
80420,8,2025-01-06,Office,48,480.99,"$128,184.80",Available,,128184.8
80429,8,2025-01-06,Apartment,49,1081.0,"$317,172.33",Sold,C0131,317172.33
80441,8,2025-01-06,Apartment,52,559.73,"$180,837.56",Sold,C1714,180837.56
80487,8,2025-01-06,Apartment,56,1874.7,"$575,615.86",Sold,C1061,575615.86
90026,9,2025-01-06,Apartment,6,1821.59,"$537,661.98",Sold,C1077,537661.98
90055,9,2025-01-06,Office,9,1391.22,"$469,019.71",Sold,C1423,469019.71
90063,9,2025-01-06,Apartment,11,559.6,"$161,393.35",Available,,161393.35
90076,9,2025-01-06,Apartment,12,952.38,"$302,601.70",Available,,302601.7
90089,9,2025-01-06,Apartment,14,1445.3,"$529,558.26",Sold,C0981,529558.26
90207,9,2025-01-06,Apartment,30,1250.17,"$402,938.44",Available,,402938.44
90290,9,2025-01-06,Apartment,36,1582.79,"$420,874.11",Sold,C0529,420874.11
90335,9,2025-01-06,Office,40,1090.32,"$342,005.17",Sold,C0503,342005.17
90357,9,2025-01-06,Apartment,42,605.78,"$201,976.86",Sold,C0796,201976.86
90378,9,2025-01-06,Office,44,1351.57,"$476,244.30",Sold,C1140,476244.3
90449,9,2025-01-06,Apartment,56,1516.4,"$446,034.38",Available,,446034.38
90467,9,2025-01-06,Apartment,57,1198.57,"$334,651.44",Available,,334651.44
90468,9,2025-01-06,Apartment,57,1198.57,"$293,185.45",Available,,293185.45
90475,9,2025-01-06,Apartment,58,838.34,"$260,948.75",Sold,C1667,260948.75
90492,9,2025-01-06,Apartment,58,838.34,"$234,943.46",Sold,C1438,234943.46
90524,9,2025-01-06,Office,59,1697.13,"$455,010.72",Sold,C0734,455010.72
90535,9,2025-01-06,Apartment,62,1263.44,"$352,725.16",Sold,C1181,352725.16
100001,10,2025-01-06,Apartment,1,1006.89,"$299,720.12",Available,,299720.12
100006,10,2025-01-06,Apartment,1,1006.89,"$308,354.10",Sold,C0082,308354.1
100019,10,2025-01-06,Apartment,4,1765.37,"$510,485.02",Available,,510485.02
100048,10,2025-01-06,Office,5,1741.96,"$591,501.86",Available,,591501.86
100065,10,2025-01-06,Apartment,9,1849.4,"$630,342.50",Sold,C1053,630342.5
100087,10,2025-01-06,Office,11,1675.44,"$599,245.34",Sold,C0019,599245.34
100105,10,2025-01-06,Apartment,14,1318.01,"$382,143.98",Sold,C0114,382143.98
100131,10,2025-01-06,Apartment,17,647.35,"$194,001.10",Sold,C0234,194001.1
100134,10,2025-01-06,Apartment,17,647.35,"$177,906.20",Available,,177906.2
100183,10,2025-01-06,Apartment,25,1487.17,"$348,131.23",Sold,C1064,348131.23
100247,10,2025-01-06,Apartment,30,1559.4,"$412,386.95",Sold,C0178,412386.95
100283,10,2025-01-06,Apartment,33,1010.7,"$306,339.37",Sold,C0546,306339.37
100290,10,2025-01-06,Apartment,34,1435.44,"$451,863.00",Available,,451863.0
100291,10,2025-01-06,Apartment,34,1435.44,"$512,350.32",Available,,512350.32
100292,10,2025-01-06,Apartment,34,1435.44,"$437,900.49",Sold,C0036,437900.49
100299,10,2025-01-06,Office,35,1675.74,"$517,353.17",Sold,C0324,517353.17
110027,11,2025-01-06,Apartment,3,1479.84,"$432,050.16",Available,,432050.16
110060,11,2025-01-06,Apartment,7,1734.79,"$503,297.17",Sold,C1343,503297.17
110063,11,2025-01-06,Apartment,7,1734.79,"$510,276.95",Available,,510276.95
110071,11,2025-01-06,Apartment,8,1001.41,"$338,725.23",Available,,338725.23
110075,11,2025-01-06,Apartment,8,1001.41,"$316,130.95",Available,,316130.95
110140,11,2025-01-06,Apartment,14,524.68,"$175,679.27",Sold,C1887,175679.27
110181,11,2025-01-06,Apartment,19,1083.98,"$284,027.76",Sold,C1905,284027.76
110296,11,2025-01-06,Apartment,36,1752.38,"$502,462.73",Available,,502462.73
110325,11,2025-01-06,Apartment,38,788.47,"$259,197.21",Sold,C0309,259197.21
110352,11,2025-01-06,Apartment,42,808.59,"$261,446.94",Available,,261446.94
110365,11,2025-01-06,Apartment,43,810.65,"$221,674.47",Sold,C0117,221674.47
110412,11,2025-01-06,Apartment,49,1095.85,"$281,239.32",Sold,C1539,281239.32
110426,11,2025-01-06,Apartment,50,948.72,"$268,667.27",Sold,C1093,268667.27
110471,11,2025-01-06,Office,56,724.8,"$219,128.51",Sold,C1331,219128.51
110507,11,2025-01-06,Apartment,60,1295.04,"$365,083.08",Sold,C1968,365083.08
110527,11,2025-01-06,Apartment,62,1938.82,"$520,333.67",Available,,520333.67
110538,11,2025-01-06,Apartment,62,1938.82,"$566,513.00",Sold,C0725,566513.0
120031,12,2025-01-06,Apartment,3,1469.27,"$459,646.71",Available,,459646.71
120035,12,2025-01-06,Apartment,4,1559.34,"$424,519.13",Sold,C1376,424519.13
120067,12,2025-01-06,Apartment,8,1803.36,"$539,529.66",Sold,C1604,539529.66
120090,12,2025-01-06,Apartment,12,959.05,"$278,140.73",Available,,278140.73
120095,12,2025-01-06,Apartment,12,959.05,"$263,898.13",Sold,C0717,263898.13
120272,12,2025-01-06,Apartment,29,688.73,"$209,618.11",Available,,209618.11
120328,12,2025-01-06,Apartment,35,1690.62,"$509,568.06",Available,,509568.06
120329,12,2025-01-06,Apartment,35,1690.62,"$427,288.98",Sold,C1365,427288.98
120333,12,2025-01-06,Apartment,35,1690.62,"$380,710.05",Available,,380710.05
120365,12,2025-01-06,Apartment,38,1157.23,"$323,890.25",Sold,C0614,323890.25
120392,12,2025-01-06,Apartment,45,1898.75,"$585,605.94",Available,,585605.94
120402,12,2025-01-06,Apartment,47,1528.05,"$433,439.63",Sold,C1674,433439.63
130003,13,2025-01-06,Apartment,1,1899.92,"$617,314.75",Sold,C0973,617314.75
130040,13,2025-01-06,Apartment,3,979.64,"$269,821.05",Sold,C1243,269821.05
130100,13,2025-01-06,Apartment,11,1678.3,"$529,820.54",Sold,C1756,529820.54
130103,13,2025-01-06,Apartment,12,1858.65,"$533,800.16",Available,,533800.16
130201,13,2025-01-06,Apartment,22,1811.36,"$608,461.19",Sold,C0601,608461.19
130210,13,2025-01-06,Apartment,24,1044.69,"$280,586.67",Sold,C1518,280586.67
130270,13,2025-01-06,Office,32,1114.07,"$281,918.15",Sold,C1603,281918.15
130280,13,2025-01-06,Office,32,1114.07,"$327,413.48",Available,,327413.48
130442,13,2025-01-06,Apartment,49,572.01,"$187,502.33",Sold,C0559,187502.33
130551,13,2025-01-06,Apartment,64,792.66,"$208,129.31",Sold,C0070,208129.31
130561,13,2025-01-06,Apartment,65,612.66,"$164,483.02",Sold,C1812,164483.02
130587,13,2025-01-06,Apartment,68,1590.69,"$445,779.37",Sold,C1903,445779.37
130591,13,2025-01-06,Office,68,1590.69,"$486,548.28",Sold,C0331,486548.28
130596,13,2025-01-06,Office,70,750.41,"$233,444.71",Sold,C0891,233444.71
140007,14,2025-01-06,Apartment,2,922.7,"$283,369.09",Sold,C0462,283369.09
140081,14,2025-01-06,Apartment,11,1431.42,"$399,102.88",Sold,C0400,399102.88
140100,14,2025-01-06,Apartment,12,459.44,"$147,901.85",Sold,C0427,147901.85
140117,14,2025-01-06,Office,13,442.74,"$146,344.44",Sold,C0389,146344.44
140123,14,2025-01-06,Apartment,13,442.74,"$148,553.54",Sold,C0107,148553.54
140130,14,2025-01-06,Apartment,14,1628.68,"$439,508.52",Available,,439508.52
140158,14,2025-01-06,Office,16,915.37,"$304,366.20",Sold,C1859,304366.2
140189,14,2025-01-06,Apartment,21,1560.87,"$421,652.43",Sold,C0966,421652.43
140199,14,2025-01-06,Office,22,1148.66,"$421,423.20",Sold,C0653,421423.2
140241,14,2025-01-06,Apartment,27,1866.49,"$534,655.53",Sold,C0285,534655.53
140284,14,2025-01-06,Apartment,33,1894.96,"$498,141.99",Sold,C1804,498141.99
140290,14,2025-01-06,Apartment,33,1894.96,"$656,769.01",Available,,656769.01
140295,14,2025-01-06,Apartment,34,513.06,"$118,609.39",Sold,C0812,118609.39
140307,14,2025-01-06,Apartment,35,1152.84,"$298,653.58",Sold,C1524,298653.58
140360,14,2025-01-06,Apartment,43,520.49,"$156,017.83",Sold,C0288,156017.83
140365,14,2025-01-06,Apartment,44,840.77,"$221,308.04",Available,,221308.04
140408,14,2025-01-06,Office,49,1231.75,"$409,766.60",Available,,409766.6
140419,14,2025-01-06,Apartment,51,1346.3,"$450,664.17",Sold,C1463,450664.17
140426,14,2025-01-06,Apartment,51,1346.3,"$352,048.99",Available,,352048.99
140465,14,2025-01-06,Apartment,55,1415.9,"$425,020.07",Sold,C1955,425020.07
140476,14,2025-01-06,Apartment,55,1415.9,"$463,272.35",Available,,463272.35
150011,15,2025-01-06,Apartment,2,1522.89,"$484,383.73",Available,,484383.73
150022,15,2025-01-06,Apartment,2,1522.89,"$477,879.61",Available,,477879.61
150024,15,2025-01-06,Apartment,3,748.99,"$241,539.23",Available,,241539.23
150038,15,2025-01-06,Apartment,6,938.57,"$251,516.25",Sold,C0829,251516.25
150048,15,2025-01-06,Office,7,1113.85,"$320,227.29",Sold,C0451,320227.29
150085,15,2025-01-06,Apartment,13,653.54,"$189,687.33",Sold,C1820,189687.33
150108,15,2025-01-06,Apartment,15,522.71,"$139,016.06",Available,,139016.06
150120,15,2025-01-06,Apartment,16,1692.61,"$466,273.99",Available,,466273.99
150122,15,2025-01-06,Apartment,16,1692.61,"$539,032.17",Sold,C0065,539032.17
150164,15,2025-01-06,Apartment,21,1271.25,"$363,412.93",Sold,C1221,363412.93
150192,15,2025-01-06,Apartment,23,1279.23,"$393,385.99",Sold,C0262,393385.99
150199,15,2025-01-06,Apartment,23,1279.23,"$350,514.30",Available,,350514.3
150210,15,2025-01-06,Office,24,924.36,"$307,624.42",Sold,C1256,307624.42
150220,15,2025-01-06,Apartment,25,607.01,"$155,769.09",Sold,C0543,155769.09
150272,15,2025-01-06,Office,32,1338.63,"$374,901.66",Sold,C1719,374901.66
150324,15,2025-01-06,Apartment,38,585.57,"$182,143.79",Available,,182143.79
150335,15,2025-01-06,Apartment,39,1713.42,"$580,190.12",Sold,C1069,580190.12
150339,15,2025-01-06,Apartment,39,1713.42,"$576,585.04",Sold,C1948,576585.04
150363,15,2025-01-06,Apartment,44,1713.09,"$522,943.88",Sold,C0281,522943.88
150367,15,2025-01-06,Apartment,45,1911.06,"$606,387.35",Available,,606387.35
150385,15,2025-01-06,Apartment,48,1403.33,"$464,868.56",Available,,464868.56
150409,15,2025-01-06,Apartment,52,829.2,"$241,850.84",Available,,241850.84
150423,15,2025-01-06,Apartment,53,696.04,"$200,400.68",Available,,200400.68
150502,15,2025-01-06,Office,60,1033.2,"$342,699.63",Sold,C0204,342699.63
150512,15,2025-01-06,Apartment,60,1033.2,"$378,709.68",Sold,C0206,378709.68
160023,16,2025-01-06,Apartment,4,1561.55,"$508,639.46",Sold,C1537,508639.46
160030,16,2025-01-06,Apartment,5,749.15,"$196,645.59",Sold,C0839,196645.59
160106,16,2025-01-06,Apartment,11,1288.42,"$356,627.20",Sold,C1091,356627.2
160136,16,2025-01-06,Apartment,16,1451.17,"$472,546.53",Sold,C1115,472546.53
160176,16,2025-01-06,Apartment,22,1575.06,"$506,418.40",Sold,C1530,506418.4
160287,16,2025-01-06,Office,34,743.19,"$227,673.39",Sold,C1638,227673.39
160293,16,2025-01-06,Apartment,35,629.97,"$187,384.20",Sold,C0936,187384.2
160308,16,2025-01-06,Office,35,629.97,"$232,152.68",Available,,232152.68
160320,16,2025-01-06,Apartment,38,431.83,"$159,890.05",Sold,C1862,159890.05
160337,16,2025-01-06,Apartment,41,1001.72,"$286,678.70",Sold,C1006,286678.7
160345,16,2025-01-06,Apartment,41,1001.72,"$317,660.44",Sold,C1886,317660.44
160354,16,2025-01-06,Office,41,1001.72,"$323,080.86",Available,,323080.86
170025,17,2025-01-06,Apartment,2,1738.5,"$443,928.19",Available,,443928.19
170038,17,2025-01-06,Apartment,4,448.67,"$131,993.66",Available,,131993.66
170047,17,2025-01-06,Apartment,6,1739.03,"$481,085.34",Sold,C0214,481085.34
170050,17,2025-01-06,Apartment,6,1739.03,"$570,977.51",Available,,570977.51
170179,17,2025-01-06,Apartment,19,1712.06,"$510,899.59",Sold,C0277,510899.59
170191,17,2025-01-06,Office,21,1320.97,"$367,790.56",Available,,367790.56
170192,17,2025-01-06,Apartment,22,1221.66,"$356,216.19",Sold,C1167,356216.19
170194,17,2025-01-06,Apartment,22,1221.66,"$332,860.12",Sold,C1726,332860.12
170195,17,2025-01-06,Apartment,22,1221.66,"$360,442.20",Sold,C1561,360442.2
170200,17,2025-01-06,Apartment,22,1221.66,"$353,628.52",Sold,C1356,353628.52
170308,17,2025-01-06,Office,38,721.83,"$172,785.50",Available,,172785.5
170325,17,2025-01-06,Office,39,1341.67,"$496,970.28",Available,,496970.28
170403,17,2025-01-06,Apartment,48,1833.96,"$498,128.56",Sold,C1994,498128.56
170440,17,2025-01-06,Apartment,51,1375.52,"$465,247.02",Sold,C1453,465247.02
180004,18,2025-01-06,Apartment,1,1379.64,"$425,005.86",Sold,C1796,425005.86
180023,18,2025-01-06,Apartment,3,524.48,"$180,093.56",Sold,C1963,180093.56
180040,18,2025-01-06,Apartment,4,1096.58,"$388,944.05",Available,,388944.05
180047,18,2025-01-06,Apartment,5,883.32,"$222,979.69",Sold,C0599,222979.69
180066,18,2025-01-06,Apartment,7,505.94,"$162,183.43",Available,,162183.43
180088,18,2025-01-06,Office,12,1692.5,"$534,226.05",Available,,534226.05
180127,18,2025-01-06,Apartment,16,1360.96,"$416,303.05",Sold,C0926,416303.05
180138,18,2025-01-06,Apartment,18,1127.95,"$374,318.33",Sold,C1041,374318.33
180203,18,2025-01-06,Apartment,26,1147.71,"$361,077.20",Sold,C1008,361077.2
180235,18,2025-01-06,Apartment,29,578.36,"$161,894.87",Available,,161894.87
180290,18,2025-01-06,Apartment,36,1089.77,"$313,421.23",Available,,313421.23
180306,18,2025-01-06,Apartment,36,1089.77,"$402,516.04",Sold,C0909,402516.04
180336,18,2025-01-06,Apartment,38,1219.8,"$340,757.71",Available,,340757.71
180377,18,2025-01-06,Apartment,42,1045.42,"$310,262.34",Available,,310262.34
180391,18,2025-01-06,Apartment,44,1334.77,"$382,917.49",Available,,382917.49
180419,18,2025-01-06,Apartment,47,520.85,"$148,669.83",Sold,C0636,148669.83
180506,18,2025-01-06,Apartment,56,1311.59,"$393,273.93",Available,,393273.93
180568,18,2025-01-06,Apartment,66,1631.24,"$455,880.06",Sold,C0698,455880.06
180581,18,2025-01-06,Apartment,67,1664.17,"$516,162.59",Sold,C1102,516162.59
190011,19,2025-01-06,Apartment,3,1468.68,"$457,379.31",Sold,C0745,457379.31
190018,19,2025-01-06,Apartment,4,1225.38,"$396,498.32",Sold,C0015,396498.32
190047,19,2025-01-06,Apartment,8,974.77,"$214,449.40",Sold,C1290,214449.4
190049,19,2025-01-06,Apartment,8,974.77,"$306,437.45",Sold,C0267,306437.45
190062,19,2025-01-06,Apartment,10,747.71,"$229,661.72",Available,,229661.72
190073,19,2025-01-06,Apartment,11,1869.93,"$555,614.35",Sold,C0021,555614.35
190094,19,2025-01-06,Apartment,14,630.47,"$165,386.34",Sold,C1828,165386.34
190126,19,2025-01-06,Apartment,17,574.75,"$188,384.96",Sold,C1660,188384.96
190151,19,2025-01-06,Office,19,1697.73,"$542,183.91",Sold,C0679,542183.91
190164,19,2025-01-06,Apartment,21,477.75,"$142,903.22",Sold,C0193,142903.22
190224,19,2025-01-06,Apartment,26,668.24,"$226,669.36",Sold,C1751,226669.36
190237,19,2025-01-06,Apartment,28,1599.78,"$499,977.49",Available,,499977.49
190313,19,2025-01-06,Apartment,37,1565.26,"$502,880.78",Available,,502880.78
190325,19,2025-01-06,Apartment,39,1237.04,"$355,741.84",Sold,C0562,355741.84
190378,19,2025-01-06,Apartment,43,1697.72,"$550,601.55",Sold,C1035,550601.55
190382,19,2025-01-06,Apartment,43,1697.72,"$493,580.85",Available,,493580.85
190394,19,2025-01-06,Office,44,982.8,"$295,245.81",Sold,C1864,295245.81
190403,19,2025-01-06,Apartment,46,1926.19,"$502,978.74",Sold,C0080,502978.74
190408,19,2025-01-06,Apartment,46,1926.19,"$487,252.76",Sold,C1427,487252.76
200007,20,2025-01-06,Apartment,1,1898.39,"$574,257.04",Sold,C1000,574257.04
200014,20,2025-01-06,Apartment,1,1898.39,"$530,876.41",Available,,530876.41
200050,20,2025-01-06,Apartment,5,802.5,"$242,313.52",Available,,242313.52
200059,20,2025-01-06,Apartment,7,1757.4,"$484,961.34",Available,,484961.34
200061,20,2025-01-06,Apartment,7,1757.4,"$523,923.26",Sold,C0140,523923.26
200073,20,2025-01-06,Apartment,9,576.96,"$181,667.23",Sold,C1350,181667.23
200097,20,2025-01-06,Apartment,13,1587.57,"$446,886.08",Available,,446886.08
200104,20,2025-01-06,Office,14,837.37,"$256,581.18",Sold,C1592,256581.18
200141,20,2025-01-06,Apartment,17,1089.33,"$251,758.14",Sold,C1642,251758.14
200170,20,2025-01-06,Apartment,19,759.72,"$230,258.99",Sold,C1758,230258.99
200196,20,2025-01-06,Apartment,24,1188.07,"$340,066.82",Sold,C0164,340066.82
200223,20,2025-01-06,Office,27,993.62,"$338,397.47",Available,,338397.47
200235,20,2025-01-06,Apartment,29,1844.16,"$553,937.20",Sold,C1532,553937.2
200353,20,2025-01-06,Apartment,38,1499.47,"$342,484.01",Sold,C1413,342484.01
200436,20,2025-01-06,Apartment,49,880.76,"$279,388.09",Sold,C1447,279388.09
200447,20,2025-01-06,Apartment,50,493.06,"$160,247.33",Sold,C1986,160247.33
200457,20,2025-01-06,Apartment,51,1062.33,"$336,243.13",Sold,C1325,336243.13
200471,20,2025-01-06,Apartment,53,1119.38,"$328,626.21",Sold,C1185,328626.21
990017,4,2025-01-06,Apartment,34,794.52,"$208,655.67",Available,,208655.67
990023,5,2025-01-06,Apartment,36,1057.92,"$308,660.80",Available,,308660.8
1032,1,2025-01-07,Apartment,32,782.25,"$215,410.28",Sold,C0034,215410.28
1046,1,2025-01-07,Apartment,46,1942.5,"$503,790.23",Sold,C0077,503790.23
2009,2,2025-01-07,Apartment,9,747.5,"$237,060.15",Sold,C0148,237060.15
2051,2,2025-01-07,Apartment,51,1383.84,"$376,964.62",Sold,C0033,376964.62
3011,3,2025-01-07,Apartment,11,675.19,"$203,491.85",Sold,C0082,203491.85
3014,3,2025-01-07,Apartment,14,1132.06,"$346,906.89",Sold,C0086,346906.89
4009,4,2025-01-07,Apartment,9,789.25,"$264,238.95",Available,,264238.95
4028,4,2025-01-07,Apartment,28,794.52,"$248,422.66",Sold,C0116,248422.66
4031,4,2025-01-07,Apartment,31,733.19,"$200,678.75",Sold,C0106,200678.75
5002,5,2025-01-07,Apartment,2,1273.88,"$413,761.71",Available,,413761.71
5008,5,2025-01-07,Apartment,8,1273.88,"$396,330.29",Available,,396330.29
10078,1,2025-01-07,Office,10,1439.52,"$422,158.38",Sold,C1188,422158.38
10153,1,2025-01-07,Apartment,19,773.17,"$238,222.07",Sold,C0102,238222.07
10191,1,2025-01-07,Apartment,23,1201.5,"$373,627.99",Sold,C1133,373627.99
10209,1,2025-01-07,Apartment,24,1146.11,"$278,050.57",Sold,C1460,278050.57
10213,1,2025-01-07,Apartment,24,1146.11,"$344,932.28",Sold,C0588,344932.28
10288,1,2025-01-07,Apartment,30,753.29,"$220,486.36",Sold,C0225,220486.36
10293,1,2025-01-07,Apartment,31,619.78,"$218,721.31",Sold,C1775,218721.31
10299,1,2025-01-07,Apartment,31,619.78,"$186,449.51",Sold,C0069,186449.51
10321,1,2025-01-07,Apartment,34,1469.14,"$480,389.44",Available,,480389.44
10367,1,2025-01-07,Apartment,40,784.22,"$239,410.52",Sold,C0223,239410.52
10370,1,2025-01-07,Apartment,41,835.25,"$259,177.50",Sold,C0134,259177.5
10375,1,2025-01-07,Apartment,41,835.25,"$260,615.44",Sold,C0601,260615.44
10386,1,2025-01-07,Apartment,45,767.46,"$231,141.19",Sold,C1684,231141.19
10388,1,2025-01-07,Apartment,45,767.46,"$214,768.44",Sold,C0659,214768.44
10401,1,2025-01-07,Apartment,46,1153.16,"$318,364.63",Available,,318364.63
20011,2,2025-01-07,Office,2,788.72,"$256,341.62",Sold,C0368,256341.62
20044,2,2025-01-07,Apartment,5,933.95,"$262,038.58",Sold,C0062,262038.58
20053,2,2025-01-07,Apartment,6,967.84,"$251,007.77",Sold,C1725,251007.77
20054,2,2025-01-07,Apartment,6,967.84,"$230,388.82",Sold,C1290,230388.82
20094,2,2025-01-07,Apartment,11,1625.05,"$458,130.82",Sold,C1182,458130.82
20112,2,2025-01-07,Apartment,13,782.33,"$189,716.04",Sold,C1811,189716.04
20138,2,2025-01-07,Apartment,17,1397.4,"$400,642.98",Available,,400642.98
20150,2,2025-01-07,Apartment,17,1397.4,"$379,274.31",Sold,C0319,379274.31
20190,2,2025-01-07,Apartment,22,653.41,"$202,732.69",Available,,202732.69
20252,2,2025-01-07,Apartment,28,650.67,"$203,274.98",Available,,203274.98
20293,2,2025-01-07,Apartment,34,800.26,"$242,793.49",Sold,C1654,242793.49
20317,2,2025-01-07,Apartment,37,780.46,"$234,043.78",Sold,C0562,234043.78
20325,2,2025-01-07,Apartment,39,788.77,"$238,068.88",Sold,C1662,238068.88
20330,2,2025-01-07,Office,40,1599.45,"$598,032.14",Sold,C0514,598032.14
20339,2,2025-01-07,Apartment,41,654.93,"$181,240.83",Sold,C0487,181240.83
20365,2,2025-01-07,Apartment,43,1118.94,"$315,555.56",Available,,315555.56
20373,2,2025-01-07,Apartment,45,782.2,"$190,749.87",Available,,190749.87
20396,2,2025-01-07,Apartment,46,697.74,"$212,432.38",Sold,C0166,212432.38
20432,2,2025-01-07,Apartment,50,1604.8,"$519,379.11",Sold,C0970,519379.11
30048,3,2025-01-07,Apartment,5,701.19,"$222,244.84",Available,,222244.84
30073,3,2025-01-07,Apartment,7,744.01,"$202,450.21",Sold,C1061,202450.21
30116,3,2025-01-07,Apartment,10,784.09,"$237,485.87",Sold,C1981,237485.87
30163,3,2025-01-07,Apartment,18,706.68,"$193,159.98",Sold,C0761,193159.98
30172,3,2025-01-07,Apartment,19,1602.22,"$500,837.84",Sold,C0913,500837.84
30217,3,2025-01-07,Apartment,25,765.56,"$242,747.00",Sold,C1855,242747.0
30237,3,2025-01-07,Apartment,27,1117.14,"$370,723.42",Sold,C0754,370723.42
30305,3,2025-01-07,Apartment,37,659.12,"$189,994.54",Sold,C1533,189994.54
30371,3,2025-01-07,Office,46,1599.81,"$498,755.52",Sold,C1163,498755.52
30374,3,2025-01-07,Office,46,1599.81,"$465,704.47",Sold,C1712,465704.47
30385,3,2025-01-07,Apartment,47,691.09,"$213,289.95",Sold,C1323,213289.95
30394,3,2025-01-07,Apartment,48,783.39,"$260,404.56",Sold,C1505,260404.56
30417,3,2025-01-07,Apartment,49,1174.48,"$371,062.38",Sold,C0326,371062.38
30440,3,2025-01-07,Office,51,693.85,"$214,979.96",Sold,C1287,214979.96
30481,3,2025-01-07,Apartment,56,1179.42,"$334,406.06",Sold,C1128,334406.06
30489,3,2025-01-07,Apartment,57,1607.94,"$506,860.65",Sold,C1221,506860.65
40024,4,2025-01-07,Apartment,3,1630.82,"$454,723.50",Sold,C1833,454723.5
40078,4,2025-01-07,Apartment,10,1614.62,"$468,158.00",Sold,C1952,468158.0
40134,4,2025-01-07,Apartment,16,1128.21,"$304,246.71",Sold,C0862,304246.71
40136,4,2025-01-07,Apartment,16,1128.21,"$361,816.43",Sold,C1948,361816.43
40155,4,2025-01-07,Apartment,18,1294.91,"$439,697.13",Available,,439697.13
40177,4,2025-01-07,Apartment,21,801.66,"$228,320.41",Available,,228320.41
40179,4,2025-01-07,Apartment,22,737.92,"$214,029.65",Available,,214029.65
40221,4,2025-01-07,Apartment,26,790.05,"$201,749.58",Available,,201749.58
40224,4,2025-01-07,Office,26,790.05,"$289,745.77",Sold,C1458,289745.77
40230,4,2025-01-07,Office,26,790.05,"$287,489.21",Available,,287489.21
40233,4,2025-01-07,Apartment,28,1070.72,"$354,722.93",Sold,C0910,354722.93
40263,4,2025-01-07,Apartment,31,793.1,"$215,852.80",Sold,C0378,215852.8
40309,4,2025-01-07,Apartment,37,800.13,"$221,577.59",Available,,221577.59
40363,4,2025-01-07,Office,43,1616.99,"$545,057.23",Sold,C0323,545057.23
40428,4,2025-01-07,Apartment,49,739.7,"$240,010.80",Available,,240010.8
50014,5,2025-01-07,Apartment,4,799.1,"$217,221.31",Sold,C0169,217221.31
50073,5,2025-01-07,Apartment,10,629.27,"$208,186.63",Sold,C1708,208186.63
50086,5,2025-01-07,Apartment,11,1058.56,"$334,865.34",Sold,C0357,334865.34
50087,5,2025-01-07,Apartment,11,1058.56,"$273,851.27",Sold,C1614,273851.27
50090,5,2025-01-07,Apartment,11,1058.56,"$334,529.95",Sold,C1954,334529.95
50097,5,2025-01-07,Apartment,12,787.5,"$249,069.17",Available,,249069.17
50099,5,2025-01-07,Apartment,12,787.5,"$236,624.58",Available,,236624.58
50106,5,2025-01-07,Apartment,13,791.13,"$214,742.35",Sold,C1607,214742.35
50112,5,2025-01-07,Apartment,14,624.96,"$196,161.06",Sold,C1112,196161.06
50144,5,2025-01-07,Apartment,19,819.72,"$235,001.37",Available,,235001.37
50146,5,2025-01-07,Apartment,19,819.72,"$253,448.35",Sold,C1464,253448.35
50212,5,2025-01-07,Apartment,28,1247.24,"$405,286.92",Available,,405286.92
50262,5,2025-01-07,Apartment,35,605.55,"$162,856.39",Sold,C0555,162856.39
50265,5,2025-01-07,Apartment,35,605.55,"$182,294.98",Sold,C0362,182294.98
50283,5,2025-01-07,Apartment,36,627.56,"$194,329.57",Available,,194329.57
50294,5,2025-01-07,Apartment,39,591.14,"$157,392.65",Sold,C0927,157392.65
50300,5,2025-01-07,Apartment,40,1053.41,"$350,764.21",Sold,C1303,350764.21
50304,5,2025-01-07,Apartment,41,630.83,"$171,964.59",Available,,171964.59
50327,5,2025-01-07,Apartment,42,791.2,"$250,414.38",Available,,250414.38
50374,5,2025-01-07,Apartment,45,608.89,"$180,409.23",Sold,C1999,180409.23
50375,5,2025-01-07,Apartment,45,608.89,"$185,170.24",Sold,C0604,185170.24
50382,5,2025-01-07,Office,46,1272.95,"$461,757.33",Available,,461757.33
50426,5,2025-01-07,Apartment,49,795.75,"$270,228.82",Sold,C0066,270228.82
50437,5,2025-01-07,Apartment,51,1029.59,"$274,272.39",Available,,274272.39
50446,5,2025-01-07,Apartment,52,1755.18,"$598,512.98",Sold,C1690,598512.98
60029,6,2025-01-07,Apartment,3,605.21,"$189,133.40",Sold,C1666,189133.4
60042,6,2025-01-07,Office,4,1925.28,"$626,977.89",Sold,C1661,626977.89
60063,6,2025-01-07,Apartment,5,1617.43,"$494,631.27",Sold,C0802,494631.27
60081,6,2025-01-07,Apartment,7,1075.42,"$355,384.51",Sold,C0229,355384.51
60090,6,2025-01-07,Apartment,7,1075.42,"$295,490.61",Available,,295490.61
60120,6,2025-01-07,Apartment,10,942.08,"$317,171.03",Sold,C0558,317171.03
60146,6,2025-01-07,Office,12,1678.17,"$635,034.32",Sold,C0969,635034.32
60149,6,2025-01-07,Apartment,12,1678.17,"$461,132.81",Sold,C1217,461132.81
60212,6,2025-01-07,Apartment,20,1897.17,"$629,513.20",Sold,C1352,629513.2
60213,6,2025-01-07,Office,20,1897.17,"$561,711.27",Sold,C1208,561711.27
60217,6,2025-01-07,Apartment,20,1897.17,"$577,465.19",Available,,577465.19
60242,6,2025-01-07,Apartment,24,1159.75,"$330,327.79",Sold,C1745,330327.79
60259,6,2025-01-07,Apartment,27,830.65,"$281,288.26",Sold,C0122,281288.26
60273,6,2025-01-07,Apartment,29,1691.02,"$453,294.55",Sold,C0022,453294.55
60310,6,2025-01-07,Apartment,34,1353.81,"$392,854.20",Sold,C1563,392854.2
60335,6,2025-01-07,Apartment,37,1721.96,"$514,358.91",Sold,C1778,514358.91
60383,6,2025-01-07,Apartment,43,1492.81,"$447,127.24",Sold,C1309,447127.24
60385,6,2025-01-07,Apartment,44,842.69,"$256,117.85",Sold,C1465,256117.85
60396,6,2025-01-07,Apartment,47,550.99,"$169,044.97",Sold,C0111,169044.97
60426,6,2025-01-07,Apartment,51,1476.63,"$457,718.07",Sold,C0133,457718.07
60455,6,2025-01-07,Apartment,53,1170.96,"$377,185.21",Available,,377185.21
60476,6,2025-01-07,Apartment,55,562.37,"$181,449.20",Sold,C0479,181449.2
70008,7,2025-01-07,Apartment,2,1478.43,"$403,256.60",Available,,403256.6
70027,7,2025-01-07,Apartment,5,1144.09,"$325,853.23",Sold,C1597,325853.23
70033,7,2025-01-07,Apartment,5,1144.09,"$330,337.76",Sold,C0976,330337.76
70068,7,2025-01-07,Apartment,10,1495.37,"$399,356.53",Available,,399356.53
70078,7,2025-01-07,Apartment,12,804.65,"$270,004.76",Sold,C0628,270004.76
70095,7,2025-01-07,Apartment,13,604.6,"$162,649.73",Sold,C0484,162649.73
70115,7,2025-01-07,Apartment,15,602.92,"$155,871.73",Available,,155871.73
70122,7,2025-01-07,Apartment,15,602.92,"$186,300.71",Sold,C0102,186300.71
70178,7,2025-01-07,Apartment,20,1160.82,"$389,909.94",Sold,C1472,389909.94
70226,7,2025-01-07,Apartment,25,573.8,"$176,345.04",Sold,C0445,176345.04
70235,7,2025-01-07,Apartment,26,717.0,"$230,694.26",Sold,C0636,230694.26
70237,7,2025-01-07,Apartment,26,717.0,"$215,991.95",Sold,C0455,215991.95
70275,7,2025-01-07,Apartment,31,839.7,"$184,734.00",Sold,C1192,184734.0
70281,7,2025-01-07,Apartment,34,1487.05,"$417,696.06",Sold,C0611,417696.06
70289,7,2025-01-07,Apartment,35,613.21,"$233,206.03",Sold,C0668,233206.03
70350,7,2025-01-07,Apartment,41,1093.92,"$322,434.46",Sold,C1659,322434.46
70375,7,2025-01-07,Apartment,43,498.61,"$167,795.76",Sold,C0453,167795.76
70415,7,2025-01-07,Apartment,48,533.35,"$145,614.58",Sold,C0745,145614.58
70423,7,2025-01-07,Office,49,1383.05,"$431,452.51",Sold,C0853,431452.51
70464,7,2025-01-07,Apartment,54,1940.69,"$582,747.93",Sold,C1832,582747.93
70481,7,2025-01-07,Apartment,56,1589.6,"$474,045.23",Sold,C0074,474045.23
70491,7,2025-01-07,Apartment,58,1629.83,"$487,000.40",Available,,487000.4
70496,7,2025-01-07,Apartment,58,1629.83,"$500,475.25",Sold,C1828,500475.25
70513,7,2025-01-07,Office,59,765.3,"$221,107.63",Sold,C0807,221107.63
80042,8,2025-01-07,Apartment,5,887.23,"$269,136.39",Sold,C1437,269136.39
80052,8,2025-01-07,Apartment,5,887.23,"$257,981.51",Sold,C1414,257981.51
80096,8,2025-01-07,Apartment,11,742.87,"$205,370.02",Sold,C1751,205370.02
80114,8,2025-01-07,Apartment,14,685.93,"$187,417.14",Sold,C1174,187417.14
80120,8,2025-01-07,Office,14,685.93,"$222,588.56",Sold,C1339,222588.56
80187,8,2025-01-07,Apartment,26,1625.38,"$461,367.86",Sold,C1411,461367.86
80243,8,2025-01-07,Apartment,31,1253.18,"$391,625.27",Available,,391625.27
80330,8,2025-01-07,Office,37,890.65,"$345,383.67",Sold,C1918,345383.67
80350,8,2025-01-07,Office,40,861.57,"$261,882.02",Sold,C0283,261882.02
80377,8,2025-01-07,Apartment,45,1185.72,"$369,160.20",Sold,C0190,369160.2
80400,8,2025-01-07,Apartment,46,1175.51,"$377,547.74",Available,,377547.74
80410,8,2025-01-07,Apartment,47,543.08,"$170,653.24",Sold,C0327,170653.24
80458,8,2025-01-07,Apartment,54,1699.02,"$566,678.96",Sold,C0757,566678.96
80474,8,2025-01-07,Office,55,1300.05,"$419,469.06",Sold,C1642,419469.06
80501,8,2025-01-07,Apartment,58,1448.59,"$501,367.77",Sold,C1977,501367.77
90018,9,2025-01-07,Apartment,4,1139.87,"$344,936.43",Sold,C0630,344936.43
90024,9,2025-01-07,Office,5,1416.81,"$463,942.66",Sold,C0414,463942.66
90037,9,2025-01-07,Apartment,7,697.68,"$220,267.94",Available,,220267.94
90171,9,2025-01-07,Apartment,26,1038.39,"$307,532.45",Sold,C1389,307532.45
90179,9,2025-01-07,Apartment,27,1207.33,"$424,440.43",Sold,C1394,424440.43
90228,9,2025-01-07,Apartment,33,973.52,"$373,575.86",Sold,C1955,373575.86
90231,9,2025-01-07,Office,33,973.52,"$337,626.66",Available,,337626.66
90247,9,2025-01-07,Apartment,34,1577.36,"$503,187.79",Available,,503187.79
90293,9,2025-01-07,Apartment,36,1582.79,"$516,417.01",Sold,C1576,516417.01
90294,9,2025-01-07,Office,36,1582.79,"$588,774.57",Available,,588774.57
90318,9,2025-01-07,Office,38,1260.31,"$357,939.72",Sold,C0379,357939.72
90328,9,2025-01-07,Apartment,39,1839.34,"$562,959.47",Available,,562959.47
90331,9,2025-01-07,Apartment,39,1839.34,"$563,972.46",Sold,C1523,563972.46
90339,9,2025-01-07,Apartment,40,1090.32,"$312,165.81",Sold,C1001,312165.81
90346,9,2025-01-07,Apartment,40,1090.32,"$274,917.87",Sold,C1971,274917.87
90369,9,2025-01-07,Apartment,44,1351.57,"$348,631.72",Sold,C1643,348631.72
90443,9,2025-01-07,Apartment,56,1516.4,"$452,998.59",Available,,452998.59
90445,9,2025-01-07,Office,56,1516.4,"$410,865.42",Sold,C0925,410865.42
90460,9,2025-01-07,Apartment,57,1198.57,"$338,713.65",Sold,C0743,338713.65
90473,9,2025-01-07,Apartment,58,838.34,"$254,835.58",Sold,C0397,254835.58
100051,10,2025-01-07,Apartment,5,1741.96,"$383,231.20",Sold,C1992,383231.2
100166,10,2025-01-07,Apartment,21,1251.45,"$364,280.42",Sold,C0042,364280.42
100189,10,2025-01-07,Apartment,26,1294.85,"$398,568.84",Sold,C0729,398568.84
100244,10,2025-01-07,Apartment,30,1559.4,"$490,098.29",Sold,C0196,490098.29
100255,10,2025-01-07,Apartment,30,1559.4,"$447,157.69",Available,,447157.69
100263,10,2025-01-07,Apartment,31,1499.0,"$434,156.50",Available,,434156.5
100357,10,2025-01-07,Apartment,43,1093.67,"$296,416.45",Sold,C0519,296416.45
100424,10,2025-01-07,Office,50,1138.32,"$388,182.22",Sold,C1112,388182.22
100427,10,2025-01-07,Office,50,1138.32,"$313,972.36",Sold,C0246,313972.36
110002,11,2025-01-07,Apartment,1,1902.88,"$500,394.39",Sold,C0991,500394.39
110007,11,2025-01-07,Apartment,1,1902.88,"$657,622.51",Sold,C1378,657622.51
110022,11,2025-01-07,Apartment,3,1479.84,"$484,806.07",Sold,C0460,484806.07
110184,11,2025-01-07,Apartment,20,570.62,"$167,625.61",Sold,C1303,167625.61
110191,11,2025-01-07,Apartment,22,1755.05,"$501,753.97",Available,,501753.97
110282,11,2025-01-07,Apartment,34,680.07,"$192,370.45",Available,,192370.45
110345,11,2025-01-07,Apartment,42,808.59,"$281,759.38",Sold,C1026,281759.38
110355,11,2025-01-07,Apartment,42,808.59,"$235,144.76",Available,,235144.76
110364,11,2025-01-07,Apartment,43,810.65,"$262,417.84",Available,,262417.84
110388,11,2025-01-07,Office,45,1651.09,"$540,922.90",Sold,C0669,540922.9
110389,11,2025-01-07,Apartment,45,1651.09,"$481,857.40",Sold,C1023,481857.4
110397,11,2025-01-07,Apartment,47,1456.74,"$446,685.14",Sold,C1279,446685.14
110449,11,2025-01-07,Apartment,52,1397.58,"$325,562.57",Sold,C1005,325562.57
110455,11,2025-01-07,Apartment,52,1397.58,"$434,697.28",Available,,434697.28
110485,11,2025-01-07,Apartment,57,1008.58,"$266,688.48",Sold,C0152,266688.48
110508,11,2025-01-07,Apartment,61,1299.46,"$370,132.95",Sold,C1024,370132.95
110533,11,2025-01-07,Apartment,62,1938.82,"$568,773.25",Sold,C1139,568773.25
120001,12,2025-01-07,Apartment,1,839.95,"$242,722.44",Sold,C0256,242722.44
120042,12,2025-01-07,Apartment,4,1559.34,"$475,181.99",Sold,C0877,475181.99
120051,12,2025-01-07,Apartment,5,495.04,"$163,205.77",Sold,C0565,163205.77
120077,12,2025-01-07,Apartment,9,857.88,"$343,645.42",Sold,C0982,343645.42
120093,12,2025-01-07,Apartment,12,959.05,"$278,391.46",Sold,C1785,278391.46
120134,12,2025-01-07,Apartment,16,1523.02,"$441,676.48",Sold,C1584,441676.48
120180,12,2025-01-07,Apartment,20,1802.21,"$509,189.13",Available,,509189.13
120185,12,2025-01-07,Apartment,20,1802.21,"$561,841.89",Sold,C1465,561841.89
120206,12,2025-01-07,Apartment,23,1094.46,"$392,440.08",Sold,C1752,392440.08
120213,12,2025-01-07,Apartment,24,1306.75,"$350,796.84",Sold,C1003,350796.84
120228,12,2025-01-07,Apartment,24,1306.75,"$409,681.61",Sold,C1324,409681.61
120239,12,2025-01-07,Apartment,25,1540.51,"$477,017.14",Sold,C0560,477017.14
120241,12,2025-01-07,Apartment,26,557.9,"$140,289.60",Sold,C1435,140289.6
120246,12,2025-01-07,Apartment,26,557.9,"$191,930.42",Sold,C0183,191930.42
120275,12,2025-01-07,Apartment,30,622.2,"$202,208.48",Sold,C1897,202208.48
120313,12,2025-01-07,Apartment,34,1817.64,"$578,315.70",Sold,C0994,578315.7
120363,12,2025-01-07,Apartment,38,1157.23,"$315,993.38",Sold,C0282,315993.38
120409,12,2025-01-07,Office,47,1528.05,"$608,146.84",Sold,C1956,608146.84
130002,13,2025-01-07,Apartment,1,1899.92,"$519,344.48",Available,,519344.48
130005,13,2025-01-07,Office,1,1899.92,"$720,425.67",Sold,C0687,720425.67
130036,13,2025-01-07,Apartment,3,979.64,"$349,012.84",Sold,C0588,349012.84
130048,13,2025-01-07,Apartment,4,1629.74,"$440,680.26",Sold,C1649,440680.26
130104,13,2025-01-07,Office,12,1858.65,"$436,579.35",Sold,C0242,436579.35
130113,13,2025-01-07,Apartment,14,777.75,"$218,454.43",Sold,C1995,218454.43
130122,13,2025-01-07,Apartment,14,777.75,"$253,385.21",Sold,C1775,253385.21
130161,13,2025-01-07,Apartment,19,758.69,"$193,003.33",Sold,C1507,193003.33
130168,13,2025-01-07,Office,19,758.69,"$226,014.90",Sold,C1503,226014.9
130179,13,2025-01-07,Office,20,516.72,"$126,443.98",Sold,C1671,126443.98
130186,13,2025-01-07,Apartment,20,516.72,"$155,923.76",Sold,C0480,155923.76
130208,13,2025-01-07,Apartment,24,1044.69,"$328,347.26",Sold,C0179,328347.26
130213,13,2025-01-07,Office,24,1044.69,"$327,589.46",Sold,C0105,327589.46
130224,13,2025-01-07,Apartment,26,1867.78,"$587,960.16",Sold,C0453,587960.16
130230,13,2025-01-07,Apartment,27,885.68,"$265,285.70",Sold,C1100,265285.7
130240,13,2025-01-07,Apartment,28,1173.72,"$308,106.88",Sold,C0247,308106.88
130247,13,2025-01-07,Apartment,29,568.7,"$153,351.40",Sold,C0849,153351.4
130263,13,2025-01-07,Apartment,30,1777.51,"$657,039.24",Sold,C0518,657039.24
130328,13,2025-01-07,Apartment,37,1555.67,"$453,416.10",Sold,C1134,453416.1
130419,13,2025-01-07,Apartment,47,1874.35,"$620,192.42",Sold,C0580,620192.42
130477,13,2025-01-07,Apartment,54,1029.15,"$272,285.59",Available,,272285.59
130499,13,2025-01-07,Apartment,58,1115.72,"$389,307.28",Sold,C1032,389307.28
130538,13,2025-01-07,Apartment,61,1333.63,"$379,627.10",Available,,379627.1
140028,14,2025-01-07,Apartment,5,424.34,"$127,025.78",Sold,C0775,127025.78
140030,14,2025-01-07,Apartment,5,424.34,"$140,813.74",Available,,140813.74
140034,14,2025-01-07,Apartment,6,1733.36,"$434,353.16",Available,,434353.16
140057,14,2025-01-07,Apartment,8,618.89,"$183,787.02",Sold,C1515,183787.02
140058,14,2025-01-07,Apartment,8,618.89,"$169,982.66",Sold,C0793,169982.66
140078,14,2025-01-07,Apartment,11,1431.42,"$437,447.15",Sold,C1427,437447.15
140175,14,2025-01-07,Apartment,18,500.17,"$135,718.84",Sold,C0392,135718.84
140247,14,2025-01-07,Apartment,29,1618.34,"$562,572.19",Sold,C0292,562572.19
140269,14,2025-01-07,Apartment,29,1618.34,"$500,722.63",Sold,C0432,500722.63
140283,14,2025-01-07,Apartment,33,1894.96,"$583,134.02",Sold,C1595,583134.02
140351,14,2025-01-07,Apartment,42,1350.7,"$385,371.27",Sold,C1932,385371.27
140363,14,2025-01-07,Apartment,44,840.77,"$285,984.27",Sold,C0937,285984.27
140386,14,2025-01-07,Apartment,47,917.53,"$301,398.29",Sold,C0563,301398.29
140392,14,2025-01-07,Apartment,47,917.53,"$273,689.39",Sold,C0530,273689.39
140401,14,2025-01-07,Apartment,48,1941.78,"$509,124.24",Sold,C0147,509124.24
140407,14,2025-01-07,Office,49,1231.75,"$448,815.67",Sold,C1251,448815.67
140414,14,2025-01-07,Apartment,49,1231.75,"$366,107.61",Available,,366107.61
140430,14,2025-01-07,Apartment,51,1346.3,"$381,543.59",Sold,C0026,381543.59
140446,14,2025-01-07,Office,52,571.74,"$158,787.99",Sold,C0898,158787.99
140448,14,2025-01-07,Apartment,52,571.74,"$166,516.67",Sold,C1768,166516.67
140472,14,2025-01-07,Apartment,55,1415.9,"$371,992.71",Available,,371992.71
150003,15,2025-01-07,Office,1,1596.51,"$411,781.07",Sold,C1336,411781.07
150017,15,2025-01-07,Apartment,2,1522.89,"$468,941.17",Available,,468941.17
150117,15,2025-01-07,Apartment,16,1692.61,"$540,022.29",Sold,C0997,540022.29
150142,15,2025-01-07,Apartment,17,562.64,"$169,922.25",Sold,C0273,169922.25
150184,15,2025-01-07,Office,23,1279.23,"$391,678.22",Available,,391678.22
150223,15,2025-01-07,Office,26,961.01,"$296,351.94",Sold,C0776,296351.94
150235,15,2025-01-07,Apartment,26,961.01,"$268,604.55",Sold,C0645,268604.55
150316,15,2025-01-07,Apartment,36,1424.81,"$475,881.66",Sold,C1261,475881.66
150434,15,2025-01-07,Apartment,54,1495.13,"$439,529.60",Sold,C0234,439529.6
150444,15,2025-01-07,Apartment,55,892.75,"$308,888.38",Available,,308888.38
160006,16,2025-01-07,Apartment,1,637.07,"$193,069.04",Sold,C0878,193069.04
160041,16,2025-01-07,Apartment,5,749.15,"$214,745.32",Sold,C0058,214745.32
160061,16,2025-01-07,Apartment,8,986.18,"$301,693.78",Sold,C0894,301693.78
160110,16,2025-01-07,Apartment,11,1288.42,"$400,174.08",Available,,400174.08
160114,16,2025-01-07,Apartment,12,549.98,"$158,974.32",Sold,C0640,158974.32
160115,16,2025-01-07,Apartment,12,549.98,"$177,362.74",Sold,C0810,177362.74
160128,16,2025-01-07,Apartment,14,660.84,"$188,928.74",Sold,C1165,188928.74
160142,16,2025-01-07,Office,17,836.32,"$243,144.00",Available,,243144.0
160160,16,2025-01-07,Apartment,21,837.95,"$248,256.07",Sold,C0741,248256.07
160172,16,2025-01-07,Apartment,21,837.95,"$246,839.66",Sold,C1708,246839.66
160186,16,2025-01-07,Apartment,23,594.14,"$184,707.19",Sold,C1213,184707.19
160195,16,2025-01-07,Apartment,24,1077.77,"$324,556.46",Sold,C1348,324556.46
160209,16,2025-01-07,Apartment,26,1458.08,"$509,234.25",Available,,509234.25
160220,16,2025-01-07,Apartment,27,1164.55,"$351,319.42",Sold,C1677,351319.42
160257,16,2025-01-07,Apartment,30,1024.75,"$318,694.09",Sold,C1962,318694.09
160261,16,2025-01-07,Apartment,31,1336.97,"$377,269.07",Sold,C0947,377269.07
160298,16,2025-01-07,Apartment,35,629.97,"$161,300.27",Sold,C1415,161300.27
160364,16,2025-01-07,Apartment,42,1496.62,"$387,052.70",Sold,C1097,387052.7
170005,17,2025-01-07,Apartment,1,530.28,"$161,195.85",Sold,C1845,161195.85
170104,17,2025-01-07,Apartment,12,451.91,"$147,264.94",Sold,C1867,147264.94
170133,17,2025-01-07,Apartment,15,1365.73,"$414,990.91",Sold,C1439,414990.91
170166,17,2025-01-07,Apartment,17,1827.25,"$577,003.83",Sold,C1026,577003.83
170168,17,2025-01-07,Apartment,17,1827.25,"$535,756.29",Sold,C0672,535756.29
170178,17,2025-01-07,Apartment,19,1712.06,"$553,899.49",Sold,C0586,553899.49
170227,17,2025-01-07,Apartment,26,929.59,"$282,131.87",Sold,C0061,282131.87
170228,17,2025-01-07,Office,27,677.24,"$172,612.98",Sold,C0177,172612.98
170251,17,2025-01-07,Apartment,28,1201.04,"$329,311.13",Available,,329311.13
170263,17,2025-01-07,Apartment,32,954.54,"$293,871.30",Available,,293871.3
170279,17,2025-01-07,Apartment,33,1532.89,"$445,511.76",Available,,445511.76
170328,17,2025-01-07,Apartment,40,1583.13,"$387,637.86",Sold,C0056,387637.86
170372,17,2025-01-07,Apartment,46,1582.61,"$479,666.77",Sold,C0148,479666.77
170408,17,2025-01-07,Apartment,48,1833.96,"$545,747.26",Sold,C1452,545747.26
170433,17,2025-01-07,Apartment,50,1392.01,"$384,988.52",Available,,384988.52
170443,17,2025-01-07,Apartment,51,1375.52,"$431,210.50",Sold,C0510,431210.5
180060,18,2025-01-07,Apartment,6,840.25,"$255,157.38",Available,,255157.38
180090,18,2025-01-07,Office,12,1692.5,"$591,179.27",Sold,C0322,591179.27
180118,18,2025-01-07,Apartment,16,1360.96,"$476,038.28",Sold,C0111,476038.28
180124,18,2025-01-07,Apartment,16,1360.96,"$349,788.42",Sold,C0756,349788.42
180126,18,2025-01-07,Office,16,1360.96,"$409,183.72",Sold,C0156,409183.72
180132,18,2025-01-07,Office,17,1195.81,"$414,448.26",Sold,C1098,414448.26
180133,18,2025-01-07,Apartment,17,1195.81,"$360,530.43",Sold,C1978,360530.43
180134,18,2025-01-07,Apartment,17,1195.81,"$328,597.34",Available,,328597.34
180181,18,2025-01-07,Apartment,23,1659.02,"$526,965.08",Available,,526965.08
180194,18,2025-01-07,Apartment,25,911.94,"$271,952.94",Sold,C1897,271952.94
180209,18,2025-01-07,Apartment,26,1147.71,"$359,968.76",Sold,C0171,359968.76
180220,18,2025-01-07,Apartment,28,514.67,"$151,439.51",Sold,C0590,151439.51
180224,18,2025-01-07,Apartment,28,514.67,"$156,565.93",Available,,156565.93
180268,18,2025-01-07,Apartment,31,945.46,"$300,055.48",Sold,C1988,300055.48
180292,18,2025-01-07,Apartment,36,1089.77,"$321,544.55",Sold,C1772,321544.55
180318,18,2025-01-07,Apartment,37,1092.32,"$273,778.55",Sold,C0154,273778.55
180370,18,2025-01-07,Apartment,41,852.83,"$237,789.86",Available,,237789.86
180425,18,2025-01-07,Office,48,564.59,"$171,154.65",Sold,C1815,171154.65
180437,18,2025-01-07,Apartment,49,1457.92,"$353,163.26",Sold,C1249,353163.26
180442,18,2025-01-07,Apartment,49,1457.92,"$431,287.44",Sold,C1974,431287.44
180465,18,2025-01-07,Office,52,1424.54,"$413,387.67",Sold,C0474,413387.67
180531,18,2025-01-07,Apartment,60,1488.67,"$482,626.46",Sold,C1474,482626.46
180569,18,2025-01-07,Apartment,66,1631.24,"$570,262.07",Sold,C1724,570262.07
190009,19,2025-01-07,Apartment,3,1468.68,"$501,437.39",Sold,C1289,501437.39
190117,19,2025-01-07,Apartment,16,1711.98,"$546,186.98",Sold,C1944,546186.98
190168,19,2025-01-07,Apartment,21,477.75,"$166,270.85",Sold,C0911,166270.85
190178,19,2025-01-07,Office,22,935.25,"$307,314.02",Sold,C0726,307314.02
190231,19,2025-01-07,Apartment,27,1691.96,"$473,832.01",Sold,C1924,473832.01
190401,19,2025-01-07,Apartment,46,1926.19,"$548,965.53",Sold,C1395,548965.53
200009,20,2025-01-07,Office,1,1898.39,"$594,737.23",Sold,C0970,594737.23
200026,20,2025-01-07,Apartment,2,1669.84,"$520,222.17",Available,,520222.17
200045,20,2025-01-07,Office,5,802.5,"$259,576.23",Sold,C1989,259576.23
200051,20,2025-01-07,Apartment,6,1401.0,"$385,581.71",Sold,C1375,385581.71
200081,20,2025-01-07,Apartment,11,1722.28,"$415,775.90",Sold,C0071,415775.9
200084,20,2025-01-07,Apartment,11,1722.28,"$443,196.31",Sold,C1362,443196.31
200149,20,2025-01-07,Apartment,18,1868.01,"$564,689.47",Available,,564689.47
200172,20,2025-01-07,Apartment,19,759.72,"$294,375.06",Sold,C0292,294375.06
200174,20,2025-01-07,Apartment,19,759.72,"$226,160.18",Sold,C1195,226160.18
200184,20,2025-01-07,Apartment,19,759.72,"$250,848.47",Sold,C1077,250848.47
200194,20,2025-01-07,Office,22,460.81,"$125,265.20",Available,,125265.2
200201,20,2025-01-07,Apartment,24,1188.07,"$369,160.77",Sold,C1590,369160.77
200215,20,2025-01-07,Apartment,26,1941.62,"$675,388.05",Sold,C1175,675388.05
200219,20,2025-01-07,Apartment,26,1941.62,"$535,120.87",Sold,C0272,535120.87
200273,20,2025-01-07,Apartment,31,1414.44,"$468,923.36",Available,,468923.36
200275,20,2025-01-07,Apartment,31,1414.44,"$422,212.06",Sold,C0139,422212.06
200289,20,2025-01-07,Office,32,1630.81,"$513,272.97",Sold,C1868,513272.97
200305,20,2025-01-07,Apartment,33,630.53,"$177,735.84",Available,,177735.84
200315,20,2025-01-07,Apartment,34,858.93,"$284,307.13",Sold,C1073,284307.13
200332,20,2025-01-07,Apartment,36,1484.99,"$389,325.25",Sold,C0243,389325.25
200337,20,2025-01-07,Office,37,632.35,"$172,701.30",Sold,C1786,172701.3
200377,20,2025-01-07,Apartment,40,428.03,"$133,227.57",Sold,C0818,133227.57
200394,20,2025-01-07,Apartment,43,1697.49,"$528,059.78",Available,,528059.78
200400,20,2025-01-07,Apartment,46,1227.49,"$373,068.75",Sold,C0834,373068.75
200419,20,2025-01-07,Apartment,48,860.8,"$278,311.59",Sold,C0544,278311.59
3036,3,2025-01-08,Apartment,36,1127.76,"$358,525.59",Sold,C0003,358525.59
5050,5,2025-01-08,Apartment,50,1093.0,"$390,494.27",Sold,C0101,390494.27
10009,1,2025-01-08,Apartment,2,715.67,"$219,564.15",Sold,C1731,219564.15
10014,1,2025-01-08,Apartment,3,788.73,"$248,108.79",Sold,C1645,248108.79
10067,1,2025-01-08,Apartment,8,763.88,"$243,486.26",Sold,C0976,243486.26
10069,1,2025-01-08,Apartment,8,763.88,"$208,582.28",Sold,C0896,208582.28
10072,1,2025-01-08,Apartment,8,763.88,"$191,375.94",Sold,C0394,191375.94
10095,1,2025-01-08,Apartment,13,719.47,"$196,031.15",Sold,C1602,196031.15
10194,1,2025-01-08,Apartment,23,1201.5,"$355,666.94",Sold,C1039,355666.94
10198,1,2025-01-08,Apartment,24,1146.11,"$330,938.46",Sold,C0293,330938.46
10211,1,2025-01-08,Apartment,24,1146.11,"$283,492.47",Sold,C0515,283492.47
10230,1,2025-01-08,Office,26,828.98,"$219,837.17",Available,,219837.17
10243,1,2025-01-08,Apartment,28,1946.26,"$626,533.06",Available,,626533.06
10278,1,2025-01-08,Apartment,30,753.29,"$190,943.31",Available,,190943.31
10307,1,2025-01-08,Apartment,32,800.77,"$224,383.09",Sold,C0121,224383.09
10315,1,2025-01-08,Office,34,1469.14,"$468,352.78",Available,,468352.78
10323,1,2025-01-08,Apartment,34,1469.14,"$471,468.04",Available,,471468.04
10354,1,2025-01-08,Apartment,38,1355.85,"$403,626.01",Sold,C1898,403626.01
10424,1,2025-01-08,Apartment,49,629.24,"$165,204.11",Sold,C1484,165204.11
20002,2,2025-01-08,Office,1,706.3,"$198,527.41",Available,,198527.41
20050,2,2025-01-08,Apartment,6,967.84,"$288,968.78",Sold,C0307,288968.78
20060,2,2025-01-08,Apartment,8,715.54,"$203,521.40",Sold,C0343,203521.4
20124,2,2025-01-08,Apartment,15,1603.33,"$452,266.31",Sold,C1087,452266.31
20197,2,2025-01-08,Apartment,22,653.41,"$167,447.91",Sold,C1720,167447.91
20228,2,2025-01-08,Apartment,26,1577.79,"$426,863.72",Sold,C1891,426863.72
20259,2,2025-01-08,Apartment,30,786.4,"$249,593.94",Available,,249593.94
20299,2,2025-01-08,Apartment,35,1391.68,"$379,072.42",Sold,C1298,379072.42
20313,2,2025-01-08,Apartment,37,780.46,"$221,160.83",Sold,C0851,221160.83
20337,2,2025-01-08,Apartment,41,654.93,"$184,248.76",Sold,C0691,184248.76
20371,2,2025-01-08,Apartment,44,580.26,"$179,779.28",Sold,C0697,179779.28
20402,2,2025-01-08,Apartment,47,708.32,"$209,740.71",Sold,C1427,209740.71
20437,2,2025-01-08,Apartment,50,1604.8,"$433,638.45",Sold,C0175,433638.45
20457,2,2025-01-08,Apartment,54,924.4,"$261,633.77",Sold,C0566,261633.77
20461,2,2025-01-08,Apartment,54,924.4,"$281,935.41",Sold,C1154,281935.41
20471,2,2025-01-08,Office,55,579.26,"$162,668.39",Sold,C1075,162668.39
30059,3,2025-01-08,Apartment,7,744.01,"$230,350.37",Available,,230350.37
30118,3,2025-01-08,Apartment,10,784.09,"$172,499.80",Sold,C0369,172499.8
30123,3,2025-01-08,Apartment,11,1283.1,"$408,032.61",Available,,408032.61
30124,3,2025-01-08,Apartment,11,1283.1,"$460,400.58",Sold,C1173,460400.58
30188,3,2025-01-08,Apartment,20,802.97,"$238,551.35",Sold,C1930,238551.35
30199,3,2025-01-08,Apartment,21,1122.15,"$324,660.64",Available,,324660.64
30208,3,2025-01-08,Office,23,924.21,"$285,914.44",Available,,285914.44
30248,3,2025-01-08,Apartment,28,679.93,"$199,268.27",Sold,C0348,199268.27
30258,3,2025-01-08,Apartment,28,679.93,"$197,536.31",Sold,C0766,197536.31
30272,3,2025-01-08,Apartment,30,796.57,"$244,706.58",Sold,C0949,244706.58
30293,3,2025-01-08,Apartment,36,733.45,"$265,536.81",Sold,C1814,265536.81
30303,3,2025-01-08,Apartment,36,733.45,"$207,623.02",Available,,207623.02
30312,3,2025-01-08,Apartment,38,1173.4,"$304,001.87",Sold,C1402,304001.87
30330,3,2025-01-08,Apartment,40,678.71,"$174,757.05",Available,,174757.05
30375,3,2025-01-08,Apartment,46,1599.81,"$524,650.21",Sold,C1986,524650.21
30379,3,2025-01-08,Apartment,46,1599.81,"$426,455.73",Sold,C0123,426455.73
30390,3,2025-01-08,Apartment,48,783.39,"$196,490.72",Available,,196490.72
30404,3,2025-01-08,Apartment,49,1174.48,"$345,884.05",Sold,C0677,345884.05
30425,3,2025-01-08,Apartment,49,1174.48,"$371,550.12",Available,,371550.12
30461,3,2025-01-08,Apartment,55,688.14,"$258,376.64",Sold,C1554,258376.64
30487,3,2025-01-08,Apartment,57,1607.94,"$480,579.28",Sold,C1525,480579.28
40016,4,2025-01-08,Office,2,1620.07,"$574,268.12",Sold,C1577,574268.12
40038,4,2025-01-08,Apartment,4,783.03,"$235,584.51",Sold,C0776,235584.51
40050,4,2025-01-08,Apartment,5,786.98,"$219,862.84",Sold,C0645,219862.84
40065,4,2025-01-08,Apartment,7,786.36,"$220,742.50",Sold,C0190,220742.5
40081,4,2025-01-08,Apartment,10,1614.62,"$431,485.71",Sold,C1194,431485.71
40118,4,2025-01-08,Apartment,14,1322.66,"$418,846.63",Sold,C1261,418846.63
40172,4,2025-01-08,Apartment,21,801.66,"$231,625.87",Sold,C1079,231625.87
40187,4,2025-01-08,Office,23,1110.99,"$372,010.36",Sold,C1231,372010.36
40235,4,2025-01-08,Apartment,28,1070.72,"$308,842.84",Sold,C0053,308842.84
40241,4,2025-01-08,Apartment,29,776.79,"$256,700.86",Sold,C1621,256700.86
40257,4,2025-01-08,Apartment,31,793.1,"$279,217.08",Sold,C0300,279217.08
40265,4,2025-01-08,Apartment,31,793.1,"$213,135.38",Available,,213135.38
40283,4,2025-01-08,Apartment,33,734.73,"$206,069.70",Available,,206069.7
40297,4,2025-01-08,Office,34,795.1,"$244,253.23",Available,,244253.23
40305,4,2025-01-08,Apartment,36,736.77,"$207,914.99",Available,,207914.99
40332,4,2025-01-08,Apartment,40,780.74,"$250,618.24",Available,,250618.24
40367,4,2025-01-08,Apartment,43,1616.99,"$421,547.56",Available,,421547.56
40372,4,2025-01-08,Office,44,799.67,"$265,635.52",Available,,265635.52
40422,4,2025-01-08,Apartment,49,739.7,"$222,422.59",Sold,C0819,222422.59
40426,4,2025-01-08,Office,49,739.7,"$228,542.89",Sold,C1059,228542.89
40429,4,2025-01-08,Apartment,49,739.7,"$225,902.20",Sold,C1801,225902.2
50013,5,2025-01-08,Apartment,4,799.1,"$225,786.57",Available,,225786.57
50045,5,2025-01-08,Apartment,8,782.15,"$224,775.54",Available,,224775.54
50071,5,2025-01-08,Apartment,10,629.27,"$212,891.50",Sold,C0678,212891.5
50200,5,2025-01-08,Apartment,26,1272.4,"$420,345.63",Sold,C0296,420345.63
50216,5,2025-01-08,Office,28,1247.24,"$365,998.75",Sold,C0244,365998.75
50231,5,2025-01-08,Apartment,31,1008.52,"$314,487.78",Available,,314487.78
50296,5,2025-01-08,Apartment,39,591.14,"$180,885.12",Available,,180885.12
50318,5,2025-01-08,Apartment,41,630.83,"$198,203.74",Sold,C0185,198203.74
50324,5,2025-01-08,Apartment,42,791.2,"$256,025.28",Sold,C0985,256025.28
50325,5,2025-01-08,Apartment,42,791.2,"$257,129.67",Available,,257129.67
50344,5,2025-01-08,Apartment,44,806.03,"$199,834.13",Available,,199834.13
50383,5,2025-01-08,Office,46,1272.95,"$452,275.63",Sold,C1938,452275.63
50385,5,2025-01-08,Apartment,46,1272.95,"$304,264.54",Sold,C0815,304264.54
50400,5,2025-01-08,Apartment,47,1241.14,"$294,124.85",Sold,C0953,294124.85
60014,6,2025-01-08,Office,1,1720.95,"$519,970.36",Sold,C0672,519970.36
60032,6,2025-01-08,Apartment,3,605.21,"$165,472.93",Available,,165472.93
60038,6,2025-01-08,Office,4,1925.28,"$662,126.19",Sold,C1167,662126.19
60089,6,2025-01-08,Apartment,7,1075.42,"$324,499.23",Sold,C0703,324499.23
60101,6,2025-01-08,Office,8,986.97,"$312,769.84",Sold,C0423,312769.84
60102,6,2025-01-08,Apartment,8,986.97,"$270,860.88",Sold,C1005,270860.88
60124,6,2025-01-08,Apartment,10,942.08,"$327,848.52",Available,,327848.52
60137,6,2025-01-08,Office,11,1719.85,"$586,709.71",Available,,586709.71
60163,6,2025-01-08,Apartment,14,1890.0,"$495,847.14",Sold,C0345,495847.14
60179,6,2025-01-08,Apartment,16,1687.92,"$490,784.82",Sold,C1139,490784.82
60221,6,2025-01-08,Apartment,20,1897.17,"$565,905.82",Sold,C1499,565905.82
60248,6,2025-01-08,Apartment,25,1086.43,"$307,679.73",Sold,C1376,307679.73
60289,6,2025-01-08,Office,32,793.11,"$268,744.96",Sold,C0980,268744.96
60292,6,2025-01-08,Apartment,33,1131.0,"$345,419.11",Sold,C0755,345419.11
60330,6,2025-01-08,Apartment,37,1721.96,"$519,549.30",Available,,519549.3
60334,6,2025-01-08,Apartment,37,1721.96,"$533,120.65",Sold,C0049,533120.65
60337,6,2025-01-08,Apartment,37,1721.96,"$491,267.17",Sold,C1584,491267.17
60344,6,2025-01-08,Apartment,38,698.21,"$194,006.16",Sold,C1553,194006.16
60349,6,2025-01-08,Apartment,39,744.54,"$171,012.46",Sold,C1625,171012.46
60367,6,2025-01-08,Apartment,41,940.72,"$278,346.08",Available,,278346.08
60392,6,2025-01-08,Office,46,1870.54,"$666,036.60",Available,,666036.6
60420,6,2025-01-08,Office,51,1476.63,"$522,271.82",Sold,C1003,522271.82
70002,7,2025-01-08,Apartment,1,759.04,"$234,980.38",Available,,234980.38
70016,7,2025-01-08,Apartment,3,888.5,"$222,286.33",Sold,C1008,222286.33
70188,7,2025-01-08,Apartment,21,1528.62,"$482,573.13",Sold,C1487,482573.13
70209,7,2025-01-08,Apartment,23,1222.69,"$301,780.43",Available,,301780.43
70274,7,2025-01-08,Apartment,31,839.7,"$224,848.12",Available,,224848.12
70287,7,2025-01-08,Apartment,35,613.21,"$177,007.87",Available,,177007.87
70302,7,2025-01-08,Apartment,36,1748.75,"$562,599.61",Sold,C0731,562599.61
70319,7,2025-01-08,Apartment,38,1755.26,"$427,360.08",Sold,C0035,427360.08
70428,7,2025-01-08,Office,50,502.02,"$176,868.98",Sold,C1517,176868.98
70488,7,2025-01-08,Apartment,57,1347.67,"$411,172.03",Sold,C1808,411172.03
80004,8,2025-01-08,Office,1,1109.29,"$352,321.29",Sold,C0167,352321.29
80036,8,2025-01-08,Apartment,4,1934.75,"$650,190.52",Sold,C1495,650190.52
80060,8,2025-01-08,Apartment,6,1370.17,"$377,502.89",Sold,C0726,377502.89
80088,8,2025-01-08,Apartment,9,1869.81,"$606,634.75",Sold,C0004,606634.75
80098,8,2025-01-08,Apartment,12,1430.46,"$428,385.38",Sold,C0521,428385.38
80125,8,2025-01-08,Apartment,14,685.93,"$226,667.28",Sold,C0316,226667.28
80141,8,2025-01-08,Apartment,17,1109.27,"$357,308.53",Sold,C1836,357308.53
80166,8,2025-01-08,Apartment,21,1501.64,"$488,338.32",Available,,488338.32
80219,8,2025-01-08,Apartment,29,1848.51,"$542,053.98",Sold,C0881,542053.98
80294,8,2025-01-08,Apartment,34,1684.75,"$495,102.93",Sold,C1202,495102.93
80297,8,2025-01-08,Apartment,34,1684.75,"$472,720.62",Sold,C1234,472720.62
80300,8,2025-01-08,Office,34,1684.75,"$494,645.93",Available,,494645.93
80326,8,2025-01-08,Apartment,37,890.65,"$277,936.36",Sold,C0492,277936.36
80343,8,2025-01-08,Apartment,39,1290.89,"$388,539.05",Sold,C0924,388539.05
80437,8,2025-01-08,Apartment,50,913.15,"$273,978.28",Sold,C1592,273978.28
80467,8,2025-01-08,Apartment,55,1300.05,"$396,074.48",Sold,C0178,396074.48
90001,9,2025-01-08,Apartment,1,832.35,"$292,166.93",Available,,292166.93
90005,9,2025-01-08,Apartment,1,832.35,"$239,359.44",Sold,C0285,239359.44
90008,9,2025-01-08,Apartment,1,832.35,"$267,376.53",Sold,C1471,267376.53
90031,9,2025-01-08,Apartment,7,697.68,"$200,892.73",Available,,200892.73
90033,9,2025-01-08,Apartment,7,697.68,"$209,895.78",Sold,C1961,209895.78
90035,9,2025-01-08,Apartment,7,697.68,"$234,440.69",Sold,C0432,234440.69
90048,9,2025-01-08,Apartment,8,1315.55,"$426,150.16",Available,,426150.16
90146,9,2025-01-08,Apartment,22,1115.88,"$367,987.52",Sold,C0216,367987.52
90154,9,2025-01-08,Apartment,24,914.61,"$333,845.60",Sold,C1073,333845.6
90206,9,2025-01-08,Apartment,30,1250.17,"$380,898.54",Sold,C0517,380898.54
90261,9,2025-01-08,Apartment,34,1577.36,"$440,833.65",Sold,C0199,440833.65
90267,9,2025-01-08,Apartment,35,1376.88,"$429,975.23",Sold,C0880,429975.23
90277,9,2025-01-08,Apartment,35,1376.88,"$440,971.56",Sold,C1681,440971.56
90304,9,2025-01-08,Apartment,38,1260.31,"$371,180.76",Available,,371180.76
90305,9,2025-01-08,Apartment,38,1260.31,"$367,461.52",Available,,367461.52
90351,9,2025-01-08,Apartment,41,1488.32,"$354,183.19",Available,,354183.19
90401,9,2025-01-08,Apartment,48,1264.94,"$406,345.88",Sold,C0014,406345.88
90420,9,2025-01-08,Apartment,53,599.72,"$173,669.46",Sold,C0467,173669.46
90429,9,2025-01-08,Apartment,54,1693.18,"$540,205.30",Sold,C1418,540205.3
90505,9,2025-01-08,Apartment,58,838.34,"$264,552.04",Available,,264552.04
100022,10,2025-01-08,Apartment,4,1765.37,"$619,177.19",Sold,C0620,619177.19
100031,10,2025-01-08,Apartment,4,1765.37,"$574,122.16",Sold,C0408,574122.16
100049,10,2025-01-08,Office,5,1741.96,"$704,058.44",Sold,C0386,704058.44
100071,10,2025-01-08,Apartment,9,1849.4,"$660,723.30",Sold,C1311,660723.3
100090,10,2025-01-08,Office,11,1675.44,"$462,989.76",Sold,C0882,462989.76
100157,10,2025-01-08,Apartment,20,1264.43,"$389,694.82",Sold,C0270,389694.82
100165,10,2025-01-08,Apartment,21,1251.45,"$291,083.40",Sold,C1085,291083.4
100256,10,2025-01-08,Apartment,30,1559.4,"$462,179.03",Sold,C0323,462179.03
100264,10,2025-01-08,Apartment,31,1499.0,"$500,985.77",Sold,C1315,500985.77
100280,10,2025-01-08,Office,33,1010.7,"$349,143.67",Sold,C1380,349143.67
100288,10,2025-01-08,Apartment,34,1435.44,"$415,026.87",Available,,415026.87
100328,10,2025-01-08,Apartment,39,1188.51,"$380,782.35",Sold,C0931,380782.35
100373,10,2025-01-08,Apartment,43,1093.67,"$364,059.52",Sold,C0263,364059.52
100381,10,2025-01-08,Apartment,44,1224.71,"$361,389.54",Sold,C0213,361389.54
100402,10,2025-01-08,Apartment,47,1047.27,"$293,129.02",Sold,C1213,293129.02
100407,10,2025-01-08,Apartment,48,1421.82,"$385,864.39",Sold,C1444,385864.39
100419,10,2025-01-08,Apartment,50,1138.32,"$360,288.63",Sold,C1716,360288.63
110014,11,2025-01-08,Office,2,938.0,"$280,215.32",Available,,280215.32
110020,11,2025-01-08,Office,3,1479.84,"$385,425.29",Sold,C1730,385425.29
110037,11,2025-01-08,Apartment,4,1414.25,"$422,353.15",Sold,C1441,422353.15
110159,11,2025-01-08,Apartment,16,1829.02,"$617,917.92",Available,,617917.92
110176,11,2025-01-08,Apartment,19,1083.98,"$364,813.91",Available,,364813.91
110251,11,2025-01-08,Apartment,30,642.72,"$216,852.53",Sold,C0671,216852.53
110270,11,2025-01-08,Apartment,32,1285.87,"$381,642.32",Sold,C0287,381642.32
110367,11,2025-01-08,Apartment,43,810.65,"$231,665.39",Available,,231665.39
110419,11,2025-01-08,Apartment,49,1095.85,"$322,523.39",Sold,C0597,322523.39
110458,11,2025-01-08,Apartment,53,1069.19,"$334,574.59",Available,,334574.59
110460,11,2025-01-08,Apartment,53,1069.19,"$335,095.00",Sold,C0286,335095.0
110483,11,2025-01-08,Apartment,57,1008.58,"$287,414.43",Available,,287414.43
120021,12,2025-01-08,Apartment,2,1285.87,"$343,389.83",Sold,C1993,343389.83
120028,12,2025-01-08,Office,3,1469.27,"$549,840.47",Sold,C0129,549840.47
120130,12,2025-01-08,Apartment,15,1456.98,"$363,553.58",Sold,C0049,363553.58
120193,12,2025-01-08,Apartment,22,892.67,"$302,473.56",Available,,302473.56
120199,12,2025-01-08,Apartment,22,892.67,"$286,734.23",Available,,286734.23
120203,12,2025-01-08,Apartment,23,1094.46,"$302,296.14",Sold,C1265,302296.14
120209,12,2025-01-08,Apartment,23,1094.46,"$329,829.37",Sold,C1098,329829.37
120232,12,2025-01-08,Apartment,24,1306.75,"$393,046.65",Sold,C1132,393046.65
120233,12,2025-01-08,Apartment,24,1306.75,"$389,151.65",Sold,C0456,389151.65
120254,12,2025-01-08,Apartment,27,871.52,"$301,543.09",Sold,C0230,301543.09
120311,12,2025-01-08,Apartment,34,1817.64,"$446,332.10",Sold,C0844,446332.1
120316,12,2025-01-08,Apartment,34,1817.64,"$542,250.95",Sold,C1616,542250.95
120367,12,2025-01-08,Apartment,38,1157.23,"$335,887.04",Available,,335887.04
120368,12,2025-01-08,Apartment,38,1157.23,"$371,637.67",Sold,C1917,371637.67
120381,12,2025-01-08,Apartment,41,938.23,"$289,808.82",Sold,C0083,289808.82
120408,12,2025-01-08,Apartment,47,1528.05,"$450,231.11",Sold,C0344,450231.11
130030,13,2025-01-08,Office,2,1651.02,"$507,988.85",Available,,507988.85
130059,13,2025-01-08,Apartment,5,441.3,"$122,930.75",Sold,C0077,122930.75
130128,13,2025-01-08,Apartment,15,458.29,"$145,782.57",Sold,C1103,145782.57
130138,13,2025-01-08,Apartment,16,1772.88,"$390,033.60",Sold,C0609,390033.6
130220,13,2025-01-08,Apartment,25,633.86,"$177,168.94",Sold,C0923,177168.94
130227,13,2025-01-08,Apartment,26,1867.78,"$595,268.86",Sold,C1408,595268.86
130244,13,2025-01-08,Apartment,28,1173.72,"$400,382.01",Sold,C0906,400382.01
130281,13,2025-01-08,Office,32,1114.07,"$327,322.30",Sold,C0853,327322.3
130297,13,2025-01-08,Apartment,33,1445.84,"$398,499.79",Sold,C1292,398499.79
130310,13,2025-01-08,Apartment,34,1557.0,"$426,946.49",Sold,C0267,426946.49
130319,13,2025-01-08,Apartment,35,1867.34,"$555,241.82",Sold,C1841,555241.82
130344,13,2025-01-08,Apartment,38,656.42,"$207,388.64",Sold,C0074,207388.64
130377,13,2025-01-08,Apartment,42,1044.42,"$336,118.31",Sold,C1929,336118.31
130398,13,2025-01-08,Apartment,45,986.91,"$328,260.40",Available,,328260.4
130471,13,2025-01-08,Apartment,53,968.77,"$285,014.58",Sold,C0311,285014.58
130484,13,2025-01-08,Apartment,56,606.9,"$133,518.00",Sold,C0090,133518.0
130506,13,2025-01-08,Office,59,1434.04,"$388,770.41",Sold,C0502,388770.41
130526,13,2025-01-08,Apartment,60,1401.81,"$516,863.32",Sold,C1232,516863.32
130528,13,2025-01-08,Apartment,60,1401.81,"$448,470.16",Available,,448470.16
130535,13,2025-01-08,Apartment,61,1333.63,"$386,702.48",Sold,C0791,386702.48
130568,13,2025-01-08,Apartment,67,524.97,"$174,346.40",Sold,C0887,174346.4
130576,13,2025-01-08,Apartment,67,524.97,"$156,428.32",Available,,156428.32
130601,13,2025-01-08,Office,70,750.41,"$234,899.31",Available,,234899.31
140004,14,2025-01-08,Office,2,922.7,"$284,889.27",Available,,284889.27
140050,14,2025-01-08,Apartment,8,618.89,"$182,738.17",Sold,C1850,182738.17
140087,14,2025-01-08,Apartment,11,1431.42,"$551,610.52",Sold,C0492,551610.52
140114,14,2025-01-08,Apartment,12,459.44,"$137,109.06",Sold,C0110,137109.06
140119,14,2025-01-08,Apartment,13,442.74,"$159,112.85",Sold,C1407,159112.85
140140,14,2025-01-08,Office,15,784.04,"$228,159.59",Sold,C0191,228159.59
140196,14,2025-01-08,Office,22,1148.66,"$333,341.20",Sold,C0998,333341.2
140202,14,2025-01-08,Office,22,1148.66,"$359,175.12",Available,,359175.12
140206,14,2025-01-08,Apartment,22,1148.66,"$312,372.65",Sold,C1371,312372.65
140208,14,2025-01-08,Apartment,22,1148.66,"$350,042.48",Sold,C1834,350042.48
140217,14,2025-01-08,Apartment,23,1610.37,"$530,764.64",Sold,C1566,530764.64
140253,14,2025-01-08,Apartment,29,1618.34,"$538,714.61",Available,,538714.61
140256,14,2025-01-08,Apartment,29,1618.34,"$533,570.63",Sold,C1683,533570.63
140303,14,2025-01-08,Apartment,35,1152.84,"$356,376.59",Sold,C1781,356376.59
140333,14,2025-01-08,Apartment,40,532.44,"$175,169.52",Sold,C0153,175169.52
140402,14,2025-01-08,Apartment,48,1941.78,"$565,653.37",Sold,C0298,565653.37
140425,14,2025-01-08,Office,51,1346.3,"$413,335.13",Sold,C0948,413335.13
140436,14,2025-01-08,Apartment,51,1346.3,"$387,962.94",Available,,387962.94
140438,14,2025-01-08,Apartment,51,1346.3,"$369,050.25",Sold,C1945,369050.25
150015,15,2025-01-08,Office,2,1522.89,"$504,070.70",Sold,C0180,504070.7
150018,15,2025-01-08,Apartment,2,1522.89,"$412,253.02",Available,,412253.02
150152,15,2025-01-08,Apartment,20,1662.01,"$505,470.60",Sold,C0020,505470.6
150161,15,2025-01-08,Apartment,21,1271.25,"$347,956.45",Available,,347956.45
150176,15,2025-01-08,Apartment,23,1279.23,"$430,250.98",Sold,C1788,430250.98
150188,15,2025-01-08,Apartment,23,1279.23,"$360,894.66",Sold,C1418,360894.66
150207,15,2025-01-08,Apartment,24,924.36,"$243,788.12",Sold,C1043,243788.12
150217,15,2025-01-08,Apartment,25,607.01,"$166,028.66",Available,,166028.66
150287,15,2025-01-08,Apartment,35,745.49,"$195,720.27",Available,,195720.27
150309,15,2025-01-08,Apartment,35,745.49,"$233,979.83",Available,,233979.83
150317,15,2025-01-08,Apartment,36,1424.81,"$381,257.52",Sold,C0449,381257.52
150346,15,2025-01-08,Apartment,40,982.37,"$296,414.35",Sold,C0170,296414.35
150395,15,2025-01-08,Apartment,50,1841.5,"$517,724.81",Sold,C0737,517724.81
150399,15,2025-01-08,Apartment,50,1841.5,"$519,209.27",Sold,C0824,519209.27
150412,15,2025-01-08,Office,52,829.2,"$248,737.71",Sold,C1701,248737.71
150433,15,2025-01-08,Apartment,54,1495.13,"$457,107.06",Available,,457107.06
150460,15,2025-01-08,Apartment,56,939.93,"$279,312.27",Sold,C0042,279312.27
150473,15,2025-01-08,Office,57,429.34,"$128,430.27",Sold,C1184,128430.27
160003,16,2025-01-08,Apartment,1,637.07,"$216,362.33",Sold,C0639,216362.33
160016,16,2025-01-08,Apartment,3,466.91,"$135,169.08",Available,,135169.08
160022,16,2025-01-08,Apartment,4,1561.55,"$491,066.86",Sold,C0196,491066.86
160033,16,2025-01-08,Office,5,749.15,"$199,582.69",Sold,C1895,199582.69
160035,16,2025-01-08,Apartment,5,749.15,"$199,912.89",Sold,C0359,199912.89
160057,16,2025-01-08,Apartment,7,941.57,"$299,250.24",Sold,C1450,299250.24
160166,16,2025-01-08,Apartment,21,837.95,"$237,154.66",Sold,C0553,237154.66
160201,16,2025-01-08,Office,25,853.37,"$230,136.01",Sold,C1055,230136.01
160234,16,2025-01-08,Apartment,28,1440.71,"$421,867.31",Sold,C1378,421867.31
160281,16,2025-01-08,Apartment,33,881.17,"$321,750.41",Sold,C0594,321750.41
160311,16,2025-01-08,Office,36,810.94,"$294,382.11",Available,,294382.11
160331,16,2025-01-08,Office,39,1562.93,"$540,440.51",Sold,C0244,540440.51
160344,16,2025-01-08,Apartment,41,1001.72,"$329,442.10",Sold,C1106,329442.1
160362,16,2025-01-08,Office,42,1496.62,"$393,962.39",Sold,C0555,393962.39
170012,17,2025-01-08,Apartment,1,530.28,"$164,681.66",Sold,C0185,164681.66
170014,17,2025-01-08,Apartment,1,530.28,"$164,903.93",Sold,C0126,164903.93
170060,17,2025-01-08,Apartment,8,1297.3,"$347,713.31",Available,,347713.31
170097,17,2025-01-08,Apartment,11,596.22,"$170,444.19",Sold,C0953,170444.19
170098,17,2025-01-08,Apartment,11,596.22,"$170,363.30",Available,,170363.3
170147,17,2025-01-08,Office,16,1693.0,"$468,036.24",Sold,C0192,468036.24
170163,17,2025-01-08,Office,17,1827.25,"$734,390.86",Sold,C0477,734390.86
170242,17,2025-01-08,Office,27,677.24,"$188,332.34",Available,,188332.34
170252,17,2025-01-08,Apartment,28,1201.04,"$344,995.54",Sold,C0423,344995.54
170267,17,2025-01-08,Apartment,32,954.54,"$316,446.78",Available,,316446.78
170385,17,2025-01-08,Apartment,48,1833.96,"$578,696.13",Sold,C0291,578696.13
180008,18,2025-01-08,Apartment,1,1379.64,"$370,207.67",Sold,C1785,370207.67
180112,18,2025-01-08,Apartment,15,1728.6,"$494,231.73",Sold,C1465,494231.73
180137,18,2025-01-08,Apartment,18,1127.95,"$351,114.27",Sold,C1078,351114.27
180169,18,2025-01-08,Apartment,22,1108.09,"$365,667.40",Sold,C0396,365667.4
180184,18,2025-01-08,Apartment,24,1417.31,"$390,892.15",Sold,C1816,390892.15
180247,18,2025-01-08,Apartment,30,1795.66,"$556,439.70",Sold,C0765,556439.7
180269,18,2025-01-08,Apartment,31,945.46,"$252,357.45",Sold,C1913,252357.45
180315,18,2025-01-08,Apartment,36,1089.77,"$333,304.61",Sold,C1391,333304.61
180327,18,2025-01-08,Apartment,38,1219.8,"$356,066.44",Sold,C1931,356066.44
180345,18,2025-01-08,Apartment,39,662.88,"$185,282.56",Sold,C1479,185282.56
180417,18,2025-01-08,Apartment,47,520.85,"$160,996.66",Sold,C1653,160996.66
180458,18,2025-01-08,Apartment,52,1424.54,"$424,694.05",Available,,424694.05
180467,18,2025-01-08,Apartment,53,1806.7,"$557,253.35",Sold,C1635,557253.35
190005,19,2025-01-08,Office,2,1550.33,"$573,983.92",Sold,C1605,573983.92
190010,19,2025-01-08,Apartment,3,1468.68,"$371,548.46",Sold,C1603,371548.46
190061,19,2025-01-08,Apartment,9,695.8,"$189,974.77",Sold,C1832,189974.77
190140,19,2025-01-08,Apartment,19,1697.73,"$488,398.67",Sold,C0360,488398.67
190208,19,2025-01-08,Office,25,996.38,"$281,211.11",Sold,C0108,281211.11
190223,19,2025-01-08,Apartment,26,668.24,"$206,760.76",Sold,C1370,206760.76
190225,19,2025-01-08,Apartment,26,668.24,"$206,090.56",Sold,C1697,206090.56
190244,19,2025-01-08,Apartment,29,1657.84,"$463,761.47",Sold,C1339,463761.47
190261,19,2025-01-08,Office,30,673.27,"$216,191.56",Sold,C0533,216191.56
190296,19,2025-01-08,Apartment,35,1099.62,"$307,764.22",Sold,C1555,307764.22
190317,19,2025-01-08,Apartment,38,1106.86,"$311,159.57",Sold,C1050,311159.57
190416,19,2025-01-08,Apartment,47,1126.37,"$364,901.73",Available,,364901.73
190421,19,2025-01-08,Office,49,1004.26,"$275,910.01",Sold,C0179,275910.01
200017,20,2025-01-08,Apartment,1,1898.39,"$583,901.51",Available,,583901.51
200024,20,2025-01-08,Apartment,2,1669.84,"$487,772.33",Sold,C0110,487772.33
200057,20,2025-01-08,Apartment,6,1401.0,"$450,265.88",Sold,C1691,450265.88
200161,20,2025-01-08,Office,18,1868.01,"$728,976.07",Sold,C0771,728976.07
200197,20,2025-01-08,Apartment,24,1188.07,"$388,613.06",Sold,C1980,388613.06
200220,20,2025-01-08,Office,27,993.62,"$354,812.31",Sold,C0239,354812.31
200252,20,2025-01-08,Apartment,30,1703.94,"$521,629.37",Available,,521629.37
200256,20,2025-01-08,Apartment,30,1703.94,"$616,263.98",Available,,616263.98
200276,20,2025-01-08,Apartment,31,1414.44,"$426,764.59",Available,,426764.59
200285,20,2025-01-08,Apartment,32,1630.81,"$473,195.39",Sold,C0011,473195.39
200287,20,2025-01-08,Apartment,32,1630.81,"$443,461.13",Sold,C0987,443461.13
200293,20,2025-01-08,Apartment,32,1630.81,"$462,252.41",Sold,C0937,462252.41
200313,20,2025-01-08,Apartment,34,858.93,"$257,252.42",Sold,C0006,257252.42
200318,20,2025-01-08,Apartment,34,858.93,"$216,920.25",Available,,216920.25
200322,20,2025-01-08,Apartment,36,1484.99,"$456,715.62",Available,,456715.62
200326,20,2025-01-08,Apartment,36,1484.99,"$528,385.57",Sold,C0197,528385.57
200327,20,2025-01-08,Apartment,36,1484.99,"$446,810.74",Sold,C0466,446810.74
200361,20,2025-01-08,Apartment,39,1106.36,"$341,599.16",Sold,C0773,341599.16
200440,20,2025-01-08,Apartment,49,880.76,"$298,569.27",Available,,298569.27
200469,20,2025-01-08,Apartment,53,1119.38,"$380,365.78",Sold,C1505,380365.78
200470,20,2025-01-08,Office,53,1119.38,"$400,533.14",Available,,400533.14
200487,20,2025-01-08,Apartment,56,1333.01,"$386,928.92",Sold,C0778,386928.92
200490,20,2025-01-08,Apartment,57,445.15,"$138,157.57",Sold,C0326,138157.57
1038,1,2025-01-09,Apartment,38,743.09,"$207,581.43",Sold,C0011,207581.43
2017,2,2025-01-09,Apartment,17,747.5,"$199,054.20",Sold,C0045,199054.2
2023,2,2025-01-09,Apartment,23,723.83,"$219,373.41",Sold,C0080,219373.41
2045,2,2025-01-09,Apartment,45,1603.99,"$538,271.74",Available,,538271.74
2047,2,2025-01-09,Apartment,47,649.8,"$214,631.68",Sold,C0010,214631.68
3037,3,2025-01-09,Apartment,37,720.81,"$204,808.16",Sold,C0105,204808.16
5011,5,2025-01-09,Apartment,11,798.5,"$230,943.38",Available,,230943.38
5013,5,2025-01-09,Apartment,13,618.38,"$188,743.11",Sold,C0029,188743.11
5017,5,2025-01-09,Apartment,17,798.28,"$273,165.58",Available,,273165.58
5028,5,2025-01-09,Apartment,28,798.28,"$223,577.32",Sold,C0026,223577.32
5036,5,2025-01-09,Apartment,36,1057.92,"$286,433.57",Sold,C0081,286433.57
10022,1,2025-01-09,Office,3,788.73,"$220,227.16",Available,,220227.16
10030,1,2025-01-09,Apartment,3,788.73,"$278,953.11",Available,,278953.11
10079,1,2025-01-09,Office,10,1439.52,"$532,913.83",Sold,C1058,532913.83
10110,1,2025-01-09,Office,14,1181.69,"$376,550.87",Sold,C0160,376550.87
10228,1,2025-01-09,Office,26,828.98,"$287,610.63",Sold,C0707,287610.63
10272,1,2025-01-09,Apartment,30,753.29,"$249,704.13",Sold,C1893,249704.13
10316,1,2025-01-09,Apartment,34,1469.14,"$425,898.83",Available,,425898.83
10326,1,2025-01-09,Apartment,34,1469.14,"$461,784.12",Sold,C0413,461784.12
10363,1,2025-01-09,Apartment,40,784.22,"$242,457.71",Available,,242457.71
10365,1,2025-01-09,Apartment,40,784.22,"$205,607.66",Available,,205607.66
10377,1,2025-01-09,Apartment,42,800.21,"$263,780.66",Available,,263780.66
20049,2,2025-01-09,Office,5,933.95,"$360,598.52",Sold,C1906,360598.52
20091,2,2025-01-09,Apartment,11,1625.05,"$494,131.44",Sold,C0367,494131.44
20122,2,2025-01-09,Apartment,15,1603.33,"$523,765.32",Sold,C1263,523765.32
20172,2,2025-01-09,Apartment,20,727.55,"$226,753.78",Sold,C0559,226753.78
20226,2,2025-01-09,Apartment,25,943.48,"$255,615.79",Sold,C0452,255615.79
20274,2,2025-01-09,Apartment,32,925.63,"$243,341.83",Sold,C0070,243341.83
20427,2,2025-01-09,Apartment,49,1617.9,"$487,369.99",Available,,487369.99
20443,2,2025-01-09,Apartment,51,699.31,"$208,699.33",Available,,208699.33
20493,2,2025-01-09,Apartment,57,789.52,"$206,465.91",Sold,C0888,206465.91
30013,3,2025-01-09,Apartment,1,689.75,"$179,465.84",Sold,C0392,179465.84
30027,3,2025-01-09,Apartment,3,783.65,"$252,745.06",Sold,C1480,252745.06
30038,3,2025-01-09,Apartment,4,719.96,"$212,345.96",Sold,C1466,212345.96
30042,3,2025-01-09,Apartment,4,719.96,"$213,815.06",Sold,C0023,213815.06
30076,3,2025-01-09,Apartment,7,744.01,"$249,430.34",Sold,C0764,249430.34
30144,3,2025-01-09,Apartment,14,788.59,"$220,098.68",Available,,220098.68
30309,3,2025-01-09,Apartment,38,1173.4,"$302,431.34",Sold,C0958,302431.34
30343,3,2025-01-09,Apartment,41,965.5,"$231,119.17",Available,,231119.17
30369,3,2025-01-09,Office,46,1599.81,"$485,150.67",Sold,C0767,485150.67
30378,3,2025-01-09,Apartment,46,1599.81,"$561,232.25",Sold,C1096,561232.25
30463,3,2025-01-09,Apartment,55,688.14,"$211,696.98",Sold,C0963,211696.98
40028,4,2025-01-09,Apartment,3,1630.82,"$424,592.34",Available,,424592.34
40124,4,2025-01-09,Office,14,1322.66,"$482,940.68",Sold,C1879,482940.68
40163,4,2025-01-09,Apartment,20,1609.62,"$413,239.73",Sold,C1678,413239.73
40184,4,2025-01-09,Apartment,22,737.92,"$213,975.95",Sold,C0224,213975.95
40246,4,2025-01-09,Office,29,776.79,"$221,054.54",Sold,C0187,221054.54
40247,4,2025-01-09,Apartment,29,776.79,"$243,387.09",Sold,C1390,243387.09
40282,4,2025-01-09,Apartment,33,734.73,"$217,580.04",Available,,217580.04
40289,4,2025-01-09,Apartment,33,734.73,"$232,019.84",Available,,232019.84
40290,4,2025-01-09,Apartment,34,795.1,"$235,414.26",Sold,C1615,235414.26
40315,4,2025-01-09,Apartment,38,800.08,"$242,361.50",Sold,C1943,242361.5
40327,4,2025-01-09,Office,39,743.73,"$231,462.78",Available,,231462.78
40369,4,2025-01-09,Apartment,44,799.67,"$272,403.71",Available,,272403.71
40431,4,2025-01-09,Apartment,50,791.37,"$229,012.23",Sold,C0184,229012.23
50024,5,2025-01-09,Apartment,5,821.43,"$236,976.12",Available,,236976.12
50033,5,2025-01-09,Apartment,8,782.15,"$216,845.11",Available,,216845.11
50049,5,2025-01-09,Apartment,8,782.15,"$223,045.28",Sold,C0869,223045.28
50094,5,2025-01-09,Apartment,11,1058.56,"$298,413.06",Sold,C1348,298413.06
50191,5,2025-01-09,Apartment,24,807.02,"$215,336.92",Available,,215336.92
50207,5,2025-01-09,Apartment,27,1278.6,"$371,396.41",Sold,C0269,371396.41
50225,5,2025-01-09,Apartment,30,794.93,"$230,930.79",Available,,230930.79
50271,5,2025-01-09,Apartment,36,627.56,"$209,904.27",Sold,C0784,209904.27
50317,5,2025-01-09,Office,41,630.83,"$196,059.27",Sold,C0769,196059.27
50326,5,2025-01-09,Apartment,42,791.2,"$241,447.03",Sold,C0920,241447.03
50351,5,2025-01-09,Office,44,806.03,"$241,818.73",Sold,C0252,241818.73
50365,5,2025-01-09,Apartment,44,806.03,"$245,566.63",Sold,C0722,245566.63
50384,5,2025-01-09,Apartment,46,1272.95,"$398,094.90",Sold,C0955,398094.9
50419,5,2025-01-09,Apartment,48,788.04,"$231,915.89",Sold,C1145,231915.89
50450,5,2025-01-09,Apartment,52,1755.18,"$544,798.52",Available,,544798.52
60068,6,2025-01-09,Apartment,6,951.22,"$286,118.59",Sold,C1936,286118.59
60069,6,2025-01-09,Apartment,6,951.22,"$363,203.22",Sold,C1436,363203.22
60084,6,2025-01-09,Apartment,7,1075.42,"$296,209.13",Sold,C0921,296209.13
60168,6,2025-01-09,Apartment,14,1890.0,"$605,691.78",Sold,C0196,605691.78
60194,6,2025-01-09,Apartment,19,1542.71,"$440,465.95",Sold,C1125,440465.95
60234,6,2025-01-09,Office,22,1656.54,"$570,834.48",Available,,570834.48
60261,6,2025-01-09,Apartment,27,830.65,"$247,249.71",Available,,247249.71
60279,6,2025-01-09,Apartment,30,552.59,"$146,337.68",Available,,146337.68
60342,6,2025-01-09,Apartment,38,698.21,"$218,381.46",Sold,C0901,218381.46
60437,6,2025-01-09,Apartment,51,1476.63,"$426,236.07",Sold,C1324,426236.07
60460,6,2025-01-09,Apartment,53,1170.96,"$343,958.66",Available,,343958.66
60466,6,2025-01-09,Apartment,55,562.37,"$166,982.01",Sold,C1816,166982.01
60471,6,2025-01-09,Apartment,55,562.37,"$168,397.84",Available,,168397.84
70028,7,2025-01-09,Office,5,1144.09,"$355,112.08",Available,,355112.08
70054,7,2025-01-09,Apartment,9,926.11,"$255,729.49",Sold,C0656,255729.49
70066,7,2025-01-09,Apartment,10,1495.37,"$420,829.52",Available,,420829.52
70086,7,2025-01-09,Office,12,804.65,"$302,130.61",Sold,C0160,302130.61
70130,7,2025-01-09,Apartment,15,602.92,"$183,586.48",Available,,183586.48
70168,7,2025-01-09,Apartment,19,751.07,"$246,114.84",Available,,246114.84
70204,7,2025-01-09,Apartment,23,1222.69,"$369,051.44",Sold,C1220,369051.44
70213,7,2025-01-09,Apartment,24,852.99,"$229,590.00",Sold,C1966,229590.0
70307,7,2025-01-09,Apartment,36,1748.75,"$493,983.79",Available,,493983.79
70340,7,2025-01-09,Apartment,41,1093.92,"$324,550.90",Sold,C1665,324550.9
70383,7,2025-01-09,Apartment,43,498.61,"$172,980.65",Sold,C1699,172980.65
70391,7,2025-01-09,Apartment,44,1859.83,"$571,612.79",Sold,C0906,571612.79
70499,7,2025-01-09,Apartment,58,1629.83,"$555,539.40",Sold,C1239,555539.4
80012,8,2025-01-09,Apartment,2,1097.36,"$363,317.92",Sold,C0289,363317.92
80024,8,2025-01-09,Apartment,3,1736.05,"$488,649.27",Sold,C0647,488649.27
80027,8,2025-01-09,Office,4,1934.75,"$446,111.45",Available,,446111.45
80034,8,2025-01-09,Apartment,4,1934.75,"$656,465.40",Sold,C0433,656465.4
80035,8,2025-01-09,Apartment,4,1934.75,"$521,645.72",Sold,C1535,521645.72
80054,8,2025-01-09,Apartment,5,887.23,"$232,394.64",Sold,C1831,232394.64
80063,8,2025-01-09,Apartment,6,1370.17,"$469,840.05",Available,,469840.05
80079,8,2025-01-09,Apartment,9,1869.81,"$500,403.51",Sold,C0828,500403.51
80107,8,2025-01-09,Apartment,14,685.93,"$197,151.66",Sold,C0452,197151.66
80135,8,2025-01-09,Apartment,16,424.09,"$140,340.38",Sold,C1232,140340.38
80155,8,2025-01-09,Apartment,20,774.16,"$275,316.35",Available,,275316.35
80185,8,2025-01-09,Apartment,26,1625.38,"$474,524.95",Sold,C1853,474524.95
80199,8,2025-01-09,Apartment,28,1431.61,"$478,575.29",Sold,C0481,478575.29
80244,8,2025-01-09,Apartment,31,1253.18,"$321,563.69",Available,,321563.69
80251,8,2025-01-09,Apartment,31,1253.18,"$333,106.92",Available,,333106.92
80323,8,2025-01-09,Office,37,890.65,"$284,007.79",Sold,C1034,284007.79
80336,8,2025-01-09,Apartment,37,890.65,"$268,246.04",Sold,C0709,268246.04
80359,8,2025-01-09,Apartment,43,1490.59,"$435,769.25",Available,,435769.25
80361,8,2025-01-09,Apartment,43,1490.59,"$401,888.63",Sold,C1209,401888.63
80369,8,2025-01-09,Apartment,44,1862.29,"$575,087.19",Sold,C0566,575087.19
80375,8,2025-01-09,Apartment,45,1185.72,"$378,736.96",Available,,378736.96
80381,8,2025-01-09,Apartment,46,1175.51,"$344,735.03",Sold,C1448,344735.03
80408,8,2025-01-09,Apartment,47,543.08,"$160,847.73",Sold,C1350,160847.73
80454,8,2025-01-09,Apartment,53,1891.72,"$525,056.67",Available,,525056.67
80460,8,2025-01-09,Apartment,54,1699.02,"$405,434.95",Sold,C0653,405434.95
90006,9,2025-01-09,Office,1,832.35,"$198,227.17",Available,,198227.17
90036,9,2025-01-09,Apartment,7,697.68,"$224,080.17",Sold,C0164,224080.17
90062,9,2025-01-09,Apartment,11,559.6,"$165,924.85",Available,,165924.85
90083,9,2025-01-09,Apartment,12,952.38,"$326,073.50",Sold,C0761,326073.5
90087,9,2025-01-09,Apartment,14,1445.3,"$390,369.60",Sold,C0387,390369.6
90117,9,2025-01-09,Apartment,18,860.97,"$224,360.63",Available,,224360.63
90134,9,2025-01-09,Apartment,21,1261.65,"$394,654.70",Sold,C0937,394654.7
90153,9,2025-01-09,Office,24,914.61,"$300,464.18",Sold,C1579,300464.18
90269,9,2025-01-09,Apartment,35,1376.88,"$381,682.42",Available,,381682.42
90282,9,2025-01-09,Apartment,35,1376.88,"$383,351.87",Sold,C1712,383351.87
90289,9,2025-01-09,Apartment,36,1582.79,"$494,203.69",Sold,C0451,494203.69
90296,9,2025-01-09,Apartment,36,1582.79,"$408,331.77",Sold,C0103,408331.77
90321,9,2025-01-09,Apartment,38,1260.31,"$370,756.27",Sold,C1937,370756.27
90330,9,2025-01-09,Office,39,1839.34,"$601,818.29",Sold,C0778,601818.29
90392,9,2025-01-09,Apartment,46,662.32,"$173,976.30",Sold,C0101,173976.3
90412,9,2025-01-09,Apartment,53,599.72,"$176,684.39",Sold,C0968,176684.39
90457,9,2025-01-09,Apartment,56,1516.4,"$407,901.41",Sold,C1191,407901.41
90458,9,2025-01-09,Apartment,56,1516.4,"$497,579.57",Sold,C0699,497579.57
90519,9,2025-01-09,Office,59,1697.13,"$501,931.04",Available,,501931.04
100024,10,2025-01-09,Apartment,4,1765.37,"$584,091.39",Sold,C1879,584091.39
100044,10,2025-01-09,Office,5,1741.96,"$606,790.94",Sold,C1225,606790.94
100117,10,2025-01-09,Apartment,15,1948.32,"$624,932.71",Sold,C1569,624932.71
100136,10,2025-01-09,Apartment,17,647.35,"$164,061.74",Available,,164061.74
100229,10,2025-01-09,Apartment,28,1606.58,"$470,763.27",Sold,C1877,470763.27
100238,10,2025-01-09,Apartment,28,1606.58,"$448,491.59",Sold,C0626,448491.59
100243,10,2025-01-09,Apartment,30,1559.4,"$522,829.28",Sold,C0342,522829.28
100306,10,2025-01-09,Apartment,36,1920.65,"$734,629.38",Sold,C1801,734629.38
100313,10,2025-01-09,Apartment,37,1177.85,"$377,522.43",Sold,C0552,377522.43
100376,10,2025-01-09,Apartment,44,1224.71,"$318,066.48",Sold,C0741,318066.48
110018,11,2025-01-09,Apartment,2,938.0,"$315,840.26",Sold,C1747,315840.26
110026,11,2025-01-09,Apartment,3,1479.84,"$424,586.91",Sold,C0742,424586.91
110029,11,2025-01-09,Apartment,3,1479.84,"$421,407.86",Sold,C1233,421407.86
110044,11,2025-01-09,Apartment,5,1723.2,"$437,454.23",Available,,437454.23
110055,11,2025-01-09,Apartment,6,1724.08,"$448,213.48",Available,,448213.48
110057,11,2025-01-09,Apartment,6,1724.08,"$558,548.42",Sold,C1159,558548.42
110109,11,2025-01-09,Apartment,13,474.93,"$144,215.29",Sold,C1538,144215.29
110136,11,2025-01-09,Apartment,14,524.68,"$170,391.72",Available,,170391.72
110153,11,2025-01-09,Apartment,16,1829.02,"$523,992.65",Sold,C1598,523992.65
110155,11,2025-01-09,Apartment,16,1829.02,"$522,680.38",Available,,522680.38
110199,11,2025-01-09,Apartment,23,1098.83,"$322,054.98",Sold,C0999,322054.98
110214,11,2025-01-09,Apartment,25,1802.24,"$606,301.47",Sold,C1608,606301.47
110217,11,2025-01-09,Apartment,26,490.37,"$159,048.20",Available,,159048.2
110243,11,2025-01-09,Apartment,29,993.51,"$308,764.15",Sold,C1892,308764.15
110283,11,2025-01-09,Apartment,34,680.07,"$175,245.96",Sold,C0953,175245.96
110304,11,2025-01-09,Apartment,37,1368.16,"$434,958.41",Sold,C1277,434958.41
110361,11,2025-01-09,Apartment,43,810.65,"$278,982.99",Sold,C1928,278982.99
110368,11,2025-01-09,Apartment,43,810.65,"$220,011.39",Available,,220011.39
110376,11,2025-01-09,Apartment,44,434.38,"$120,422.49",Available,,120422.49
110410,11,2025-01-09,Apartment,49,1095.85,"$336,852.89",Available,,336852.89
110415,11,2025-01-09,Apartment,49,1095.85,"$373,735.42",Sold,C1936,373735.42
110424,11,2025-01-09,Apartment,50,948.72,"$320,784.87",Sold,C0229,320784.87
110487,11,2025-01-09,Office,57,1008.58,"$326,458.14",Available,,326458.14
110496,11,2025-01-09,Apartment,58,1159.31,"$341,227.90",Sold,C1217,341227.9
110554,11,2025-01-09,Apartment,65,1427.09,"$477,228.50",Sold,C0159,477228.5
120024,12,2025-01-09,Apartment,3,1469.27,"$417,320.08",Available,,417320.08
120125,12,2025-01-09,Apartment,15,1456.98,"$383,938.86",Available,,383938.86
120141,12,2025-01-09,Apartment,16,1523.02,"$381,756.88",Sold,C0564,381756.88
120147,12,2025-01-09,Apartment,17,1428.55,"$438,596.72",Sold,C1430,438596.72
120154,12,2025-01-09,Apartment,17,1428.55,"$426,820.06",Sold,C1257,426820.06
120174,12,2025-01-09,Apartment,19,1381.22,"$414,089.58",Sold,C0237,414089.58
120177,12,2025-01-09,Apartment,19,1381.22,"$452,685.90",Sold,C1469,452685.9
120202,12,2025-01-09,Apartment,23,1094.46,"$327,725.79",Available,,327725.79
120207,12,2025-01-09,Apartment,23,1094.46,"$278,334.73",Sold,C0763,278334.73
120219,12,2025-01-09,Office,24,1306.75,"$372,374.04",Available,,372374.04
120234,12,2025-01-09,Apartment,24,1306.75,"$345,446.82",Sold,C0686,345446.82
120242,12,2025-01-09,Apartment,26,557.9,"$163,333.44",Available,,163333.44
120284,12,2025-01-09,Office,31,1245.29,"$328,706.37",Sold,C1207,328706.37
120286,12,2025-01-09,Office,32,1906.38,"$616,227.01",Sold,C0441,616227.01
120317,12,2025-01-09,Apartment,35,1690.62,"$499,070.64",Sold,C0254,499070.64
120404,12,2025-01-09,Apartment,47,1528.05,"$410,756.82",Sold,C1117,410756.82
130041,13,2025-01-09,Apartment,3,979.64,"$385,396.18",Available,,385396.18
130080,13,2025-01-09,Apartment,10,1314.38,"$330,914.17",Sold,C0428,330914.17
130094,13,2025-01-09,Apartment,11,1678.3,"$460,427.59",Sold,C0950,460427.59
130106,13,2025-01-09,Apartment,13,585.77,"$195,626.05",Sold,C1974,195626.05
130125,13,2025-01-09,Apartment,15,458.29,"$146,853.21",Available,,146853.21
130130,13,2025-01-09,Apartment,15,458.29,"$118,024.61",Sold,C0668,118024.61
130141,13,2025-01-09,Apartment,16,1772.88,"$537,026.67",Sold,C0589,537026.67
130147,13,2025-01-09,Apartment,17,1278.95,"$352,647.72",Sold,C0120,352647.72
130157,13,2025-01-09,Apartment,18,1820.34,"$539,968.61",Sold,C0035,539968.61
130214,13,2025-01-09,Apartment,24,1044.69,"$296,391.37",Sold,C0659,296391.37
130289,13,2025-01-09,Apartment,32,1114.07,"$335,123.96",Sold,C0037,335123.96
130321,13,2025-01-09,Apartment,36,1061.26,"$273,674.59",Sold,C0538,273674.59
130375,13,2025-01-09,Apartment,41,1168.7,"$354,539.92",Sold,C1811,354539.92
130500,13,2025-01-09,Apartment,58,1115.72,"$351,636.29",Sold,C1891,351636.29
130517,13,2025-01-09,Apartment,60,1401.81,"$413,675.38",Sold,C0341,413675.38
130571,13,2025-01-09,Apartment,67,524.97,"$165,302.78",Sold,C1411,165302.78
130574,13,2025-01-09,Apartment,67,524.97,"$147,982.80",Available,,147982.8
130589,13,2025-01-09,Apartment,68,1590.69,"$459,757.05",Available,,459757.05
140009,14,2025-01-09,Apartment,2,922.7,"$270,218.56",Sold,C1218,270218.56
140026,14,2025-01-09,Apartment,5,424.34,"$113,550.95",Sold,C1715,113550.95
140122,14,2025-01-09,Apartment,13,442.74,"$97,402.80",Sold,C1767,97402.8
140179,14,2025-01-09,Office,19,1554.83,"$484,864.24",Sold,C1997,484864.24
140182,14,2025-01-09,Office,20,1224.91,"$347,553.21",Available,,347553.21
140214,14,2025-01-09,Apartment,23,1610.37,"$520,595.39",Sold,C0141,520595.39
140222,14,2025-01-09,Office,23,1610.37,"$602,366.78",Sold,C0117,602366.78
140231,14,2025-01-09,Office,25,586.85,"$165,942.65",Available,,165942.65
140298,14,2025-01-09,Apartment,34,513.06,"$134,277.54",Sold,C0143,134277.54
140330,14,2025-01-09,Apartment,39,1811.84,"$512,102.89",Sold,C0531,512102.89
140342,14,2025-01-09,Apartment,40,532.44,"$164,304.60",Sold,C1794,164304.6
140421,14,2025-01-09,Office,51,1346.3,"$429,949.07",Available,,429949.07
140464,14,2025-01-09,Apartment,55,1415.9,"$397,913.16",Sold,C1866,397913.16
140470,14,2025-01-09,Apartment,55,1415.9,"$407,908.02",Sold,C1686,407908.02
140473,14,2025-01-09,Office,55,1415.9,"$427,279.83",Available,,427279.83
150005,15,2025-01-09,Apartment,1,1596.51,"$531,573.93",Sold,C1656,531573.93
150027,15,2025-01-09,Apartment,3,748.99,"$229,851.21",Sold,C1447,229851.21
150060,15,2025-01-09,Office,9,565.48,"$139,259.70",Sold,C1505,139259.7
150083,15,2025-01-09,Apartment,13,653.54,"$204,178.47",Available,,204178.47
150087,15,2025-01-09,Apartment,14,1832.17,"$609,798.92",Sold,C0503,609798.92
150114,15,2025-01-09,Apartment,16,1692.61,"$533,937.17",Sold,C1386,533937.17
150134,15,2025-01-09,Apartment,17,562.64,"$152,674.09",Sold,C1516,152674.09
150169,15,2025-01-09,Apartment,22,1317.29,"$409,770.80",Available,,409770.8
150244,15,2025-01-09,Office,29,1748.18,"$536,330.79",Sold,C0349,536330.79
150260,15,2025-01-09,Apartment,30,1523.22,"$476,279.51",Sold,C1345,476279.51
150276,15,2025-01-09,Apartment,33,958.02,"$279,656.80",Available,,279656.8
150289,15,2025-01-09,Apartment,35,745.49,"$212,067.21",Sold,C1972,212067.21
150345,15,2025-01-09,Apartment,40,982.37,"$299,936.94",Sold,C0024,299936.94
150375,15,2025-01-09,Apartment,48,1403.33,"$380,538.08",Available,,380538.08
150376,15,2025-01-09,Apartment,48,1403.33,"$448,225.53",Sold,C0912,448225.53
150427,15,2025-01-09,Apartment,53,696.04,"$203,666.47",Sold,C1108,203666.47
150458,15,2025-01-09,Apartment,56,939.93,"$307,358.80",Sold,C1823,307358.8
150485,15,2025-01-09,Office,58,1750.89,"$489,878.14",Sold,C0729,489878.14
150519,15,2025-01-09,Apartment,60,1033.2,"$302,297.34",Sold,C0089,302297.34
160007,16,2025-01-09,Apartment,1,637.07,"$194,331.44",Available,,194331.44
160040,16,2025-01-09,Office,5,749.15,"$232,742.76",Sold,C0654,232742.76
160042,16,2025-01-09,Apartment,5,749.15,"$211,606.59",Sold,C1315,211606.59
160065,16,2025-01-09,Apartment,8,986.18,"$322,278.90",Sold,C1857,322278.9
160083,16,2025-01-09,Apartment,9,1524.04,"$540,445.52",Sold,C0819,540445.52
160144,16,2025-01-09,Apartment,18,1432.77,"$425,215.73",Available,,425215.73
160153,16,2025-01-09,Apartment,19,1163.06,"$344,081.34",Sold,C1384,344081.34
160184,16,2025-01-09,Office,23,594.14,"$195,445.31",Sold,C0357,195445.31
160230,16,2025-01-09,Apartment,28,1440.71,"$400,797.41",Available,,400797.41
160276,16,2025-01-09,Apartment,33,881.17,"$295,574.91",Sold,C1252,295574.91
160307,16,2025-01-09,Apartment,35,629.97,"$203,347.49",Sold,C0652,203347.49
160309,16,2025-01-09,Office,36,810.94,"$245,584.15",Available,,245584.15
160358,16,2025-01-09,Apartment,42,1496.62,"$441,789.19",Sold,C0886,441789.19
170022,17,2025-01-09,Apartment,2,1738.5,"$584,321.85",Sold,C1599,584321.85
170031,17,2025-01-09,Apartment,2,1738.5,"$555,067.12",Sold,C1147,555067.12
170064,17,2025-01-09,Apartment,8,1297.3,"$361,032.68",Sold,C0671,361032.68
170075,17,2025-01-09,Apartment,10,1059.07,"$364,946.76",Sold,C1938,364946.76
170085,17,2025-01-09,Apartment,10,1059.07,"$282,677.95",Available,,282677.95
170135,17,2025-01-09,Apartment,15,1365.73,"$408,030.78",Sold,C1313,408030.78
170139,17,2025-01-09,Office,16,1693.0,"$492,913.41",Sold,C1153,492913.41
170142,17,2025-01-09,Apartment,16,1693.0,"$548,632.28",Available,,548632.28
170144,17,2025-01-09,Office,16,1693.0,"$545,423.83",Sold,C0309,545423.83
170165,17,2025-01-09,Apartment,17,1827.25,"$532,459.61",Sold,C0545,532459.61
170366,17,2025-01-09,Office,46,1582.61,"$605,190.49",Sold,C0447,605190.49
170380,17,2025-01-09,Apartment,47,1106.83,"$403,444.27",Available,,403444.27
170401,17,2025-01-09,Office,48,1833.96,"$578,194.07",Sold,C0526,578194.07
170419,17,2025-01-09,Office,48,1833.96,"$573,266.03",Sold,C0877,573266.03
180021,18,2025-01-09,Apartment,3,524.48,"$158,850.09",Sold,C1563,158850.09
180037,18,2025-01-09,Office,4,1096.58,"$351,057.32",Sold,C0933,351057.32
180050,18,2025-01-09,Apartment,6,840.25,"$250,887.27",Sold,C0610,250887.27
180130,18,2025-01-09,Apartment,17,1195.81,"$325,517.91",Available,,325517.91
180158,18,2025-01-09,Apartment,21,1790.69,"$504,823.66",Available,,504823.66
180162,18,2025-01-09,Office,21,1790.69,"$429,013.25",Available,,429013.25
180167,18,2025-01-09,Apartment,22,1108.09,"$304,757.48",Sold,C1201,304757.48
180183,18,2025-01-09,Apartment,24,1417.31,"$384,011.41",Sold,C0870,384011.41
180187,18,2025-01-09,Office,25,911.94,"$263,752.65",Sold,C1462,263752.65
180205,18,2025-01-09,Apartment,26,1147.71,"$291,596.02",Sold,C1207,291596.02
180206,18,2025-01-09,Apartment,26,1147.71,"$277,216.89",Sold,C1927,277216.89
180358,18,2025-01-09,Apartment,40,990.46,"$347,614.42",Available,,347614.42
180363,18,2025-01-09,Apartment,40,990.46,"$272,054.89",Available,,272054.89
180386,18,2025-01-09,Apartment,43,937.7,"$226,894.78",Available,,226894.78
180393,18,2025-01-09,Apartment,44,1334.77,"$389,378.82",Sold,C0186,389378.82
180445,18,2025-01-09,Apartment,50,854.74,"$292,598.12",Sold,C0094,292598.12
180457,18,2025-01-09,Apartment,52,1424.54,"$313,398.80",Available,,313398.8
180487,18,2025-01-09,Apartment,54,1756.12,"$539,233.83",Available,,539233.83
180508,18,2025-01-09,Apartment,56,1311.59,"$413,424.87",Available,,413424.87
180587,18,2025-01-09,Apartment,68,1445.28,"$495,056.58",Sold,C1190,495056.58
190007,19,2025-01-09,Office,3,1468.68,"$462,830.35",Sold,C1969,462830.35
190070,19,2025-01-09,Apartment,10,747.71,"$245,137.31",Available,,245137.31
190137,19,2025-01-09,Apartment,18,1599.44,"$464,113.69",Available,,464113.69
190155,19,2025-01-09,Apartment,20,1772.03,"$436,200.11",Sold,C0433,436200.11
190206,19,2025-01-09,Apartment,25,996.38,"$296,623.87",Sold,C0828,296623.87
190222,19,2025-01-09,Apartment,26,668.24,"$174,836.95",Available,,174836.95
190252,19,2025-01-09,Apartment,29,1657.84,"$584,357.04",Sold,C0341,584357.04
190259,19,2025-01-09,Apartment,29,1657.84,"$508,392.39",Sold,C1232,508392.39
190340,19,2025-01-09,Apartment,40,893.49,"$267,747.05",Available,,267747.05
190376,19,2025-01-09,Apartment,42,1137.59,"$325,270.28",Sold,C0697,325270.28
190417,19,2025-01-09,Apartment,47,1126.37,"$314,692.40",Available,,314692.4
190428,19,2025-01-09,Office,49,1004.26,"$306,188.54",Sold,C1918,306188.54
200015,20,2025-01-09,Apartment,1,1898.39,"$586,824.88",Sold,C1456,586824.88
200032,20,2025-01-09,Apartment,3,1645.93,"$500,222.50",Sold,C1407,500222.5
200034,20,2025-01-09,Apartment,3,1645.93,"$428,571.15",Sold,C0458,428571.15
200046,20,2025-01-09,Apartment,5,802.5,"$193,328.23",Sold,C1154,193328.23
200058,20,2025-01-09,Apartment,7,1757.4,"$570,187.06",Sold,C1552,570187.06
200072,20,2025-01-09,Office,8,1268.45,"$380,297.96",Sold,C1859,380297.96
200155,20,2025-01-09,Apartment,18,1868.01,"$550,183.00",Sold,C1475,550183.0
200200,20,2025-01-09,Apartment,24,1188.07,"$368,118.52",Available,,368118.52
200218,20,2025-01-09,Apartment,26,1941.62,"$529,272.37",Sold,C0812,529272.37
200226,20,2025-01-09,Apartment,28,463.13,"$154,194.36",Sold,C1157,154194.36
200286,20,2025-01-09,Apartment,32,1630.81,"$479,050.00",Sold,C1028,479050.0
200346,20,2025-01-09,Apartment,38,1499.47,"$387,508.03",Sold,C1282,387508.03
200389,20,2025-01-09,Apartment,43,1697.49,"$507,427.41",Available,,507427.41
200395,20,2025-01-09,Office,43,1697.49,"$579,807.82",Sold,C0109,579807.82
200467,20,2025-01-09,Apartment,52,1634.67,"$526,337.84",Sold,C0633,526337.84
990007,2,2025-01-09,Apartment,52,1615.29,"$461,464.99",Available,,461464.99
990010,3,2025-01-09,Apartment,31,1596.35,"$495,024.09",Available,,495024.09
990025,5,2025-01-09,Apartment,50,1074.71,"$365,868.78",Available,,365868.78
2005,2,2025-01-10,Apartment,5,785.48,"$257,183.48",Sold,C0073,257183.48
2022,2,2025-01-10,Apartment,22,1109.25,"$344,568.74",Sold,C0068,344568.74
3022,3,2025-01-10,Apartment,22,1137.44,"$354,553.23",Sold,C0059,354553.23
3041,3,2025-01-10,Apartment,41,781.07,"$239,248.75",Sold,C0019,239248.75
3052,3,2025-01-10,Apartment,52,923.21,"$291,494.36",Sold,C0057,291494.36
3054,3,2025-01-10,Apartment,54,781.07,"$200,719.02",Sold,C0095,200719.02
5019,5,2025-01-10,Apartment,19,618.38,"$153,466.71",Sold,C0135,153466.71
10055,1,2025-01-10,Apartment,7,758.88,"$194,960.28",Sold,C0441,194960.28
10080,1,2025-01-10,Apartment,10,1439.52,"$376,111.25",Available,,376111.25
10082,1,2025-01-10,Office,10,1439.52,"$411,692.78",Sold,C0335,411692.78
10091,1,2025-01-10,Apartment,12,621.14,"$177,556.15",Sold,C0013,177556.15
10107,1,2025-01-10,Office,14,1181.69,"$369,296.54",Sold,C1431,369296.54
10112,1,2025-01-10,Apartment,14,1181.69,"$335,715.04",Sold,C0194,335715.04
10113,1,2025-01-10,Apartment,14,1181.69,"$345,800.05",Sold,C0663,345800.05
10210,1,2025-01-10,Apartment,24,1146.11,"$311,548.88",Sold,C1487,311548.88
10218,1,2025-01-10,Apartment,25,1154.92,"$274,518.10",Sold,C0696,274518.1
10234,1,2025-01-10,Apartment,27,725.12,"$208,024.42",Available,,208024.42
10274,1,2025-01-10,Office,30,753.29,"$263,983.27",Sold,C1249,263983.27
10349,1,2025-01-10,Apartment,38,1355.85,"$358,085.01",Sold,C1344,358085.01
10352,1,2025-01-10,Apartment,38,1355.85,"$472,614.44",Sold,C0684,472614.44
10355,1,2025-01-10,Apartment,38,1355.85,"$386,382.22",Sold,C0587,386382.22
10362,1,2025-01-10,Apartment,39,742.93,"$222,002.82",Sold,C1665,222002.82
10399,1,2025-01-10,Apartment,46,1153.16,"$362,593.45",Sold,C1618,362593.45
10407,1,2025-01-10,Office,47,771.08,"$261,411.51",Available,,261411.51
10419,1,2025-01-10,Apartment,49,629.24,"$176,063.64",Sold,C0857,176063.64
20024,2,2025-01-10,Apartment,3,645.84,"$217,462.85",Available,,217462.85
20059,2,2025-01-10,Apartment,7,733.14,"$225,333.86",Sold,C1522,225333.86
20144,2,2025-01-10,Office,17,1397.4,"$553,392.84",Sold,C0261,553392.84
20151,2,2025-01-10,Apartment,17,1397.4,"$409,624.51",Sold,C0679,409624.51
20157,2,2025-01-10,Apartment,18,784.76,"$208,475.27",Sold,C0840,208475.27
20193,2,2025-01-10,Apartment,22,653.41,"$197,732.56",Sold,C0651,197732.56
20201,2,2025-01-10,Apartment,22,653.41,"$189,843.92",Sold,C0828,189843.92
20204,2,2025-01-10,Office,23,1416.33,"$567,444.09",Sold,C1275,567444.09
20229,2,2025-01-10,Apartment,26,1577.79,"$446,099.24",Sold,C1174,446099.24
20233,2,2025-01-10,Apartment,26,1577.79,"$512,979.13",Available,,512979.13
20236,2,2025-01-10,Office,26,1577.79,"$493,737.03",Sold,C0539,493737.03
20311,2,2025-01-10,Apartment,36,641.72,"$194,714.91",Sold,C1728,194714.91
20321,2,2025-01-10,Apartment,38,710.81,"$216,079.00",Sold,C1084,216079.0
20340,2,2025-01-10,Apartment,41,654.93,"$236,630.24",Sold,C0072,236630.24
20342,2,2025-01-10,Apartment,41,654.93,"$202,522.58",Sold,C0188,202522.58
20351,2,2025-01-10,Office,42,786.45,"$213,128.24",Sold,C0775,213128.24
20375,2,2025-01-10,Apartment,45,782.2,"$262,249.92",Sold,C1457,262249.92
20424,2,2025-01-10,Apartment,48,788.44,"$219,968.35",Sold,C1130,219968.35
20439,2,2025-01-10,Office,51,699.31,"$189,593.20",Sold,C0315,189593.2
20485,2,2025-01-10,Apartment,56,722.22,"$241,503.00",Sold,C1859,241503.0
30032,3,2025-01-10,Office,4,719.96,"$219,505.52",Sold,C0954,219505.52
30071,3,2025-01-10,Office,7,744.01,"$229,701.65",Sold,C1200,229701.65
30080,3,2025-01-10,Apartment,7,744.01,"$206,070.96",Sold,C1475,206070.96
30087,3,2025-01-10,Apartment,9,1125.84,"$337,560.83",Sold,C0771,337560.83
30122,3,2025-01-10,Apartment,11,1283.1,"$348,727.22",Sold,C1961,348727.22
30132,3,2025-01-10,Apartment,12,657.47,"$179,742.66",Sold,C1983,179742.66
30134,3,2025-01-10,Apartment,13,754.84,"$261,580.40",Sold,C0221,261580.4
30145,3,2025-01-10,Apartment,14,788.59,"$227,380.78",Sold,C1175,227380.78
30146,3,2025-01-10,Apartment,14,788.59,"$262,619.56",Available,,262619.56
30211,3,2025-01-10,Apartment,23,924.21,"$246,746.22",Sold,C0987,246746.22
30232,3,2025-01-10,Office,27,1117.14,"$364,706.25",Sold,C0216,364706.25
30264,3,2025-01-10,Apartment,29,666.0,"$179,911.30",Available,,179911.3
30289,3,2025-01-10,Apartment,35,925.48,"$280,028.94",Sold,C1413,280028.94
30304,3,2025-01-10,Apartment,36,733.45,"$219,584.35",Sold,C1945,219584.35
30331,3,2025-01-10,Office,40,678.71,"$164,477.46",Sold,C1686,164477.46
30360,3,2025-01-10,Apartment,44,673.86,"$207,942.28",Sold,C1412,207942.28
30367,3,2025-01-10,Apartment,46,1599.81,"$474,806.32",Sold,C1406,474806.32
30400,3,2025-01-10,Apartment,49,1174.48,"$378,839.98",Available,,378839.98
30416,3,2025-01-10,Apartment,49,1174.48,"$352,375.03",Sold,C1523,352375.03
30426,3,2025-01-10,Apartment,49,1174.48,"$343,009.36",Sold,C0210,343009.36
30431,3,2025-01-10,Apartment,50,713.67,"$212,239.58",Sold,C0904,212239.58
30443,3,2025-01-10,Apartment,51,693.85,"$192,947.73",Sold,C0796,192947.73
30457,3,2025-01-10,Office,54,787.64,"$199,665.03",Available,,199665.03
30482,3,2025-01-10,Apartment,56,1179.42,"$400,338.61",Available,,400338.61
30493,3,2025-01-10,Apartment,58,1588.14,"$468,242.33",Available,,468242.33
30498,3,2025-01-10,Office,58,1588.14,"$365,164.05",Sold,C1143,365164.05
40004,4,2025-01-10,Apartment,1,1615.98,"$475,895.11",Sold,C1245,475895.11
40011,4,2025-01-10,Apartment,2,1620.07,"$469,692.03",Available,,469692.03
40047,4,2025-01-10,Apartment,5,786.98,"$231,129.57",Sold,C0016,231129.57
40068,4,2025-01-10,Office,7,786.36,"$265,542.11",Available,,265542.11
40158,4,2025-01-10,Office,19,1063.07,"$304,502.38",Available,,304502.38
40175,4,2025-01-10,Apartment,21,801.66,"$250,152.29",Available,,250152.29
40191,4,2025-01-10,Apartment,23,1110.99,"$337,233.00",Sold,C0329,337233.0
40210,4,2025-01-10,Apartment,26,790.05,"$211,905.04",Sold,C0332,211905.04
40269,4,2025-01-10,Apartment,31,793.1,"$223,661.90",Sold,C0193,223661.9
40337,4,2025-01-10,Office,40,780.74,"$251,534.87",Sold,C1629,251534.87
40358,4,2025-01-10,Office,43,1616.99,"$531,903.04",Sold,C0839,531903.04
40405,4,2025-01-10,Apartment,46,800.23,"$243,500.06",Sold,C0183,243500.06
40440,4,2025-01-10,Office,51,802.11,"$272,608.20",Sold,C1921,272608.2
50012,5,2025-01-10,Apartment,3,1008.42,"$329,670.08",Sold,C0810,329670.08
50021,5,2025-01-10,Apartment,4,799.1,"$245,118.66",Sold,C1557,245118.66
50029,5,2025-01-10,Apartment,6,775.85,"$235,257.98",Available,,235257.98
50075,5,2025-01-10,Apartment,10,629.27,"$206,318.00",Sold,C1377,206318.0
50095,5,2025-01-10,Apartment,11,1058.56,"$353,759.71",Sold,C0689,353759.71
50132,5,2025-01-10,Apartment,17,798.74,"$258,083.75",Available,,258083.75
50307,5,2025-01-10,Apartment,41,630.83,"$170,043.33",Sold,C0106,170043.33
50335,5,2025-01-10,Apartment,43,802.72,"$216,010.59",Sold,C1608,216010.59
50355,5,2025-01-10,Apartment,44,806.03,"$285,832.09",Sold,C0214,285832.09
50413,5,2025-01-10,Apartment,47,1241.14,"$368,136.36",Sold,C1534,368136.36
50445,5,2025-01-10,Apartment,52,1755.18,"$595,572.15",Available,,595572.15
60047,6,2025-01-10,Office,4,1925.28,"$664,212.71",Available,,664212.71
60062,6,2025-01-10,Apartment,5,1617.43,"$427,168.05",Available,,427168.05
60076,6,2025-01-10,Apartment,7,1075.42,"$330,083.38",Sold,C0061,330083.38
60077,6,2025-01-10,Apartment,7,1075.42,"$266,400.52",Sold,C0177,266400.52
60112,6,2025-01-10,Apartment,9,1194.12,"$305,848.02",Available,,305848.02
60165,6,2025-01-10,Apartment,14,1890.0,"$559,835.83",Sold,C0056,559835.83
60178,6,2025-01-10,Office,16,1687.92,"$460,221.94",Available,,460221.94
60198,6,2025-01-10,Office,19,1542.71,"$467,192.08",Sold,C0714,467192.08
60245,6,2025-01-10,Apartment,25,1086.43,"$332,809.37",Sold,C0879,332809.37
60338,6,2025-01-10,Apartment,37,1721.96,"$576,990.75",Sold,C1970,576990.75
60369,6,2025-01-10,Office,42,1766.89,"$632,201.17",Sold,C0685,632201.17
60402,6,2025-01-10,Apartment,47,550.99,"$145,680.60",Sold,C0756,145680.6
60411,6,2025-01-10,Apartment,50,1579.99,"$419,860.65",Available,,419860.65
60456,6,2025-01-10,Apartment,53,1170.96,"$300,537.15",Available,,300537.15
70005,7,2025-01-10,Apartment,1,759.04,"$245,775.23",Sold,C0615,245775.23
70021,7,2025-01-10,Apartment,5,1144.09,"$340,932.23",Sold,C0441,340932.23
70029,7,2025-01-10,Apartment,5,1144.09,"$314,987.60",Available,,314987.6
70035,7,2025-01-10,Apartment,5,1144.09,"$335,913.42",Available,,335913.42
70121,7,2025-01-10,Apartment,15,602.92,"$177,781.18",Sold,C0083,177781.18
70177,7,2025-01-10,Apartment,20,1160.82,"$361,543.25",Sold,C0525,361543.25
70201,7,2025-01-10,Office,23,1222.69,"$397,235.93",Sold,C0054,397235.93
70310,7,2025-01-10,Apartment,37,1171.04,"$312,306.37",Sold,C0120,312306.37
70325,7,2025-01-10,Office,38,1755.26,"$413,510.38",Sold,C1180,413510.38
70358,7,2025-01-10,Office,41,1093.92,"$330,019.64",Sold,C0115,330019.64
70359,7,2025-01-10,Office,42,702.08,"$170,341.14",Sold,C0585,170341.14
70412,7,2025-01-10,Apartment,48,533.35,"$136,888.93",Sold,C1969,136888.93
70416,7,2025-01-10,Office,49,1383.05,"$432,256.61",Sold,C1110,432256.61
70473,7,2025-01-10,Apartment,55,601.23,"$203,757.78",Available,,203757.78
70493,7,2025-01-10,Apartment,58,1629.83,"$499,403.26",Available,,499403.26
70519,7,2025-01-10,Apartment,60,1219.54,"$332,945.53",Sold,C1944,332945.53
80093,8,2025-01-10,Apartment,10,737.92,"$243,765.37",Available,,243765.37
80138,8,2025-01-10,Apartment,16,424.09,"$141,613.50",Sold,C0067,141613.5
80144,8,2025-01-10,Apartment,17,1109.27,"$338,553.67",Available,,338553.67
80176,8,2025-01-10,Apartment,23,1114.67,"$306,537.19",Sold,C0547,306537.19
80200,8,2025-01-10,Apartment,28,1431.61,"$471,604.55",Available,,471604.55
80216,8,2025-01-10,Apartment,29,1848.51,"$641,122.99",Sold,C0859,641122.99
80220,8,2025-01-10,Apartment,29,1848.51,"$537,255.18",Available,,537255.18
80250,8,2025-01-10,Office,31,1253.18,"$451,028.35",Available,,451028.35
80291,8,2025-01-10,Apartment,34,1684.75,"$559,025.42",Available,,559025.42
80404,8,2025-01-10,Apartment,47,543.08,"$159,068.05",Sold,C0046,159068.05
80424,8,2025-01-10,Apartment,48,480.99,"$154,831.75",Available,,154831.75
80425,8,2025-01-10,Apartment,49,1081.0,"$266,060.18",Sold,C1089,266060.18
80435,8,2025-01-10,Office,50,913.15,"$263,718.66",Available,,263718.66
80445,8,2025-01-10,Apartment,53,1891.72,"$504,661.03",Available,,504661.03
90102,9,2025-01-10,Apartment,16,924.6,"$257,664.17",Available,,257664.17
90142,9,2025-01-10,Apartment,22,1115.88,"$313,328.75",Available,,313328.75
90143,9,2025-01-10,Office,22,1115.88,"$344,251.82",Sold,C1985,344251.82
90159,9,2025-01-10,Apartment,25,1904.38,"$571,558.04",Sold,C0348,571558.04
90200,9,2025-01-10,Office,29,1426.22,"$514,489.27",Sold,C0773,514489.27
90245,9,2025-01-10,Apartment,34,1577.36,"$436,190.63",Sold,C1656,436190.63
90257,9,2025-01-10,Apartment,34,1577.36,"$407,520.59",Sold,C1575,407520.59
90266,9,2025-01-10,Apartment,35,1376.88,"$424,308.42",Sold,C0504,424308.42
90283,9,2025-01-10,Apartment,36,1582.79,"$479,074.37",Sold,C1986,479074.37
90291,9,2025-01-10,Apartment,36,1582.79,"$536,760.46",Available,,536760.46
90301,9,2025-01-10,Apartment,37,731.44,"$235,500.65",Sold,C0633,235500.65
90347,9,2025-01-10,Office,40,1090.32,"$348,371.69",Available,,348371.69
90354,9,2025-01-10,Apartment,41,1488.32,"$473,066.31",Sold,C1287,473066.31
90388,9,2025-01-10,Office,46,662.32,"$246,380.95",Sold,C1230,246380.95
90411,9,2025-01-10,Apartment,52,1126.02,"$375,050.13",Available,,375050.13
90454,9,2025-01-10,Apartment,56,1516.4,"$436,569.79",Sold,C1256,436569.79
90455,9,2025-01-10,Apartment,56,1516.4,"$460,353.21",Sold,C1935,460353.21
90487,9,2025-01-10,Apartment,58,838.34,"$252,742.94",Sold,C0043,252742.94
100070,10,2025-01-10,Apartment,9,1849.4,"$617,512.00",Sold,C0912,617512.0
100186,10,2025-01-10,Office,25,1487.17,"$492,734.29",Available,,492734.29
100228,10,2025-01-10,Apartment,28,1606.58,"$446,713.63",Sold,C0639,446713.63
100236,10,2025-01-10,Apartment,28,1606.58,"$475,442.78",Available,,475442.78
100257,10,2025-01-10,Apartment,30,1559.4,"$393,759.61",Sold,C0359,393759.61
100272,10,2025-01-10,Apartment,31,1499.0,"$365,717.82",Sold,C0522,365717.82
100278,10,2025-01-10,Apartment,32,1661.46,"$462,160.46",Sold,C1734,462160.46
100286,10,2025-01-10,Office,33,1010.7,"$372,884.46",Sold,C1857,372884.46
100321,10,2025-01-10,Apartment,38,476.64,"$152,349.87",Sold,C1933,152349.87
100361,10,2025-01-10,Apartment,43,1093.67,"$382,767.51",Sold,C0402,382767.51
100420,10,2025-01-10,Apartment,50,1138.32,"$269,612.68",Available,,269612.68
100432,10,2025-01-10,Apartment,50,1138.32,"$391,681.55",Sold,C0929,391681.55
110004,11,2025-01-10,Apartment,1,1902.88,"$557,477.28",Available,,557477.28
110039,11,2025-01-10,Apartment,5,1723.2,"$565,819.26",Sold,C1146,565819.26
110051,11,2025-01-10,Apartment,6,1724.08,"$513,716.25",Sold,C1252,513716.25
110078,11,2025-01-10,Apartment,10,1519.64,"$499,960.73",Available,,499960.73
110112,11,2025-01-10,Office,13,474.93,"$154,886.03",Available,,154886.03
110129,11,2025-01-10,Apartment,14,524.68,"$154,333.84",Sold,C0227,154333.84
110161,11,2025-01-10,Apartment,17,1946.06,"$560,190.29",Available,,560190.29
110190,11,2025-01-10,Apartment,21,1389.63,"$461,847.13",Available,,461847.13
110250,11,2025-01-10,Apartment,30,642.72,"$178,108.71",Sold,C0780,178108.71
110257,11,2025-01-10,Apartment,30,642.72,"$217,768.24",Sold,C1206,217768.24
110274,11,2025-01-10,Apartment,33,1632.55,"$448,877.05",Sold,C0892,448877.05
110326,11,2025-01-10,Apartment,38,788.47,"$263,327.86",Available,,263327.86
110400,11,2025-01-10,Apartment,47,1456.74,"$383,057.87",Sold,C0613,383057.87
110416,11,2025-01-10,Office,49,1095.85,"$305,312.51",Sold,C1436,305312.51
110431,11,2025-01-10,Apartment,51,1318.98,"$430,426.11",Sold,C1136,430426.11
110510,11,2025-01-10,Apartment,61,1299.46,"$400,289.00",Available,,400289.0
110512,11,2025-01-10,Apartment,61,1299.46,"$388,520.34",Available,,388520.34
110546,11,2025-01-10,Apartment,63,871.7,"$259,885.32",Sold,C0748,259885.32
110563,11,2025-01-10,Apartment,65,1427.09,"$453,651.73",Sold,C1702,453651.73
120022,12,2025-01-10,Apartment,3,1469.27,"$480,115.60",Sold,C1830,480115.6
120088,12,2025-01-10,Office,12,959.05,"$304,737.72",Sold,C0864,304737.72
120098,12,2025-01-10,Apartment,12,959.05,"$269,450.51",Sold,C0218,269450.51
120110,12,2025-01-10,Apartment,14,1369.96,"$332,581.75",Available,,332581.75
120118,12,2025-01-10,Apartment,14,1369.96,"$421,206.38",Sold,C0482,421206.38
120123,12,2025-01-10,Apartment,14,1369.96,"$393,709.76",Available,,393709.76
120139,12,2025-01-10,Apartment,16,1523.02,"$428,682.58",Available,,428682.58
120140,12,2025-01-10,Apartment,16,1523.02,"$414,436.72",Available,,414436.72
120212,12,2025-01-10,Apartment,23,1094.46,"$338,457.73",Available,,338457.73
120214,12,2025-01-10,Apartment,24,1306.75,"$349,696.41",Available,,349696.41
120220,12,2025-01-10,Apartment,24,1306.75,"$452,121.47",Sold,C0133,452121.47
120247,12,2025-01-10,Apartment,27,871.52,"$276,613.41",Available,,276613.41
120258,12,2025-01-10,Office,27,871.52,"$231,712.38",Sold,C0142,231712.38
120336,12,2025-01-10,Apartment,36,813.16,"$260,144.68",Sold,C0003,260144.68
120339,12,2025-01-10,Apartment,37,1681.78,"$536,786.13",Sold,C0674,536786.13
120393,12,2025-01-10,Apartment,45,1898.75,"$650,710.38",Sold,C0567,650710.38
130025,13,2025-01-10,Apartment,2,1651.02,"$552,484.63",Available,,552484.63
130045,13,2025-01-10,Apartment,4,1629.74,"$554,713.49",Sold,C1004,554713.49
130055,13,2025-01-10,Apartment,5,441.3,"$129,127.59",Available,,129127.59
130071,13,2025-01-10,Apartment,8,1449.43,"$384,925.51",Sold,C1266,384925.51
130097,13,2025-01-10,Apartment,11,1678.3,"$554,107.09",Sold,C1893,554107.09
130109,13,2025-01-10,Apartment,13,585.77,"$159,232.31",Sold,C1824,159232.31
130149,13,2025-01-10,Apartment,17,1278.95,"$328,669.66",Sold,C0177,328669.66
130193,13,2025-01-10,Office,21,1680.5,"$610,193.44",Sold,C1476,610193.44
130197,13,2025-01-10,Apartment,22,1811.36,"$525,721.08",Sold,C0086,525721.08
130288,13,2025-01-10,Office,32,1114.07,"$357,615.84",Sold,C1670,357615.84
130307,13,2025-01-10,Apartment,33,1445.84,"$457,810.49",Sold,C1211,457810.49
130361,13,2025-01-10,Office,40,571.5,"$230,574.30",Available,,230574.3
130364,13,2025-01-10,Apartment,40,571.5,"$193,173.23",Sold,C0962,193173.23
130387,13,2025-01-10,Apartment,43,1875.83,"$510,253.90",Sold,C1087,510253.9
130395,13,2025-01-10,Apartment,44,470.06,"$158,566.14",Available,,158566.14
130406,13,2025-01-10,Apartment,45,986.91,"$345,185.95",Sold,C0198,345185.95
130417,13,2025-01-10,Office,47,1874.35,"$647,138.13",Sold,C0647,647138.13
130428,13,2025-01-10,Apartment,47,1874.35,"$565,118.87",Sold,C0840,565118.87
130439,13,2025-01-10,Apartment,48,1728.84,"$416,215.94",Sold,C1831,416215.94
130452,13,2025-01-10,Apartment,50,1469.09,"$418,942.17",Available,,418942.17
130460,13,2025-01-10,Apartment,53,968.77,"$281,662.24",Sold,C0473,281662.24
130467,13,2025-01-10,Apartment,53,968.77,"$308,824.33",Sold,C1482,308824.33
130545,13,2025-01-10,Apartment,63,1623.8,"$512,052.93",Sold,C0217,512052.93
130548,13,2025-01-10,Office,63,1623.8,"$465,022.35",Available,,465022.35
130557,13,2025-01-10,Apartment,64,792.66,"$177,430.54",Available,,177430.54
130575,13,2025-01-10,Apartment,67,524.97,"$147,823.33",Sold,C0464,147823.33
130593,13,2025-01-10,Apartment,69,736.95,"$249,402.29",Available,,249402.29
140049,14,2025-01-10,Apartment,8,618.89,"$169,315.54",Sold,C0697,169315.54
140054,14,2025-01-10,Office,8,618.89,"$217,668.00",Sold,C1457,217668.0
140069,14,2025-01-10,Apartment,9,803.5,"$279,354.07",Sold,C1920,279354.07
140131,14,2025-01-10,Apartment,14,1628.68,"$505,173.86",Sold,C1989,505173.86
140132,14,2025-01-10,Apartment,14,1628.68,"$518,104.03",Sold,C1154,518104.03
140134,14,2025-01-10,Apartment,14,1628.68,"$452,942.38",Available,,452942.38
140194,14,2025-01-10,Office,22,1148.66,"$324,682.00",Sold,C0211,324682.0
140235,14,2025-01-10,Office,25,586.85,"$169,562.88",Sold,C1798,169562.88
140236,14,2025-01-10,Apartment,26,1190.87,"$386,974.11",Sold,C0771,386974.11
140242,14,2025-01-10,Apartment,27,1866.49,"$454,295.52",Available,,454295.52
140287,14,2025-01-10,Apartment,33,1894.96,"$588,224.19",Sold,C1423,588224.19
140291,14,2025-01-10,Apartment,33,1894.96,"$582,007.30",Available,,582007.3
140327,14,2025-01-10,Apartment,38,1170.11,"$273,024.80",Available,,273024.8
140332,14,2025-01-10,Apartment,39,1811.84,"$536,812.04",Sold,C0092,536812.04
140361,14,2025-01-10,Apartment,43,520.49,"$163,915.34",Sold,C0866,163915.34
140364,14,2025-01-10,Apartment,44,840.77,"$246,954.87",Sold,C1855,246954.87
140384,14,2025-01-10,Apartment,47,917.53,"$287,593.83",Sold,C1579,287593.83
140393,14,2025-01-10,Apartment,47,917.53,"$315,690.21",Sold,C0328,315690.21
140405,14,2025-01-10,Apartment,49,1231.75,"$323,757.32",Available,,323757.32
140440,14,2025-01-10,Apartment,52,571.74,"$161,481.48",Available,,161481.48
150053,15,2025-01-10,Apartment,9,565.48,"$155,811.47",Sold,C1323,155811.47
150063,15,2025-01-10,Apartment,9,565.48,"$171,784.49",Available,,171784.49
150089,15,2025-01-10,Apartment,14,1832.17,"$578,866.18",Sold,C0598,578866.18
150095,15,2025-01-10,Office,15,522.71,"$165,771.56",Available,,165771.56
150130,15,2025-01-10,Apartment,17,562.64,"$164,204.09",Sold,C0963,164204.09
150249,15,2025-01-10,Apartment,30,1523.22,"$476,537.31",Sold,C0736,476537.31
150315,15,2025-01-10,Apartment,36,1424.81,"$382,995.00",Available,,382995.0
150331,15,2025-01-10,Apartment,38,585.57,"$172,889.19",Sold,C0116,172889.19
150334,15,2025-01-10,Apartment,39,1713.42,"$504,362.44",Sold,C0408,504362.44
150337,15,2025-01-10,Apartment,39,1713.42,"$605,272.25",Sold,C0862,605272.25
150350,15,2025-01-10,Apartment,42,1298.37,"$520,647.76",Sold,C0386,520647.76
150353,15,2025-01-10,Apartment,42,1298.37,"$334,658.48",Sold,C0030,334658.48
150360,15,2025-01-10,Apartment,43,1655.05,"$508,654.74",Available,,508654.74
150418,15,2025-01-10,Apartment,52,829.2,"$231,633.55",Available,,231633.55
150520,15,2025-01-10,Apartment,60,1033.2,"$288,427.44",Sold,C1137,288427.44
160049,16,2025-01-10,Office,6,1062.34,"$297,202.96",Sold,C0194,297202.96
160052,16,2025-01-10,Apartment,7,941.57,"$296,837.59",Sold,C0922,296837.59
160067,16,2025-01-10,Apartment,8,986.18,"$280,293.38",Sold,C1127,280293.38
160097,16,2025-01-10,Office,11,1288.42,"$366,009.11",Sold,C1921,366009.11
160100,16,2025-01-10,Apartment,11,1288.42,"$410,663.51",Sold,C0941,410663.51
160116,16,2025-01-10,Office,12,549.98,"$159,995.77",Sold,C0169,159995.77
160135,16,2025-01-10,Apartment,16,1451.17,"$454,823.84",Sold,C0520,454823.84
160171,16,2025-01-10,Apartment,21,837.95,"$248,737.57",Sold,C0946,248737.57
160185,16,2025-01-10,Apartment,23,594.14,"$172,502.97",Sold,C1614,172502.97
160193,16,2025-01-10,Apartment,23,594.14,"$150,326.78",Sold,C1281,150326.78
160212,16,2025-01-10,Apartment,26,1458.08,"$404,054.56",Sold,C0629,404054.56
160215,16,2025-01-10,Apartment,26,1458.08,"$486,734.54",Available,,486734.54
160253,16,2025-01-10,Apartment,29,489.49,"$151,928.96",Available,,151928.96
160264,16,2025-01-10,Apartment,31,1336.97,"$424,676.81",Sold,C1441,424676.81
160289,16,2025-01-10,Apartment,34,743.19,"$229,781.30",Sold,C1343,229781.3
160300,16,2025-01-10,Apartment,35,629.97,"$188,562.02",Available,,188562.02
160303,16,2025-01-10,Apartment,35,629.97,"$185,979.89",Available,,185979.89
160334,16,2025-01-10,Apartment,40,688.81,"$222,496.16",Sold,C0127,222496.16
170026,17,2025-01-10,Apartment,2,1738.5,"$542,001.16",Sold,C1803,542001.16
170069,17,2025-01-10,Apartment,9,1505.53,"$431,674.94",Sold,C1998,431674.94
170096,17,2025-01-10,Apartment,11,596.22,"$179,694.61",Sold,C0465,179694.61
170162,17,2025-01-10,Apartment,17,1827.25,"$527,772.89",Available,,527772.89
170219,17,2025-01-10,Apartment,26,929.59,"$257,546.10",Sold,C1040,257546.1
170234,17,2025-01-10,Apartment,27,677.24,"$174,630.68",Sold,C0921,174630.68
170355,17,2025-01-10,Apartment,46,1582.61,"$456,081.83",Available,,456081.83
170392,17,2025-01-10,Apartment,48,1833.96,"$601,201.34",Sold,C0795,601201.34
170405,17,2025-01-10,Apartment,48,1833.96,"$538,317.81",Available,,538317.81
170407,17,2025-01-10,Apartment,48,1833.96,"$563,558.93",Sold,C1745,563558.93
170437,17,2025-01-10,Apartment,51,1375.52,"$404,608.18",Sold,C0022,404608.18
180063,18,2025-01-10,Apartment,7,505.94,"$152,268.30",Sold,C0564,152268.3
180145,18,2025-01-10,Apartment,19,1268.1,"$381,039.09",Sold,C0176,381039.09
180160,18,2025-01-10,Apartment,21,1790.69,"$476,904.44",Sold,C0843,476904.44
180200,18,2025-01-10,Apartment,26,1147.71,"$354,247.08",Sold,C1305,354247.08
180228,18,2025-01-10,Office,29,578.36,"$183,675.08",Sold,C1907,183675.08
180265,18,2025-01-10,Apartment,31,945.46,"$308,632.27",Available,,308632.27
180273,18,2025-01-10,Office,32,1512.9,"$432,544.27",Sold,C1733,432544.27
180286,18,2025-01-10,Apartment,35,799.05,"$235,606.44",Sold,C0260,235606.44
180300,18,2025-01-10,Office,36,1089.77,"$352,286.02",Available,,352286.02
180308,18,2025-01-10,Apartment,36,1089.77,"$334,296.35",Sold,C0688,334296.35
180320,18,2025-01-10,Apartment,37,1092.32,"$281,773.47",Available,,281773.47
180385,18,2025-01-10,Apartment,43,937.7,"$322,557.06",Sold,C1904,322557.06
180435,18,2025-01-10,Office,49,1457.92,"$445,807.43",Sold,C1893,445807.43
180441,18,2025-01-10,Apartment,49,1457.92,"$454,071.94",Sold,C0383,454071.94
180513,18,2025-01-10,Apartment,57,636.39,"$196,039.10",Sold,C0041,196039.1
190027,19,2025-01-10,Apartment,5,1408.42,"$482,067.87",Sold,C0037,482067.87
190033,19,2025-01-10,Apartment,6,1067.81,"$300,952.93",Sold,C0596,300952.93
190071,19,2025-01-10,Apartment,10,747.71,"$225,336.63",Sold,C1634,225336.63
190107,19,2025-01-10,Apartment,15,538.06,"$142,150.33",Sold,C1811,142150.33
190110,19,2025-01-10,Apartment,15,538.06,"$155,403.48",Available,,155403.48
190116,19,2025-01-10,Apartment,16,1711.98,"$506,115.59",Sold,C1263,506115.59
190149,19,2025-01-10,Apartment,19,1697.73,"$502,330.57",Sold,C0580,502330.57
190153,19,2025-01-10,Apartment,19,1697.73,"$493,386.88",Available,,493386.88
190166,19,2025-01-10,Apartment,21,477.75,"$135,540.98",Sold,C1951,135540.98
190271,19,2025-01-10,Apartment,31,1089.64,"$301,120.30",Available,,301120.3
190275,19,2025-01-10,Apartment,32,1048.61,"$342,021.93",Sold,C1676,342021.93
190276,19,2025-01-10,Apartment,32,1048.61,"$327,116.73",Sold,C0217,327116.73
190301,19,2025-01-10,Apartment,36,855.94,"$245,493.58",Sold,C1654,245493.58
190307,19,2025-01-10,Apartment,37,1565.26,"$531,754.05",Sold,C1298,531754.05
190321,19,2025-01-10,Apartment,39,1237.04,"$341,413.93",Sold,C1718,341413.93
190342,19,2025-01-10,Apartment,40,893.49,"$232,412.79",Available,,232412.79
190395,19,2025-01-10,Apartment,44,982.8,"$290,049.44",Sold,C1308,290049.44
190418,19,2025-01-10,Office,48,851.11,"$261,753.92",Available,,261753.92
190424,19,2025-01-10,Apartment,49,1004.26,"$297,694.12",Sold,C0047,297694.12
200076,20,2025-01-10,Apartment,10,1714.22,"$377,128.40",Sold,C1950,377128.4
200135,20,2025-01-10,Apartment,17,1089.33,"$318,346.14",Sold,C0141,318346.14
200224,20,2025-01-10,Apartment,27,993.62,"$292,047.40",Sold,C0143,292047.4
200268,20,2025-01-10,Apartment,31,1414.44,"$460,529.82",Sold,C1794,460529.82
200304,20,2025-01-10,Office,33,630.53,"$182,434.90",Sold,C0694,182434.9
200363,20,2025-01-10,Apartment,40,428.03,"$131,473.18",Sold,C0721,131473.18
200368,20,2025-01-10,Apartment,40,428.03,"$106,223.34",Available,,106223.34
200378,20,2025-01-10,Apartment,41,541.22,"$163,235.17",Sold,C0898,163235.17
200407,20,2025-01-10,Apartment,46,1227.49,"$393,941.16",Sold,C1591,393941.16
200416,20,2025-01-10,Apartment,48,860.8,"$321,775.28",Available,,321775.28
200435,20,2025-01-10,Office,49,880.76,"$244,772.31",Sold,C1901,244772.31
200437,20,2025-01-10,Office,49,880.76,"$220,783.13",Sold,C1406,220783.13
200441,20,2025-01-10,Apartment,49,880.76,"$200,706.98",Sold,C0767,200706.98
200455,20,2025-01-10,Apartment,51,1062.33,"$325,473.28",Sold,C0451,325473.28
200497,20,2025-01-10,Apartment,57,445.15,"$131,628.47",Sold,C0210,131628.47
2021,2,2025-01-11,Apartment,21,785.48,"$217,748.48",Sold,C0007,217748.48
3005,3,2025-01-11,Apartment,5,781.07,"$258,015.61",Sold,C0138,258015.61
5043,5,2025-01-11,Apartment,43,598.58,"$175,773.59",Available,,175773.59
5044,5,2025-01-11,Apartment,44,1238.58,"$322,610.74",Available,,322610.74
10040,1,2025-01-11,Apartment,5,753.87,"$255,451.33",Available,,255451.33
10103,1,2025-01-11,Apartment,13,719.47,"$256,265.53",Sold,C0351,256265.53
10135,1,2025-01-11,Office,17,608.25,"$183,058.38",Sold,C0444,183058.38
10161,1,2025-01-11,Office,20,1146.24,"$366,393.76",Sold,C1894,366393.76
10171,1,2025-01-11,Office,22,740.83,"$247,904.66",Sold,C1674,247904.66
10180,1,2025-01-11,Office,22,740.83,"$207,582.07",Sold,C1477,207582.07
10238,1,2025-01-11,Office,27,725.12,"$219,709.14",Sold,C1966,219709.14
10244,1,2025-01-11,Apartment,29,757.2,"$207,676.96",Sold,C1183,207676.96
10283,1,2025-01-11,Apartment,30,753.29,"$219,138.43",Sold,C0681,219138.43
10305,1,2025-01-11,Office,32,800.77,"$272,567.73",Available,,272567.73
10310,1,2025-01-11,Apartment,33,827.74,"$284,008.39",Sold,C0724,284008.39
10320,1,2025-01-11,Apartment,34,1469.14,"$514,431.17",Available,,514431.17
10328,1,2025-01-11,Apartment,35,1168.59,"$374,729.63",Sold,C1196,374729.63
10330,1,2025-01-11,Apartment,35,1168.59,"$338,658.30",Sold,C0177,338658.3
10336,1,2025-01-11,Apartment,36,613.59,"$195,068.84",Sold,C1529,195068.84
10338,1,2025-01-11,Apartment,36,613.59,"$178,955.35",Sold,C1483,178955.35
10360,1,2025-01-11,Apartment,39,742.93,"$226,371.81",Sold,C1795,226371.81
10374,1,2025-01-11,Apartment,41,835.25,"$227,751.55",Sold,C1474,227751.55
20001,2,2025-01-11,Apartment,1,706.3,"$262,842.09",Sold,C0623,262842.09
20017,2,2025-01-11,Apartment,2,788.72,"$233,220.13",Available,,233220.13
20021,2,2025-01-11,Office,3,645.84,"$229,427.60",Sold,C1110,229427.6
20055,2,2025-01-11,Apartment,6,967.84,"$302,858.56",Sold,C0267,302858.56
20085,2,2025-01-11,Apartment,10,788.79,"$234,972.82",Sold,C1046,234972.82
20103,2,2025-01-11,Apartment,11,1625.05,"$443,635.55",Sold,C1610,443635.55
20180,2,2025-01-11,Office,20,727.55,"$216,508.73",Available,,216508.73
20217,2,2025-01-11,Office,24,785.12,"$231,620.61",Sold,C1751,231620.61
20253,2,2025-01-11,Apartment,28,650.67,"$225,279.10",Sold,C1836,225279.1
20277,2,2025-01-11,Office,33,931.4,"$294,176.92",Available,,294176.92
20294,2,2025-01-11,Apartment,35,1391.68,"$415,639.70",Sold,C1411,415639.7
20319,2,2025-01-11,Apartment,37,780.46,"$239,437.46",Available,,239437.46
20414,2,2025-01-11,Apartment,47,708.32,"$229,657.95",Sold,C0942,229657.95
20491,2,2025-01-11,Apartment,57,789.52,"$233,326.12",Available,,233326.12
20494,2,2025-01-11,Apartment,57,789.52,"$201,052.00",Sold,C1687,201052.0
30006,3,2025-01-11,Apartment,1,689.75,"$198,664.15",Available,,198664.15
30029,3,2025-01-11,Apartment,4,719.96,"$199,587.11",Available,,199587.11
30036,3,2025-01-11,Apartment,4,719.96,"$246,487.05",Sold,C0757,246487.05
30108,3,2025-01-11,Office,10,784.09,"$267,258.60",Sold,C0306,267258.6
30109,3,2025-01-11,Apartment,10,784.09,"$212,968.31",Sold,C0414,212968.31
30121,3,2025-01-11,Office,11,1283.1,"$286,088.15",Sold,C0275,286088.15
30131,3,2025-01-11,Office,12,657.47,"$193,765.86",Available,,193765.86
30180,3,2025-01-11,Apartment,20,802.97,"$233,194.73",Available,,233194.73
30204,3,2025-01-11,Apartment,22,1165.89,"$400,605.15",Sold,C1044,400605.15
30227,3,2025-01-11,Apartment,26,923.9,"$286,765.45",Available,,286765.45
30233,3,2025-01-11,Apartment,27,1117.14,"$356,949.82",Sold,C0781,356949.82
30254,3,2025-01-11,Apartment,28,679.93,"$219,865.93",Sold,C0466,219865.93
30259,3,2025-01-11,Apartment,28,679.93,"$203,901.13",Available,,203901.13
30277,3,2025-01-11,Office,31,915.38,"$223,789.27",Available,,223789.27
30392,3,2025-01-11,Apartment,48,783.39,"$198,403.30",Sold,C0842,198403.3
30411,3,2025-01-11,Apartment,49,1174.48,"$351,976.66",Sold,C1937,351976.66
30442,3,2025-01-11,Apartment,51,693.85,"$197,773.53",Available,,197773.53
30453,3,2025-01-11,Apartment,52,1361.9,"$311,382.60",Sold,C1643,311382.6
30469,3,2025-01-11,Apartment,56,1179.42,"$363,347.59",Available,,363347.59
40017,4,2025-01-11,Apartment,2,1620.07,"$452,617.95",Sold,C1070,452617.95
40035,4,2025-01-11,Apartment,4,783.03,"$252,558.84",Available,,252558.84
40082,4,2025-01-11,Apartment,10,1614.62,"$523,968.19",Sold,C1150,523968.19
40090,4,2025-01-11,Apartment,12,789.38,"$233,668.32",Sold,C0340,233668.32
40112,4,2025-01-11,Apartment,14,1322.66,"$403,269.79",Sold,C0579,403269.79
40120,4,2025-01-11,Office,14,1322.66,"$335,954.58",Available,,335954.58
40189,4,2025-01-11,Apartment,23,1110.99,"$303,764.63",Available,,303764.63
40194,4,2025-01-11,Apartment,24,786.05,"$198,985.13",Available,,198985.13
40198,4,2025-01-11,Office,25,1310.16,"$357,740.08",Sold,C1068,357740.08
40199,4,2025-01-11,Apartment,25,1310.16,"$355,330.61",Sold,C0019,355330.61
40202,4,2025-01-11,Apartment,25,1310.16,"$424,125.21",Sold,C0733,424125.21
40301,4,2025-01-11,Apartment,35,777.82,"$204,368.26",Sold,C1949,204368.26
40326,4,2025-01-11,Apartment,39,743.73,"$242,986.99",Sold,C1818,242986.99
40338,4,2025-01-11,Apartment,40,780.74,"$198,594.76",Sold,C0639,198594.76
40344,4,2025-01-11,Apartment,41,779.87,"$231,182.80",Sold,C0087,231182.8
40362,4,2025-01-11,Apartment,43,1616.99,"$472,001.11",Available,,472001.11
40412,4,2025-01-11,Apartment,48,1621.39,"$410,763.17",Sold,C0556,410763.17
50003,5,2025-01-11,Apartment,1,790.55,"$249,655.07",Sold,C0797,249655.07
50006,5,2025-01-11,Apartment,2,795.91,"$246,134.92",Sold,C0132,246134.92
50044,5,2025-01-11,Apartment,8,782.15,"$266,828.76",Available,,266828.76
50054,5,2025-01-11,Apartment,9,793.56,"$231,833.39",Sold,C1738,231833.39
50055,5,2025-01-11,Apartment,9,793.56,"$227,850.26",Sold,C0263,227850.26
50091,5,2025-01-11,Apartment,11,1058.56,"$338,810.07",Sold,C1383,338810.07
50183,5,2025-01-11,Apartment,23,1006.65,"$317,911.69",Sold,C1054,317911.69
50224,5,2025-01-11,Apartment,30,794.93,"$248,865.60",Available,,248865.6
50244,5,2025-01-11,Apartment,32,1051.39,"$280,556.27",Available,,280556.27
50261,5,2025-01-11,Apartment,34,802.33,"$227,403.75",Sold,C0085,227403.75
50286,5,2025-01-11,Apartment,37,1790.7,"$481,169.93",Available,,481169.93
50310,5,2025-01-11,Apartment,41,630.83,"$175,215.94",Sold,C0404,175215.94
50315,5,2025-01-11,Office,41,630.83,"$163,897.50",Available,,163897.5
50349,5,2025-01-11,Apartment,44,806.03,"$244,970.45",Sold,C0044,244970.45
50360,5,2025-01-11,Apartment,44,806.03,"$253,742.21",Sold,C1606,253742.21
50415,5,2025-01-11,Apartment,48,788.04,"$242,719.06",Sold,C1297,242719.06
50428,5,2025-01-11,Apartment,50,1261.07,"$368,537.37",Available,,368537.37
50441,5,2025-01-11,Office,52,1755.18,"$598,861.96",Available,,598861.96
60018,6,2025-01-11,Apartment,1,1720.95,"$497,030.07",Sold,C0624,497030.07
60059,6,2025-01-11,Apartment,5,1617.43,"$392,959.84",Available,,392959.84
60113,6,2025-01-11,Apartment,9,1194.12,"$409,698.72",Available,,409698.72
60118,6,2025-01-11,Apartment,10,942.08,"$320,955.37",Available,,320955.37
60126,6,2025-01-11,Apartment,10,942.08,"$252,203.89",Sold,C1417,252203.89
60195,6,2025-01-11,Office,19,1542.71,"$484,844.40",Sold,C0748,484844.4
60222,6,2025-01-11,Apartment,20,1897.17,"$676,167.22",Sold,C1876,676167.22
60244,6,2025-01-11,Apartment,25,1086.43,"$352,321.38",Sold,C0129,352321.38
60291,6,2025-01-11,Office,32,793.11,"$276,330.88",Sold,C0658,276330.88
60294,6,2025-01-11,Apartment,33,1131.0,"$326,577.18",Sold,C1796,326577.18
60313,6,2025-01-11,Apartment,34,1353.81,"$386,941.83",Sold,C0549,386941.83
60336,6,2025-01-11,Apartment,37,1721.96,"$541,782.12",Sold,C0372,541782.12
60438,6,2025-01-11,Apartment,51,1476.63,"$445,059.31",Sold,C0347,445059.31
60447,6,2025-01-11,Apartment,53,1170.96,"$381,525.18",Sold,C0560,381525.18
70004,7,2025-01-11,Apartment,1,759.04,"$210,532.52",Sold,C0602,210532.52
70011,7,2025-01-11,Apartment,3,888.5,"$252,997.81",Sold,C0209,252997.81
70036,7,2025-01-11,Apartment,6,1232.31,"$370,506.46",Sold,C0896,370506.46
70044,7,2025-01-11,Apartment,7,1071.02,"$284,779.42",Available,,284779.42
70049,7,2025-01-11,Apartment,8,1561.28,"$381,856.69",Sold,C0680,381856.69
70056,7,2025-01-11,Apartment,9,926.11,"$245,007.73",Sold,C0844,245007.73
70087,7,2025-01-11,Apartment,12,804.65,"$260,656.65",Sold,C1351,260656.65
70119,7,2025-01-11,Apartment,15,602.92,"$185,296.54",Sold,C1711,185296.54
70143,7,2025-01-11,Apartment,17,1586.15,"$470,683.64",Sold,C0959,470683.64
70232,7,2025-01-11,Apartment,26,717.0,"$181,046.17",Available,,181046.17
70246,7,2025-01-11,Apartment,27,768.05,"$200,961.24",Sold,C1113,200961.24
70323,7,2025-01-11,Apartment,38,1755.26,"$492,569.41",Sold,C1682,492569.41
70366,7,2025-01-11,Office,43,498.61,"$173,467.51",Sold,C0659,173467.51
70388,7,2025-01-11,Apartment,44,1859.83,"$579,256.81",Available,,579256.81
70392,7,2025-01-11,Office,45,1150.93,"$337,914.19",Sold,C0857,337914.19
70393,7,2025-01-11,Apartment,45,1150.93,"$382,612.66",Sold,C0849,382612.66
70397,7,2025-01-11,Apartment,45,1150.93,"$338,690.28",Sold,C1484,338690.28
70427,7,2025-01-11,Apartment,50,502.02,"$155,945.89",Sold,C1838,155945.89
70445,7,2025-01-11,Apartment,52,1281.14,"$349,648.17",Sold,C1725,349648.17
70455,7,2025-01-11,Apartment,54,1940.69,"$480,664.14",Sold,C0429,480664.14
70459,7,2025-01-11,Apartment,54,1940.69,"$556,524.23",Sold,C1841,556524.23
70480,7,2025-01-11,Apartment,56,1589.6,"$543,124.84",Available,,543124.84
70495,7,2025-01-11,Apartment,58,1629.83,"$439,175.81",Sold,C0855,439175.81
80127,8,2025-01-11,Apartment,15,534.85,"$146,489.27",Available,,146489.27
80229,8,2025-01-11,Apartment,30,1070.46,"$312,199.71",Available,,312199.71
80230,8,2025-01-11,Apartment,30,1070.46,"$356,415.65",Sold,C0356,356415.65
80256,8,2025-01-11,Apartment,31,1253.18,"$368,476.78",Sold,C0775,368476.78
80317,8,2025-01-11,Apartment,37,890.65,"$282,190.81",Available,,282190.81
80319,8,2025-01-11,Office,37,890.65,"$259,033.69",Sold,C0302,259033.69
80320,8,2025-01-11,Apartment,37,890.65,"$303,140.71",Available,,303140.71
80385,8,2025-01-11,Apartment,46,1175.51,"$320,650.80",Available,,320650.8
80415,8,2025-01-11,Apartment,47,543.08,"$162,276.59",Sold,C0888,162276.59
80444,8,2025-01-11,Apartment,52,559.73,"$181,961.70",Available,,181961.7
80497,8,2025-01-11,Apartment,57,1949.35,"$611,950.16",Available,,611950.16
90013,9,2025-01-11,Apartment,2,481.55,"$142,741.31",Sold,C0939,142741.31
90028,9,2025-01-11,Apartment,6,1821.59,"$664,971.32",Sold,C0304,664971.32
90032,9,2025-01-11,Apartment,7,697.68,"$235,108.59",Sold,C0275,235108.59
90064,9,2025-01-11,Apartment,11,559.6,"$163,278.20",Sold,C1399,163278.2
90123,9,2025-01-11,Office,18,860.97,"$312,329.10",Available,,312329.1
90209,9,2025-01-11,Apartment,30,1250.17,"$404,942.23",Sold,C1945,404942.23
90239,9,2025-01-11,Apartment,34,1577.36,"$566,466.92",Sold,C0541,566466.92
90248,9,2025-01-11,Apartment,34,1577.36,"$517,404.20",Sold,C1171,517404.2
90256,9,2025-01-11,Apartment,34,1577.36,"$453,005.17",Available,,453005.17
90309,9,2025-01-11,Office,38,1260.31,"$479,460.40",Sold,C0271,479460.4
90327,9,2025-01-11,Apartment,39,1839.34,"$563,581.06",Sold,C1214,563581.06
90410,9,2025-01-11,Apartment,52,1126.02,"$289,362.88",Available,,289362.88
90431,9,2025-01-11,Apartment,54,1693.18,"$507,727.45",Available,,507727.45
90438,9,2025-01-11,Apartment,56,1516.4,"$485,182.70",Sold,C0811,485182.7
90489,9,2025-01-11,Apartment,58,838.34,"$269,593.82",Sold,C0736,269593.82
90533,9,2025-01-11,Apartment,62,1263.44,"$375,639.73",Available,,375639.73
100042,10,2025-01-11,Apartment,5,1741.96,"$487,397.65",Sold,C1627,487397.65
100171,10,2025-01-11,Apartment,22,1116.68,"$349,536.03",Sold,C0096,349536.03
100197,10,2025-01-11,Apartment,26,1294.85,"$358,050.18",Sold,C0416,358050.18
100199,10,2025-01-11,Apartment,26,1294.85,"$411,006.55",Available,,411006.55
100227,10,2025-01-11,Apartment,28,1606.58,"$370,439.82",Sold,C1629,370439.82
100237,10,2025-01-11,Apartment,28,1606.58,"$492,594.19",Sold,C1735,492594.19
100248,10,2025-01-11,Apartment,30,1559.4,"$472,764.91",Sold,C1492,472764.91
100265,10,2025-01-11,Apartment,31,1499.0,"$517,225.72",Sold,C0490,517225.72
100343,10,2025-01-11,Office,41,1750.64,"$618,969.17",Available,,618969.17
100368,10,2025-01-11,Apartment,43,1093.67,"$319,736.59",Sold,C0673,319736.59
100400,10,2025-01-11,Apartment,46,1525.34,"$427,855.21",Available,,427855.21
100409,10,2025-01-11,Apartment,48,1421.82,"$433,353.30",Sold,C0689,433353.3
110066,11,2025-01-11,Apartment,8,1001.41,"$302,352.69",Available,,302352.69
110096,11,2025-01-11,Apartment,10,1519.64,"$498,329.20",Sold,C1915,498329.2
110143,11,2025-01-11,Office,14,524.68,"$185,648.15",Available,,185648.15
110158,11,2025-01-11,Apartment,16,1829.02,"$555,271.92",Sold,C0052,555271.92
110187,11,2025-01-11,Apartment,20,570.62,"$139,343.87",Sold,C0540,139343.87
110207,11,2025-01-11,Apartment,24,1481.82,"$483,310.62",Sold,C1599,483310.62
110405,11,2025-01-11,Apartment,48,661.7,"$187,373.72",Sold,C1141,187373.72
110409,11,2025-01-11,Apartment,49,1095.85,"$320,280.83",Sold,C0802,320280.83
110421,11,2025-01-11,Apartment,50,948.72,"$324,597.29",Available,,324597.29
110474,11,2025-01-11,Apartment,56,724.8,"$254,744.91",Available,,254744.91
110476,11,2025-01-11,Apartment,56,724.8,"$198,493.91",Sold,C1360,198493.91
110480,11,2025-01-11,Apartment,57,1008.58,"$293,155.68",Sold,C1424,293155.68
110536,11,2025-01-11,Apartment,62,1938.82,"$584,274.59",Available,,584274.59
120010,12,2025-01-11,Apartment,1,839.95,"$270,210.04",Sold,C1269,270210.04
120033,12,2025-01-11,Apartment,3,1469.27,"$461,277.40",Sold,C0873,461277.4
120069,12,2025-01-11,Apartment,8,1803.36,"$532,123.09",Sold,C1027,532123.09
120076,12,2025-01-11,Office,9,857.88,"$279,331.20",Sold,C0716,279331.2
120101,12,2025-01-11,Apartment,13,1394.03,"$367,948.15",Sold,C0643,367948.15
120105,12,2025-01-11,Office,13,1394.03,"$428,024.76",Sold,C1563,428024.76
120114,12,2025-01-11,Apartment,14,1369.96,"$408,970.70",Sold,C1288,408970.7
120135,12,2025-01-11,Office,16,1523.02,"$531,861.15",Sold,C1970,531861.15
120168,12,2025-01-11,Apartment,19,1381.22,"$404,116.85",Sold,C0657,404116.85
120176,12,2025-01-11,Apartment,19,1381.22,"$438,017.28",Sold,C1513,438017.28
120178,12,2025-01-11,Apartment,20,1802.21,"$589,821.06",Sold,C1155,589821.06
120216,12,2025-01-11,Apartment,24,1306.75,"$342,014.82",Available,,342014.82
120305,12,2025-01-11,Apartment,34,1817.64,"$581,530.71",Sold,C1188,581530.71
120330,12,2025-01-11,Apartment,35,1690.62,"$522,782.23",Available,,522782.23
120380,12,2025-01-11,Apartment,41,938.23,"$301,777.57",Sold,C0625,301777.57
130009,13,2025-01-11,Apartment,1,1899.92,"$585,383.34",Sold,C1039,585383.34
130019,13,2025-01-11,Apartment,1,1899.92,"$528,447.33",Sold,C0525,528447.33
130053,13,2025-01-11,Apartment,5,441.3,"$140,473.80",Available,,140473.8
130101,13,2025-01-11,Apartment,11,1678.3,"$492,219.36",Available,,492219.36
130119,13,2025-01-11,Apartment,14,777.75,"$263,800.27",Sold,C1192,263800.27
130120,13,2025-01-11,Apartment,14,777.75,"$232,415.12",Sold,C1122,232415.12
130127,13,2025-01-11,Apartment,15,458.29,"$133,001.94",Sold,C0069,133001.94
130206,13,2025-01-11,Apartment,24,1044.69,"$318,399.49",Sold,C0115,318399.49
130233,13,2025-01-11,Apartment,27,885.68,"$275,412.14",Sold,C1428,275412.14
130259,13,2025-01-11,Apartment,30,1777.51,"$517,851.19",Available,,517851.19
130283,13,2025-01-11,Apartment,32,1114.07,"$307,088.64",Sold,C1571,307088.64
130292,13,2025-01-11,Apartment,33,1445.84,"$349,555.66",Sold,C0596,349555.66
130306,13,2025-01-11,Apartment,33,1445.84,"$502,977.76",Available,,502977.76
130311,13,2025-01-11,Apartment,34,1557.0,"$442,471.98",Sold,C0739,442471.98
130335,13,2025-01-11,Apartment,37,1555.67,"$498,455.15",Sold,C1632,498455.15
130408,13,2025-01-11,Apartment,46,1098.38,"$301,584.36",Available,,301584.36
130486,13,2025-01-11,Apartment,56,606.9,"$209,460.48",Sold,C1751,209460.48
130524,13,2025-01-11,Apartment,60,1401.81,"$400,639.20",Sold,C1328,400639.2
130570,13,2025-01-11,Apartment,67,524.97,"$182,365.75",Sold,C1654,182365.75
130586,13,2025-01-11,Apartment,68,1590.69,"$456,114.67",Sold,C0163,456114.67
140017,14,2025-01-11,Apartment,4,1797.81,"$674,634.08",Sold,C0072,674634.08
140037,14,2025-01-11,Apartment,6,1733.36,"$512,907.41",Available,,512907.41
140075,14,2025-01-11,Apartment,9,803.5,"$206,747.63",Sold,C0827,206747.63
140076,14,2025-01-11,Office,10,686.98,"$229,277.01",Sold,C0826,229277.01
140082,14,2025-01-11,Apartment,11,1431.42,"$424,295.01",Sold,C0537,424295.01
140111,14,2025-01-11,Apartment,12,459.44,"$150,372.92",Available,,150372.92
140220,14,2025-01-11,Apartment,23,1610.37,"$475,258.58",Sold,C0168,475258.58
140228,14,2025-01-11,Apartment,24,1205.25,"$313,395.21",Sold,C0764,313395.21
140285,14,2025-01-11,Office,33,1894.96,"$567,515.07",Sold,C1641,567515.07
140309,14,2025-01-11,Office,35,1152.84,"$383,709.90",Sold,C1619,383709.9
140343,14,2025-01-11,Office,40,532.44,"$173,509.18",Available,,173509.18
140381,14,2025-01-11,Apartment,46,1258.99,"$435,031.40",Sold,C0006,435031.4
140383,14,2025-01-11,Apartment,46,1258.99,"$301,009.14",Available,,301009.14
140391,14,2025-01-11,Apartment,47,917.53,"$260,925.13",Available,,260925.13
150058,15,2025-01-11,Apartment,9,565.48,"$155,758.36",Sold,C0842,155758.36
150068,15,2025-01-11,Apartment,10,1072.95,"$344,497.27",Available,,344497.27
150075,15,2025-01-11,Office,11,1437.62,"$431,869.41",Sold,C1937,431869.41
150090,15,2025-01-11,Apartment,14,1832.17,"$590,525.42",Sold,C0197,590525.42
150107,15,2025-01-11,Apartment,15,522.71,"$149,168.26",Available,,149168.26
150110,15,2025-01-11,Apartment,15,522.71,"$164,671.95",Sold,C0796,164671.95
150116,15,2025-01-11,Apartment,16,1692.61,"$451,472.07",Sold,C0512,451472.07
150153,15,2025-01-11,Apartment,20,1662.01,"$582,501.36",Available,,582501.36
150196,15,2025-01-11,Apartment,23,1279.23,"$424,459.34",Sold,C1577,424459.34
150215,15,2025-01-11,Apartment,24,924.36,"$299,400.10",Sold,C0699,299400.1
150255,15,2025-01-11,Apartment,30,1523.22,"$367,291.58",Sold,C1060,367291.58
150270,15,2025-01-11,Apartment,31,1901.65,"$487,419.68",Sold,C1049,487419.68
150285,15,2025-01-11,Apartment,34,1304.22,"$448,177.53",Available,,448177.53
150338,15,2025-01-11,Apartment,39,1713.42,"$528,186.67",Sold,C0787,528186.67
150369,15,2025-01-11,Apartment,46,1672.19,"$485,123.68",Sold,C0434,485123.68
150410,15,2025-01-11,Apartment,52,829.2,"$246,505.73",Sold,C1072,246505.73
150436,15,2025-01-11,Office,54,1495.13,"$441,341.34",Sold,C1689,441341.34
160001,16,2025-01-11,Apartment,1,637.07,"$182,821.64",Sold,C1156,182821.64
160004,16,2025-01-11,Office,1,637.07,"$203,005.54",Sold,C1877,203005.54
160017,16,2025-01-11,Apartment,3,466.91,"$155,288.54",Available,,155288.54
160075,16,2025-01-11,Apartment,9,1524.04,"$470,652.98",Sold,C1789,470652.98
160087,16,2025-01-11,Apartment,10,1608.56,"$457,443.89",Sold,C1059,457443.89
160149,16,2025-01-11,Apartment,19,1163.06,"$316,833.18",Sold,C1307,316833.18
160175,16,2025-01-11,Apartment,21,837.95,"$248,809.12",Sold,C1749,248809.12
160221,16,2025-01-11,Apartment,27,1164.55,"$315,946.58",Available,,315946.58
160299,16,2025-01-11,Office,35,629.97,"$185,818.63",Sold,C0967,185818.63
160330,16,2025-01-11,Apartment,39,1562.93,"$576,814.21",Sold,C1425,576814.21
160380,16,2025-01-11,Apartment,44,1695.03,"$485,666.87",Sold,C0184,485666.87
170028,17,2025-01-11,Office,2,1738.5,"$609,069.59",Sold,C1608,609069.59
170035,17,2025-01-11,Apartment,2,1738.5,"$500,319.59",Sold,C0472,500319.59
170083,17,2025-01-11,Apartment,10,1059.07,"$362,011.56",Sold,C1374,362011.56
170118,17,2025-01-11,Apartment,14,1646.02,"$461,159.55",Sold,C0506,461159.55
170193,17,2025-01-11,Apartment,22,1221.66,"$389,362.89",Sold,C1274,389362.89
170203,17,2025-01-11,Apartment,23,1025.52,"$308,623.72",Available,,308623.72
170273,17,2025-01-11,Apartment,33,1532.89,"$492,997.29",Sold,C0558,492997.29
170283,17,2025-01-11,Office,34,1672.99,"$512,206.73",Sold,C1331,512206.73
170319,17,2025-01-11,Apartment,39,1341.67,"$350,729.78",Sold,C0205,350729.78
170322,17,2025-01-11,Apartment,39,1341.67,"$382,287.72",Sold,C1024,382287.72
170363,17,2025-01-11,Office,46,1582.61,"$563,644.13",Sold,C1285,563644.13
170365,17,2025-01-11,Office,46,1582.61,"$446,323.73",Available,,446323.73
170386,17,2025-01-11,Office,48,1833.96,"$427,154.66",Sold,C1355,427154.66
170397,17,2025-01-11,Apartment,48,1833.96,"$579,893.68",Sold,C0079,579893.68
170422,17,2025-01-11,Apartment,49,1283.67,"$420,964.33",Sold,C0569,420964.33
170425,17,2025-01-11,Office,49,1283.67,"$354,856.93",Available,,354856.93
180011,18,2025-01-11,Apartment,2,650.96,"$228,045.99",Available,,228045.99
180016,18,2025-01-11,Apartment,2,650.96,"$173,736.31",Available,,173736.31
180025,18,2025-01-11,Apartment,3,524.48,"$145,804.45",Available,,145804.45
180043,18,2025-01-11,Apartment,5,883.32,"$254,226.38",Sold,C0779,254226.38
180119,18,2025-01-11,Apartment,16,1360.96,"$424,747.54",Sold,C1494,424747.54
180176,18,2025-01-11,Apartment,23,1659.02,"$388,638.89",Available,,388638.89
180234,18,2025-01-11,Apartment,29,578.36,"$187,806.73",Sold,C0994,187806.73
180242,18,2025-01-11,Apartment,30,1795.66,"$554,041.06",Available,,554041.06
180270,18,2025-01-11,Apartment,32,1512.9,"$446,062.57",Available,,446062.57
180283,18,2025-01-11,Apartment,35,799.05,"$215,198.92",Sold,C1917,215198.92
180293,18,2025-01-11,Apartment,36,1089.77,"$319,872.98",Sold,C0104,319872.98
180338,18,2025-01-11,Apartment,38,1219.8,"$372,238.56",Sold,C0344,372238.56
180350,18,2025-01-11,Apartment,40,990.46,"$332,586.48",Sold,C1133,332586.48
180409,18,2025-01-11,Apartment,46,1410.38,"$429,061.94",Available,,429061.94
180443,18,2025-01-11,Apartment,50,854.74,"$261,586.38",Available,,261586.38
180454,18,2025-01-11,Office,51,1527.31,"$462,493.65",Sold,C1192,462493.65
180478,18,2025-01-11,Office,53,1806.7,"$553,251.13",Sold,C1805,553251.13
180510,18,2025-01-11,Apartment,56,1311.59,"$344,932.72",Sold,C1671,344932.72
180566,18,2025-01-11,Office,66,1631.24,"$474,549.83",Sold,C1428,474549.83
190012,19,2025-01-11,Apartment,3,1468.68,"$441,268.43",Sold,C1110,441268.43
190048,19,2025-01-11,Apartment,8,974.77,"$337,242.78",Available,,337242.78
190064,19,2025-01-11,Apartment,10,747.71,"$184,861.04",Available,,184861.04
190074,19,2025-01-11,Apartment,11,1869.93,"$587,752.90",Sold,C1632,587752.9
190115,19,2025-01-11,Apartment,16,1711.98,"$494,772.35",Sold,C1624,494772.35
190121,19,2025-01-11,Apartment,16,1711.98,"$419,974.59",Sold,C0167,419974.59
190141,19,2025-01-11,Apartment,19,1697.73,"$546,860.26",Sold,C0102,546860.26
190251,19,2025-01-11,Office,29,1657.84,"$629,727.03",Sold,C0265,629727.03
190270,19,2025-01-11,Apartment,31,1089.64,"$294,188.66",Sold,C1973,294188.66
190372,19,2025-01-11,Apartment,42,1137.59,"$349,796.52",Sold,C1010,349796.52
190431,19,2025-01-11,Apartment,50,1227.01,"$328,156.51",Sold,C1839,328156.51
200049,20,2025-01-11,Apartment,5,802.5,"$269,776.61",Sold,C1844,269776.61
200116,20,2025-01-11,Apartment,16,645.44,"$214,742.16",Sold,C0806,214742.16
200145,20,2025-01-11,Office,18,1868.01,"$566,409.84",Sold,C0117,566409.84
200164,20,2025-01-11,Apartment,18,1868.01,"$642,233.35",Sold,C0182,642233.35
200182,20,2025-01-11,Apartment,19,759.72,"$223,726.64",Sold,C1683,223726.64
200246,20,2025-01-11,Apartment,30,1703.94,"$569,890.18",Available,,569890.18
200255,20,2025-01-11,Apartment,30,1703.94,"$503,479.89",Sold,C1426,503479.89
200262,20,2025-01-11,Apartment,30,1703.94,"$570,549.18",Sold,C0153,570549.18
200270,20,2025-01-11,Office,31,1414.44,"$432,022.48",Available,,432022.48
200288,20,2025-01-11,Apartment,32,1630.81,"$505,190.92",Available,,505190.92
200330,20,2025-01-11,Apartment,36,1484.99,"$464,470.15",Sold,C1086,464470.15
200340,20,2025-01-11,Apartment,37,632.35,"$205,480.89",Available,,205480.89
200408,20,2025-01-11,Apartment,46,1227.49,"$375,996.10",Sold,C1780,375996.1
200426,20,2025-01-11,Apartment,48,860.8,"$245,686.16",Available,,245686.16
200501,20,2025-01-11,Office,58,1208.52,"$391,528.70",Sold,C0904,391528.7
1006,1,2025-01-12,Apartment,6,736.63,"$198,841.70",Sold,C0121,198841.7
1008,1,2025-01-12,Office,8,775.69,"$246,050.40",Sold,C0058,246050.4
2019,2,2025-01-12,Apartment,19,649.8,"$177,555.06",Sold,C0007,177555.06
3003,3,2025-01-12,Apartment,3,675.19,"$233,142.80",Sold,C0112,233142.8
3044,3,2025-01-12,Apartment,44,720.38,"$197,869.36",Sold,C0007,197869.36
4019,4,2025-01-12,Apartment,19,733.19,"$226,578.51",Sold,C0162,226578.51
5037,5,2025-01-12,Apartment,37,606.33,"$147,343.69",Available,,147343.69
10041,1,2025-01-12,Apartment,5,753.87,"$224,039.90",Sold,C0835,224039.9
10061,1,2025-01-12,Apartment,8,763.88,"$255,059.25",Available,,255059.25
10064,1,2025-01-12,Apartment,8,763.88,"$267,545.27",Available,,267545.27
10200,1,2025-01-12,Office,24,1146.11,"$371,108.69",Sold,C0525,371108.69
10212,1,2025-01-12,Apartment,24,1146.11,"$332,901.57",Sold,C0666,332901.57
10239,1,2025-01-12,Apartment,27,725.12,"$212,299.67",Sold,C1284,212299.67
10252,1,2025-01-12,Office,29,757.2,"$280,255.58",Sold,C0908,280255.58
10276,1,2025-01-12,Apartment,30,753.29,"$217,191.25",Sold,C1756,217191.25
10325,1,2025-01-12,Apartment,34,1469.14,"$419,517.32",Available,,419517.32
10345,1,2025-01-12,Apartment,37,758.3,"$212,665.55",Sold,C0701,212665.55
10380,1,2025-01-12,Apartment,43,1159.2,"$380,589.52",Available,,380589.52
20023,2,2025-01-12,Apartment,3,645.84,"$194,560.69",Sold,C0235,194560.69
20056,2,2025-01-12,Apartment,6,967.84,"$276,986.59",Sold,C0739,276986.59
20063,2,2025-01-12,Apartment,8,715.54,"$228,175.89",Sold,C1763,228175.89
20066,2,2025-01-12,Apartment,8,715.54,"$193,247.56",Available,,193247.56
20080,2,2025-01-12,Apartment,10,788.79,"$247,002.06",Sold,C0421,247002.06
20105,2,2025-01-12,Apartment,12,1610.5,"$483,688.37",Sold,C1451,483688.37
20108,2,2025-01-12,Apartment,13,782.33,"$254,517.05",Sold,C1316,254517.05
20114,2,2025-01-12,Apartment,14,1296.39,"$364,395.62",Available,,364395.62
20116,2,2025-01-12,Apartment,14,1296.39,"$379,142.42",Sold,C0494,379142.42
20121,2,2025-01-12,Apartment,15,1603.33,"$545,362.91",Available,,545362.91
20123,2,2025-01-12,Apartment,15,1603.33,"$484,411.77",Sold,C1944,484411.77
20147,2,2025-01-12,Apartment,17,1397.4,"$421,336.89",Sold,C0647,421336.89
20196,2,2025-01-12,Apartment,22,653.41,"$187,153.56",Available,,187153.56
20218,2,2025-01-12,Apartment,24,785.12,"$191,362.48",Sold,C1697,191362.48
20237,2,2025-01-12,Apartment,26,1577.79,"$581,627.97",Sold,C1369,581627.97
20248,2,2025-01-12,Apartment,27,1211.51,"$338,051.96",Sold,C1328,338051.96
20262,2,2025-01-12,Apartment,31,629.92,"$213,840.74",Available,,213840.74
20275,2,2025-01-12,Apartment,33,931.4,"$323,223.26",Sold,C0339,323223.26
20353,2,2025-01-12,Apartment,42,786.45,"$234,308.20",Sold,C1723,234308.2
20470,2,2025-01-12,Apartment,55,579.26,"$170,336.43",Sold,C0495,170336.43
20487,2,2025-01-12,Apartment,57,789.52,"$236,588.93",Sold,C0031,236588.93
20489,2,2025-01-12,Apartment,57,789.52,"$227,269.77",Sold,C0327,227269.77
30008,3,2025-01-12,Apartment,1,689.75,"$199,928.99",Sold,C1089,199928.99
30043,3,2025-01-12,Apartment,5,701.19,"$240,775.59",Sold,C1371,240775.59
30093,3,2025-01-12,Apartment,9,1125.84,"$340,383.54",Sold,C1260,340383.54
30110,3,2025-01-12,Office,10,784.09,"$229,122.78",Sold,C1683,229122.78
30179,3,2025-01-12,Office,19,1602.22,"$548,316.40",Sold,C0952,548316.4
30202,3,2025-01-12,Apartment,21,1122.15,"$326,871.64",Sold,C1693,326871.64
30228,3,2025-01-12,Apartment,26,923.9,"$290,397.87",Sold,C1985,290397.87
30231,3,2025-01-12,Apartment,27,1117.14,"$348,620.64",Available,,348620.64
30269,3,2025-01-12,Apartment,29,666.0,"$201,414.57",Sold,C0298,201414.57
30294,3,2025-01-12,Office,36,733.45,"$223,416.12",Sold,C1099,223416.12
30307,3,2025-01-12,Office,37,659.12,"$177,964.95",Sold,C0818,177964.95
30335,3,2025-01-12,Apartment,41,965.5,"$246,752.31",Available,,246752.31
30354,3,2025-01-12,Apartment,44,673.86,"$229,430.73",Available,,229430.73
30365,3,2025-01-12,Apartment,45,1598.85,"$478,845.33",Sold,C1901,478845.33
30377,3,2025-01-12,Apartment,46,1599.81,"$451,305.59",Sold,C0002,451305.59
30396,3,2025-01-12,Apartment,48,783.39,"$226,226.94",Available,,226226.94
30432,3,2025-01-12,Apartment,50,713.67,"$223,479.12",Sold,C0001,223479.12
40044,4,2025-01-12,Apartment,4,783.03,"$219,176.28",Sold,C0353,219176.28
40129,4,2025-01-12,Apartment,15,760.39,"$241,793.69",Sold,C1493,241793.69
40144,4,2025-01-12,Apartment,18,1294.91,"$331,484.76",Available,,331484.76
40161,4,2025-01-12,Apartment,20,1609.62,"$493,358.40",Available,,493358.4
40181,4,2025-01-12,Apartment,22,737.92,"$221,931.40",Sold,C0113,221931.4
40249,4,2025-01-12,Apartment,30,1307.35,"$366,344.49",Sold,C0384,366344.49
40266,4,2025-01-12,Apartment,31,793.1,"$215,499.41",Available,,215499.41
40298,4,2025-01-12,Apartment,34,795.1,"$226,963.84",Sold,C0895,226963.84
40300,4,2025-01-12,Office,35,777.82,"$187,305.08",Sold,C1748,187305.08
50025,5,2025-01-12,Apartment,5,821.43,"$272,621.22",Sold,C1165,272621.22
50109,5,2025-01-12,Apartment,13,791.13,"$228,756.40",Sold,C0943,228756.4
50140,5,2025-01-12,Apartment,18,1267.03,"$383,350.47",Sold,C1358,383350.47
50232,5,2025-01-12,Apartment,31,1008.52,"$316,398.13",Sold,C0786,316398.13
50241,5,2025-01-12,Apartment,32,1051.39,"$356,271.34",Sold,C1510,356271.34
50263,5,2025-01-12,Apartment,35,605.55,"$223,340.65",Sold,C1097,223340.65
50277,5,2025-01-12,Apartment,36,627.56,"$174,036.19",Sold,C1528,174036.19
50343,5,2025-01-12,Apartment,44,806.03,"$240,727.61",Available,,240727.61
50366,5,2025-01-12,Apartment,44,806.03,"$226,621.01",Sold,C1521,226621.01
50381,5,2025-01-12,Apartment,46,1272.95,"$315,056.10",Sold,C0381,315056.1
50401,5,2025-01-12,Apartment,47,1241.14,"$387,349.97",Sold,C0582,387349.97
50417,5,2025-01-12,Apartment,48,788.04,"$240,777.19",Available,,240777.19
50423,5,2025-01-12,Apartment,48,788.04,"$245,774.19",Sold,C0130,245774.19
50434,5,2025-01-12,Apartment,50,1261.07,"$354,560.73",Available,,354560.73
50447,5,2025-01-12,Apartment,52,1755.18,"$600,255.95",Sold,C0192,600255.95
60070,6,2025-01-12,Apartment,7,1075.42,"$272,177.18",Sold,C1432,272177.18
60071,6,2025-01-12,Apartment,7,1075.42,"$355,403.13",Available,,355403.13
60139,6,2025-01-12,Apartment,12,1678.17,"$525,586.98",Sold,C0889,525586.98
60158,6,2025-01-12,Office,13,581.47,"$208,297.48",Sold,C0205,208297.48
60185,6,2025-01-12,Apartment,17,1502.18,"$360,572.24",Available,,360572.24
60215,6,2025-01-12,Apartment,20,1897.17,"$574,185.82",Sold,C0256,574185.82
60219,6,2025-01-12,Apartment,20,1897.17,"$526,760.59",Sold,C0291,526760.59
60260,6,2025-01-12,Office,27,830.65,"$249,999.70",Available,,249999.7
60305,6,2025-01-12,Office,33,1131.0,"$267,225.51",Sold,C0523,267225.51
60317,6,2025-01-12,Apartment,35,999.85,"$255,065.59",Sold,C1288,255065.59
60322,6,2025-01-12,Apartment,35,999.85,"$314,903.31",Sold,C0933,314903.31
60354,6,2025-01-12,Apartment,40,1640.68,"$483,705.16",Sold,C1388,483705.16
60368,6,2025-01-12,Apartment,41,940.72,"$291,458.17",Available,,291458.17
60394,6,2025-01-12,Apartment,47,550.99,"$169,119.00",Sold,C1578,169119.0
70022,7,2025-01-12,Apartment,5,1144.09,"$338,846.39",Sold,C0182,338846.39
70053,7,2025-01-12,Apartment,9,926.11,"$289,279.39",Sold,C1058,289279.39
70069,7,2025-01-12,Apartment,10,1495.37,"$469,951.83",Sold,C1602,469951.83
70093,7,2025-01-12,Apartment,13,604.6,"$190,112.97",Sold,C1988,190112.97
70159,7,2025-01-12,Apartment,19,751.07,"$237,334.62",Sold,C1479,237334.62
70171,7,2025-01-12,Apartment,19,751.07,"$229,319.93",Sold,C1727,229319.93
70283,7,2025-01-12,Apartment,34,1487.05,"$479,080.93",Sold,C0069,479080.93
70313,7,2025-01-12,Apartment,38,1755.26,"$492,244.23",Available,,492244.23
70332,7,2025-01-12,Apartment,39,1298.32,"$349,589.05",Sold,C0684,349589.05
70363,7,2025-01-12,Apartment,42,702.08,"$208,194.97",Sold,C1684,208194.97
70371,7,2025-01-12,Apartment,43,498.61,"$173,233.18",Sold,C0219,173233.18
70401,7,2025-01-12,Apartment,47,1033.08,"$312,842.27",Sold,C1102,312842.27
70435,7,2025-01-12,Office,51,648.27,"$160,146.36",Sold,C0596,160146.36
70472,7,2025-01-12,Apartment,55,601.23,"$153,831.90",Sold,C1580,153831.9
70502,7,2025-01-12,Apartment,58,1629.83,"$535,798.14",Sold,C0128,535798.14
80001,8,2025-01-12,Apartment,1,1109.29,"$313,855.45",Sold,C1087,313855.45
80006,8,2025-01-12,Apartment,1,1109.29,"$343,480.35",Sold,C0710,343480.35
80008,8,2025-01-12,Apartment,1,1109.29,"$359,701.01",Sold,C0902,359701.01
80064,8,2025-01-12,Apartment,6,1370.17,"$392,405.21",Sold,C1392,392405.21
80066,8,2025-01-12,Apartment,7,1352.74,"$450,542.24",Sold,C0830,450542.24
80077,8,2025-01-12,Apartment,9,1869.81,"$623,455.64",Sold,C1022,623455.64
80086,8,2025-01-12,Apartment,9,1869.81,"$630,466.93",Sold,C1519,630466.93
80121,8,2025-01-12,Apartment,14,685.93,"$211,248.28",Sold,C0539,211248.28
80128,8,2025-01-12,Apartment,15,534.85,"$157,988.27",Available,,157988.27
80140,8,2025-01-12,Office,17,1109.27,"$330,111.23",Available,,330111.23
80290,8,2025-01-12,Office,34,1684.75,"$599,958.23",Sold,C1308,599958.23
80301,8,2025-01-12,Apartment,34,1684.75,"$460,742.05",Available,,460742.05
80341,8,2025-01-12,Apartment,38,1565.91,"$448,751.85",Available,,448751.85
80344,8,2025-01-12,Apartment,39,1290.89,"$344,279.20",Sold,C0970,344279.2
80419,8,2025-01-12,Apartment,48,480.99,"$122,725.68",Sold,C1434,122725.68
80427,8,2025-01-12,Apartment,49,1081.0,"$300,111.63",Sold,C0971,300111.63
80475,8,2025-01-12,Apartment,55,1300.05,"$360,107.58",Available,,360107.58
90100,9,2025-01-12,Apartment,16,924.6,"$301,111.41",Sold,C0153,301111.41
90103,9,2025-01-12,Apartment,16,924.6,"$279,569.54",Sold,C1930,279569.54
90105,9,2025-01-12,Apartment,16,924.6,"$290,945.79",Available,,290945.79
90107,9,2025-01-12,Apartment,17,1481.32,"$448,326.14",Sold,C1794,448326.14
90138,9,2025-01-12,Apartment,21,1261.65,"$322,402.24",Sold,C0847,322402.24
90175,9,2025-01-12,Apartment,26,1038.39,"$274,444.30",Sold,C1786,274444.3
90302,9,2025-01-12,Office,37,731.44,"$232,892.02",Sold,C1505,232892.02
90319,9,2025-01-12,Apartment,38,1260.31,"$369,333.99",Available,,369333.99
90336,9,2025-01-12,Apartment,40,1090.32,"$335,497.43",Sold,C0598,335497.43
90362,9,2025-01-12,Apartment,43,1908.91,"$475,625.61",Available,,475625.61
90382,9,2025-01-12,Apartment,45,786.13,"$249,761.11",Sold,C1548,249761.11
90389,9,2025-01-12,Office,46,662.32,"$218,823.87",Available,,218823.87
90407,9,2025-01-12,Apartment,52,1126.02,"$341,208.08",Sold,C1947,341208.08
90418,9,2025-01-12,Apartment,53,599.72,"$168,105.15",Sold,C1652,168105.15
90432,9,2025-01-12,Apartment,55,1182.51,"$329,392.09",Available,,329392.09
90503,9,2025-01-12,Apartment,58,838.34,"$289,916.64",Available,,289916.64
100002,10,2025-01-12,Apartment,1,1006.89,"$345,031.43",Sold,C0838,345031.43
100025,10,2025-01-12,Apartment,4,1765.37,"$581,087.19",Sold,C1123,581087.19
100059,10,2025-01-12,Office,6,842.66,"$258,394.11",Sold,C0281,258394.11
100061,10,2025-01-12,Apartment,8,1054.86,"$294,829.76",Sold,C0907,294829.76
100130,10,2025-01-12,Office,17,647.35,"$172,208.75",Available,,172208.75
100220,10,2025-01-12,Apartment,27,777.35,"$192,322.86",Sold,C0700,192322.86
100262,10,2025-01-12,Office,31,1499.0,"$494,246.62",Sold,C0058,494246.62
100284,10,2025-01-12,Apartment,33,1010.7,"$256,264.72",Sold,C0650,256264.72
100312,10,2025-01-12,Apartment,37,1177.85,"$423,654.20",Sold,C1865,423654.2
100338,10,2025-01-12,Apartment,40,1322.98,"$519,106.96",Sold,C0426,519106.96
100342,10,2025-01-12,Apartment,41,1750.64,"$487,726.42",Available,,487726.42
100391,10,2025-01-12,Apartment,45,1119.1,"$388,898.15",Sold,C1749,388898.15
100410,10,2025-01-12,Apartment,48,1421.82,"$450,915.03",Sold,C1946,450915.03
100418,10,2025-01-12,Office,50,1138.32,"$401,935.35",Sold,C0735,401935.35
110001,11,2025-01-12,Apartment,1,1902.88,"$551,096.05",Sold,C1216,551096.05
110012,11,2025-01-12,Apartment,2,938.0,"$333,788.69",Sold,C0606,333788.69
110021,11,2025-01-12,Apartment,3,1479.84,"$416,304.72",Sold,C0055,416304.72
110137,11,2025-01-12,Apartment,14,524.68,"$156,613.99",Sold,C0886,156613.99
110195,11,2025-01-12,Apartment,23,1098.83,"$322,447.96",Available,,322447.96
110230,11,2025-01-12,Apartment,28,868.85,"$240,965.61",Sold,C0199,240965.61
110281,11,2025-01-12,Apartment,34,680.07,"$183,121.51",Sold,C0465,183121.51
110286,11,2025-01-12,Apartment,34,680.07,"$223,537.47",Sold,C0557,223537.47
110310,11,2025-01-12,Office,38,788.47,"$213,799.71",Sold,C0066,213799.71
110358,11,2025-01-12,Apartment,42,808.59,"$224,518.89",Sold,C0277,224518.89
110395,11,2025-01-12,Apartment,47,1456.74,"$498,632.69",Sold,C1807,498632.69
110404,11,2025-01-12,Apartment,48,661.7,"$220,504.09",Sold,C1769,220504.09
110418,11,2025-01-12,Apartment,49,1095.85,"$337,603.60",Sold,C1797,337603.6
110492,11,2025-01-12,Apartment,58,1159.31,"$259,231.73",Sold,C0969,259231.73
110497,11,2025-01-12,Apartment,59,782.92,"$243,787.47",Available,,243787.47
110526,11,2025-01-12,Apartment,62,1938.82,"$644,513.43",Available,,644513.43
110529,11,2025-01-12,Apartment,62,1938.82,"$648,020.11",Sold,C0245,648020.11
110534,11,2025-01-12,Apartment,62,1938.82,"$518,507.57",Sold,C0119,518507.57
110559,11,2025-01-12,Apartment,65,1427.09,"$496,840.91",Sold,C1564,496840.91
120066,12,2025-01-12,Apartment,8,1803.36,"$551,363.70",Sold,C0158,551363.7
120096,12,2025-01-12,Apartment,12,959.05,"$230,717.53",Available,,230717.53
120097,12,2025-01-12,Apartment,12,959.05,"$324,581.41",Sold,C1601,324581.41
120149,12,2025-01-12,Office,17,1428.55,"$414,273.14",Sold,C0240,414273.14
120201,12,2025-01-12,Apartment,22,892.67,"$278,444.81",Available,,278444.81
120217,12,2025-01-12,Apartment,24,1306.75,"$372,873.56",Sold,C1041,372873.56
120263,12,2025-01-12,Office,28,1563.65,"$563,520.95",Sold,C1462,563520.95
120399,12,2025-01-12,Apartment,47,1528.05,"$441,435.94",Available,,441435.94
130014,13,2025-01-12,Apartment,1,1899.92,"$510,953.78",Available,,510953.78
130016,13,2025-01-12,Apartment,1,1899.92,"$621,646.32",Sold,C0661,621646.32
130022,13,2025-01-12,Apartment,2,1651.02,"$438,704.41",Sold,C0093,438704.41
130064,13,2025-01-12,Apartment,7,1115.82,"$279,299.14",Sold,C1459,279299.14
130074,13,2025-01-12,Apartment,9,1448.68,"$467,397.36",Sold,C0908,467397.36
130078,13,2025-01-12,Apartment,10,1314.38,"$368,940.08",Sold,C0636,368940.08
130079,13,2025-01-12,Apartment,10,1314.38,"$402,388.87",Available,,402388.87
130107,13,2025-01-12,Apartment,13,585.77,"$167,021.08",Sold,C0094,167021.08
130131,13,2025-01-12,Apartment,15,458.29,"$137,979.81",Sold,C0474,137979.81
130154,13,2025-01-12,Office,18,1820.34,"$631,423.89",Available,,631423.89
130166,13,2025-01-12,Apartment,19,758.69,"$232,676.83",Sold,C1180,232676.83
130170,13,2025-01-12,Apartment,20,516.72,"$163,877.93",Available,,163877.93
130196,13,2025-01-12,Apartment,22,1811.36,"$595,167.57",Sold,C0134,595167.57
130276,13,2025-01-12,Apartment,32,1114.07,"$375,777.23",Sold,C1744,375777.23
130295,13,2025-01-12,Apartment,33,1445.84,"$361,953.92",Sold,C1871,361953.92
130309,13,2025-01-12,Apartment,34,1557.0,"$498,675.17",Sold,C1290,498675.17
130382,13,2025-01-12,Apartment,43,1875.83,"$548,576.41",Sold,C0807,548576.41
130411,13,2025-01-12,Apartment,47,1874.35,"$529,254.85",Sold,C0360,529254.85
130490,13,2025-01-12,Apartment,57,1717.49,"$477,356.80",Sold,C0690,477356.8
130496,13,2025-01-12,Apartment,57,1717.49,"$648,243.90",Available,,648243.9
130555,13,2025-01-12,Apartment,64,792.66,"$253,669.32",Sold,C0339,253669.32
130572,13,2025-01-12,Office,67,524.97,"$185,709.66",Sold,C0813,185709.66
140021,14,2025-01-12,Office,4,1797.81,"$598,226.98",Sold,C0188,598226.98
140033,14,2025-01-12,Apartment,5,424.34,"$104,223.52",Available,,104223.52
140055,14,2025-01-12,Office,8,618.89,"$215,053.02",Sold,C0338,215053.02
140070,14,2025-01-12,Apartment,9,803.5,"$247,414.28",Sold,C1234,247414.28
140125,14,2025-01-12,Apartment,13,442.74,"$122,946.25",Available,,122946.25
140169,14,2025-01-12,Office,17,686.6,"$201,168.09",Sold,C0720,201168.09
140213,14,2025-01-12,Apartment,23,1610.37,"$584,831.47",Available,,584831.47
140266,14,2025-01-12,Apartment,29,1618.34,"$394,827.74",Sold,C0275,394827.74
140329,14,2025-01-12,Apartment,39,1811.84,"$456,636.39",Sold,C1426,456636.39
140338,14,2025-01-12,Apartment,40,532.44,"$158,985.82",Sold,C1930,158985.82
140403,14,2025-01-12,Apartment,48,1941.78,"$581,591.93",Sold,C1786,581591.93
140410,14,2025-01-12,Apartment,49,1231.75,"$390,024.91",Sold,C0583,390024.91
140443,14,2025-01-12,Apartment,52,571.74,"$175,048.68",Available,,175048.68
140461,14,2025-01-12,Apartment,55,1415.9,"$451,347.51",Sold,C1340,451347.51
150065,15,2025-01-12,Apartment,10,1072.95,"$269,886.57",Sold,C0271,269886.57
150071,15,2025-01-12,Apartment,10,1072.95,"$248,482.96",Sold,C0542,248482.96
150080,15,2025-01-12,Apartment,12,992.68,"$292,138.69",Sold,C1523,292138.69
150088,15,2025-01-12,Apartment,14,1832.17,"$495,462.12",Available,,495462.12
150124,15,2025-01-12,Apartment,16,1692.61,"$605,784.18",Sold,C0385,605784.18
150125,15,2025-01-12,Apartment,16,1692.61,"$551,828.54",Sold,C1140,551828.54
150156,15,2025-01-12,Apartment,20,1662.01,"$544,081.20",Sold,C1525,544081.2
150168,15,2025-01-12,Apartment,22,1317.29,"$337,265.16",Sold,C0308,337265.16
150209,15,2025-01-12,Apartment,24,924.36,"$282,320.19",Sold,C1833,282320.19
150219,15,2025-01-12,Apartment,25,607.01,"$197,503.46",Sold,C0743,197503.46
150221,15,2025-01-12,Apartment,26,961.01,"$334,454.42",Sold,C0622,334454.42
150273,15,2025-01-12,Apartment,32,1338.63,"$389,495.74",Sold,C1194,389495.74
150307,15,2025-01-12,Apartment,35,745.49,"$221,227.26",Sold,C0082,221227.26
150320,15,2025-01-12,Apartment,36,1424.81,"$422,938.38",Available,,422938.38
150328,15,2025-01-12,Apartment,38,585.57,"$171,741.96",Sold,C0995,171741.96
150343,15,2025-01-12,Apartment,39,1713.42,"$447,350.47",Sold,C1817,447350.47
150359,15,2025-01-12,Apartment,43,1655.05,"$486,957.94",Sold,C0195,486957.94
150405,15,2025-01-12,Apartment,51,1689.08,"$534,107.07",Sold,C1442,534107.07
150429,15,2025-01-12,Apartment,53,696.04,"$260,013.87",Sold,C1651,260013.87
150430,15,2025-01-12,Apartment,53,696.04,"$212,562.05",Sold,C1497,212562.05
150463,15,2025-01-12,Office,56,939.93,"$332,240.58",Available,,332240.58
150478,15,2025-01-12,Office,57,429.34,"$140,270.18",Sold,C1064,140270.18
150490,15,2025-01-12,Apartment,58,1750.89,"$584,089.31",Available,,584089.31
150517,15,2025-01-12,Apartment,60,1033.2,"$282,882.02",Available,,282882.02
160048,16,2025-01-12,Apartment,6,1062.34,"$312,301.20",Available,,312301.2
160051,16,2025-01-12,Office,6,1062.34,"$345,683.12",Sold,C0522,345683.12
160098,16,2025-01-12,Apartment,11,1288.42,"$380,581.55",Available,,380581.55
160130,16,2025-01-12,Office,15,1365.29,"$485,729.33",Sold,C0187,485729.33
160159,16,2025-01-12,Office,20,1096.33,"$328,838.91",Sold,C0772,328838.91
160197,16,2025-01-12,Office,24,1077.77,"$411,693.07",Available,,411693.07
160226,16,2025-01-12,Apartment,27,1164.55,"$394,988.77",Available,,394988.77
160254,16,2025-01-12,Apartment,29,489.49,"$161,650.21",Available,,161650.21
160323,16,2025-01-12,Apartment,38,431.83,"$131,261.13",Sold,C1205,131261.13
160324,16,2025-01-12,Apartment,38,431.83,"$141,634.15",Sold,C0269,141634.15
160329,16,2025-01-12,Apartment,39,1562.93,"$479,212.80",Sold,C0646,479212.8
160385,16,2025-01-12,Apartment,44,1695.03,"$571,089.66",Sold,C0927,571089.66
160390,16,2025-01-12,Apartment,45,1653.49,"$465,826.16",Sold,C0977,465826.16
170033,17,2025-01-12,Office,2,1738.5,"$544,862.08",Sold,C1829,544862.08
170051,17,2025-01-12,Apartment,6,1739.03,"$484,217.81",Available,,484217.81
170053,17,2025-01-12,Apartment,7,1300.91,"$396,586.67",Sold,C1606,396586.67
170059,17,2025-01-12,Apartment,7,1300.91,"$435,938.93",Available,,435938.93
170123,17,2025-01-12,Apartment,14,1646.02,"$534,790.76",Sold,C1277,534790.76
170210,17,2025-01-12,Apartment,23,1025.52,"$366,080.74",Sold,C1141,366080.74
170235,17,2025-01-12,Apartment,27,677.24,"$205,598.72",Sold,C0719,205598.72
170240,17,2025-01-12,Apartment,27,677.24,"$210,136.82",Sold,C0975,210136.82
170257,17,2025-01-12,Apartment,31,1806.06,"$587,056.34",Available,,587056.34
170272,17,2025-01-12,Apartment,33,1532.89,"$452,395.80",Available,,452395.8
170314,17,2025-01-12,Office,39,1341.67,"$385,358.62",Sold,C1405,385358.62
170352,17,2025-01-12,Apartment,45,1574.3,"$462,346.45",Sold,C1354,462346.45
170381,17,2025-01-12,Office,47,1106.83,"$300,057.11",Sold,C1702,300057.11
170399,17,2025-01-12,Apartment,48,1833.96,"$584,971.87",Sold,C1273,584971.87
180019,18,2025-01-12,Apartment,3,524.48,"$145,719.42",Sold,C1737,145719.42
180059,18,2025-01-12,Apartment,6,840.25,"$200,909.52",Available,,200909.52
180081,18,2025-01-12,Apartment,11,507.04,"$145,443.17",Sold,C0944,145443.17
180103,18,2025-01-12,Apartment,14,1742.3,"$552,490.44",Sold,C1513,552490.44
180139,18,2025-01-12,Apartment,18,1127.95,"$360,056.73",Sold,C1916,360056.73
180179,18,2025-01-12,Apartment,23,1659.02,"$542,607.18",Sold,C0792,542607.18
180182,18,2025-01-12,Apartment,23,1659.02,"$479,876.57",Sold,C0142,479876.57
180204,18,2025-01-12,Office,26,1147.71,"$350,791.53",Sold,C1401,350791.53
180237,18,2025-01-12,Apartment,29,578.36,"$171,091.26",Sold,C1616,171091.26
180351,18,2025-01-12,Apartment,40,990.46,"$256,435.44",Sold,C1403,256435.44
180396,18,2025-01-12,Apartment,45,1627.52,"$464,754.23",Sold,C1259,464754.23
180423,18,2025-01-12,Apartment,48,564.59,"$168,474.31",Sold,C1919,168474.31
180434,18,2025-01-12,Apartment,49,1457.92,"$425,283.53",Available,,425283.53
180450,18,2025-01-12,Apartment,50,854.74,"$292,067.45",Sold,C0225,292067.45
180460,18,2025-01-12,Office,52,1424.54,"$370,252.38",Sold,C1547,370252.38
180509,18,2025-01-12,Apartment,56,1311.59,"$404,881.60",Available,,404881.6
180537,18,2025-01-12,Office,61,1019.7,"$278,882.50",Sold,C0179,278882.5
180551,18,2025-01-12,Apartment,63,1855.14,"$554,198.64",Sold,C0923,554198.64
180567,18,2025-01-12,Apartment,66,1631.24,"$508,529.45",Available,,508529.45
180586,18,2025-01-12,Apartment,68,1445.28,"$376,315.89",Available,,376315.89
190015,19,2025-01-12,Apartment,4,1225.38,"$338,955.08",Sold,C0235,338955.08
190066,19,2025-01-12,Office,10,747.71,"$205,334.04",Sold,C1134,205334.04
190138,19,2025-01-12,Apartment,18,1599.44,"$488,639.08",Sold,C1013,488639.08
190145,19,2025-01-12,Apartment,19,1697.73,"$558,396.13",Sold,C0647,558396.13
190150,19,2025-01-12,Office,19,1697.73,"$492,332.08",Sold,C0319,492332.08
190184,19,2025-01-12,Apartment,22,935.25,"$207,543.49",Sold,C1164,207543.49
190345,19,2025-01-12,Apartment,40,893.49,"$290,012.16",Sold,C1987,290012.16
190348,19,2025-01-12,Office,41,1657.19,"$544,140.97",Available,,544140.97
190402,19,2025-01-12,Apartment,46,1926.19,"$602,056.71",Sold,C0166,602056.71
200010,20,2025-01-12,Apartment,1,1898.39,"$467,528.98",Sold,C1033,467528.98
200083,20,2025-01-12,Apartment,11,1722.28,"$481,702.43",Available,,481702.43
200129,20,2025-01-12,Apartment,16,645.44,"$169,917.79",Sold,C1834,169917.79
200169,20,2025-01-12,Office,19,759.72,"$255,423.12",Sold,C1471,255423.12
200178,20,2025-01-12,Apartment,19,759.72,"$224,217.07",Sold,C0630,224217.07
200212,20,2025-01-12,Apartment,26,1941.62,"$487,446.59",Available,,487446.59
200247,20,2025-01-12,Apartment,30,1703.94,"$467,957.38",Sold,C1334,467957.38
200263,20,2025-01-12,Office,30,1703.94,"$538,035.23",Sold,C1066,538035.23
200307,20,2025-01-12,Apartment,33,630.53,"$217,209.99",Available,,217209.99
200381,20,2025-01-12,Apartment,42,811.56,"$225,326.30",Available,,225326.3
200404,20,2025-01-12,Apartment,46,1227.49,"$359,645.92",Available,,359645.92
200405,20,2025-01-12,Apartment,46,1227.49,"$404,637.37",Sold,C0541,404637.37
200417,20,2025-01-12,Apartment,48,860.8,"$271,177.34",Available,,271177.34
200429,20,2025-01-12,Apartment,48,860.8,"$265,186.67",Sold,C1412,265186.67
200430,20,2025-01-12,Apartment,48,860.8,"$288,189.74",Sold,C0504,288189.74
200449,20,2025-01-12,Apartment,51,1062.33,"$328,980.19",Available,,328980.19
990014,4,2025-01-12,Apartment,13,733.19,"$217,357.63",Available,,217357.63
